[{"path":"docs/AboutUs.md","fileType":"docs","lines":[{"lineNumber":1,"author":{"gitId":"-"},"content":"# About us","lastModifiedDate":"2020-05-24T00:51:04","isFullCredit":false},{"lineNumber":2,"author":{"gitId":"-"},"content":"","lastModifiedDate":"2020-05-24T00:51:04","isFullCredit":false},{"lineNumber":3,"author":{"gitId":"-"},"content":"Display |     Name     |              Github Profile              | Portfolio ","lastModifiedDate":"2020-05-24T00:51:04","isFullCredit":false},{"lineNumber":4,"author":{"gitId":"t-kandasami"},"content":"--------|:------------:|:----------------------------------------:|:---------:","lastModifiedDate":"2025-10-01T14:34:22","isFullCredit":false},{"lineNumber":5,"author":{"gitId":"t-kandasami"},"content":"![](https://avatars.githubusercontent.com/u/58680606?v\u003d4) | T. Kandasami | [Github](https://github.com/t-kandasami) | [Portfolio](docs/team/t-kandasami.md)","lastModifiedDate":"2025-10-01T14:34:22","isFullCredit":false},{"lineNumber":6,"author":{"gitId":"fookang"},"content":"![](https://avatars.githubusercontent.com/u/67141931?v\u003d4) | Foo Kang | [Github](https://github.com/fookang) | [Portfolio](docs/team/fookang.md)","lastModifiedDate":"2025-10-01T14:35:11","isFullCredit":false},{"lineNumber":7,"author":{"gitId":"fookang"},"content":"![](https://avatars.githubusercontent.com/u/59534057)     | Lim Yik Jin  |   [Github](https://github.com/yikjin/)   |   [Portfolio](docs/team/yikjin.md)","lastModifiedDate":"2025-10-01T15:26:13","isFullCredit":false},{"lineNumber":8,"author":{"gitId":"Wrooi"},"content":"![](https://avatars.githubusercontent.com/u/42239127?v\u003d4) | Ooi Wen Ree | [Github](https://github.com/) | [Portfolio](docs/team/wrooi.md)","lastModifiedDate":"2025-10-01T14:34:42","isFullCredit":false},{"lineNumber":9,"author":{"gitId":"asytrix99"},"content":"![](https://avatars.githubusercontent.com/u/174789844?v\u003d4) | Gan Andrew Hoa Thien | [Github](https://github.com/) | [Portfolio](docs/team/asytrix99.md)","lastModifiedDate":"2025-10-01T14:34:40","isFullCredit":false}],"authorContributionMap":{"t-kandasami":2,"asytrix99":1,"fookang":2,"Wrooi":1,"-":3}},{"path":"docs/team/andrew.md","fileType":"docs","lines":[{"lineNumber":1,"author":{"gitId":"asytrix99"},"content":"# Gan Andrew Hoa Thien- Project Portfolio Page","lastModifiedDate":"2025-10-01T14:34:40","isFullCredit":false},{"lineNumber":2,"author":{"gitId":"asytrix99"},"content":"","lastModifiedDate":"2025-10-01T14:34:40","isFullCredit":false},{"lineNumber":3,"author":{"gitId":"asytrix99"},"content":"## Overview","lastModifiedDate":"2025-10-01T14:34:40","isFullCredit":false},{"lineNumber":4,"author":{"gitId":"asytrix99"},"content":"","lastModifiedDate":"2025-10-01T14:34:40","isFullCredit":false},{"lineNumber":5,"author":{"gitId":"asytrix99"},"content":"","lastModifiedDate":"2025-10-01T14:34:40","isFullCredit":false},{"lineNumber":6,"author":{"gitId":"asytrix99"},"content":"### Summary of Contributions","lastModifiedDate":"2025-10-01T14:34:40","isFullCredit":false}],"authorContributionMap":{"asytrix99":6}}]
