[{"path":"build.gradle","fileType":"other","lines":[{"lineNumber":1,"author":{"gitId":"-"},"content":"plugins {","lastModifiedDate":"2020-05-25T00:58:18","isFullCredit":false},{"lineNumber":2,"author":{"gitId":"-"},"content":"    id \u0027java\u0027","lastModifiedDate":"2020-05-25T00:58:18","isFullCredit":false},{"lineNumber":3,"author":{"gitId":"-"},"content":"    id \u0027application\u0027","lastModifiedDate":"2020-05-25T00:58:18","isFullCredit":false},{"lineNumber":4,"author":{"gitId":"-"},"content":"    id \u0027checkstyle\u0027","lastModifiedDate":"2020-05-25T00:58:18","isFullCredit":false},{"lineNumber":5,"author":{"gitId":"-"},"content":"    id \u0027com.github.johnrengelman.shadow\u0027 version \u00277.1.2\u0027","lastModifiedDate":"2022-06-17T23:25:39","isFullCredit":false},{"lineNumber":6,"author":{"gitId":"-"},"content":"}","lastModifiedDate":"2020-05-25T00:58:18","isFullCredit":false},{"lineNumber":7,"author":{"gitId":"-"},"content":"","lastModifiedDate":"2020-05-25T00:58:18","isFullCredit":false},{"lineNumber":8,"author":{"gitId":"-"},"content":"repositories {","lastModifiedDate":"2020-05-25T00:58:18","isFullCredit":false},{"lineNumber":9,"author":{"gitId":"-"},"content":"    mavenCentral()","lastModifiedDate":"2020-05-25T00:58:18","isFullCredit":false},{"lineNumber":10,"author":{"gitId":"-"},"content":"}","lastModifiedDate":"2020-05-25T00:58:18","isFullCredit":false},{"lineNumber":11,"author":{"gitId":"-"},"content":"","lastModifiedDate":"2020-05-25T00:58:18","isFullCredit":false},{"lineNumber":12,"author":{"gitId":"-"},"content":"dependencies {","lastModifiedDate":"2020-05-25T00:58:18","isFullCredit":false},{"lineNumber":13,"author":{"gitId":"-"},"content":"    testImplementation group: \u0027org.junit.jupiter\u0027, name: \u0027junit-jupiter-api\u0027, version: \u00275.10.0\u0027","lastModifiedDate":"2023-08-05T15:18:59","isFullCredit":false},{"lineNumber":14,"author":{"gitId":"-"},"content":"    testRuntimeOnly group: \u0027org.junit.jupiter\u0027, name: \u0027junit-jupiter-engine\u0027, version: \u00275.10.0\u0027","lastModifiedDate":"2023-08-05T15:18:59","isFullCredit":false},{"lineNumber":15,"author":{"gitId":"-"},"content":"}","lastModifiedDate":"2020-05-25T00:58:18","isFullCredit":false},{"lineNumber":16,"author":{"gitId":"-"},"content":"","lastModifiedDate":"2020-05-25T00:58:18","isFullCredit":false},{"lineNumber":17,"author":{"gitId":"-"},"content":"test {","lastModifiedDate":"2020-05-25T00:58:18","isFullCredit":false},{"lineNumber":18,"author":{"gitId":"-"},"content":"    useJUnitPlatform()","lastModifiedDate":"2020-05-25T00:58:18","isFullCredit":false},{"lineNumber":19,"author":{"gitId":"-"},"content":"","lastModifiedDate":"2020-05-25T00:58:18","isFullCredit":false},{"lineNumber":20,"author":{"gitId":"-"},"content":"    testLogging {","lastModifiedDate":"2020-05-25T00:58:18","isFullCredit":false},{"lineNumber":21,"author":{"gitId":"-"},"content":"        events \"passed\", \"skipped\", \"failed\"","lastModifiedDate":"2020-05-25T00:58:18","isFullCredit":false},{"lineNumber":22,"author":{"gitId":"-"},"content":"","lastModifiedDate":"2020-05-25T00:58:18","isFullCredit":false},{"lineNumber":23,"author":{"gitId":"-"},"content":"        showExceptions true","lastModifiedDate":"2020-05-25T00:58:18","isFullCredit":false},{"lineNumber":24,"author":{"gitId":"-"},"content":"        exceptionFormat \"full\"","lastModifiedDate":"2020-05-25T00:58:18","isFullCredit":false},{"lineNumber":25,"author":{"gitId":"-"},"content":"        showCauses true","lastModifiedDate":"2020-05-25T00:58:18","isFullCredit":false},{"lineNumber":26,"author":{"gitId":"-"},"content":"        showStackTraces true","lastModifiedDate":"2020-05-25T00:58:18","isFullCredit":false},{"lineNumber":27,"author":{"gitId":"-"},"content":"        showStandardStreams \u003d false","lastModifiedDate":"2020-05-25T00:58:18","isFullCredit":false},{"lineNumber":28,"author":{"gitId":"-"},"content":"    }","lastModifiedDate":"2020-05-25T00:58:18","isFullCredit":false},{"lineNumber":29,"author":{"gitId":"-"},"content":"}","lastModifiedDate":"2020-05-25T00:58:18","isFullCredit":false},{"lineNumber":30,"author":{"gitId":"-"},"content":"","lastModifiedDate":"2020-05-25T00:58:18","isFullCredit":false},{"lineNumber":31,"author":{"gitId":"-"},"content":"application {","lastModifiedDate":"2020-05-25T00:58:18","isFullCredit":false},{"lineNumber":32,"author":{"gitId":"asytrix99"},"content":"    mainClass.set(\"seedu.nustudy.NUStudy\")","lastModifiedDate":"2025-10-09T23:46:12","isFullCredit":false},{"lineNumber":33,"author":{"gitId":"-"},"content":"}","lastModifiedDate":"2020-05-25T00:58:18","isFullCredit":false},{"lineNumber":34,"author":{"gitId":"-"},"content":"","lastModifiedDate":"2020-05-25T00:58:18","isFullCredit":false},{"lineNumber":35,"author":{"gitId":"-"},"content":"shadowJar {","lastModifiedDate":"2020-05-25T00:58:18","isFullCredit":false},{"lineNumber":36,"author":{"gitId":"-"},"content":"    archiveBaseName.set(\"duke\")","lastModifiedDate":"2023-09-24T00:28:46","isFullCredit":false},{"lineNumber":37,"author":{"gitId":"-"},"content":"    archiveClassifier.set(\"\")","lastModifiedDate":"2023-09-24T00:28:46","isFullCredit":false},{"lineNumber":38,"author":{"gitId":"-"},"content":"}","lastModifiedDate":"2020-05-25T00:58:18","isFullCredit":false},{"lineNumber":39,"author":{"gitId":"-"},"content":"","lastModifiedDate":"2020-05-25T00:58:18","isFullCredit":false},{"lineNumber":40,"author":{"gitId":"-"},"content":"checkstyle {","lastModifiedDate":"2020-05-25T00:58:18","isFullCredit":false},{"lineNumber":41,"author":{"gitId":"-"},"content":"    toolVersion \u003d \u002710.2\u0027","lastModifiedDate":"2022-04-29T23:10:53","isFullCredit":false},{"lineNumber":42,"author":{"gitId":"-"},"content":"}","lastModifiedDate":"2020-05-25T00:58:18","isFullCredit":false},{"lineNumber":43,"author":{"gitId":"-"},"content":"","lastModifiedDate":"2020-05-25T00:58:18","isFullCredit":false},{"lineNumber":44,"author":{"gitId":"-"},"content":"run {","lastModifiedDate":"2020-05-25T00:58:18","isFullCredit":false},{"lineNumber":45,"author":{"gitId":"-"},"content":"    standardInput \u003d System.in","lastModifiedDate":"2020-05-25T00:58:18","isFullCredit":false},{"lineNumber":46,"author":{"gitId":"-"},"content":"}","lastModifiedDate":"2020-05-25T00:58:18","isFullCredit":false}],"authorContributionMap":{"asytrix99":1,"-":45}},{"path":"docs/AboutUs.md","fileType":"docs","lines":[{"lineNumber":1,"author":{"gitId":"-"},"content":"# About us","lastModifiedDate":"2020-05-24T00:51:04","isFullCredit":false},{"lineNumber":2,"author":{"gitId":"-"},"content":"","lastModifiedDate":"2020-05-24T00:51:04","isFullCredit":false},{"lineNumber":3,"author":{"gitId":"-"},"content":"Display |     Name     |              Github Profile              | Portfolio ","lastModifiedDate":"2020-05-24T00:51:04","isFullCredit":false},{"lineNumber":4,"author":{"gitId":"t-kandasami"},"content":"--------|:------------:|:----------------------------------------:|:---------:","lastModifiedDate":"2025-10-01T14:34:22","isFullCredit":false},{"lineNumber":5,"author":{"gitId":"t-kandasami"},"content":"![](https://avatars.githubusercontent.com/u/58680606?v\u003d4) | T. Kandasami | [Github](https://github.com/t-kandasami) | [Portfolio](docs/team/t-kandasami.md)","lastModifiedDate":"2025-10-01T14:34:22","isFullCredit":false},{"lineNumber":6,"author":{"gitId":"fookang"},"content":"![](https://avatars.githubusercontent.com/u/67141931?v\u003d4) | Foo Kang | [Github](https://github.com/fookang) | [Portfolio](docs/team/fookang.md)","lastModifiedDate":"2025-10-01T14:35:11","isFullCredit":false},{"lineNumber":7,"author":{"gitId":"fookang"},"content":"![](https://avatars.githubusercontent.com/u/59534057)     | Lim Yik Jin  |   [Github](https://github.com/yikjin/)   |   [Portfolio](docs/team/yikjin.md)","lastModifiedDate":"2025-10-01T15:26:13","isFullCredit":false},{"lineNumber":8,"author":{"gitId":"Wrooi"},"content":"![](https://avatars.githubusercontent.com/u/42239127?v\u003d4) | Ooi Wen Ree | [Github](https://github.com/) | [Portfolio](docs/team/wrooi.md)","lastModifiedDate":"2025-10-01T14:34:42","isFullCredit":false},{"lineNumber":9,"author":{"gitId":"asytrix99"},"content":"![](https://avatars.githubusercontent.com/u/174789844?v\u003d4) | Gan Andrew Hoa Thien | [Github](https://github.com/) | [Portfolio](docs/team/asytrix99.md)","lastModifiedDate":"2025-10-01T14:34:40","isFullCredit":false}],"authorContributionMap":{"t-kandasami":2,"asytrix99":1,"fookang":2,"Wrooi":1,"-":3}},{"path":"docs/team/andrew.md","fileType":"docs","lines":[{"lineNumber":1,"author":{"gitId":"asytrix99"},"content":"# Gan Andrew Hoa Thien- Project Portfolio Page","lastModifiedDate":"2025-10-01T14:34:40","isFullCredit":false},{"lineNumber":2,"author":{"gitId":"asytrix99"},"content":"","lastModifiedDate":"2025-10-01T14:34:40","isFullCredit":false},{"lineNumber":3,"author":{"gitId":"asytrix99"},"content":"## Overview","lastModifiedDate":"2025-10-01T14:34:40","isFullCredit":false},{"lineNumber":4,"author":{"gitId":"asytrix99"},"content":"","lastModifiedDate":"2025-10-01T14:34:40","isFullCredit":false},{"lineNumber":5,"author":{"gitId":"asytrix99"},"content":"","lastModifiedDate":"2025-10-01T14:34:40","isFullCredit":false},{"lineNumber":6,"author":{"gitId":"asytrix99"},"content":"### Summary of Contributions","lastModifiedDate":"2025-10-01T14:34:40","isFullCredit":false}],"authorContributionMap":{"asytrix99":6}},{"path":"src/main/java/seedu/nustudy/NUStudy.java","fileType":"functional-code","lines":[{"lineNumber":1,"author":{"gitId":"asytrix99"},"content":"package seedu.nustudy;","lastModifiedDate":"2025-10-09T23:46:12","isFullCredit":false},{"lineNumber":2,"author":{"gitId":"asytrix99"},"content":"","lastModifiedDate":"2025-10-09T23:46:12","isFullCredit":false},{"lineNumber":3,"author":{"gitId":"asytrix99"},"content":"import seedu.nustudy.command.Command;","lastModifiedDate":"2025-10-09T23:46:12","isFullCredit":false},{"lineNumber":4,"author":{"gitId":"asytrix99"},"content":"import seedu.nustudy.course.CourseManager;","lastModifiedDate":"2025-10-09T23:46:12","isFullCredit":false},{"lineNumber":5,"author":{"gitId":"asytrix99"},"content":"import seedu.nustudy.exceptions.NUStudyException;","lastModifiedDate":"2025-10-09T23:46:12","isFullCredit":false},{"lineNumber":6,"author":{"gitId":"asytrix99"},"content":"import seedu.nustudy.ui.UserInterface;","lastModifiedDate":"2025-10-09T23:46:12","isFullCredit":false},{"lineNumber":7,"author":{"gitId":"asytrix99"},"content":"import seedu.nustudy.utils.Parser;","lastModifiedDate":"2025-10-09T23:46:12","isFullCredit":false},{"lineNumber":8,"author":{"gitId":"asytrix99"},"content":"","lastModifiedDate":"2025-10-09T23:46:12","isFullCredit":false},{"lineNumber":9,"author":{"gitId":"asytrix99"},"content":"public class NUStudy {","lastModifiedDate":"2025-10-09T23:46:12","isFullCredit":false},{"lineNumber":10,"author":{"gitId":"asytrix99"},"content":"    private static final UserInterface ui \u003d new UserInterface();","lastModifiedDate":"2025-10-09T23:46:12","isFullCredit":false},{"lineNumber":11,"author":{"gitId":"asytrix99"},"content":"    private static final CourseManager courseManager \u003d new CourseManager();","lastModifiedDate":"2025-10-09T23:46:12","isFullCredit":false},{"lineNumber":12,"author":{"gitId":"asytrix99"},"content":"","lastModifiedDate":"2025-10-09T23:46:12","isFullCredit":false},{"lineNumber":13,"author":{"gitId":"asytrix99"},"content":"    /**","lastModifiedDate":"2025-10-09T23:46:12","isFullCredit":false},{"lineNumber":14,"author":{"gitId":"asytrix99"},"content":"     * Main entry-point for the java.duke.Duke application.","lastModifiedDate":"2025-10-09T23:46:12","isFullCredit":false},{"lineNumber":15,"author":{"gitId":"asytrix99"},"content":"     */","lastModifiedDate":"2025-10-09T23:46:12","isFullCredit":false},{"lineNumber":16,"author":{"gitId":"asytrix99"},"content":"    public static void main(String[] args) {","lastModifiedDate":"2025-10-09T23:46:12","isFullCredit":false},{"lineNumber":17,"author":{"gitId":"asytrix99"},"content":"        String logo \u003d \"NUStudy\\n\";","lastModifiedDate":"2025-10-09T23:46:12","isFullCredit":false},{"lineNumber":18,"author":{"gitId":"asytrix99"},"content":"        System.out.println(\"Hello from\\n\" + logo);","lastModifiedDate":"2025-10-09T23:46:12","isFullCredit":false},{"lineNumber":19,"author":{"gitId":"asytrix99"},"content":"","lastModifiedDate":"2025-10-09T23:46:12","isFullCredit":false},{"lineNumber":20,"author":{"gitId":"asytrix99"},"content":"        boolean isExit \u003d false;","lastModifiedDate":"2025-10-09T23:46:12","isFullCredit":false},{"lineNumber":21,"author":{"gitId":"asytrix99"},"content":"","lastModifiedDate":"2025-10-09T23:46:12","isFullCredit":false},{"lineNumber":22,"author":{"gitId":"asytrix99"},"content":"        while (!isExit) {","lastModifiedDate":"2025-10-09T23:46:12","isFullCredit":false},{"lineNumber":23,"author":{"gitId":"asytrix99"},"content":"            String userInput \u003d ui.readInput();","lastModifiedDate":"2025-10-10T03:16:20","isFullCredit":false},{"lineNumber":24,"author":{"gitId":"asytrix99"},"content":"","lastModifiedDate":"2025-10-09T23:46:12","isFullCredit":false},{"lineNumber":25,"author":{"gitId":"asytrix99"},"content":"            if (userInput \u003d\u003d null) {","lastModifiedDate":"2025-10-09T23:46:12","isFullCredit":false},{"lineNumber":26,"author":{"gitId":"asytrix99"},"content":"                break;","lastModifiedDate":"2025-10-09T23:46:12","isFullCredit":false},{"lineNumber":27,"author":{"gitId":"asytrix99"},"content":"            }","lastModifiedDate":"2025-10-09T23:46:12","isFullCredit":false},{"lineNumber":28,"author":{"gitId":"asytrix99"},"content":"","lastModifiedDate":"2025-10-09T23:46:12","isFullCredit":false},{"lineNumber":29,"author":{"gitId":"asytrix99"},"content":"            if (userInput.isEmpty()) {","lastModifiedDate":"2025-10-09T23:46:12","isFullCredit":false},{"lineNumber":30,"author":{"gitId":"asytrix99"},"content":"                continue;","lastModifiedDate":"2025-10-09T23:46:12","isFullCredit":false},{"lineNumber":31,"author":{"gitId":"asytrix99"},"content":"            }","lastModifiedDate":"2025-10-09T23:46:12","isFullCredit":false},{"lineNumber":32,"author":{"gitId":"asytrix99"},"content":"","lastModifiedDate":"2025-10-09T23:46:12","isFullCredit":false},{"lineNumber":33,"author":{"gitId":"asytrix99"},"content":"            try {","lastModifiedDate":"2025-10-09T23:46:12","isFullCredit":false},{"lineNumber":34,"author":{"gitId":"asytrix99"},"content":"                Command c \u003d Parser.parseCommand(userInput);","lastModifiedDate":"2025-10-09T23:46:12","isFullCredit":false},{"lineNumber":35,"author":{"gitId":"asytrix99"},"content":"                c.execute(courseManager);","lastModifiedDate":"2025-10-09T23:46:12","isFullCredit":false},{"lineNumber":36,"author":{"gitId":"asytrix99"},"content":"            } catch (NUStudyException e) {","lastModifiedDate":"2025-10-09T23:46:12","isFullCredit":false},{"lineNumber":37,"author":{"gitId":"asytrix99"},"content":"                System.out.println(e.getMessage());","lastModifiedDate":"2025-10-09T23:46:12","isFullCredit":false},{"lineNumber":38,"author":{"gitId":"asytrix99"},"content":"            }","lastModifiedDate":"2025-10-09T23:46:12","isFullCredit":false},{"lineNumber":39,"author":{"gitId":"asytrix99"},"content":"        }","lastModifiedDate":"2025-10-09T23:46:12","isFullCredit":false},{"lineNumber":40,"author":{"gitId":"asytrix99"},"content":"    }","lastModifiedDate":"2025-10-09T23:46:12","isFullCredit":false},{"lineNumber":41,"author":{"gitId":"asytrix99"},"content":"}","lastModifiedDate":"2025-10-09T23:46:12","isFullCredit":false}],"authorContributionMap":{"asytrix99":41}},{"path":"src/main/java/seedu/nustudy/command/AddCourseCommand.java","fileType":"functional-code","lines":[{"lineNumber":1,"author":{"gitId":"asytrix99"},"content":"package seedu.nustudy.command;","lastModifiedDate":"2025-10-09T23:46:12","isFullCredit":false},{"lineNumber":2,"author":{"gitId":"asytrix99"},"content":"","lastModifiedDate":"2025-10-09T23:46:12","isFullCredit":false},{"lineNumber":3,"author":{"gitId":"asytrix99"},"content":"import seedu.nustudy.course.Course;","lastModifiedDate":"2025-10-09T23:46:12","isFullCredit":false},{"lineNumber":4,"author":{"gitId":"asytrix99"},"content":"import seedu.nustudy.course.CourseManager;","lastModifiedDate":"2025-10-09T23:46:12","isFullCredit":false},{"lineNumber":5,"author":{"gitId":"fookang"},"content":"import seedu.nustudy.exceptions.NUStudyCommandException;","lastModifiedDate":"2025-10-11T19:40:25","isFullCredit":false},{"lineNumber":6,"author":{"gitId":"fookang"},"content":"import seedu.nustudy.exceptions.NUStudyCourseAlreadyExistException;","lastModifiedDate":"2025-10-11T19:40:25","isFullCredit":false},{"lineNumber":7,"author":{"gitId":"asytrix99"},"content":"import seedu.nustudy.exceptions.NUStudyException;","lastModifiedDate":"2025-10-09T23:46:12","isFullCredit":false},{"lineNumber":8,"author":{"gitId":"asytrix99"},"content":"import seedu.nustudy.ui.UserInterface;","lastModifiedDate":"2025-10-09T23:46:12","isFullCredit":false},{"lineNumber":9,"author":{"gitId":"asytrix99"},"content":"","lastModifiedDate":"2025-10-09T23:46:12","isFullCredit":false},{"lineNumber":10,"author":{"gitId":"asytrix99"},"content":"public class AddCourseCommand implements Command {","lastModifiedDate":"2025-10-09T23:46:12","isFullCredit":false},{"lineNumber":11,"author":{"gitId":"asytrix99"},"content":"    private final String input;","lastModifiedDate":"2025-10-09T23:46:12","isFullCredit":false},{"lineNumber":12,"author":{"gitId":"asytrix99"},"content":"","lastModifiedDate":"2025-10-09T23:46:12","isFullCredit":false},{"lineNumber":13,"author":{"gitId":"asytrix99"},"content":"    /**","lastModifiedDate":"2025-10-09T23:46:12","isFullCredit":false},{"lineNumber":14,"author":{"gitId":"asytrix99"},"content":"     * Creates a new AddCourseCommand with the user\u0027s input","lastModifiedDate":"2025-10-10T03:16:20","isFullCredit":false},{"lineNumber":15,"author":{"gitId":"asytrix99"},"content":"     *","lastModifiedDate":"2025-10-09T23:46:12","isFullCredit":false},{"lineNumber":16,"author":{"gitId":"asytrix99"},"content":"     * @param input The user input to add new course","lastModifiedDate":"2025-10-09T23:46:12","isFullCredit":false},{"lineNumber":17,"author":{"gitId":"asytrix99"},"content":"     */","lastModifiedDate":"2025-10-09T23:46:12","isFullCredit":false},{"lineNumber":18,"author":{"gitId":"asytrix99"},"content":"    public AddCourseCommand(String input) {","lastModifiedDate":"2025-10-09T23:46:12","isFullCredit":false},{"lineNumber":19,"author":{"gitId":"asytrix99"},"content":"        this.input \u003d input;","lastModifiedDate":"2025-10-09T23:46:12","isFullCredit":false},{"lineNumber":20,"author":{"gitId":"asytrix99"},"content":"    }","lastModifiedDate":"2025-10-09T23:46:12","isFullCredit":false},{"lineNumber":21,"author":{"gitId":"asytrix99"},"content":"","lastModifiedDate":"2025-10-09T23:46:12","isFullCredit":false},{"lineNumber":22,"author":{"gitId":"asytrix99"},"content":"    /**","lastModifiedDate":"2025-10-09T23:46:12","isFullCredit":false},{"lineNumber":23,"author":{"gitId":"asytrix99"},"content":"     * Adds the new course into the provided course list","lastModifiedDate":"2025-10-09T23:46:12","isFullCredit":false},{"lineNumber":24,"author":{"gitId":"asytrix99"},"content":"     *","lastModifiedDate":"2025-10-09T23:46:12","isFullCredit":false},{"lineNumber":25,"author":{"gitId":"asytrix99"},"content":"     * @param courses The course list to work with","lastModifiedDate":"2025-10-09T23:46:12","isFullCredit":false},{"lineNumber":26,"author":{"gitId":"fookang"},"content":"     * @throws NUStudyCommandException If user\u0027s input is empty","lastModifiedDate":"2025-10-11T19:40:25","isFullCredit":false},{"lineNumber":27,"author":{"gitId":"fookang"},"content":"     * @throws NUStudyCourseAlreadyExistException If user\u0027s input is already in the course list","lastModifiedDate":"2025-10-11T19:40:25","isFullCredit":false},{"lineNumber":28,"author":{"gitId":"asytrix99"},"content":"     */","lastModifiedDate":"2025-10-09T23:46:12","isFullCredit":false},{"lineNumber":29,"author":{"gitId":"asytrix99"},"content":"    public void execute(CourseManager courses) throws NUStudyException {","lastModifiedDate":"2025-10-10T12:53:31","isFullCredit":false},{"lineNumber":30,"author":{"gitId":"asytrix99"},"content":"        if (input.isEmpty()) {","lastModifiedDate":"2025-10-09T23:46:12","isFullCredit":false},{"lineNumber":31,"author":{"gitId":"fookang"},"content":"            throw new NUStudyCommandException(\"Input a course name\");","lastModifiedDate":"2025-10-11T19:40:25","isFullCredit":false},{"lineNumber":32,"author":{"gitId":"fookang"},"content":"        }","lastModifiedDate":"2025-10-11T19:40:25","isFullCredit":false},{"lineNumber":33,"author":{"gitId":"fookang"},"content":"        if (courses.findCourse(input) !\u003d null) {","lastModifiedDate":"2025-10-11T19:40:25","isFullCredit":false},{"lineNumber":34,"author":{"gitId":"fookang"},"content":"            throw new NUStudyCourseAlreadyExistException(\"Course already exists\");","lastModifiedDate":"2025-10-11T19:40:25","isFullCredit":false},{"lineNumber":35,"author":{"gitId":"asytrix99"},"content":"        }","lastModifiedDate":"2025-10-09T23:46:12","isFullCredit":false},{"lineNumber":36,"author":{"gitId":"asytrix99"},"content":"        Course course \u003d new Course(input);","lastModifiedDate":"2025-10-09T23:46:12","isFullCredit":false},{"lineNumber":37,"author":{"gitId":"asytrix99"},"content":"        courses.add(course);","lastModifiedDate":"2025-10-09T23:46:12","isFullCredit":false},{"lineNumber":38,"author":{"gitId":"asytrix99"},"content":"        UserInterface.printCourseAdded(course);","lastModifiedDate":"2025-10-09T23:46:12","isFullCredit":false},{"lineNumber":39,"author":{"gitId":"asytrix99"},"content":"    }","lastModifiedDate":"2025-10-09T23:46:12","isFullCredit":false},{"lineNumber":40,"author":{"gitId":"asytrix99"},"content":"","lastModifiedDate":"2025-10-09T23:46:12","isFullCredit":false},{"lineNumber":41,"author":{"gitId":"asytrix99"},"content":"    /**","lastModifiedDate":"2025-10-09T23:46:12","isFullCredit":false},{"lineNumber":42,"author":{"gitId":"asytrix99"},"content":"     * Indicates whether this command should exit the application","lastModifiedDate":"2025-10-10T03:16:20","isFullCredit":false},{"lineNumber":43,"author":{"gitId":"asytrix99"},"content":"     *","lastModifiedDate":"2025-10-09T23:46:12","isFullCredit":false},{"lineNumber":44,"author":{"gitId":"asytrix99"},"content":"     * @return false, as adding course does not exit the application","lastModifiedDate":"2025-10-09T23:46:12","isFullCredit":false},{"lineNumber":45,"author":{"gitId":"asytrix99"},"content":"     */","lastModifiedDate":"2025-10-09T23:46:12","isFullCredit":false},{"lineNumber":46,"author":{"gitId":"asytrix99"},"content":"    @Override","lastModifiedDate":"2025-10-09T23:46:12","isFullCredit":false},{"lineNumber":47,"author":{"gitId":"asytrix99"},"content":"    public boolean isExit() {","lastModifiedDate":"2025-10-09T23:46:12","isFullCredit":false},{"lineNumber":48,"author":{"gitId":"asytrix99"},"content":"        return false;","lastModifiedDate":"2025-10-09T23:46:12","isFullCredit":false},{"lineNumber":49,"author":{"gitId":"asytrix99"},"content":"    }","lastModifiedDate":"2025-10-09T23:46:12","isFullCredit":false},{"lineNumber":50,"author":{"gitId":"asytrix99"},"content":"}","lastModifiedDate":"2025-10-09T23:46:12","isFullCredit":false}],"authorContributionMap":{"asytrix99":42,"fookang":8}},{"path":"src/main/java/seedu/nustudy/command/Command.java","fileType":"functional-code","lines":[{"lineNumber":1,"author":{"gitId":"asytrix99"},"content":"package seedu.nustudy.command;","lastModifiedDate":"2025-10-09T23:46:12","isFullCredit":false},{"lineNumber":2,"author":{"gitId":"asytrix99"},"content":"","lastModifiedDate":"2025-10-09T23:46:12","isFullCredit":false},{"lineNumber":3,"author":{"gitId":"asytrix99"},"content":"import seedu.nustudy.course.CourseManager;","lastModifiedDate":"2025-10-09T23:46:12","isFullCredit":false},{"lineNumber":4,"author":{"gitId":"asytrix99"},"content":"import seedu.nustudy.exceptions.NUStudyException;","lastModifiedDate":"2025-10-09T23:46:12","isFullCredit":false},{"lineNumber":5,"author":{"gitId":"asytrix99"},"content":"","lastModifiedDate":"2025-10-09T23:46:12","isFullCredit":false},{"lineNumber":6,"author":{"gitId":"asytrix99"},"content":"/**","lastModifiedDate":"2025-10-09T23:46:12","isFullCredit":false},{"lineNumber":7,"author":{"gitId":"asytrix99"},"content":" * Interface for all commands in the application.","lastModifiedDate":"2025-10-09T23:46:12","isFullCredit":false},{"lineNumber":8,"author":{"gitId":"asytrix99"},"content":" */","lastModifiedDate":"2025-10-09T23:46:12","isFullCredit":false},{"lineNumber":9,"author":{"gitId":"asytrix99"},"content":"public interface Command {","lastModifiedDate":"2025-10-09T23:46:12","isFullCredit":false},{"lineNumber":10,"author":{"gitId":"asytrix99"},"content":"","lastModifiedDate":"2025-10-09T23:46:12","isFullCredit":false},{"lineNumber":11,"author":{"gitId":"asytrix99"},"content":"    /**","lastModifiedDate":"2025-10-09T23:46:12","isFullCredit":false},{"lineNumber":12,"author":{"gitId":"asytrix99"},"content":"     * Executes the command","lastModifiedDate":"2025-10-10T03:16:20","isFullCredit":false},{"lineNumber":13,"author":{"gitId":"asytrix99"},"content":"     *","lastModifiedDate":"2025-10-09T23:46:12","isFullCredit":false},{"lineNumber":14,"author":{"gitId":"asytrix99"},"content":"     * @param courses The course list to work with","lastModifiedDate":"2025-10-09T23:46:12","isFullCredit":false},{"lineNumber":15,"author":{"gitId":"asytrix99"},"content":"     * @throws NUStudyException If command execution fails","lastModifiedDate":"2025-10-09T23:46:12","isFullCredit":false},{"lineNumber":16,"author":{"gitId":"asytrix99"},"content":"     */","lastModifiedDate":"2025-10-09T23:46:12","isFullCredit":false},{"lineNumber":17,"author":{"gitId":"asytrix99"},"content":"    void execute(CourseManager courses) throws NUStudyException;","lastModifiedDate":"2025-10-09T23:46:12","isFullCredit":false},{"lineNumber":18,"author":{"gitId":"asytrix99"},"content":"","lastModifiedDate":"2025-10-09T23:46:12","isFullCredit":false},{"lineNumber":19,"author":{"gitId":"asytrix99"},"content":"    /**","lastModifiedDate":"2025-10-09T23:46:12","isFullCredit":false},{"lineNumber":20,"author":{"gitId":"asytrix99"},"content":"     * Returns whether the command should exit the application","lastModifiedDate":"2025-10-10T03:16:20","isFullCredit":false},{"lineNumber":21,"author":{"gitId":"asytrix99"},"content":"     *","lastModifiedDate":"2025-10-09T23:46:12","isFullCredit":false},{"lineNumber":22,"author":{"gitId":"asytrix99"},"content":"     * @return true if application should exit, false otherwise","lastModifiedDate":"2025-10-09T23:46:12","isFullCredit":false},{"lineNumber":23,"author":{"gitId":"asytrix99"},"content":"     */","lastModifiedDate":"2025-10-09T23:46:12","isFullCredit":false},{"lineNumber":24,"author":{"gitId":"asytrix99"},"content":"    boolean isExit();","lastModifiedDate":"2025-10-09T23:46:12","isFullCredit":false},{"lineNumber":25,"author":{"gitId":"asytrix99"},"content":"}","lastModifiedDate":"2025-10-09T23:46:12","isFullCredit":false}],"authorContributionMap":{"asytrix99":25}},{"path":"src/main/java/seedu/nustudy/command/DeleteCourseCommand.java","fileType":"functional-code","lines":[{"lineNumber":1,"author":{"gitId":"t-kandasami"},"content":"package seedu.nustudy.command;","lastModifiedDate":"2025-10-10T14:48:59","isFullCredit":false},{"lineNumber":2,"author":{"gitId":"t-kandasami"},"content":"","lastModifiedDate":"2025-10-10T14:48:59","isFullCredit":false},{"lineNumber":3,"author":{"gitId":"t-kandasami"},"content":"import seedu.nustudy.course.Course;","lastModifiedDate":"2025-10-10T14:48:59","isFullCredit":false},{"lineNumber":4,"author":{"gitId":"t-kandasami"},"content":"import seedu.nustudy.course.CourseManager;","lastModifiedDate":"2025-10-10T14:48:59","isFullCredit":false},{"lineNumber":5,"author":{"gitId":"t-kandasami"},"content":"import seedu.nustudy.exceptions.NUStudyException;","lastModifiedDate":"2025-10-10T14:48:59","isFullCredit":false},{"lineNumber":6,"author":{"gitId":"t-kandasami"},"content":"import seedu.nustudy.ui.UserInterface;","lastModifiedDate":"2025-10-10T14:48:59","isFullCredit":false},{"lineNumber":7,"author":{"gitId":"t-kandasami"},"content":"","lastModifiedDate":"2025-10-10T14:48:59","isFullCredit":false},{"lineNumber":8,"author":{"gitId":"t-kandasami"},"content":"public class DeleteCourseCommand implements Command {","lastModifiedDate":"2025-10-10T14:48:59","isFullCredit":false},{"lineNumber":9,"author":{"gitId":"t-kandasami"},"content":"    private final String input;","lastModifiedDate":"2025-10-10T14:48:59","isFullCredit":false},{"lineNumber":10,"author":{"gitId":"t-kandasami"},"content":"","lastModifiedDate":"2025-10-10T14:48:59","isFullCredit":false},{"lineNumber":11,"author":{"gitId":"t-kandasami"},"content":"    public DeleteCourseCommand(String input) {","lastModifiedDate":"2025-10-10T14:48:59","isFullCredit":false},{"lineNumber":12,"author":{"gitId":"t-kandasami"},"content":"        this.input \u003d input;","lastModifiedDate":"2025-10-10T14:48:59","isFullCredit":false},{"lineNumber":13,"author":{"gitId":"t-kandasami"},"content":"    }","lastModifiedDate":"2025-10-10T14:48:59","isFullCredit":false},{"lineNumber":14,"author":{"gitId":"t-kandasami"},"content":"","lastModifiedDate":"2025-10-10T14:48:59","isFullCredit":false},{"lineNumber":15,"author":{"gitId":"t-kandasami"},"content":"","lastModifiedDate":"2025-10-10T14:48:59","isFullCredit":false},{"lineNumber":16,"author":{"gitId":"t-kandasami"},"content":"    public void execute(CourseManager courses) throws NUStudyException {","lastModifiedDate":"2025-10-10T14:48:59","isFullCredit":false},{"lineNumber":17,"author":{"gitId":"t-kandasami"},"content":"        if(input.isEmpty()) {","lastModifiedDate":"2025-10-10T14:48:59","isFullCredit":false},{"lineNumber":18,"author":{"gitId":"t-kandasami"},"content":"            throw new NUStudyException(\"Please enter a course name that you want to delete\");","lastModifiedDate":"2025-10-10T14:48:59","isFullCredit":false},{"lineNumber":19,"author":{"gitId":"t-kandasami"},"content":"        }","lastModifiedDate":"2025-10-10T14:48:59","isFullCredit":false},{"lineNumber":20,"author":{"gitId":"t-kandasami"},"content":"        Course courseToDelete \u003d courses.findCourse(input);","lastModifiedDate":"2025-10-10T14:48:59","isFullCredit":false},{"lineNumber":21,"author":{"gitId":"t-kandasami"},"content":"        if (courseToDelete \u003d\u003d null) {","lastModifiedDate":"2025-10-10T15:28:54","isFullCredit":false},{"lineNumber":22,"author":{"gitId":"t-kandasami"},"content":"            throw new NUStudyException(\"Course does not exist\");","lastModifiedDate":"2025-10-10T15:28:54","isFullCredit":false},{"lineNumber":23,"author":{"gitId":"t-kandasami"},"content":"        }","lastModifiedDate":"2025-10-10T15:28:54","isFullCredit":false},{"lineNumber":24,"author":{"gitId":"t-kandasami"},"content":"        courses.delete(courseToDelete);","lastModifiedDate":"2025-10-10T14:48:59","isFullCredit":false},{"lineNumber":25,"author":{"gitId":"t-kandasami"},"content":"        UserInterface.printCourseDeleted(courseToDelete);","lastModifiedDate":"2025-10-10T14:48:59","isFullCredit":false},{"lineNumber":26,"author":{"gitId":"t-kandasami"},"content":"    }","lastModifiedDate":"2025-10-10T14:48:59","isFullCredit":false},{"lineNumber":27,"author":{"gitId":"t-kandasami"},"content":"","lastModifiedDate":"2025-10-10T14:48:59","isFullCredit":false},{"lineNumber":28,"author":{"gitId":"t-kandasami"},"content":"    /**","lastModifiedDate":"2025-10-10T14:48:59","isFullCredit":false},{"lineNumber":29,"author":{"gitId":"t-kandasami"},"content":"     * Indicate whether this command should exit the application","lastModifiedDate":"2025-10-10T14:48:59","isFullCredit":false},{"lineNumber":30,"author":{"gitId":"t-kandasami"},"content":"     *","lastModifiedDate":"2025-10-10T14:48:59","isFullCredit":false},{"lineNumber":31,"author":{"gitId":"t-kandasami"},"content":"     * @return false, as adding course does not exit the application","lastModifiedDate":"2025-10-10T14:48:59","isFullCredit":false},{"lineNumber":32,"author":{"gitId":"t-kandasami"},"content":"     */","lastModifiedDate":"2025-10-10T14:48:59","isFullCredit":false},{"lineNumber":33,"author":{"gitId":"t-kandasami"},"content":"    @Override","lastModifiedDate":"2025-10-10T14:48:59","isFullCredit":false},{"lineNumber":34,"author":{"gitId":"t-kandasami"},"content":"    public boolean isExit() {","lastModifiedDate":"2025-10-10T14:48:59","isFullCredit":false},{"lineNumber":35,"author":{"gitId":"t-kandasami"},"content":"        return false;","lastModifiedDate":"2025-10-10T14:48:59","isFullCredit":false},{"lineNumber":36,"author":{"gitId":"t-kandasami"},"content":"    }","lastModifiedDate":"2025-10-10T14:48:59","isFullCredit":false},{"lineNumber":37,"author":{"gitId":"t-kandasami"},"content":"}","lastModifiedDate":"2025-10-10T14:48:59","isFullCredit":false}],"authorContributionMap":{"t-kandasami":37}},{"path":"src/main/java/seedu/nustudy/command/ListCourseCommand.java","fileType":"functional-code","lines":[{"lineNumber":1,"author":{"gitId":"Wrooi"},"content":"package seedu.nustudy.command;","lastModifiedDate":"2025-10-10T13:43:03","isFullCredit":false},{"lineNumber":2,"author":{"gitId":"Wrooi"},"content":"","lastModifiedDate":"2025-10-10T13:43:03","isFullCredit":false},{"lineNumber":3,"author":{"gitId":"Wrooi"},"content":"import seedu.nustudy.course.CourseManager;","lastModifiedDate":"2025-10-10T13:43:03","isFullCredit":false},{"lineNumber":4,"author":{"gitId":"Wrooi"},"content":"import seedu.nustudy.exceptions.NUStudyException;","lastModifiedDate":"2025-10-10T13:43:03","isFullCredit":false},{"lineNumber":5,"author":{"gitId":"Wrooi"},"content":"import seedu.nustudy.ui.UserInterface;","lastModifiedDate":"2025-10-10T13:43:03","isFullCredit":false},{"lineNumber":6,"author":{"gitId":"Wrooi"},"content":"","lastModifiedDate":"2025-10-10T13:43:03","isFullCredit":false},{"lineNumber":7,"author":{"gitId":"Wrooi"},"content":"public class ListCourseCommand implements Command {","lastModifiedDate":"2025-10-10T13:43:03","isFullCredit":false},{"lineNumber":8,"author":{"gitId":"asytrix99"},"content":"    public ListCourseCommand(String arguments) {","lastModifiedDate":"2025-10-10T14:22:48","isFullCredit":false},{"lineNumber":9,"author":{"gitId":"asytrix99"},"content":"    }","lastModifiedDate":"2025-10-10T14:22:48","isFullCredit":false},{"lineNumber":10,"author":{"gitId":"asytrix99"},"content":"","lastModifiedDate":"2025-10-10T14:22:48","isFullCredit":false},{"lineNumber":11,"author":{"gitId":"Wrooi"},"content":"    /**","lastModifiedDate":"2025-10-10T13:43:03","isFullCredit":false},{"lineNumber":12,"author":{"gitId":"Wrooi"},"content":"     * Create a new ListCourseCommand with the user\u0027s input in the provided course list","lastModifiedDate":"2025-10-10T13:43:03","isFullCredit":false},{"lineNumber":13,"author":{"gitId":"Wrooi"},"content":"     *","lastModifiedDate":"2025-10-10T13:43:03","isFullCredit":false},{"lineNumber":14,"author":{"gitId":"Wrooi"},"content":"     * @param courses The course list to work with","lastModifiedDate":"2025-10-10T13:43:03","isFullCredit":false},{"lineNumber":15,"author":{"gitId":"Wrooi"},"content":"     * @throws NUStudyException If listing fails (not expected here)","lastModifiedDate":"2025-10-10T13:43:03","isFullCredit":false},{"lineNumber":16,"author":{"gitId":"Wrooi"},"content":"     */","lastModifiedDate":"2025-10-10T13:43:03","isFullCredit":false},{"lineNumber":17,"author":{"gitId":"Wrooi"},"content":"    @Override","lastModifiedDate":"2025-10-10T13:43:03","isFullCredit":false},{"lineNumber":18,"author":{"gitId":"Wrooi"},"content":"    public void execute(CourseManager courses) throws NUStudyException {","lastModifiedDate":"2025-10-10T13:43:03","isFullCredit":false},{"lineNumber":19,"author":{"gitId":"Wrooi"},"content":"        UserInterface.printCourseList(courses);","lastModifiedDate":"2025-10-10T13:43:03","isFullCredit":false},{"lineNumber":20,"author":{"gitId":"Wrooi"},"content":"    }","lastModifiedDate":"2025-10-10T13:43:03","isFullCredit":false},{"lineNumber":21,"author":{"gitId":"Wrooi"},"content":"","lastModifiedDate":"2025-10-10T13:43:03","isFullCredit":false},{"lineNumber":22,"author":{"gitId":"Wrooi"},"content":"    /**","lastModifiedDate":"2025-10-10T13:43:03","isFullCredit":false},{"lineNumber":23,"author":{"gitId":"Wrooi"},"content":"     * Indicate whether this command should exit the application","lastModifiedDate":"2025-10-10T13:43:03","isFullCredit":false},{"lineNumber":24,"author":{"gitId":"Wrooi"},"content":"     *","lastModifiedDate":"2025-10-10T13:43:03","isFullCredit":false},{"lineNumber":25,"author":{"gitId":"Wrooi"},"content":"     * @return false, as listing courses does not exit the application","lastModifiedDate":"2025-10-10T13:43:03","isFullCredit":false},{"lineNumber":26,"author":{"gitId":"Wrooi"},"content":"     */","lastModifiedDate":"2025-10-10T13:43:03","isFullCredit":false},{"lineNumber":27,"author":{"gitId":"Wrooi"},"content":"    @Override","lastModifiedDate":"2025-10-10T13:43:03","isFullCredit":false},{"lineNumber":28,"author":{"gitId":"Wrooi"},"content":"    public boolean isExit() {","lastModifiedDate":"2025-10-10T13:43:03","isFullCredit":false},{"lineNumber":29,"author":{"gitId":"Wrooi"},"content":"        return false;","lastModifiedDate":"2025-10-10T13:43:03","isFullCredit":false},{"lineNumber":30,"author":{"gitId":"Wrooi"},"content":"    }","lastModifiedDate":"2025-10-10T13:43:03","isFullCredit":false},{"lineNumber":31,"author":{"gitId":"Wrooi"},"content":"}","lastModifiedDate":"2025-10-10T13:43:03","isFullCredit":false},{"lineNumber":32,"author":{"gitId":"Wrooi"},"content":"","lastModifiedDate":"2025-10-10T13:43:03","isFullCredit":false}],"authorContributionMap":{"asytrix99":3,"Wrooi":29}},{"path":"src/main/java/seedu/nustudy/command/ResetCourseHoursCommand.java","fileType":"functional-code","lines":[{"lineNumber":1,"author":{"gitId":"asytrix99"},"content":"package seedu.nustudy.command;","lastModifiedDate":"2025-10-10T03:15:01","isFullCredit":false},{"lineNumber":2,"author":{"gitId":"asytrix99"},"content":"","lastModifiedDate":"2025-10-10T03:15:01","isFullCredit":false},{"lineNumber":3,"author":{"gitId":"asytrix99"},"content":"import seedu.nustudy.course.Course;","lastModifiedDate":"2025-10-10T03:15:01","isFullCredit":false},{"lineNumber":4,"author":{"gitId":"asytrix99"},"content":"import seedu.nustudy.course.CourseManager;","lastModifiedDate":"2025-10-10T03:15:01","isFullCredit":false},{"lineNumber":5,"author":{"gitId":"asytrix99"},"content":"import seedu.nustudy.exceptions.NUStudyException;","lastModifiedDate":"2025-10-10T03:15:01","isFullCredit":false},{"lineNumber":6,"author":{"gitId":"asytrix99"},"content":"import seedu.nustudy.exceptions.NUStudyNoSuchCourseException;","lastModifiedDate":"2025-10-10T03:15:01","isFullCredit":false},{"lineNumber":7,"author":{"gitId":"asytrix99"},"content":"import seedu.nustudy.utils.ConfirmationHandler;","lastModifiedDate":"2025-10-10T03:15:01","isFullCredit":false},{"lineNumber":8,"author":{"gitId":"asytrix99"},"content":"","lastModifiedDate":"2025-10-10T03:15:01","isFullCredit":false},{"lineNumber":9,"author":{"gitId":"asytrix99"},"content":"/**","lastModifiedDate":"2025-10-10T03:15:01","isFullCredit":false},{"lineNumber":10,"author":{"gitId":"asytrix99"},"content":" * Creates a new ResetCourseHoursCommand with the specified user input.","lastModifiedDate":"2025-10-10T03:15:01","isFullCredit":false},{"lineNumber":11,"author":{"gitId":"asytrix99"},"content":" * A specific course or all courses can be reset depending on the input.","lastModifiedDate":"2025-10-10T03:15:01","isFullCredit":false},{"lineNumber":12,"author":{"gitId":"asytrix99"},"content":" *","lastModifiedDate":"2025-10-10T03:15:01","isFullCredit":false},{"lineNumber":13,"author":{"gitId":"asytrix99"},"content":" * @ param input The specified course name or \"all\" provided by the user.","lastModifiedDate":"2025-10-10T03:15:01","isFullCredit":false},{"lineNumber":14,"author":{"gitId":"asytrix99"},"content":" */","lastModifiedDate":"2025-10-10T03:15:01","isFullCredit":false},{"lineNumber":15,"author":{"gitId":"asytrix99"},"content":"public class ResetCourseHoursCommand implements Command {","lastModifiedDate":"2025-10-10T03:15:01","isFullCredit":false},{"lineNumber":16,"author":{"gitId":"asytrix99"},"content":"    private final String input;","lastModifiedDate":"2025-10-10T03:15:01","isFullCredit":false},{"lineNumber":17,"author":{"gitId":"asytrix99"},"content":"","lastModifiedDate":"2025-10-10T03:15:01","isFullCredit":false},{"lineNumber":18,"author":{"gitId":"asytrix99"},"content":"    public ResetCourseHoursCommand(String input) {","lastModifiedDate":"2025-10-10T03:15:01","isFullCredit":false},{"lineNumber":19,"author":{"gitId":"asytrix99"},"content":"        this.input \u003d input.trim();","lastModifiedDate":"2025-10-10T03:15:01","isFullCredit":false},{"lineNumber":20,"author":{"gitId":"asytrix99"},"content":"    }","lastModifiedDate":"2025-10-10T03:15:01","isFullCredit":false},{"lineNumber":21,"author":{"gitId":"asytrix99"},"content":"","lastModifiedDate":"2025-10-10T03:15:01","isFullCredit":false},{"lineNumber":22,"author":{"gitId":"asytrix99"},"content":"    /**","lastModifiedDate":"2025-10-10T03:15:01","isFullCredit":false},{"lineNumber":23,"author":{"gitId":"asytrix99"},"content":"     * Runs the reset command and checks the input. User confirmation upon reset is done.","lastModifiedDate":"2025-10-10T03:15:01","isFullCredit":false},{"lineNumber":24,"author":{"gitId":"asytrix99"},"content":"     * If input is \"all\", logged hours for all courses are reset.","lastModifiedDate":"2025-10-10T03:15:01","isFullCredit":false},{"lineNumber":25,"author":{"gitId":"asytrix99"},"content":"     * Else, logged hours for the specified course are reset.","lastModifiedDate":"2025-10-10T03:15:01","isFullCredit":false},{"lineNumber":26,"author":{"gitId":"asytrix99"},"content":"     *","lastModifiedDate":"2025-10-10T09:52:52","isFullCredit":false},{"lineNumber":27,"author":{"gitId":"asytrix99"},"content":"     * @param courses The {@code CourseManager} instance containing all courses.","lastModifiedDate":"2025-10-10T03:15:01","isFullCredit":false},{"lineNumber":28,"author":{"gitId":"asytrix99"},"content":"     * @throws NUStudyException If the specified course is non-existent","lastModifiedDate":"2025-10-10T03:15:01","isFullCredit":false},{"lineNumber":29,"author":{"gitId":"asytrix99"},"content":"     */","lastModifiedDate":"2025-10-10T03:15:01","isFullCredit":false},{"lineNumber":30,"author":{"gitId":"asytrix99"},"content":"    @Override","lastModifiedDate":"2025-10-10T03:15:01","isFullCredit":false},{"lineNumber":31,"author":{"gitId":"asytrix99"},"content":"    public void execute(CourseManager courses) throws NUStudyException {","lastModifiedDate":"2025-10-10T03:15:01","isFullCredit":false},{"lineNumber":32,"author":{"gitId":"asytrix99"},"content":"","lastModifiedDate":"2025-10-10T03:15:01","isFullCredit":false},{"lineNumber":33,"author":{"gitId":"asytrix99"},"content":"        if (input.isEmpty()) {","lastModifiedDate":"2025-10-10T03:15:01","isFullCredit":false},{"lineNumber":34,"author":{"gitId":"asytrix99"},"content":"            System.out.println(\"Specify a course name or type \u0027reset all\u0027\");","lastModifiedDate":"2025-10-10T03:15:01","isFullCredit":false},{"lineNumber":35,"author":{"gitId":"asytrix99"},"content":"            return;","lastModifiedDate":"2025-10-10T03:15:01","isFullCredit":false},{"lineNumber":36,"author":{"gitId":"asytrix99"},"content":"        }","lastModifiedDate":"2025-10-10T03:15:01","isFullCredit":false},{"lineNumber":37,"author":{"gitId":"asytrix99"},"content":"","lastModifiedDate":"2025-10-10T03:15:01","isFullCredit":false},{"lineNumber":38,"author":{"gitId":"asytrix99"},"content":"        if (input.equalsIgnoreCase(\"all\")) {","lastModifiedDate":"2025-10-10T03:15:01","isFullCredit":false},{"lineNumber":39,"author":{"gitId":"asytrix99"},"content":"            boolean confirmed \u003d ConfirmationHandler.getConfirmation(","lastModifiedDate":"2025-10-10T03:15:01","isFullCredit":false},{"lineNumber":40,"author":{"gitId":"asytrix99"},"content":"                    \"Are you sure to reset logged hours for all courses?\");","lastModifiedDate":"2025-10-10T12:53:31","isFullCredit":false},{"lineNumber":41,"author":{"gitId":"asytrix99"},"content":"            if (!confirmed) {","lastModifiedDate":"2025-10-10T03:15:01","isFullCredit":false},{"lineNumber":42,"author":{"gitId":"asytrix99"},"content":"                System.out.println(\"Reset cancelled\");","lastModifiedDate":"2025-10-10T03:15:01","isFullCredit":false},{"lineNumber":43,"author":{"gitId":"asytrix99"},"content":"                return;","lastModifiedDate":"2025-10-10T03:15:01","isFullCredit":false},{"lineNumber":44,"author":{"gitId":"asytrix99"},"content":"            }","lastModifiedDate":"2025-10-10T03:15:01","isFullCredit":false},{"lineNumber":45,"author":{"gitId":"asytrix99"},"content":"","lastModifiedDate":"2025-10-10T03:15:01","isFullCredit":false},{"lineNumber":46,"author":{"gitId":"asytrix99"},"content":"            for (Course c : courses.getCourses()) {","lastModifiedDate":"2025-10-10T03:15:01","isFullCredit":false},{"lineNumber":47,"author":{"gitId":"asytrix99"},"content":"                c.resetHours();","lastModifiedDate":"2025-10-10T03:15:01","isFullCredit":false},{"lineNumber":48,"author":{"gitId":"asytrix99"},"content":"            }","lastModifiedDate":"2025-10-10T03:15:01","isFullCredit":false},{"lineNumber":49,"author":{"gitId":"asytrix99"},"content":"            System.out.println(\"Logged hours for all courses have been reset\");","lastModifiedDate":"2025-10-10T03:15:01","isFullCredit":false},{"lineNumber":50,"author":{"gitId":"asytrix99"},"content":"            return;","lastModifiedDate":"2025-10-10T03:15:01","isFullCredit":false},{"lineNumber":51,"author":{"gitId":"asytrix99"},"content":"        }","lastModifiedDate":"2025-10-10T03:15:01","isFullCredit":false},{"lineNumber":52,"author":{"gitId":"asytrix99"},"content":"","lastModifiedDate":"2025-10-10T03:15:01","isFullCredit":false},{"lineNumber":53,"author":{"gitId":"asytrix99"},"content":"        Course target \u003d courses.findCourse(input);","lastModifiedDate":"2025-10-10T03:15:01","isFullCredit":false},{"lineNumber":54,"author":{"gitId":"asytrix99"},"content":"        if (target \u003d\u003d null) {","lastModifiedDate":"2025-10-10T03:15:01","isFullCredit":false},{"lineNumber":55,"author":{"gitId":"asytrix99"},"content":"            throw new NUStudyNoSuchCourseException(input + \" not found\");","lastModifiedDate":"2025-10-10T03:15:01","isFullCredit":false},{"lineNumber":56,"author":{"gitId":"asytrix99"},"content":"        }","lastModifiedDate":"2025-10-10T03:15:01","isFullCredit":false},{"lineNumber":57,"author":{"gitId":"asytrix99"},"content":"","lastModifiedDate":"2025-10-10T03:15:01","isFullCredit":false},{"lineNumber":58,"author":{"gitId":"asytrix99"},"content":"        boolean confirmed \u003d ConfirmationHandler.getConfirmation(","lastModifiedDate":"2025-10-10T03:15:01","isFullCredit":false},{"lineNumber":59,"author":{"gitId":"asytrix99"},"content":"                \"Are you sure of resetting hours for \" + target + \"?\");","lastModifiedDate":"2025-10-10T12:53:31","isFullCredit":false},{"lineNumber":60,"author":{"gitId":"asytrix99"},"content":"        if (!confirmed) {","lastModifiedDate":"2025-10-10T03:15:01","isFullCredit":false},{"lineNumber":61,"author":{"gitId":"asytrix99"},"content":"            System.out.println(\"Reset cancelled\");","lastModifiedDate":"2025-10-10T03:15:01","isFullCredit":false},{"lineNumber":62,"author":{"gitId":"asytrix99"},"content":"            return;","lastModifiedDate":"2025-10-10T03:15:01","isFullCredit":false},{"lineNumber":63,"author":{"gitId":"asytrix99"},"content":"        }","lastModifiedDate":"2025-10-10T03:15:01","isFullCredit":false},{"lineNumber":64,"author":{"gitId":"asytrix99"},"content":"        target.resetHours();","lastModifiedDate":"2025-10-10T03:15:01","isFullCredit":false},{"lineNumber":65,"author":{"gitId":"asytrix99"},"content":"        System.out.println(\"Logged hours for \" + target + \" have been reset\");","lastModifiedDate":"2025-10-10T03:15:01","isFullCredit":false},{"lineNumber":66,"author":{"gitId":"asytrix99"},"content":"    }","lastModifiedDate":"2025-10-10T03:15:01","isFullCredit":false},{"lineNumber":67,"author":{"gitId":"asytrix99"},"content":"","lastModifiedDate":"2025-10-10T03:15:01","isFullCredit":false},{"lineNumber":68,"author":{"gitId":"asytrix99"},"content":"    /**","lastModifiedDate":"2025-10-10T03:15:01","isFullCredit":false},{"lineNumber":69,"author":{"gitId":"asytrix99"},"content":"     * Indicates whether this command should exit the application","lastModifiedDate":"2025-10-10T03:15:01","isFullCredit":false},{"lineNumber":70,"author":{"gitId":"asytrix99"},"content":"     *","lastModifiedDate":"2025-10-10T03:15:01","isFullCredit":false},{"lineNumber":71,"author":{"gitId":"asytrix99"},"content":"     * @return false, as adding course does not exit the application","lastModifiedDate":"2025-10-10T03:15:01","isFullCredit":false},{"lineNumber":72,"author":{"gitId":"asytrix99"},"content":"     */","lastModifiedDate":"2025-10-10T03:15:01","isFullCredit":false},{"lineNumber":73,"author":{"gitId":"asytrix99"},"content":"    @Override","lastModifiedDate":"2025-10-10T03:15:01","isFullCredit":false},{"lineNumber":74,"author":{"gitId":"asytrix99"},"content":"    public boolean isExit() {","lastModifiedDate":"2025-10-10T03:15:01","isFullCredit":false},{"lineNumber":75,"author":{"gitId":"asytrix99"},"content":"        return false;","lastModifiedDate":"2025-10-10T03:15:01","isFullCredit":false},{"lineNumber":76,"author":{"gitId":"asytrix99"},"content":"    }","lastModifiedDate":"2025-10-10T03:15:01","isFullCredit":false},{"lineNumber":77,"author":{"gitId":"asytrix99"},"content":"}","lastModifiedDate":"2025-10-10T03:15:01","isFullCredit":false}],"authorContributionMap":{"asytrix99":77}},{"path":"src/main/java/seedu/nustudy/course/Course.java","fileType":"functional-code","lines":[{"lineNumber":1,"author":{"gitId":"fookang"},"content":"package seedu.nustudy.course;","lastModifiedDate":"2025-10-09T17:35:18","isFullCredit":false},{"lineNumber":2,"author":{"gitId":"fookang"},"content":"","lastModifiedDate":"2025-10-09T17:35:18","isFullCredit":false},{"lineNumber":3,"author":{"gitId":"fookang"},"content":"/**","lastModifiedDate":"2025-10-09T17:35:18","isFullCredit":false},{"lineNumber":4,"author":{"gitId":"asytrix99"},"content":" * Represents a course identified by its name","lastModifiedDate":"2025-10-10T03:12:46","isFullCredit":false},{"lineNumber":5,"author":{"gitId":"fookang"},"content":" */","lastModifiedDate":"2025-10-09T17:35:18","isFullCredit":false},{"lineNumber":6,"author":{"gitId":"fookang"},"content":"public class Course {","lastModifiedDate":"2025-10-09T17:35:18","isFullCredit":false},{"lineNumber":7,"author":{"gitId":"fookang"},"content":"","lastModifiedDate":"2025-10-09T17:35:18","isFullCredit":false},{"lineNumber":8,"author":{"gitId":"fookang"},"content":"    /**","lastModifiedDate":"2025-10-09T17:35:18","isFullCredit":false},{"lineNumber":9,"author":{"gitId":"fookang"},"content":"     * The name of the course","lastModifiedDate":"2025-10-09T17:35:18","isFullCredit":false},{"lineNumber":10,"author":{"gitId":"fookang"},"content":"     */","lastModifiedDate":"2025-10-09T17:35:18","isFullCredit":false},{"lineNumber":11,"author":{"gitId":"fookang"},"content":"    private final String courseName;","lastModifiedDate":"2025-10-09T17:35:18","isFullCredit":false},{"lineNumber":12,"author":{"gitId":"asytrix99"},"content":"    private int loggedHours;","lastModifiedDate":"2025-10-10T03:12:46","isFullCredit":false},{"lineNumber":13,"author":{"gitId":"fookang"},"content":"","lastModifiedDate":"2025-10-09T17:35:18","isFullCredit":false},{"lineNumber":14,"author":{"gitId":"fookang"},"content":"    /**","lastModifiedDate":"2025-10-09T17:35:18","isFullCredit":false},{"lineNumber":15,"author":{"gitId":"asytrix99"},"content":"     * Creates a new Course with the specific name","lastModifiedDate":"2025-10-10T03:12:46","isFullCredit":false},{"lineNumber":16,"author":{"gitId":"fookang"},"content":"     *","lastModifiedDate":"2025-10-09T17:35:18","isFullCredit":false},{"lineNumber":17,"author":{"gitId":"fookang"},"content":"     * @param courseName The name of the course","lastModifiedDate":"2025-10-09T17:35:18","isFullCredit":false},{"lineNumber":18,"author":{"gitId":"fookang"},"content":"     */","lastModifiedDate":"2025-10-09T17:35:18","isFullCredit":false},{"lineNumber":19,"author":{"gitId":"fookang"},"content":"    public Course(String courseName) {","lastModifiedDate":"2025-10-09T17:35:18","isFullCredit":false},{"lineNumber":20,"author":{"gitId":"fookang"},"content":"        this.courseName \u003d courseName;","lastModifiedDate":"2025-10-09T17:35:18","isFullCredit":false},{"lineNumber":21,"author":{"gitId":"asytrix99"},"content":"        this.loggedHours \u003d 0;","lastModifiedDate":"2025-10-10T03:12:46","isFullCredit":false},{"lineNumber":22,"author":{"gitId":"asytrix99"},"content":"    }","lastModifiedDate":"2025-10-09T23:46:12","isFullCredit":false},{"lineNumber":23,"author":{"gitId":"asytrix99"},"content":"","lastModifiedDate":"2025-10-09T23:46:12","isFullCredit":false},{"lineNumber":24,"author":{"gitId":"fookang"},"content":"    /**","lastModifiedDate":"2025-10-11T19:14:40","isFullCredit":false},{"lineNumber":25,"author":{"gitId":"fookang"},"content":"     * Returns the name of the course","lastModifiedDate":"2025-10-11T19:14:40","isFullCredit":false},{"lineNumber":26,"author":{"gitId":"fookang"},"content":"     *","lastModifiedDate":"2025-10-11T19:14:40","isFullCredit":false},{"lineNumber":27,"author":{"gitId":"fookang"},"content":"     * @return the name of the course","lastModifiedDate":"2025-10-11T19:14:40","isFullCredit":false},{"lineNumber":28,"author":{"gitId":"fookang"},"content":"     */","lastModifiedDate":"2025-10-11T19:14:40","isFullCredit":false},{"lineNumber":29,"author":{"gitId":"fookang"},"content":"    public String getCourseName() {","lastModifiedDate":"2025-10-11T19:14:40","isFullCredit":false},{"lineNumber":30,"author":{"gitId":"fookang"},"content":"        return courseName;","lastModifiedDate":"2025-10-11T19:14:40","isFullCredit":false},{"lineNumber":31,"author":{"gitId":"fookang"},"content":"    }","lastModifiedDate":"2025-10-11T19:14:40","isFullCredit":false},{"lineNumber":32,"author":{"gitId":"t-kandasami"},"content":"","lastModifiedDate":"2025-10-10T15:28:54","isFullCredit":false},{"lineNumber":33,"author":{"gitId":"asytrix99"},"content":"    /**","lastModifiedDate":"2025-10-09T23:46:12","isFullCredit":false},{"lineNumber":34,"author":{"gitId":"asytrix99"},"content":"     * Returns the number of study hours logged for this course at call time.","lastModifiedDate":"2025-10-10T03:12:46","isFullCredit":false},{"lineNumber":35,"author":{"gitId":"asytrix99"},"content":"     *","lastModifiedDate":"2025-10-10T03:12:46","isFullCredit":false},{"lineNumber":36,"author":{"gitId":"asytrix99"},"content":"     * @return The number of logged study hours.","lastModifiedDate":"2025-10-10T03:12:46","isFullCredit":false},{"lineNumber":37,"author":{"gitId":"asytrix99"},"content":"     */","lastModifiedDate":"2025-10-10T03:12:46","isFullCredit":false},{"lineNumber":38,"author":{"gitId":"asytrix99"},"content":"    public int getLoggedHours() {","lastModifiedDate":"2025-10-10T03:12:46","isFullCredit":false},{"lineNumber":39,"author":{"gitId":"asytrix99"},"content":"        return loggedHours;","lastModifiedDate":"2025-10-10T03:12:46","isFullCredit":false},{"lineNumber":40,"author":{"gitId":"asytrix99"},"content":"    }","lastModifiedDate":"2025-10-10T03:12:46","isFullCredit":false},{"lineNumber":41,"author":{"gitId":"asytrix99"},"content":"","lastModifiedDate":"2025-10-10T03:12:46","isFullCredit":false},{"lineNumber":42,"author":{"gitId":"asytrix99"},"content":"    /**","lastModifiedDate":"2025-10-10T03:12:46","isFullCredit":false},{"lineNumber":43,"author":{"gitId":"asytrix99"},"content":"     * Resets the logged study hours for current course to zero.","lastModifiedDate":"2025-10-10T03:12:46","isFullCredit":false},{"lineNumber":44,"author":{"gitId":"asytrix99"},"content":"     */","lastModifiedDate":"2025-10-10T03:12:46","isFullCredit":false},{"lineNumber":45,"author":{"gitId":"asytrix99"},"content":"    public void resetHours() {","lastModifiedDate":"2025-10-10T03:12:46","isFullCredit":false},{"lineNumber":46,"author":{"gitId":"asytrix99"},"content":"        this.loggedHours \u003d 0;","lastModifiedDate":"2025-10-10T03:12:46","isFullCredit":false},{"lineNumber":47,"author":{"gitId":"fookang"},"content":"    }","lastModifiedDate":"2025-10-09T17:35:18","isFullCredit":false},{"lineNumber":48,"author":{"gitId":"fookang"},"content":"","lastModifiedDate":"2025-10-09T17:35:18","isFullCredit":false},{"lineNumber":49,"author":{"gitId":"fookang"},"content":"    /**","lastModifiedDate":"2025-10-09T17:35:18","isFullCredit":false},{"lineNumber":50,"author":{"gitId":"asytrix99"},"content":"     * Returns a string representation of the course","lastModifiedDate":"2025-10-10T03:12:46","isFullCredit":false},{"lineNumber":51,"author":{"gitId":"fookang"},"content":"     *","lastModifiedDate":"2025-10-09T17:35:18","isFullCredit":false},{"lineNumber":52,"author":{"gitId":"fookang"},"content":"     * @return The course name","lastModifiedDate":"2025-10-09T17:35:18","isFullCredit":false},{"lineNumber":53,"author":{"gitId":"fookang"},"content":"     */","lastModifiedDate":"2025-10-09T17:35:18","isFullCredit":false},{"lineNumber":54,"author":{"gitId":"fookang"},"content":"    @Override","lastModifiedDate":"2025-10-09T17:35:18","isFullCredit":false},{"lineNumber":55,"author":{"gitId":"fookang"},"content":"    public String toString() {","lastModifiedDate":"2025-10-09T17:35:18","isFullCredit":false},{"lineNumber":56,"author":{"gitId":"asytrix99"},"content":"        return courseName + \" (\" + loggedHours + \"h logged)\";","lastModifiedDate":"2025-10-10T03:12:46","isFullCredit":false},{"lineNumber":57,"author":{"gitId":"fookang"},"content":"    }","lastModifiedDate":"2025-10-09T17:35:18","isFullCredit":false},{"lineNumber":58,"author":{"gitId":"fookang"},"content":"}","lastModifiedDate":"2025-10-09T17:35:18","isFullCredit":false}],"authorContributionMap":{"t-kandasami":1,"asytrix99":22,"fookang":35}},{"path":"src/main/java/seedu/nustudy/course/CourseManager.java","fileType":"functional-code","lines":[{"lineNumber":1,"author":{"gitId":"fookang"},"content":"package seedu.nustudy.course;","lastModifiedDate":"2025-10-09T17:35:18","isFullCredit":false},{"lineNumber":2,"author":{"gitId":"fookang"},"content":"","lastModifiedDate":"2025-10-09T17:35:18","isFullCredit":false},{"lineNumber":3,"author":{"gitId":"fookang"},"content":"import java.util.ArrayList;","lastModifiedDate":"2025-10-09T17:35:18","isFullCredit":false},{"lineNumber":4,"author":{"gitId":"fookang"},"content":"","lastModifiedDate":"2025-10-09T17:35:18","isFullCredit":false},{"lineNumber":5,"author":{"gitId":"fookang"},"content":"/**","lastModifiedDate":"2025-10-09T17:35:18","isFullCredit":false},{"lineNumber":6,"author":{"gitId":"fookang"},"content":" * A list to manage all  courses in the application","lastModifiedDate":"2025-10-09T17:35:18","isFullCredit":false},{"lineNumber":7,"author":{"gitId":"fookang"},"content":" */","lastModifiedDate":"2025-10-09T17:35:18","isFullCredit":false},{"lineNumber":8,"author":{"gitId":"fookang"},"content":"public class CourseManager {","lastModifiedDate":"2025-10-09T17:35:18","isFullCredit":false},{"lineNumber":9,"author":{"gitId":"fookang"},"content":"    private final ArrayList\u003cCourse\u003e courses \u003d new ArrayList\u003c\u003e();","lastModifiedDate":"2025-10-09T17:35:18","isFullCredit":false},{"lineNumber":10,"author":{"gitId":"fookang"},"content":"","lastModifiedDate":"2025-10-09T17:35:18","isFullCredit":false},{"lineNumber":11,"author":{"gitId":"fookang"},"content":"    /**","lastModifiedDate":"2025-10-09T17:35:18","isFullCredit":false},{"lineNumber":12,"author":{"gitId":"asytrix99"},"content":"     * Adds a course to the list","lastModifiedDate":"2025-10-10T03:12:46","isFullCredit":false},{"lineNumber":13,"author":{"gitId":"fookang"},"content":"     *","lastModifiedDate":"2025-10-09T17:35:18","isFullCredit":false},{"lineNumber":14,"author":{"gitId":"fookang"},"content":"     * @param course The course to add","lastModifiedDate":"2025-10-09T17:35:18","isFullCredit":false},{"lineNumber":15,"author":{"gitId":"fookang"},"content":"     */","lastModifiedDate":"2025-10-09T17:35:18","isFullCredit":false},{"lineNumber":16,"author":{"gitId":"fookang"},"content":"    public void add(Course course) {","lastModifiedDate":"2025-10-09T17:35:18","isFullCredit":false},{"lineNumber":17,"author":{"gitId":"fookang"},"content":"        courses.add(course);","lastModifiedDate":"2025-10-09T17:35:18","isFullCredit":false},{"lineNumber":18,"author":{"gitId":"fookang"},"content":"    }","lastModifiedDate":"2025-10-09T17:35:18","isFullCredit":false},{"lineNumber":19,"author":{"gitId":"t-kandasami"},"content":"","lastModifiedDate":"2025-10-10T14:40:27","isFullCredit":false},{"lineNumber":20,"author":{"gitId":"t-kandasami"},"content":"    /**","lastModifiedDate":"2025-10-10T14:40:27","isFullCredit":false},{"lineNumber":21,"author":{"gitId":"t-kandasami"},"content":"     * Delete a course from the list","lastModifiedDate":"2025-10-10T15:28:54","isFullCredit":false},{"lineNumber":22,"author":{"gitId":"t-kandasami"},"content":"     *","lastModifiedDate":"2025-10-10T15:28:54","isFullCredit":false},{"lineNumber":23,"author":{"gitId":"t-kandasami"},"content":"     * @param course The course to delete","lastModifiedDate":"2025-10-10T15:28:54","isFullCredit":false},{"lineNumber":24,"author":{"gitId":"t-kandasami"},"content":"     */","lastModifiedDate":"2025-10-10T14:40:27","isFullCredit":false},{"lineNumber":25,"author":{"gitId":"t-kandasami"},"content":"    public void delete(Course course) {","lastModifiedDate":"2025-10-10T15:28:54","isFullCredit":false},{"lineNumber":26,"author":{"gitId":"t-kandasami"},"content":"        courses.remove(course);","lastModifiedDate":"2025-10-10T15:28:54","isFullCredit":false},{"lineNumber":27,"author":{"gitId":"t-kandasami"},"content":"    }","lastModifiedDate":"2025-10-10T14:40:27","isFullCredit":false},{"lineNumber":28,"author":{"gitId":"t-kandasami"},"content":"","lastModifiedDate":"2025-10-10T15:28:54","isFullCredit":false},{"lineNumber":29,"author":{"gitId":"asytrix99"},"content":"    /**","lastModifiedDate":"2025-10-10T03:12:46","isFullCredit":false},{"lineNumber":30,"author":{"gitId":"Wrooi"},"content":"     * Get the list of courses","lastModifiedDate":"2025-10-10T13:44:39","isFullCredit":false},{"lineNumber":31,"author":{"gitId":"asytrix99"},"content":"     *","lastModifiedDate":"2025-10-10T03:12:46","isFullCredit":false},{"lineNumber":32,"author":{"gitId":"Wrooi"},"content":"     * @return ArrayList of courses","lastModifiedDate":"2025-10-10T13:44:39","isFullCredit":false},{"lineNumber":33,"author":{"gitId":"asytrix99"},"content":"     */","lastModifiedDate":"2025-10-10T03:12:46","isFullCredit":false},{"lineNumber":34,"author":{"gitId":"asytrix99"},"content":"    public ArrayList\u003cCourse\u003e getCourses() {","lastModifiedDate":"2025-10-10T03:12:46","isFullCredit":false},{"lineNumber":35,"author":{"gitId":"asytrix99"},"content":"        return courses;","lastModifiedDate":"2025-10-10T03:12:46","isFullCredit":false},{"lineNumber":36,"author":{"gitId":"t-kandasami"},"content":"    }","lastModifiedDate":"2025-10-10T14:40:27","isFullCredit":false},{"lineNumber":37,"author":{"gitId":"t-kandasami"},"content":"","lastModifiedDate":"2025-10-10T14:40:27","isFullCredit":false},{"lineNumber":38,"author":{"gitId":"t-kandasami"},"content":"    /**","lastModifiedDate":"2025-10-10T14:42:53","isFullCredit":false},{"lineNumber":39,"author":{"gitId":"fookang"},"content":"     * Finds and returns the course whose name is equal to the given string,","lastModifiedDate":"2025-10-11T19:33:20","isFullCredit":false},{"lineNumber":40,"author":{"gitId":"fookang"},"content":"     * comparing names case-insensitively.","lastModifiedDate":"2025-10-11T19:33:20","isFullCredit":false},{"lineNumber":41,"author":{"gitId":"t-kandasami"},"content":"     *","lastModifiedDate":"2025-10-10T14:42:53","isFullCredit":false},{"lineNumber":42,"author":{"gitId":"fookang"},"content":"     * @param courseName The exact match of the course name being searched.","lastModifiedDate":"2025-10-11T19:33:20","isFullCredit":false},{"lineNumber":43,"author":{"gitId":"asytrix99"},"content":"     * @return The {@code Course} object if found, else {@code null}.","lastModifiedDate":"2025-10-10T03:12:46","isFullCredit":false},{"lineNumber":44,"author":{"gitId":"t-kandasami"},"content":"     */","lastModifiedDate":"2025-10-10T14:42:53","isFullCredit":false},{"lineNumber":45,"author":{"gitId":"asytrix99"},"content":"    public Course findCourse(String courseName) {","lastModifiedDate":"2025-10-10T03:12:46","isFullCredit":false},{"lineNumber":46,"author":{"gitId":"asytrix99"},"content":"        for (Course c : courses) {","lastModifiedDate":"2025-10-10T03:12:46","isFullCredit":false},{"lineNumber":47,"author":{"gitId":"fookang"},"content":"            if (c.getCourseName().equalsIgnoreCase(courseName)) {","lastModifiedDate":"2025-10-11T19:14:40","isFullCredit":false},{"lineNumber":48,"author":{"gitId":"asytrix99"},"content":"                return c;","lastModifiedDate":"2025-10-10T03:12:46","isFullCredit":false},{"lineNumber":49,"author":{"gitId":"asytrix99"},"content":"            }","lastModifiedDate":"2025-10-10T03:12:46","isFullCredit":false},{"lineNumber":50,"author":{"gitId":"asytrix99"},"content":"        }","lastModifiedDate":"2025-10-10T03:12:46","isFullCredit":false},{"lineNumber":51,"author":{"gitId":"asytrix99"},"content":"        return null;","lastModifiedDate":"2025-10-10T03:12:46","isFullCredit":false},{"lineNumber":52,"author":{"gitId":"t-kandasami"},"content":"    }","lastModifiedDate":"2025-10-10T14:42:53","isFullCredit":false},{"lineNumber":53,"author":{"gitId":"fookang"},"content":"}","lastModifiedDate":"2025-10-09T17:35:18","isFullCredit":false}],"authorContributionMap":{"t-kandasami":16,"asytrix99":13,"fookang":22,"Wrooi":2}},{"path":"src/main/java/seedu/nustudy/exceptions/NUStudyCommandException.java","fileType":"functional-code","lines":[{"lineNumber":1,"author":{"gitId":"fookang"},"content":"package seedu.nustudy.exceptions;","lastModifiedDate":"2025-10-09T17:37:58","isFullCredit":false},{"lineNumber":2,"author":{"gitId":"fookang"},"content":"","lastModifiedDate":"2025-10-09T17:37:58","isFullCredit":false},{"lineNumber":3,"author":{"gitId":"fookang"},"content":"public class NUStudyCommandException extends NUStudyException {","lastModifiedDate":"2025-10-09T17:37:58","isFullCredit":false},{"lineNumber":4,"author":{"gitId":"fookang"},"content":"    public NUStudyCommandException(String message) {","lastModifiedDate":"2025-10-09T17:37:58","isFullCredit":false},{"lineNumber":5,"author":{"gitId":"fookang"},"content":"        super(message);","lastModifiedDate":"2025-10-09T17:37:58","isFullCredit":false},{"lineNumber":6,"author":{"gitId":"fookang"},"content":"    }","lastModifiedDate":"2025-10-09T17:37:58","isFullCredit":false},{"lineNumber":7,"author":{"gitId":"fookang"},"content":"}","lastModifiedDate":"2025-10-09T17:37:58","isFullCredit":false}],"authorContributionMap":{"fookang":7}},{"path":"src/main/java/seedu/nustudy/exceptions/NUStudyCourseAlreadyExistException.java","fileType":"functional-code","lines":[{"lineNumber":1,"author":{"gitId":"fookang"},"content":"package seedu.nustudy.exceptions;","lastModifiedDate":"2025-10-11T19:40:25","isFullCredit":false},{"lineNumber":2,"author":{"gitId":"fookang"},"content":"","lastModifiedDate":"2025-10-11T19:40:25","isFullCredit":false},{"lineNumber":3,"author":{"gitId":"fookang"},"content":"public class NUStudyCourseAlreadyExistException extends NUStudyException {","lastModifiedDate":"2025-10-11T19:40:25","isFullCredit":false},{"lineNumber":4,"author":{"gitId":"fookang"},"content":"    public NUStudyCourseAlreadyExistException(String message) {","lastModifiedDate":"2025-10-11T19:40:25","isFullCredit":false},{"lineNumber":5,"author":{"gitId":"fookang"},"content":"        super(message);","lastModifiedDate":"2025-10-11T19:40:25","isFullCredit":false},{"lineNumber":6,"author":{"gitId":"fookang"},"content":"    }","lastModifiedDate":"2025-10-11T19:40:25","isFullCredit":false},{"lineNumber":7,"author":{"gitId":"fookang"},"content":"}","lastModifiedDate":"2025-10-11T19:40:25","isFullCredit":false}],"authorContributionMap":{"fookang":7}},{"path":"src/main/java/seedu/nustudy/exceptions/NUStudyException.java","fileType":"functional-code","lines":[{"lineNumber":1,"author":{"gitId":"asytrix99"},"content":"package seedu.nustudy.exceptions;","lastModifiedDate":"2025-10-09T23:46:12","isFullCredit":false},{"lineNumber":2,"author":{"gitId":"asytrix99"},"content":"","lastModifiedDate":"2025-10-09T23:46:12","isFullCredit":false},{"lineNumber":3,"author":{"gitId":"asytrix99"},"content":"public class NUStudyException extends Exception {","lastModifiedDate":"2025-10-09T23:46:12","isFullCredit":false},{"lineNumber":4,"author":{"gitId":"asytrix99"},"content":"","lastModifiedDate":"2025-10-09T23:46:12","isFullCredit":false},{"lineNumber":5,"author":{"gitId":"asytrix99"},"content":"    /**","lastModifiedDate":"2025-10-09T23:46:12","isFullCredit":false},{"lineNumber":6,"author":{"gitId":"asytrix99"},"content":"     * Creates a new NUStudyException with the specific error message","lastModifiedDate":"2025-10-10T03:12:46","isFullCredit":false},{"lineNumber":7,"author":{"gitId":"asytrix99"},"content":"     *","lastModifiedDate":"2025-10-09T23:46:12","isFullCredit":false},{"lineNumber":8,"author":{"gitId":"asytrix99"},"content":"     * @param message The error message describing the error","lastModifiedDate":"2025-10-09T23:46:12","isFullCredit":false},{"lineNumber":9,"author":{"gitId":"asytrix99"},"content":"     */","lastModifiedDate":"2025-10-09T23:46:12","isFullCredit":false},{"lineNumber":10,"author":{"gitId":"asytrix99"},"content":"    public NUStudyException(String message) {","lastModifiedDate":"2025-10-09T23:46:12","isFullCredit":false},{"lineNumber":11,"author":{"gitId":"asytrix99"},"content":"        super(message);","lastModifiedDate":"2025-10-09T23:46:12","isFullCredit":false},{"lineNumber":12,"author":{"gitId":"asytrix99"},"content":"    }","lastModifiedDate":"2025-10-09T23:46:12","isFullCredit":false},{"lineNumber":13,"author":{"gitId":"asytrix99"},"content":"}","lastModifiedDate":"2025-10-09T23:46:12","isFullCredit":false}],"authorContributionMap":{"asytrix99":13}},{"path":"src/main/java/seedu/nustudy/exceptions/NUStudyNoSuchCourseException.java","fileType":"functional-code","lines":[{"lineNumber":1,"author":{"gitId":"asytrix99"},"content":"package seedu.nustudy.exceptions;","lastModifiedDate":"2025-10-10T03:15:01","isFullCredit":false},{"lineNumber":2,"author":{"gitId":"asytrix99"},"content":"","lastModifiedDate":"2025-10-10T03:15:01","isFullCredit":false},{"lineNumber":3,"author":{"gitId":"asytrix99"},"content":"public class NUStudyNoSuchCourseException extends NUStudyException {","lastModifiedDate":"2025-10-10T03:15:01","isFullCredit":false},{"lineNumber":4,"author":{"gitId":"asytrix99"},"content":"    public NUStudyNoSuchCourseException(String message) {","lastModifiedDate":"2025-10-10T03:15:01","isFullCredit":false},{"lineNumber":5,"author":{"gitId":"asytrix99"},"content":"        super(message);","lastModifiedDate":"2025-10-10T03:15:01","isFullCredit":false},{"lineNumber":6,"author":{"gitId":"asytrix99"},"content":"    }","lastModifiedDate":"2025-10-10T03:15:01","isFullCredit":false},{"lineNumber":7,"author":{"gitId":"asytrix99"},"content":"}","lastModifiedDate":"2025-10-10T03:15:01","isFullCredit":false}],"authorContributionMap":{"asytrix99":7}},{"path":"src/main/java/seedu/nustudy/ui/UserInterface.java","fileType":"functional-code","lines":[{"lineNumber":1,"author":{"gitId":"fookang"},"content":"package seedu.nustudy.ui;","lastModifiedDate":"2025-10-09T17:42:22","isFullCredit":false},{"lineNumber":2,"author":{"gitId":"fookang"},"content":"","lastModifiedDate":"2025-10-09T17:42:22","isFullCredit":false},{"lineNumber":3,"author":{"gitId":"fookang"},"content":"import seedu.nustudy.course.Course;","lastModifiedDate":"2025-10-09T17:42:22","isFullCredit":false},{"lineNumber":4,"author":{"gitId":"fookang"},"content":"","lastModifiedDate":"2025-10-09T17:42:22","isFullCredit":false},{"lineNumber":5,"author":{"gitId":"fookang"},"content":"import java.util.Scanner;","lastModifiedDate":"2025-10-09T17:42:22","isFullCredit":false},{"lineNumber":6,"author":{"gitId":"fookang"},"content":"","lastModifiedDate":"2025-10-09T17:42:22","isFullCredit":false},{"lineNumber":7,"author":{"gitId":"fookang"},"content":"public class UserInterface {","lastModifiedDate":"2025-10-09T17:42:22","isFullCredit":false},{"lineNumber":8,"author":{"gitId":"fookang"},"content":"    private static final String LINE_BREAK \u003d \"____________________________________________________________\";","lastModifiedDate":"2025-10-09T17:42:22","isFullCredit":false},{"lineNumber":9,"author":{"gitId":"fookang"},"content":"    private static final Scanner INPUT_SCANNER \u003d new Scanner(System.in);","lastModifiedDate":"2025-10-09T17:42:22","isFullCredit":false},{"lineNumber":10,"author":{"gitId":"fookang"},"content":"","lastModifiedDate":"2025-10-09T17:42:22","isFullCredit":false},{"lineNumber":11,"author":{"gitId":"fookang"},"content":"    /**","lastModifiedDate":"2025-10-09T17:42:22","isFullCredit":false},{"lineNumber":12,"author":{"gitId":"asytrix99"},"content":"     * Prints a partition line for visual separation","lastModifiedDate":"2025-10-10T03:16:20","isFullCredit":false},{"lineNumber":13,"author":{"gitId":"fookang"},"content":"     */","lastModifiedDate":"2025-10-09T17:42:22","isFullCredit":false},{"lineNumber":14,"author":{"gitId":"fookang"},"content":"    public static void printLineBreak() {","lastModifiedDate":"2025-10-09T17:42:22","isFullCredit":false},{"lineNumber":15,"author":{"gitId":"fookang"},"content":"        System.out.println(LINE_BREAK);","lastModifiedDate":"2025-10-09T17:42:22","isFullCredit":false},{"lineNumber":16,"author":{"gitId":"fookang"},"content":"    }","lastModifiedDate":"2025-10-09T17:42:22","isFullCredit":false},{"lineNumber":17,"author":{"gitId":"fookang"},"content":"","lastModifiedDate":"2025-10-09T17:42:22","isFullCredit":false},{"lineNumber":18,"author":{"gitId":"fookang"},"content":"    /**","lastModifiedDate":"2025-10-09T17:42:22","isFullCredit":false},{"lineNumber":19,"author":{"gitId":"fookang"},"content":"     * Returns the user\u0027s command.","lastModifiedDate":"2025-10-09T17:42:22","isFullCredit":false},{"lineNumber":20,"author":{"gitId":"fookang"},"content":"     *","lastModifiedDate":"2025-10-09T17:42:22","isFullCredit":false},{"lineNumber":21,"author":{"gitId":"fookang"},"content":"     * @return The trimmed user input command","lastModifiedDate":"2025-10-09T17:42:22","isFullCredit":false},{"lineNumber":22,"author":{"gitId":"fookang"},"content":"     */","lastModifiedDate":"2025-10-09T17:42:22","isFullCredit":false},{"lineNumber":23,"author":{"gitId":"asytrix99"},"content":"    public static String readInput() {","lastModifiedDate":"2025-10-10T03:16:20","isFullCredit":false},{"lineNumber":24,"author":{"gitId":"fookang"},"content":"        if (INPUT_SCANNER.hasNextLine()) {","lastModifiedDate":"2025-10-09T19:07:04","isFullCredit":false},{"lineNumber":25,"author":{"gitId":"asytrix99"},"content":"            String line \u003d INPUT_SCANNER.nextLine().trim();","lastModifiedDate":"2025-10-10T03:16:20","isFullCredit":false},{"lineNumber":26,"author":{"gitId":"asytrix99"},"content":"            if (!line.isEmpty()) {","lastModifiedDate":"2025-10-10T03:16:20","isFullCredit":false},{"lineNumber":27,"author":{"gitId":"asytrix99"},"content":"                return line;","lastModifiedDate":"2025-10-10T03:16:20","isFullCredit":false},{"lineNumber":28,"author":{"gitId":"asytrix99"},"content":"            }","lastModifiedDate":"2025-10-10T03:16:20","isFullCredit":false},{"lineNumber":29,"author":{"gitId":"fookang"},"content":"        }","lastModifiedDate":"2025-10-09T17:42:22","isFullCredit":false},{"lineNumber":30,"author":{"gitId":"fookang"},"content":"        return null;","lastModifiedDate":"2025-10-09T19:07:04","isFullCredit":false},{"lineNumber":31,"author":{"gitId":"fookang"},"content":"    }","lastModifiedDate":"2025-10-09T19:07:04","isFullCredit":false},{"lineNumber":32,"author":{"gitId":"fookang"},"content":"","lastModifiedDate":"2025-10-09T17:42:22","isFullCredit":false},{"lineNumber":33,"author":{"gitId":"fookang"},"content":"    /**","lastModifiedDate":"2025-10-09T17:42:22","isFullCredit":false},{"lineNumber":34,"author":{"gitId":"asytrix99"},"content":"     * Prints a success message when a course is added","lastModifiedDate":"2025-10-10T03:16:20","isFullCredit":false},{"lineNumber":35,"author":{"gitId":"fookang"},"content":"     *","lastModifiedDate":"2025-10-09T17:42:22","isFullCredit":false},{"lineNumber":36,"author":{"gitId":"fookang"},"content":"     * @param course The course that was added","lastModifiedDate":"2025-10-09T17:42:22","isFullCredit":false},{"lineNumber":37,"author":{"gitId":"fookang"},"content":"     */","lastModifiedDate":"2025-10-09T17:42:22","isFullCredit":false},{"lineNumber":38,"author":{"gitId":"fookang"},"content":"    public static void printCourseAdded(Course course) {","lastModifiedDate":"2025-10-09T17:42:22","isFullCredit":false},{"lineNumber":39,"author":{"gitId":"fookang"},"content":"        System.out.println(course + \" added\");","lastModifiedDate":"2025-10-09T17:42:22","isFullCredit":false},{"lineNumber":40,"author":{"gitId":"fookang"},"content":"    }","lastModifiedDate":"2025-10-09T17:42:22","isFullCredit":false},{"lineNumber":41,"author":{"gitId":"t-kandasami"},"content":"","lastModifiedDate":"2025-10-10T14:45:43","isFullCredit":false},{"lineNumber":42,"author":{"gitId":"t-kandasami"},"content":"    /**","lastModifiedDate":"2025-10-10T15:28:54","isFullCredit":false},{"lineNumber":43,"author":{"gitId":"t-kandasami"},"content":"     * Prints a success message when a course is deleted","lastModifiedDate":"2025-10-10T15:28:54","isFullCredit":false},{"lineNumber":44,"author":{"gitId":"t-kandasami"},"content":"     *","lastModifiedDate":"2025-10-10T15:28:54","isFullCredit":false},{"lineNumber":45,"author":{"gitId":"t-kandasami"},"content":"     * @param course The course that was deleted","lastModifiedDate":"2025-10-10T15:28:54","isFullCredit":false},{"lineNumber":46,"author":{"gitId":"t-kandasami"},"content":"     */","lastModifiedDate":"2025-10-10T15:28:54","isFullCredit":false},{"lineNumber":47,"author":{"gitId":"t-kandasami"},"content":"    public static void printCourseDeleted(Course course) {","lastModifiedDate":"2025-10-10T14:45:43","isFullCredit":false},{"lineNumber":48,"author":{"gitId":"t-kandasami"},"content":"        System.out.println(course + \" deleted\");","lastModifiedDate":"2025-10-10T14:45:43","isFullCredit":false},{"lineNumber":49,"author":{"gitId":"t-kandasami"},"content":"    }","lastModifiedDate":"2025-10-10T14:45:43","isFullCredit":false},{"lineNumber":50,"author":{"gitId":"t-kandasami"},"content":"","lastModifiedDate":"2025-10-10T15:28:54","isFullCredit":false},{"lineNumber":51,"author":{"gitId":"Wrooi"},"content":"    /**","lastModifiedDate":"2025-10-10T13:44:39","isFullCredit":false},{"lineNumber":52,"author":{"gitId":"Wrooi"},"content":"     * Print all courses in the course manager","lastModifiedDate":"2025-10-10T13:44:39","isFullCredit":false},{"lineNumber":53,"author":{"gitId":"Wrooi"},"content":"     *","lastModifiedDate":"2025-10-10T13:44:39","isFullCredit":false},{"lineNumber":54,"author":{"gitId":"Wrooi"},"content":"     * @param courses The course manager containing courses","lastModifiedDate":"2025-10-10T13:44:39","isFullCredit":false},{"lineNumber":55,"author":{"gitId":"Wrooi"},"content":"     */","lastModifiedDate":"2025-10-10T13:44:39","isFullCredit":false},{"lineNumber":56,"author":{"gitId":"Wrooi"},"content":"    public static void printCourseList(seedu.nustudy.course.CourseManager courses) {","lastModifiedDate":"2025-10-10T13:44:39","isFullCredit":false},{"lineNumber":57,"author":{"gitId":"Wrooi"},"content":"        System.out.println(\"Courses:\");","lastModifiedDate":"2025-10-10T13:44:39","isFullCredit":false},{"lineNumber":58,"author":{"gitId":"Wrooi"},"content":"        int idx \u003d 1;","lastModifiedDate":"2025-10-10T13:44:39","isFullCredit":false},{"lineNumber":59,"author":{"gitId":"Wrooi"},"content":"        for (Course course : courses.getCourses()) {","lastModifiedDate":"2025-10-10T13:44:39","isFullCredit":false},{"lineNumber":60,"author":{"gitId":"Wrooi"},"content":"            System.out.println(idx + \". \" + course);","lastModifiedDate":"2025-10-10T13:44:39","isFullCredit":false},{"lineNumber":61,"author":{"gitId":"Wrooi"},"content":"            idx++;","lastModifiedDate":"2025-10-10T13:44:39","isFullCredit":false},{"lineNumber":62,"author":{"gitId":"Wrooi"},"content":"        }","lastModifiedDate":"2025-10-10T13:44:39","isFullCredit":false},{"lineNumber":63,"author":{"gitId":"Wrooi"},"content":"        if (idx \u003d\u003d 1) {","lastModifiedDate":"2025-10-10T13:44:39","isFullCredit":false},{"lineNumber":64,"author":{"gitId":"Wrooi"},"content":"            System.out.println(\"No courses added yet.\");","lastModifiedDate":"2025-10-10T13:44:39","isFullCredit":false},{"lineNumber":65,"author":{"gitId":"Wrooi"},"content":"        }","lastModifiedDate":"2025-10-10T13:44:39","isFullCredit":false},{"lineNumber":66,"author":{"gitId":"Wrooi"},"content":"    }","lastModifiedDate":"2025-10-10T13:44:39","isFullCredit":false},{"lineNumber":67,"author":{"gitId":"fookang"},"content":"}","lastModifiedDate":"2025-10-09T17:42:22","isFullCredit":false}],"authorContributionMap":{"t-kandasami":10,"asytrix99":7,"fookang":34,"Wrooi":16}},{"path":"src/main/java/seedu/nustudy/utils/ConfirmationHandler.java","fileType":"functional-code","lines":[{"lineNumber":1,"author":{"gitId":"asytrix99"},"content":"package seedu.nustudy.utils;","lastModifiedDate":"2025-10-10T03:14:14","isFullCredit":false},{"lineNumber":2,"author":{"gitId":"asytrix99"},"content":"","lastModifiedDate":"2025-10-10T03:14:14","isFullCredit":false},{"lineNumber":3,"author":{"gitId":"asytrix99"},"content":"import seedu.nustudy.ui.UserInterface;","lastModifiedDate":"2025-10-10T03:14:14","isFullCredit":false},{"lineNumber":4,"author":{"gitId":"asytrix99"},"content":"","lastModifiedDate":"2025-10-10T03:14:14","isFullCredit":false},{"lineNumber":5,"author":{"gitId":"asytrix99"},"content":"public class ConfirmationHandler {","lastModifiedDate":"2025-10-10T03:14:14","isFullCredit":false},{"lineNumber":6,"author":{"gitId":"asytrix99"},"content":"","lastModifiedDate":"2025-10-10T03:14:14","isFullCredit":false},{"lineNumber":7,"author":{"gitId":"asytrix99"},"content":"    /**","lastModifiedDate":"2025-10-10T03:14:14","isFullCredit":false},{"lineNumber":8,"author":{"gitId":"asytrix99"},"content":"     * Handles user confirmation prompts by persistently asking for a single \u0027y\u0027 or \u0027n\u0027 input.","lastModifiedDate":"2025-10-10T03:14:14","isFullCredit":false},{"lineNumber":9,"author":{"gitId":"asytrix99"},"content":"     * Handles lower (y/n) or upper case (Y/N) inputs and trims whitespace.","lastModifiedDate":"2025-10-10T03:14:14","isFullCredit":false},{"lineNumber":10,"author":{"gitId":"asytrix99"},"content":"     *","lastModifiedDate":"2025-10-10T03:14:14","isFullCredit":false},{"lineNumber":11,"author":{"gitId":"asytrix99"},"content":"     * @param message The confirmation prompt to display for the user.","lastModifiedDate":"2025-10-10T03:14:14","isFullCredit":false},{"lineNumber":12,"author":{"gitId":"asytrix99"},"content":"     * @return true if \u0027y\u0027 is parsed, else false if \u0027n\u0027 is parsed.","lastModifiedDate":"2025-10-10T03:14:14","isFullCredit":false},{"lineNumber":13,"author":{"gitId":"asytrix99"},"content":"     */","lastModifiedDate":"2025-10-10T03:14:14","isFullCredit":false},{"lineNumber":14,"author":{"gitId":"asytrix99"},"content":"    public static boolean getConfirmation(String message) {","lastModifiedDate":"2025-10-10T03:14:14","isFullCredit":false},{"lineNumber":15,"author":{"gitId":"asytrix99"},"content":"        System.out.println(message + \" (y/n)\");","lastModifiedDate":"2025-10-10T03:14:14","isFullCredit":false},{"lineNumber":16,"author":{"gitId":"asytrix99"},"content":"","lastModifiedDate":"2025-10-10T03:14:14","isFullCredit":false},{"lineNumber":17,"author":{"gitId":"asytrix99"},"content":"        while (true) {","lastModifiedDate":"2025-10-10T03:14:14","isFullCredit":false},{"lineNumber":18,"author":{"gitId":"asytrix99"},"content":"            String input \u003d UserInterface.readInput().trim().toLowerCase();","lastModifiedDate":"2025-10-10T03:14:14","isFullCredit":false},{"lineNumber":19,"author":{"gitId":"asytrix99"},"content":"            if (input.isEmpty()) {","lastModifiedDate":"2025-10-10T03:14:14","isFullCredit":false},{"lineNumber":20,"author":{"gitId":"asytrix99"},"content":"                System.out.println(\"Please type \u0027y\u0027 or \u0027n\u0027: \");","lastModifiedDate":"2025-10-10T03:14:14","isFullCredit":false},{"lineNumber":21,"author":{"gitId":"asytrix99"},"content":"                continue;","lastModifiedDate":"2025-10-10T03:14:14","isFullCredit":false},{"lineNumber":22,"author":{"gitId":"asytrix99"},"content":"            }","lastModifiedDate":"2025-10-10T03:14:14","isFullCredit":false},{"lineNumber":23,"author":{"gitId":"asytrix99"},"content":"","lastModifiedDate":"2025-10-10T03:14:14","isFullCredit":false},{"lineNumber":24,"author":{"gitId":"asytrix99"},"content":"            switch (input) {","lastModifiedDate":"2025-10-10T03:14:14","isFullCredit":false},{"lineNumber":25,"author":{"gitId":"asytrix99"},"content":"            case \"y\":","lastModifiedDate":"2025-10-10T03:14:14","isFullCredit":false},{"lineNumber":26,"author":{"gitId":"asytrix99"},"content":"                return true;","lastModifiedDate":"2025-10-10T03:14:14","isFullCredit":false},{"lineNumber":27,"author":{"gitId":"asytrix99"},"content":"            case \"n\":","lastModifiedDate":"2025-10-10T03:14:14","isFullCredit":false},{"lineNumber":28,"author":{"gitId":"asytrix99"},"content":"                return false;","lastModifiedDate":"2025-10-10T03:14:14","isFullCredit":false},{"lineNumber":29,"author":{"gitId":"asytrix99"},"content":"            default:","lastModifiedDate":"2025-10-10T03:14:14","isFullCredit":false},{"lineNumber":30,"author":{"gitId":"asytrix99"},"content":"                System.out.println(\"Please only type \u0027y\u0027 or \u0027n\u0027: \");","lastModifiedDate":"2025-10-10T03:14:14","isFullCredit":false},{"lineNumber":31,"author":{"gitId":"asytrix99"},"content":"            }","lastModifiedDate":"2025-10-10T03:14:14","isFullCredit":false},{"lineNumber":32,"author":{"gitId":"asytrix99"},"content":"        }","lastModifiedDate":"2025-10-10T03:14:14","isFullCredit":false},{"lineNumber":33,"author":{"gitId":"asytrix99"},"content":"    }","lastModifiedDate":"2025-10-10T03:14:14","isFullCredit":false},{"lineNumber":34,"author":{"gitId":"asytrix99"},"content":"}","lastModifiedDate":"2025-10-10T03:14:14","isFullCredit":false}],"authorContributionMap":{"asytrix99":34}},{"path":"src/main/java/seedu/nustudy/utils/Parser.java","fileType":"functional-code","lines":[{"lineNumber":1,"author":{"gitId":"fookang"},"content":"package seedu.nustudy.utils;","lastModifiedDate":"2025-10-09T17:45:51","isFullCredit":false},{"lineNumber":2,"author":{"gitId":"fookang"},"content":"","lastModifiedDate":"2025-10-09T17:45:51","isFullCredit":false},{"lineNumber":3,"author":{"gitId":"fookang"},"content":"import seedu.nustudy.command.AddCourseCommand;","lastModifiedDate":"2025-10-09T17:45:51","isFullCredit":false},{"lineNumber":4,"author":{"gitId":"fookang"},"content":"import seedu.nustudy.command.Command;","lastModifiedDate":"2025-10-09T17:45:51","isFullCredit":false},{"lineNumber":5,"author":{"gitId":"t-kandasami"},"content":"import seedu.nustudy.command.DeleteCourseCommand;","lastModifiedDate":"2025-10-10T14:50:01","isFullCredit":false},{"lineNumber":6,"author":{"gitId":"Wrooi"},"content":"import seedu.nustudy.command.ListCourseCommand;","lastModifiedDate":"2025-10-10T13:44:39","isFullCredit":false},{"lineNumber":7,"author":{"gitId":"asytrix99"},"content":"import seedu.nustudy.command.ResetCourseHoursCommand;","lastModifiedDate":"2025-10-10T03:14:14","isFullCredit":false},{"lineNumber":8,"author":{"gitId":"fookang"},"content":"import seedu.nustudy.exceptions.NUStudyCommandException;","lastModifiedDate":"2025-10-09T17:45:51","isFullCredit":false},{"lineNumber":9,"author":{"gitId":"fookang"},"content":"","lastModifiedDate":"2025-10-09T17:45:51","isFullCredit":false},{"lineNumber":10,"author":{"gitId":"fookang"},"content":"public class Parser {","lastModifiedDate":"2025-10-09T17:45:51","isFullCredit":false},{"lineNumber":11,"author":{"gitId":"asytrix99"},"content":"    private static ResetCourseHoursCommand resetCourseHoursCommand;","lastModifiedDate":"2025-10-10T12:53:31","isFullCredit":false},{"lineNumber":12,"author":{"gitId":"asytrix99"},"content":"","lastModifiedDate":"2025-10-10T12:53:31","isFullCredit":false},{"lineNumber":13,"author":{"gitId":"fookang"},"content":"    /**","lastModifiedDate":"2025-10-09T17:45:51","isFullCredit":false},{"lineNumber":14,"author":{"gitId":"asytrix99"},"content":"     * Returns a Command parsed from user\u0027s input","lastModifiedDate":"2025-10-10T03:14:14","isFullCredit":false},{"lineNumber":15,"author":{"gitId":"fookang"},"content":"     *","lastModifiedDate":"2025-10-09T17:45:51","isFullCredit":false},{"lineNumber":16,"author":{"gitId":"fookang"},"content":"     * @param input The user-inputted command string","lastModifiedDate":"2025-10-09T17:45:51","isFullCredit":false},{"lineNumber":17,"author":{"gitId":"fookang"},"content":"     * @return A Command object that can execute the user\u0027s request","lastModifiedDate":"2025-10-09T17:45:51","isFullCredit":false},{"lineNumber":18,"author":{"gitId":"fookang"},"content":"     * @throws NUStudyCommandException If the command is invalid","lastModifiedDate":"2025-10-09T17:45:51","isFullCredit":false},{"lineNumber":19,"author":{"gitId":"fookang"},"content":"     */","lastModifiedDate":"2025-10-09T17:45:51","isFullCredit":false},{"lineNumber":20,"author":{"gitId":"t-kandasami"},"content":"    public static Command parseCommand(String input) throws NUStudyCommandException {","lastModifiedDate":"2025-10-10T15:28:54","isFullCredit":false},{"lineNumber":21,"author":{"gitId":"fookang"},"content":"        String[] words \u003d input.split(\"\\\\s+\", 2);","lastModifiedDate":"2025-10-09T17:45:51","isFullCredit":false},{"lineNumber":22,"author":{"gitId":"fookang"},"content":"        String command \u003d words[0].toLowerCase();","lastModifiedDate":"2025-10-09T17:45:51","isFullCredit":false},{"lineNumber":23,"author":{"gitId":"fookang"},"content":"        String arguments \u003d words.length \u003e 1 ? words[1] : \"\";","lastModifiedDate":"2025-10-09T17:45:51","isFullCredit":false},{"lineNumber":24,"author":{"gitId":"fookang"},"content":"","lastModifiedDate":"2025-10-09T17:45:51","isFullCredit":false},{"lineNumber":25,"author":{"gitId":"asytrix99"},"content":"        switch (command) {","lastModifiedDate":"2025-10-10T03:14:14","isFullCredit":false},{"lineNumber":26,"author":{"gitId":"asytrix99"},"content":"        case \"add\":","lastModifiedDate":"2025-10-10T03:14:14","isFullCredit":false},{"lineNumber":27,"author":{"gitId":"asytrix99"},"content":"            return new AddCourseCommand(arguments);","lastModifiedDate":"2025-10-10T03:14:14","isFullCredit":false},{"lineNumber":28,"author":{"gitId":"asytrix99"},"content":"        case \"list\":","lastModifiedDate":"2025-10-10T14:22:48","isFullCredit":false},{"lineNumber":29,"author":{"gitId":"asytrix99"},"content":"            return new ListCourseCommand(arguments);","lastModifiedDate":"2025-10-10T14:22:48","isFullCredit":false},{"lineNumber":30,"author":{"gitId":"asytrix99"},"content":"        case \"reset\":","lastModifiedDate":"2025-10-10T03:14:14","isFullCredit":false},{"lineNumber":31,"author":{"gitId":"asytrix99"},"content":"            return new ResetCourseHoursCommand(arguments);","lastModifiedDate":"2025-10-10T03:14:14","isFullCredit":false},{"lineNumber":32,"author":{"gitId":"t-kandasami"},"content":"        case \"delete\":","lastModifiedDate":"2025-10-10T15:28:54","isFullCredit":false},{"lineNumber":33,"author":{"gitId":"t-kandasami"},"content":"            return new DeleteCourseCommand(arguments);","lastModifiedDate":"2025-10-10T15:28:54","isFullCredit":false},{"lineNumber":34,"author":{"gitId":"asytrix99"},"content":"        default:","lastModifiedDate":"2025-10-10T03:14:14","isFullCredit":false},{"lineNumber":35,"author":{"gitId":"asytrix99"},"content":"            throw new NUStudyCommandException(\"Wrong command\");","lastModifiedDate":"2025-10-10T03:14:14","isFullCredit":false},{"lineNumber":36,"author":{"gitId":"asytrix99"},"content":"        }","lastModifiedDate":"2025-10-10T03:14:14","isFullCredit":false},{"lineNumber":37,"author":{"gitId":"fookang"},"content":"    }","lastModifiedDate":"2025-10-09T17:45:51","isFullCredit":false},{"lineNumber":38,"author":{"gitId":"fookang"},"content":"}","lastModifiedDate":"2025-10-09T17:45:51","isFullCredit":false}],"authorContributionMap":{"t-kandasami":4,"asytrix99":14,"fookang":19,"Wrooi":1}},{"path":"src/test/java/seedu/nustudy/DukeTest.java","fileType":"test-code","lines":[{"lineNumber":1,"author":{"gitId":"fookang"},"content":"package seedu.nustudy;","lastModifiedDate":"2025-10-09T17:48:58","isFullCredit":false},{"lineNumber":2,"author":{"gitId":"-"},"content":"","lastModifiedDate":"2020-05-24T00:51:04","isFullCredit":false},{"lineNumber":3,"author":{"gitId":"-"},"content":"import static org.junit.jupiter.api.Assertions.assertTrue;","lastModifiedDate":"2020-05-24T00:51:04","isFullCredit":false},{"lineNumber":4,"author":{"gitId":"-"},"content":"","lastModifiedDate":"2020-05-24T00:51:04","isFullCredit":false},{"lineNumber":5,"author":{"gitId":"-"},"content":"import org.junit.jupiter.api.Test;","lastModifiedDate":"2020-05-24T00:51:04","isFullCredit":false},{"lineNumber":6,"author":{"gitId":"-"},"content":"","lastModifiedDate":"2020-05-24T00:51:04","isFullCredit":false},{"lineNumber":7,"author":{"gitId":"-"},"content":"class DukeTest {","lastModifiedDate":"2020-05-24T00:51:04","isFullCredit":false},{"lineNumber":8,"author":{"gitId":"-"},"content":"    @Test","lastModifiedDate":"2020-05-24T00:51:04","isFullCredit":false},{"lineNumber":9,"author":{"gitId":"-"},"content":"    public void sampleTest() {","lastModifiedDate":"2020-05-24T00:51:04","isFullCredit":false},{"lineNumber":10,"author":{"gitId":"-"},"content":"        assertTrue(true);","lastModifiedDate":"2020-05-24T00:51:04","isFullCredit":false},{"lineNumber":11,"author":{"gitId":"-"},"content":"    }","lastModifiedDate":"2020-05-24T00:51:04","isFullCredit":false},{"lineNumber":12,"author":{"gitId":"-"},"content":"}","lastModifiedDate":"2020-05-24T00:51:04","isFullCredit":false}],"authorContributionMap":{"fookang":1,"-":11}},{"path":"src/test/java/seedu/nustudy/utils/ParserTest.java","fileType":"test-code","lines":[{"lineNumber":1,"author":{"gitId":"fookang"},"content":"package seedu.nustudy.utils;","lastModifiedDate":"2025-10-09T17:51:42","isFullCredit":false},{"lineNumber":2,"author":{"gitId":"fookang"},"content":"","lastModifiedDate":"2025-10-09T17:51:42","isFullCredit":false},{"lineNumber":3,"author":{"gitId":"fookang"},"content":"import org.junit.jupiter.api.Test;","lastModifiedDate":"2025-10-09T17:51:42","isFullCredit":false},{"lineNumber":4,"author":{"gitId":"fookang"},"content":"import seedu.nustudy.exceptions.NUStudyCommandException;","lastModifiedDate":"2025-10-09T17:51:42","isFullCredit":false},{"lineNumber":5,"author":{"gitId":"fookang"},"content":"","lastModifiedDate":"2025-10-09T17:51:42","isFullCredit":false},{"lineNumber":6,"author":{"gitId":"fookang"},"content":"import static org.junit.jupiter.api.Assertions.assertThrows;","lastModifiedDate":"2025-10-09T17:51:42","isFullCredit":false},{"lineNumber":7,"author":{"gitId":"fookang"},"content":"","lastModifiedDate":"2025-10-09T17:51:42","isFullCredit":false},{"lineNumber":8,"author":{"gitId":"fookang"},"content":"class ParserTest {","lastModifiedDate":"2025-10-09T17:51:42","isFullCredit":false},{"lineNumber":9,"author":{"gitId":"fookang"},"content":"","lastModifiedDate":"2025-10-09T17:51:42","isFullCredit":false},{"lineNumber":10,"author":{"gitId":"fookang"},"content":"    @Test","lastModifiedDate":"2025-10-09T17:51:42","isFullCredit":false},{"lineNumber":11,"author":{"gitId":"fookang"},"content":"    void parseCommand() {","lastModifiedDate":"2025-10-09T17:51:42","isFullCredit":false},{"lineNumber":12,"author":{"gitId":"fookang"},"content":"        String input \u003d \"Hello\";","lastModifiedDate":"2025-10-09T17:51:42","isFullCredit":false},{"lineNumber":13,"author":{"gitId":"fookang"},"content":"        assertThrows(NUStudyCommandException.class, () -\u003e Parser.parseCommand(input));","lastModifiedDate":"2025-10-09T17:51:42","isFullCredit":false},{"lineNumber":14,"author":{"gitId":"fookang"},"content":"    }","lastModifiedDate":"2025-10-09T17:51:42","isFullCredit":false},{"lineNumber":15,"author":{"gitId":"fookang"},"content":"}","lastModifiedDate":"2025-10-09T17:51:42","isFullCredit":false}],"authorContributionMap":{"fookang":15}}]
