{"authorDailyContributionsMap":{"yikjin":[{"date":"2025-10-01T00:00:00","commitResults":[{"hash":"af5325d314d53a5e2054e0c5a35594d123a408c2","isMergeCommit":false,"messageTitle":"docs(About us): add `yikjin` to `AboutUs.md`","messageBody":"Add Yik Jin (@yikjin) to About Us Markdown document.\n","fileTypesAndContributionMap":{"docs":{"insertions":3,"deletions":7}}},{"hash":"71766fc43697d7e8fc2b9a70c9dc8a0cb0f0f63d","isMergeCommit":true,"messageTitle":"merge: merge pull request #2 from t-kandasami/t-kandasami-AboutUs","messageBody":"docs: Update AboutUs.md","fileTypesAndContributionMap":{}},{"hash":"749f4faa727b54c333e1c399cc0c3f5fa7eb57d7","isMergeCommit":true,"messageTitle":"merge: merge branch \u0027master\u0027 into yikjin-AboutUs","messageBody":"","fileTypesAndContributionMap":{}}]},{"date":"2025-10-13T00:00:00","commitResults":[{"hash":"6e41ac214c26fa293b286eb6f9f92955b90ddf9f","isMergeCommit":false,"messageTitle":"build(gradle): update Gradle to \u00279.1.0\u0027","messageBody":"Update Gradle from \u00277.6.2\u0027 to \u00279.1.0\u0027.\n\nUpdate Gradle libraries and plugins to:\n\n- checkstyle \u003d \u002712.0.1\u0027\n- guava \u003d \u002733.5.0-jre\u0027\n- jetbrains-annotations \u003d \u002726.0.2-1\u0027\n- junit-jupiter \u003d \u00276.0.0\u0027\n- junit-platform-launcher \u003d \u00276.0.0\u0027\n- shadow \u003d \u00279.2.2\u0027\n","fileTypesAndContributionMap":{"other":{"insertions":95,"deletions":24}}},{"hash":"9f7f3d78697f3f5a2b6d183ec20c37f93d989888","isMergeCommit":false,"messageTitle":"refactor: update package name to \u0027arpa.home.nustudy\u0027","messageBody":"Update package name to \u0027arpa.home.nustudy\u0027 from \u0027seedu.nustudy\u0027, because\nthe old package name does not make sense (\u0027seedu\u0027 is from [the SE-EDU\nproject](https://se-education.org)). \u0027arpa.home\u0027 is chosen as the prefix\npackage name, because it is convention to [use our reversed Internet\ndomain name to begin our package\nnames](https://dev.java/learn/packages/#naming), but since we do not\nhave one, we can use the [special-use domain\n\u0027home.arpa\u0027](https://datatracker.ietf.org/doc/html/rfc8375) instead.\n\nRename \u0027NUStudy.java\u0027 to \u0027App.java\u0027 as generated by the Gradle \u0027init\u0027\ntask.\n","fileTypesAndContributionMap":{"functional-code":{"insertions":17,"deletions":18},"other":{"insertions":224,"deletions":227},"test-code":{"insertions":241,"deletions":251}}},{"hash":"4d7dcb3cc950db44e07cb5233167690c9eefa3b4","isMergeCommit":false,"messageTitle":"chore: add \u0027.idea\u0027 project configuration directory","messageBody":"Add \u0027.idea\u0027 folder to work with the same project settings across\ndifferent instances of IntelliJ IDEA. Only project setting files are\nincluded.\n","fileTypesAndContributionMap":{"other":{"insertions":1520,"deletions":0}}},{"hash":"818a96e09ebd9d46ed58a51271dc0019ea097f4a","isMergeCommit":false,"messageTitle":"style: update formatting of various non-\u0027src\u0027 files","messageBody":"Update formatting of various files not in the \u0027src\u0027 folder, to better\nalign with the coding standards (e.g. 4 spaces indentation).\n","fileTypesAndContributionMap":{"other":{"insertions":67,"deletions":66}}}]},{"date":"2025-10-14T00:00:00","commitResults":[{"hash":"48b3a6f566697ca3df3541e0a6a9959008ddfa30","isMergeCommit":false,"messageTitle":"style: fix screw-up when renaming package name","messageBody":"In the commit 9f7f3d78697f3f5a2b6d183ec20c37f93d989888, when refactoring\nthe package name to \u0027arpa.home.nustudy\u0027, the code styles got all messed\nup in the process, causing the pull request checks to fail at the\n\u0027:checkstyleMain\u0027 and \u0027:checkstyleTest\u0027 tasks. This commit styles all\nthe code in \u0027src\u0027 to follow the coding style guidelines, to avoid\nfailing at the above tasks again.\n","fileTypesAndContributionMap":{"functional-code":{"insertions":134,"deletions":102},"test-code":{"insertions":85,"deletions":56}}},{"hash":"53dd4e766a6ab31d90b2f694011597d20d6c0658","isMergeCommit":false,"messageTitle":"chore: remove \u0027misc.xml\u0027 in \u0027.idea\u0027 directory","messageBody":"Remove the \u0027misc.xml\u0027 file in the \u0027.idea\u0027 directory, since not everyone\nis using the same JDK distribution. The \u0027misc.xml\u0027 file seems to track\nper-user editor layout configurations as well.\n\nAdd \u0027.idea/misc.xml\u0027 to \u0027.gitignore\u0027.\n\nRearrange \u0027.gitignore\u0027 to not ignore \u0027gradle/wrapper/gradle-wrapper.jar\u0027\nfile. It was previously incorrectly ignored because in the \u0027.gitignore\u0027\nfile, the Java section came after the Gradle section, and the Java\nsection ignored \u0027*.jar\u0027, overriding the Gradle section.\n","fileTypesAndContributionMap":{"other":{"insertions":0,"deletions":51}}},{"hash":"6d36560b219b38f798201b4832ecfba376911c05","isMergeCommit":true,"messageTitle":"merge: merge branch \u0027master\u0027 into update-build-tooling","messageBody":"","fileTypesAndContributionMap":{}},{"hash":"93e6c62e5842e6f5a7bd3238005e6f3467878b5c","isMergeCommit":false,"messageTitle":"fix: fix NUStudy quit command","messageBody":"The `quit` command did not work originally, because the associated logic\nwas accidentally deleted in 09ff5afb2f6edb329ed1359ea4c26b0fedfd6e67.\nThis commit resolves the issue by restoring the quit logic.\n","fileTypesAndContributionMap":{"functional-code":{"insertions":7,"deletions":3}}},{"hash":"b95380b692d491f9531f4c1db12e4fae173274b7","isMergeCommit":false,"messageTitle":"fix: update output to follow user guide more closely","messageBody":"Update the program output to follow the submitted user guide more\nclosely.\n","fileTypesAndContributionMap":{"functional-code":{"insertions":17,"deletions":11}}},{"hash":"83c1165a46e7effc0f612a8402c2bd86974fcf90","isMergeCommit":false,"messageTitle":"feat: add list course hours per session command","messageBody":"Add feature to allow users to list a specific course\u0027s hours per\nsession, by running `list \u003ccourse\u003e`.\n","fileTypesAndContributionMap":{"functional-code":{"insertions":138,"deletions":2},"test-code":{"insertions":71,"deletions":0}}},{"hash":"6d5b3f3991451ce26cd1002ecb7aec6e6ebb90f6","isMergeCommit":false,"messageTitle":"fix: add session when add session command is run","messageBody":"Update \u0027AddSessionCommand.java\u0027 to actually add the session to\n\u0027SessionManager\u0027 when `add \u003ccourse\u003e \u003chours\u003e` is run.\n","fileTypesAndContributionMap":{"functional-code":{"insertions":1,"deletions":0}}},{"hash":"e84d970d21de39f9fa58384f849511a0557b498e","isMergeCommit":true,"messageTitle":"merge: merge branch \u0027master\u0027 into feat/view-course-session-hours","messageBody":"","fileTypesAndContributionMap":{}},{"hash":"40cffb13a305a0757817623e31549e0851b682c8","isMergeCommit":false,"messageTitle":"fix: update `list` command error text","messageBody":"Update the `list` command error text, referring to itself as `list`\ninstead of `load` due to typo mistake.\n","fileTypesAndContributionMap":{"functional-code":{"insertions":2,"deletions":2}}},{"hash":"0394a0ebfaed53137a2fe764756fc1261e6b3cb3","isMergeCommit":false,"messageTitle":"fix: update command error help to be multi-line","messageBody":"Update the error text caused from invalid arguments to commands to be\nmulti-line to improve clarity.\n","fileTypesAndContributionMap":{"functional-code":{"insertions":6,"deletions":4}}},{"hash":"37947f7bc4ec8d9cf7125b902194fb78076a959a","isMergeCommit":false,"messageTitle":"refactor: mostly whitespace styling fix in codebase","messageBody":"Update code files to adhere to IntelliJ IDEA formatting more so it\ndoesn\u0027t keep changing on save.\n\nUpdate files in \u0027utils\u0027 to be regular classes instead of enums (probably\ndue to IntelliJ IDEA auto changing it on save due to outdated IDEA\nconfiguration from my end).\n","fileTypesAndContributionMap":{"functional-code":{"insertions":22,"deletions":21}}},{"hash":"d24da517d63b3644f28cd2fd4ae927056a015031","isMergeCommit":false,"messageTitle":"docs: add NUStudy user guide for v1.0","messageBody":"Add NUStudy user guide for v1.0.\n","fileTypesAndContributionMap":{"docs":{"insertions":89,"deletions":21}}}]},{"date":"2025-10-15T00:00:00","commitResults":[{"hash":"7bfe36edc4aed82d4af23fa14203201dd415b29d","isMergeCommit":false,"messageTitle":"ops: undo upgrade Gradle back to \u00277.6.2\u0027","messageBody":"Undo upgrade Gradle, setting it back to \u00277.6.2\u0027, due to breaking GitHub\nworkflow Java CI task, caused by using outdated Java CI tasks.\n\nUndo upgrade to project dependencies as well.\n","fileTypesAndContributionMap":{"other":{"insertions":24,"deletions":95}}},{"hash":"399310a4c5627cccf2e0af12e50913d7a9e54f04","isMergeCommit":true,"messageTitle":"Merge pull request #51 from asytrix99/branch-fix-reset-hours","messageBody":"fix: reset logged hours matching UI output","fileTypesAndContributionMap":{}},{"hash":"593d544b135c63b86622bbd530b27d9ac945c9d1","isMergeCommit":true,"messageTitle":"merge: merge branch \u0027master\u0027 into docs/user-guide-v1.0","messageBody":"","fileTypesAndContributionMap":{}}]}],"t-kandasami":[{"date":"2025-10-01T00:00:00","commitResults":[{"hash":"f77759b97cfe13e1d5e0d7869ca2f1c98edc74e1","isMergeCommit":false,"messageTitle":"docs: Update AboutUs.md","messageBody":"","fileTypesAndContributionMap":{"docs":{"insertions":3,"deletions":7}}},{"hash":"8c1f7367bc800d96f6c3893c942bb5068db5e4f3","isMergeCommit":true,"messageTitle":"Merge pull request #1 from yikjin/yikjin-AboutUs","messageBody":"docs(About us): add `yikjin` to `AboutUs.md`","fileTypesAndContributionMap":{}}]},{"date":"2025-10-09T00:00:00","commitResults":[{"hash":"23af337c4983dc65304c4bb1f61828dbc09e2e92","isMergeCommit":true,"messageTitle":"Merge pull request #27 from fookang/Add-a-new-course","messageBody":"Add a new course","fileTypesAndContributionMap":{}}]},{"date":"2025-10-10T00:00:00","commitResults":[{"hash":"d3e4829a473f7db2fff51234ffbf65ad6336a93b","isMergeCommit":false,"messageTitle":"Feature: Add findCourse method to CourseManager","messageBody":"* Create findCourse method to return Course given the CourseName\n","fileTypesAndContributionMap":{"functional-code":{"insertions":15,"deletions":0}}},{"hash":"c018eec737cd7c6d448e0bda5291db4746b8626c","isMergeCommit":false,"messageTitle":"Feature: Add delete method to CourseManager","messageBody":"","fileTypesAndContributionMap":{"functional-code":{"insertions":10,"deletions":0}}},{"hash":"a33fe974d5262a28442f413e674c963e2a682fe8","isMergeCommit":false,"messageTitle":"UserInterface: Add printCourseDeleted message","messageBody":"","fileTypesAndContributionMap":{"functional-code":{"insertions":4,"deletions":0}}},{"hash":"75c26fe89801de0935ed5eaf5febbf1974c326fb","isMergeCommit":false,"messageTitle":"Feature: Add DeleteCourseCommand","messageBody":"* The NUStudy Application now supports deletion of course using coursename\n* This feature has error handling and is integrated to the application\n","fileTypesAndContributionMap":{"functional-code":{"insertions":34,"deletions":0}}},{"hash":"b211b1a2988794136ceaa5c0a3a6319e21dc8611","isMergeCommit":false,"messageTitle":"Parser: Add the delete case","messageBody":"* The Parser now supports the DeleteCourseCommand\n","fileTypesAndContributionMap":{"functional-code":{"insertions":2,"deletions":0}}},{"hash":"696b4e89cfc6a6d74302b932defd979d902edda8","isMergeCommit":true,"messageTitle":"Merge branch \u0027master\u0027 into t-kandasami-Remove-a-course","messageBody":"# Conflicts:\n#\tsrc/main/java/seedu/nustudy/course/CourseManager.java\n#\tsrc/main/java/seedu/nustudy/ui/UserInterface.java\n#\tsrc/main/java/seedu/nustudy/utils/Parser.java\n","fileTypesAndContributionMap":{}},{"hash":"053248e5a8a258182d866b239756acf0fcadd6c7","isMergeCommit":false,"messageTitle":"CheckStyle: Remove Unused Import","messageBody":"","fileTypesAndContributionMap":{"functional-code":{"insertions":0,"deletions":2}}}]},{"date":"2025-10-12T00:00:00","commitResults":[{"hash":"c8b7126862655b3ed1faeae120cffb2175bb25a1","isMergeCommit":true,"messageTitle":"Merge pull request #36 from asytrix99/branch-safe-reset","messageBody":"Add safe reset workflow","fileTypesAndContributionMap":{}},{"hash":"bfefcca2adfb2dd20342b32ee958c2520c2971be","isMergeCommit":false,"messageTitle":"Feature: Add Session and SessionManager Class","messageBody":"* Created the necessary classes to track study sessions for each course\n","fileTypesAndContributionMap":{"functional-code":{"insertions":75,"deletions":0}}},{"hash":"57b4338e52db037cc9d3480a593ab82d48922286","isMergeCommit":false,"messageTitle":"Refactor: Add SessionManager","messageBody":"","fileTypesAndContributionMap":{"functional-code":{"insertions":11,"deletions":5}}},{"hash":"1436e1cac0e668120915483e9e1a83668561a71a","isMergeCommit":false,"messageTitle":"Docs: AddSessionCommand and DeleteCourseCommand","messageBody":"","fileTypesAndContributionMap":{"functional-code":{"insertions":21,"deletions":3}}},{"hash":"65bc30ca6d9ec8960d6df1656ece98e817447404","isMergeCommit":false,"messageTitle":"Docs: Course and Session","messageBody":"","fileTypesAndContributionMap":{"functional-code":{"insertions":26,"deletions":1}}},{"hash":"33c69de4b05e40db1ed09c8decc74680338d4855","isMergeCommit":false,"messageTitle":"Parser: Add support for AddSessionCommand","messageBody":"","fileTypesAndContributionMap":{"functional-code":{"insertions":45,"deletions":2}}},{"hash":"80623beb3493fd85681bacb34954ee5711f85a49","isMergeCommit":false,"messageTitle":"Test: Add JUnit Tests","messageBody":"","fileTypesAndContributionMap":{"test-code":{"insertions":107,"deletions":0}}},{"hash":"09ff5afb2f6edb329ed1359ea4c26b0fedfd6e67","isMergeCommit":true,"messageTitle":"Merge branch \u0027t-kandasami-Add-StudySession\u0027","messageBody":"# Conflicts:\n#\tsrc/main/java/seedu/nustudy/NUStudy.java\n#\tsrc/main/java/seedu/nustudy/course/Course.java\n","fileTypesAndContributionMap":{}},{"hash":"74028f42481220684352d3479f80f882ccabee47","isMergeCommit":true,"messageTitle":"Merge branch \u0027master\u0027 into t-kandasami-Add-StudySession","messageBody":"","fileTypesAndContributionMap":{}},{"hash":"dd237343a4cba72341277970b32edd1c65fa07ea","isMergeCommit":false,"messageTitle":"Testing: Update JUnit tests to accommodate sessions","messageBody":"","fileTypesAndContributionMap":{"test-code":{"insertions":13,"deletions":6}}}]},{"date":"2025-10-14T00:00:00","commitResults":[{"hash":"7878fea6d185b1093b6c88c8256fdde6ee1a6b52","isMergeCommit":true,"messageTitle":"Merge pull request #40 from yikjin/update-build-tooling","messageBody":"chore: remove \u0027misc.xml\u0027 in \u0027.idea\u0027 directory","fileTypesAndContributionMap":{}},{"hash":"17a97522b5259a3e2ad6dc731b35072870adb6d6","isMergeCommit":true,"messageTitle":"Merge pull request #44 from yikjin/fix-quit-command","messageBody":"fix: fix NUStudy quit command","fileTypesAndContributionMap":{}},{"hash":"cb6f92ab532de75ce63ed67e4584421805201342","isMergeCommit":true,"messageTitle":"Merge pull request #42 from yikjin/follow-user-guide","messageBody":"fix: update output to follow user guide more closely","fileTypesAndContributionMap":{}}]},{"date":"2025-10-16T00:00:00","commitResults":[{"hash":"758e1393485149bdca9ca16f84ac7403435e7819","isMergeCommit":true,"messageTitle":"Merge pull request #55 from asytrix99/v1.0-junit-test","messageBody":"Update reset functionalities with logging, JUnit tests and Java asserts","fileTypesAndContributionMap":{}}]},{"date":"2025-10-17T00:00:00","commitResults":[{"hash":"f254866b3f96673dfb710584959cfeca9f908708","isMergeCommit":false,"messageTitle":"refactor: Update DeleteCourseCommand.java with Assertions and Logging","messageBody":"* enable assertions\n* add necessary assertions for DeleteCourseCommand\n* add log satements of neccessary levels for various stage of execution\n","fileTypesAndContributionMap":{"functional-code":{"insertions":24,"deletions":1},"other":{"insertions":1,"deletions":0}}},{"hash":"88cf446a63d1a0abfc7ac239cecc48e51d42fb8b","isMergeCommit":false,"messageTitle":"test: Update JUnit Tests for DeleteCourseCommandTest.java","messageBody":"* @BeforeEach and setUp() to prevent repeated setup in each test functions\n* @Test execute_nullCourseManager_throwsAssertionError when courseManager is null\n* @Test execute_deleteFails_throwsNUStudyException() when delete fails\n","fileTypesAndContributionMap":{"functional-code":{"insertions":2,"deletions":1},"test-code":{"insertions":52,"deletions":16}}},{"hash":"07f584015c2d123f50c8ed8d90faa6166c18ef35","isMergeCommit":true,"messageTitle":"Merge branch \u0027master\u0027 into t-kandasami-UpdateTestingDeleteCourseCommand","messageBody":"","fileTypesAndContributionMap":{}}]}],"asytrix99":[{"date":"2025-10-01T00:00:00","commitResults":[{"hash":"17042777a6b26ccd8174e95eb64cb170e72f4d48","isMergeCommit":false,"messageTitle":"docs: Update docs/AboutUs.md","messageBody":"","fileTypesAndContributionMap":{"docs":{"insertions":9,"deletions":13}}}]},{"date":"2025-10-04T00:00:00","commitResults":[{"hash":"588e1da5f0f3403c4fb7932ac9bfdac9c5777d23","isMergeCommit":true,"messageTitle":"Merge pull request #3 from fookang/fookang-AboutUs","messageBody":"docs: Update AboutUs to include personal details","fileTypesAndContributionMap":{}},{"hash":"228234978e3e414db4ad298c642a298f66447c3f","isMergeCommit":true,"messageTitle":"Merge branch \u0027master\u0027 into asytrix99-AboutUs","messageBody":"# Conflicts:\n#\tdocs/AboutUs.md\n#\tdocs/team/fookang.md\n","fileTypesAndContributionMap":{}}]},{"date":"2025-10-09T00:00:00","commitResults":[{"hash":"9067a5f03d2fa4f9b477e6c26994b7c05588ff60","isMergeCommit":false,"messageTitle":"Merge branch \u0027master\u0027 of https://github.com/AY2526S1-CS2113-W14-2/tp","messageBody":"","fileTypesAndContributionMap":{"functional-code":{"insertions":245,"deletions":21},"other":{"insertions":2,"deletions":2},"docs":{"insertions":7,"deletions":0},"test-code":{"insertions":15,"deletions":0}}}]},{"date":"2025-10-10T00:00:00","commitResults":[{"hash":"fa5746db5ad52a4c57d9a804f58f1f84ac5fc441","isMergeCommit":false,"messageTitle":"Add findCourse, getter and setter functions","messageBody":"","fileTypesAndContributionMap":{"functional-code":{"insertions":48,"deletions":6}}},{"hash":"e2fafddf076a8559e120a2e96a13e5fedc3cdc3d","isMergeCommit":false,"messageTitle":"Add ConfirmationHandler utility with parsing","messageBody":"","fileTypesAndContributionMap":{"functional-code":{"insertions":44,"deletions":5}}},{"hash":"7cb783bad2ff0e2d1dccaf60f772eeec2ef501c2","isMergeCommit":false,"messageTitle":"Add ResetCourseHoursCommand command with exception","messageBody":"","fileTypesAndContributionMap":{"functional-code":{"insertions":85,"deletions":0}}},{"hash":"16a1c614523e4e099a8c831095b5e7e1d4bc6034","isMergeCommit":false,"messageTitle":"Update JavaDoc and input scanner","messageBody":"","fileTypesAndContributionMap":{"functional-code":{"insertions":13,"deletions":10}}},{"hash":"b4ebaaf86a109fd01f7943b7d9a71ae38cb6895f","isMergeCommit":false,"messageTitle":"Reformat code to follow coding standards","messageBody":"","fileTypesAndContributionMap":{"functional-code":{"insertions":158,"deletions":157},"other":{"insertions":1,"deletions":1}}},{"hash":"fcf2a48703d9e600cab8aa0328c541ec7712cda0","isMergeCommit":false,"messageTitle":"Reformat code to follow coding standards","messageBody":"","fileTypesAndContributionMap":{"functional-code":{"insertions":286,"deletions":287}}},{"hash":"31e8b22a6c561df841252fdc3e937813570d3368","isMergeCommit":true,"messageTitle":"Merge branch \u0027master\u0027 of https://github.com/AY2526S1-CS2113-W14-2/tp","messageBody":"# Conflicts:\n#\tsrc/main/java/seedu/nustudy/course/CourseManager.java\n#\tsrc/main/java/seedu/nustudy/ui/UserInterface.java\n#\tsrc/main/java/seedu/nustudy/utils/Parser.java\n","fileTypesAndContributionMap":{}},{"hash":"ae91eb1f2e4e6bd2c5da27f17098b41714bdc86a","isMergeCommit":true,"messageTitle":"Merge branch \u0027master\u0027 into branch-reset-hours","messageBody":"# Conflicts:\n#\tsrc/main/java/seedu/nustudy/course/CourseManager.java\n#\tsrc/main/java/seedu/nustudy/ui/UserInterface.java\n#\tsrc/main/java/seedu/nustudy/utils/Parser.java\n","fileTypesAndContributionMap":{}},{"hash":"fff82dad2f50ff633219aa9ad1d76309f72cd1e2","isMergeCommit":true,"messageTitle":"Merge pull request #28 from asytrix99/branch-reset-hours","messageBody":"Reset logged hours for courses","fileTypesAndContributionMap":{}}]},{"date":"2025-10-11T00:00:00","commitResults":[{"hash":"29a73961710a8c1803a55d31e094fed1cdd849e0","isMergeCommit":true,"messageTitle":"Merge pull request #32 from fookang/Bug-fix-for-add-course","messageBody":"Bug fixes for add course","fileTypesAndContributionMap":{}}]},{"date":"2025-10-12T00:00:00","commitResults":[{"hash":"d2f462754feae7f13b442ff8f4d2c904742da6f8","isMergeCommit":true,"messageTitle":"Merge pull request #34 from Wrooi/Exit-NUStudy-Program","messageBody":"","fileTypesAndContributionMap":{}},{"hash":"ab44dad2264c43cae081a6218d70fcff4d9cd5b4","isMergeCommit":false,"messageTitle":"Feat: Add safe reset by double confirmation","messageBody":"","fileTypesAndContributionMap":{"functional-code":{"insertions":117,"deletions":22}}},{"hash":"4c8031097dd415f812018ef5a9a48fb2adce42b5","isMergeCommit":false,"messageTitle":"Test: Add JUnit tests with assertions for reset course hours command","messageBody":"","fileTypesAndContributionMap":{"functional-code":{"insertions":1,"deletions":1},"test-code":{"insertions":34,"deletions":0}}},{"hash":"af1122a0c0a8119ee4ede4295f8e19085306248b","isMergeCommit":false,"messageTitle":"Test: Add JUnit tests with assertions for confirmation handler","messageBody":"","fileTypesAndContributionMap":{"test-code":{"insertions":51,"deletions":0}}},{"hash":"f8a6d5a3f6dbeefa932a1e7d78a8b951d6078202","isMergeCommit":true,"messageTitle":"Merge pull request #37 from t-kandasami/t-kandasami-Add-StudySession","messageBody":"","fileTypesAndContributionMap":{}}]},{"date":"2025-10-14T00:00:00","commitResults":[{"hash":"200fe356b686e83b1d5733a54afc2488b16c3beb","isMergeCommit":true,"messageTitle":"Merge pull request #39 from yikjin/update-build-tooling","messageBody":"Update project and build tooling","fileTypesAndContributionMap":{}},{"hash":"c82a5c6d0eb43da63c0cfe1cee05df8935c6b4a3","isMergeCommit":false,"messageTitle":"build: sync IDE settings with Gradle upgrade","messageBody":"","fileTypesAndContributionMap":{"other":{"insertions":10,"deletions":11}}},{"hash":"973583858a9d33201a3e1bf4a8848e811b19c2cf","isMergeCommit":true,"messageTitle":"Merge pull request #45 from yikjin/feat/view-course-session-hours","messageBody":"feat: view course session hours","fileTypesAndContributionMap":{}},{"hash":"89097b53987b48f0441bb4980f07269654fec932","isMergeCommit":true,"messageTitle":"chore: update \u0027.gitignore\u0027","messageBody":"","fileTypesAndContributionMap":{}},{"hash":"b51c25227b6d1dbe67202d2faff1bb7b846b62fa","isMergeCommit":true,"messageTitle":"Merge branch \u0027master\u0027 of https://github.com/AY2526S1-CS2113-W14-2/tp","messageBody":"","fileTypesAndContributionMap":{}},{"hash":"d6e0ba8e950a4b84365931ea3662d034a81b8781","isMergeCommit":true,"messageTitle":"Merge pull request #47 from yikjin/fix/invalid-command-help-text","messageBody":"fix: command error help text","tags":["v1.0-pre"],"fileTypesAndContributionMap":{}}]},{"date":"2025-10-15T00:00:00","commitResults":[{"hash":"c7517ae806890aa3d11d0707012ded6c6355417d","isMergeCommit":false,"messageTitle":"fix: remove unused \u0027loggedHours\u0027 and its methods in \u0027Course\u0027 class","messageBody":"","fileTypesAndContributionMap":{"functional-code":{"insertions":8,"deletions":25}}},{"hash":"6af9d38a0e61d0a85c2eae27cbe06563f9bc9f8a","isMergeCommit":false,"messageTitle":"fix: \u0027SessionManager\u0027 in place of \u0027CourseManager\u0027 used to reset hours","messageBody":"","fileTypesAndContributionMap":{"functional-code":{"insertions":14,"deletions":15}}},{"hash":"7bdb000e49fc33cf9dfd47fd2a5ffbcbd1e0688e","isMergeCommit":false,"messageTitle":"feat: add methods to reset logged hours under \u0027SessionManager\u0027","messageBody":"","fileTypesAndContributionMap":{"functional-code":{"insertions":28,"deletions":0}}},{"hash":"a3bcb9ccddb2c19014ee6837ef98b88bed96d9a4","isMergeCommit":true,"messageTitle":"Merge pull request #48 from yikjin/refactor/brief-for-v1.0","messageBody":"refactor: mostly whitespace styling fix in codebase","fileTypesAndContributionMap":{}},{"hash":"8b2d87928cc192c2ad772392374e4a47d55a1a48","isMergeCommit":true,"messageTitle":"Merge branch \u0027master\u0027 of https://github.com/AY2526S1-CS2113-W14-2/tp","messageBody":"","fileTypesAndContributionMap":{}},{"hash":"fed1c55f094a52635cfedad6a66af822aa2226da","isMergeCommit":true,"messageTitle":"Merge branch \u0027master\u0027 into branch-fix-reset-hours","messageBody":"","fileTypesAndContributionMap":{}},{"hash":"7144535320f7c7ec3f06bb253f9d7bc2b409445b","isMergeCommit":true,"messageTitle":"Merge pull request #52 from yikjin/ops/revert-gradle-upgrade","messageBody":"Revert \"build(gradle): update Gradle to \u00279.1.0\u0027\"","fileTypesAndContributionMap":{}},{"hash":"cebf63f99f64777af778e120d4d774dfd5f301b1","isMergeCommit":true,"messageTitle":"Merge branch \u0027master\u0027 of https://github.com/AY2526S1-CS2113-W14-2/tp","messageBody":"","fileTypesAndContributionMap":{}},{"hash":"47762572802f8d75d14a537c87f85fd6de288e09","isMergeCommit":true,"messageTitle":"Merge branch \u0027master\u0027 into branch-fix-reset-hours","messageBody":"","fileTypesAndContributionMap":{}},{"hash":"fa46bad1ab2fecee2cd2f8b0d626850b6217f609","isMergeCommit":false,"messageTitle":"chore: remove unncessary \u0027kotlinc.xml\u0027 and \u0027.gitignore\u0027 files under \u0027.idea\u0027","messageBody":"","fileTypesAndContributionMap":{"other":{"insertions":0,"deletions":9}}}]},{"date":"2025-10-16T00:00:00","commitResults":[{"hash":"3de6cc70bdc118907361ccfba04a13f52efb528d","isMergeCommit":true,"messageTitle":"Merge pull request #53 from fookang/Save-data-to-txt-file","messageBody":"Save data to txt file","fileTypesAndContributionMap":{}},{"hash":"03822593663081eacfc6e20ba328bb6afe91f5be","isMergeCommit":false,"messageTitle":"refactor: add logging and Java asserts to \u0027ResetCouseHoursCommand\u0027","messageBody":"","fileTypesAndContributionMap":{"functional-code":{"insertions":18,"deletions":4},"other":{"insertions":1,"deletions":0},"test-code":{"insertions":1,"deletions":0}}},{"hash":"b421f5856576016b28b8afa9ec070553e5e58bf0","isMergeCommit":false,"messageTitle":"refactor: add logging to \u0027ConfirmationHandler\u0027","messageBody":"","fileTypesAndContributionMap":{"functional-code":{"insertions":11,"deletions":6}}},{"hash":"948a2b4a14bcc9495fa36ac33f91a1eb06c4a737","isMergeCommit":false,"messageTitle":"test: add JUnit test for \u0027SessionManager\u0027","messageBody":"","fileTypesAndContributionMap":{"functional-code":{"insertions":10,"deletions":1},"test-code":{"insertions":81,"deletions":0}}}]},{"date":"2025-10-17T00:00:00","commitResults":[{"hash":"b02a354c30586fddd04566e245f80fd489728b20","isMergeCommit":true,"messageTitle":"Merge pull request #57 from t-kandasami/t-kandasami-UpdateTestingDeleteCourseCommand","messageBody":"Update Testing DeleteCourseCommand","fileTypesAndContributionMap":{}}]}],"fookang":[{"date":"2025-10-01T00:00:00","commitResults":[{"hash":"43db40f028986196802a7a70fa1f97c0d808a858","isMergeCommit":false,"messageTitle":"docs: Update AboutUs to include personal details","messageBody":"","fileTypesAndContributionMap":{"docs":{"insertions":4,"deletions":7}}},{"hash":"93865f2d29d24e11f03014bbc448a4b41470c82d","isMergeCommit":true,"messageTitle":"Merge branch \u0027master\u0027 of https://github.com/AY2526S1-CS2113-W14-2/tp","messageBody":"","fileTypesAndContributionMap":{}},{"hash":"8fd89cda1a30e932ec85fd9c17f0348401701fb4","isMergeCommit":true,"messageTitle":"Merge branch \u0027master\u0027 into fookang-AboutUs","messageBody":"# Conflicts:\n#\tdocs/AboutUs.md\n#\tdocs/team/fookang.md\n#\tdocs/team/johndoe.md\n#\tdocs/team/t-kandasami.md\n","fileTypesAndContributionMap":{}},{"hash":"cf77af4e36f27defdaa0c60c9d4b0a384ffb1439","isMergeCommit":true,"messageTitle":"Merge remote-tracking branch \u0027upstream/master\u0027 into fookang-AboutUs","messageBody":"# Conflicts:\n#\tdocs/AboutUs.md\n","fileTypesAndContributionMap":{}},{"hash":"6676ae4e64de64b460436303ed18f751ff2f5404","isMergeCommit":true,"messageTitle":"Merge branch \u0027master\u0027 of https://github.com/AY2526S1-CS2113-W14-2/tp","messageBody":"","fileTypesAndContributionMap":{}}]},{"date":"2025-10-04T00:00:00","commitResults":[{"hash":"e5d603cba35bfadac137b85afb538697d55e8d95","isMergeCommit":true,"messageTitle":"Merge pull request #6 from Wrooi/Wrooi-AboutUs","messageBody":"Docs: Change AboutUs.md and wrooi.md","fileTypesAndContributionMap":{}},{"hash":"f6ce07853e10740155e347a2206bad7f27a97122","isMergeCommit":true,"messageTitle":"Merge branch \u0027master\u0027 of https://github.com/AY2526S1-CS2113-W14-2/tp","messageBody":"","fileTypesAndContributionMap":{}}]},{"date":"2025-10-09T00:00:00","commitResults":[{"hash":"f47414f469f19ee73518ed8172071144c8a6d365","isMergeCommit":false,"messageTitle":"Add Course and CourseManager classes","messageBody":"- Add Course class to represent a course\n- Add CourseManager for storing and adding courses\n","fileTypesAndContributionMap":{"functional-code":{"insertions":50,"deletions":0}}},{"hash":"47ea5b73ce4a79915d2c03a5ad574ab965bd9e82","isMergeCommit":false,"messageTitle":"Add NUStudyException and NUStudyCommandException","messageBody":"- Base NUStudyException for error handling\n- NUStudyCommandException for command-level validation failures\n","fileTypesAndContributionMap":{"functional-code":{"insertions":20,"deletions":0}}},{"hash":"6ca6c78bd59239c58684e4eb60d1868606bd7da0","isMergeCommit":false,"messageTitle":"Add Command interface and AddCourseCommand","messageBody":"- Define Command interface\n- Implement AddCourseCommand to add a course and print confirmation\n","fileTypesAndContributionMap":{"functional-code":{"insertions":70,"deletions":0}}},{"hash":"5f6db23e234a87bc3ace26c102cd5e343db5b663","isMergeCommit":false,"messageTitle":"Add console UI","messageBody":"- printLineBreak() for visual separator\n- readCommand() to read trimmed user input\n- printCourseAdded() to confirm added course\n","fileTypesAndContributionMap":{"functional-code":{"insertions":35,"deletions":0}}},{"hash":"bf2e6ce46df3322ad2690ddb8c64cee2bbf90a02","isMergeCommit":false,"messageTitle":"Add parser to parse user input and return a Command","messageBody":"- Split input into command and arguments\n- Map \u0027add\u0027 to AddCourseCommand\n- Throw NUStudyCommandException for unknow commands\n","fileTypesAndContributionMap":{"functional-code":{"insertions":26,"deletions":0}}},{"hash":"5fb5f2cce9eaeecfd6b02d99a54b8e8d15b9c369","isMergeCommit":false,"messageTitle":"Rename Duke to NUStudy and add NUStudy entry point","messageBody":"- Rename Duke to NUStudy\n- Wire UserInterface, Parser, and CourseManager\n- Print greeting, read commands, execute and handle exceptions\n","fileTypesAndContributionMap":{"functional-code":{"insertions":37,"deletions":21},"other":{"insertions":1,"deletions":1}}},{"hash":"371453b6fb6a661be114019ef43c3b29690236c8","isMergeCommit":false,"messageTitle":"Add ParserTest","messageBody":"- Add test to verify unknown command input triggers NUStudyCommandException\n","fileTypesAndContributionMap":{"test-code":{"insertions":15,"deletions":0}}},{"hash":"443dcf89ce9dcf2aa59274f01df0d47e068b85bb","isMergeCommit":false,"messageTitle":"Configure Gradle to launch seedu.nustudy.NUStudy","messageBody":"","fileTypesAndContributionMap":{"other":{"insertions":1,"deletions":1}}},{"hash":"f636715f14d607a0678ce2aae1d2ec2fd1b25e66","isMergeCommit":false,"messageTitle":"Handle EOF in readCommand and main loop","messageBody":"- return null when no input is available\n","fileTypesAndContributionMap":{"functional-code":{"insertions":8,"deletions":1}}}]},{"date":"2025-10-10T00:00:00","commitResults":[{"hash":"071cfcca9679792ebcac67d670adac7c0ac7e6c8","isMergeCommit":true,"messageTitle":"Merge branch \u0027master\u0027 of https://github.com/AY2526S1-CS2113-W14-2/tp","messageBody":"","fileTypesAndContributionMap":{}}]},{"date":"2025-10-11T00:00:00","commitResults":[{"hash":"c3da69fb096ce0f765b787f2a74fad575968dc89","isMergeCommit":true,"messageTitle":"Merge branch \u0027master\u0027 of https://github.com/AY2526S1-CS2113-W14-2/tp","messageBody":"","fileTypesAndContributionMap":{}},{"hash":"24ddf9d7c6017b7a285ab306603e13f3ff18cd44","isMergeCommit":false,"messageTitle":"Bug: Exact-match deletion with case-insensitive comparison","messageBody":"- Add a getCoruseName() helper\n- Compare user input to the deletable course list\n- Prevent partial-match deletion\n","fileTypesAndContributionMap":{"functional-code":{"insertions":9,"deletions":2}}},{"hash":"634bc4f435ec85df59f38074354c2b8a9faa432a","isMergeCommit":false,"messageTitle":"Docs: Update findCourse() Javadoc (case-insensitive match)","messageBody":"","fileTypesAndContributionMap":{"functional-code":{"insertions":5,"deletions":4}}},{"hash":"4b09adba00e38e47064a2d407e8f74e9da94c237","isMergeCommit":false,"messageTitle":"Fix: Prevent adding duplicate courses","messageBody":"","fileTypesAndContributionMap":{"functional-code":{"insertions":15,"deletions":2}}}]},{"date":"2025-10-15T00:00:00","commitResults":[{"hash":"aef446a693d8198ac30be0838f1cd58553f6e49a","isMergeCommit":true,"messageTitle":"Merge pull request #49 from yikjin/docs/user-guide-v1.0","messageBody":"docs: add NUStudy user guide for v1.0","tags":["v1.0"],"fileTypesAndContributionMap":{}}]},{"date":"2025-10-16T00:00:00","commitResults":[{"hash":"1ec92cd07e18f05b497e5c7b7c977f7bb317ba10","isMergeCommit":false,"messageTitle":"feat: Implement Iterable for CourseManager and SessionManager","messageBody":"Enable for-each loops over courses and sessions\n","fileTypesAndContributionMap":{"functional-code":{"insertions":25,"deletions":3}}},{"hash":"eb3362cb1cc50416f47fe3e7de9292e981e985df","isMergeCommit":false,"messageTitle":"feat: Add toStorageString() to Course and Session","messageBody":"- Provide a standard, single-line string representation of Course and Session\n","fileTypesAndContributionMap":{"functional-code":{"insertions":20,"deletions":0}}},{"hash":"5a7c7588c356442f8115b6ee421da493698e1a4f","isMergeCommit":false,"messageTitle":"feat: Add Storage class for persisting courses and sessions","messageBody":"- Writes Course and Session via toStorageString()\n- Creates parent directories if missing\n- Add logging for progress and error\n- Assert that when a parent exists, it is an existing directory\n","fileTypesAndContributionMap":{"functional-code":{"insertions":87,"deletions":0}}},{"hash":"7fbd8129a2b415ad582f43b0d5eecd2351fd0572","isMergeCommit":false,"messageTitle":"feat: Add Storage using ./data/NUStudy.txt","messageBody":"- Define FILEPATH constant\n- Initialise Storage for saving data\n- Save courses and sessions when exiting the app\n","fileTypesAndContributionMap":{"functional-code":{"insertions":5,"deletions":0}}},{"hash":"1e91c01c511740d34071b65f4f1efe0eb615b65b","isMergeCommit":false,"messageTitle":"test: Add JUnit tests for toStorageString() in Course and Session","messageBody":"","fileTypesAndContributionMap":{"test-code":{"insertions":28,"deletions":0}}},{"hash":"0dea8c7849e43fd6988a92ae832cdad7c39d0f5c","isMergeCommit":false,"messageTitle":"refactor: Use logging in catch block","messageBody":"- Replace System.err with logger at SEVERE level\n","fileTypesAndContributionMap":{"functional-code":{"insertions":1,"deletions":1}}}]}],"Wrooi":[{"date":"2025-10-01T00:00:00","commitResults":[{"hash":"20eb54dc34d968f9ac0602c9a8206fcf1b429f39","isMergeCommit":false,"messageTitle":"Chore: Change AboutUs.md and wrooi.md","messageBody":"","fileTypesAndContributionMap":{"docs":{"insertions":1,"deletions":5}}}]},{"date":"2025-10-04T00:00:00","commitResults":[{"hash":"a8d6206891f1a7ae2e06a928e2c35f76206241a6","isMergeCommit":true,"messageTitle":"Merge branch \u0027master\u0027 into Wrooi-AboutUs","messageBody":"# Conflicts:\n#\tdocs/AboutUs.md\n#\tdocs/team/fookang.md\n#\tdocs/team/johndoe.md\n#\tdocs/team/wrooi.md\n","fileTypesAndContributionMap":{}},{"hash":"9623eb81c93d36758c39c6cdce955d6c8a663a2a","isMergeCommit":true,"messageTitle":"Merge pull request #4 from asytrix99/asytrix99-AboutUs","messageBody":"docs: Update docs/AboutUs.md","fileTypesAndContributionMap":{}}]},{"date":"2025-10-10T00:00:00","commitResults":[{"hash":"f77c11fb7953b49b9ef48c79510eb073e63ab12f","isMergeCommit":false,"messageTitle":"Feat: Add ListCourseCommand","messageBody":"","fileTypesAndContributionMap":{"functional-code":{"insertions":29,"deletions":0}}},{"hash":"aca7833f9624490e95426fac58de19b87b47669e","isMergeCommit":false,"messageTitle":"Feat: Update CourseManager, UserInterface, and Parser to use List Command","messageBody":"","fileTypesAndContributionMap":{"functional-code":{"insertions":30,"deletions":2}}},{"hash":"ff302ea8d3ffc72ace35b69e28e74a75cbc092c8","isMergeCommit":true,"messageTitle":"Merge pull request #29 from Wrooi/List-all-active-courses","messageBody":"List all active courses","fileTypesAndContributionMap":{}},{"hash":"ab1b2851b7bb27d420ee59d7ae9829d2afb9f2b3","isMergeCommit":true,"messageTitle":"Merge pull request #30 from t-kandasami/t-kandasami-Remove-a-course","messageBody":"Remove a course","fileTypesAndContributionMap":{}}]},{"date":"2025-10-12T00:00:00","commitResults":[{"hash":"f4ffe6ff06504a62e2fa313bb071a683cad2e445","isMergeCommit":false,"messageTitle":"Feat: Add exit command for NUStudy","messageBody":"","fileTypesAndContributionMap":{"functional-code":{"insertions":23,"deletions":0}}},{"hash":"8f1c157771ddf142af7c2132c2db49ae069a714f","isMergeCommit":false,"messageTitle":"Test: Add JUnit tests with assertions for exit command","messageBody":"","fileTypesAndContributionMap":{"test-code":{"insertions":26,"deletions":0}}},{"hash":"6177a235658ab7c75f0d5723b7fa2ceee249398e","isMergeCommit":false,"messageTitle":"Test: Add JUnit tests with assertions for list command","messageBody":"","fileTypesAndContributionMap":{"test-code":{"insertions":23,"deletions":0}}},{"hash":"f849be965b70983b3f8b2ea318643a3e457111f7","isMergeCommit":false,"messageTitle":"CheckStyle: Updated Imports in JUnit test files","messageBody":"","fileTypesAndContributionMap":{"functional-code":{"insertions":0,"deletions":1},"test-code":{"insertions":7,"deletions":4}}}]}]},"authorFileTypeContributionMap":{"yikjin":{"docs":76,"functional-code":437,"test-code":331,"other":1473},"t-kandasami":{"docs":2,"functional-code":193,"test-code":52,"other":1},"asytrix99":{"docs":7,"functional-code":293,"test-code":82,"other":1},"fookang":{"docs":2,"functional-code":234,"test-code":38},"Wrooi":{"docs":1,"functional-code":37,"test-code":0}},"authorContributionVariance":{"yikjin":269399.06,"t-kandasami":3619.9119,"asytrix99":43215.805,"fookang":3585.002,"Wrooi":345.75024},"authorDisplayNameMap":{"yikjin":"CS2113-W14-2 LIM .. JIN","t-kandasami":"CS2113-W14-2 T. K..SAMI","asytrix99":"CS2113-W14-2 GAN ..HIEN","fookang":"CS2113-W14-2 FOO ..KANG","Wrooi":"CS2113-W14-2 OOI .. REE"}}
