{"authorDailyContributionsMap":{"yikjin":[{"date":"2025-10-01T00:00:00","commitResults":[{"hash":"af5325d314d53a5e2054e0c5a35594d123a408c2","isMergeCommit":false,"messageTitle":"docs(About us): add `yikjin` to `AboutUs.md`","messageBody":"Add Yik Jin (@yikjin) to About Us Markdown document.\n","fileTypesAndContributionMap":{"docs":{"insertions":3,"deletions":7}}},{"hash":"71766fc43697d7e8fc2b9a70c9dc8a0cb0f0f63d","isMergeCommit":true,"messageTitle":"merge: merge pull request #2 from t-kandasami/t-kandasami-AboutUs","messageBody":"docs: Update AboutUs.md","fileTypesAndContributionMap":{}},{"hash":"749f4faa727b54c333e1c399cc0c3f5fa7eb57d7","isMergeCommit":true,"messageTitle":"merge: merge branch \u0027master\u0027 into yikjin-AboutUs","messageBody":"","fileTypesAndContributionMap":{}}]}],"t-kandasami":[{"date":"2025-10-01T00:00:00","commitResults":[{"hash":"f77759b97cfe13e1d5e0d7869ca2f1c98edc74e1","isMergeCommit":false,"messageTitle":"docs: Update AboutUs.md","messageBody":"","fileTypesAndContributionMap":{"docs":{"insertions":3,"deletions":7}}},{"hash":"8c1f7367bc800d96f6c3893c942bb5068db5e4f3","isMergeCommit":true,"messageTitle":"Merge pull request #1 from yikjin/yikjin-AboutUs","messageBody":"docs(About us): add `yikjin` to `AboutUs.md`","fileTypesAndContributionMap":{}}]}],"asytrix99":[{"date":"2025-10-01T00:00:00","commitResults":[{"hash":"17042777a6b26ccd8174e95eb64cb170e72f4d48","isMergeCommit":false,"messageTitle":"docs: Update docs/AboutUs.md","messageBody":"","fileTypesAndContributionMap":{"docs":{"insertions":9,"deletions":13}}}]},{"date":"2025-10-04T00:00:00","commitResults":[{"hash":"588e1da5f0f3403c4fb7932ac9bfdac9c5777d23","isMergeCommit":true,"messageTitle":"Merge pull request #3 from fookang/fookang-AboutUs","messageBody":"docs: Update AboutUs to include personal details","fileTypesAndContributionMap":{}},{"hash":"228234978e3e414db4ad298c642a298f66447c3f","isMergeCommit":true,"messageTitle":"Merge branch \u0027master\u0027 into asytrix99-AboutUs","messageBody":"# Conflicts:\n#\tdocs/AboutUs.md\n#\tdocs/team/fookang.md\n","fileTypesAndContributionMap":{}}]}],"fookang":[{"date":"2025-10-01T00:00:00","commitResults":[{"hash":"43db40f028986196802a7a70fa1f97c0d808a858","isMergeCommit":false,"messageTitle":"docs: Update AboutUs to include personal details","messageBody":"","fileTypesAndContributionMap":{"docs":{"insertions":4,"deletions":7}}},{"hash":"93865f2d29d24e11f03014bbc448a4b41470c82d","isMergeCommit":true,"messageTitle":"Merge branch \u0027master\u0027 of https://github.com/AY2526S1-CS2113-W14-2/tp","messageBody":"","fileTypesAndContributionMap":{}},{"hash":"8fd89cda1a30e932ec85fd9c17f0348401701fb4","isMergeCommit":true,"messageTitle":"Merge branch \u0027master\u0027 into fookang-AboutUs","messageBody":"# Conflicts:\n#\tdocs/AboutUs.md\n#\tdocs/team/fookang.md\n#\tdocs/team/johndoe.md\n#\tdocs/team/t-kandasami.md\n","fileTypesAndContributionMap":{}},{"hash":"cf77af4e36f27defdaa0c60c9d4b0a384ffb1439","isMergeCommit":true,"messageTitle":"Merge remote-tracking branch \u0027upstream/master\u0027 into fookang-AboutUs","messageBody":"# Conflicts:\n#\tdocs/AboutUs.md\n","fileTypesAndContributionMap":{}}]},{"date":"2025-10-04T00:00:00","commitResults":[{"hash":"e5d603cba35bfadac137b85afb538697d55e8d95","isMergeCommit":true,"messageTitle":"Merge pull request #6 from Wrooi/Wrooi-AboutUs","messageBody":"Docs: Change AboutUs.md and wrooi.md","fileTypesAndContributionMap":{}}]}],"Wrooi":[{"date":"2025-10-01T00:00:00","commitResults":[{"hash":"20eb54dc34d968f9ac0602c9a8206fcf1b429f39","isMergeCommit":false,"messageTitle":"Chore: Change AboutUs.md and wrooi.md","messageBody":"","fileTypesAndContributionMap":{"docs":{"insertions":1,"deletions":5}}}]},{"date":"2025-10-04T00:00:00","commitResults":[{"hash":"a8d6206891f1a7ae2e06a928e2c35f76206241a6","isMergeCommit":true,"messageTitle":"Merge branch \u0027master\u0027 into Wrooi-AboutUs","messageBody":"# Conflicts:\n#\tdocs/AboutUs.md\n#\tdocs/team/fookang.md\n#\tdocs/team/johndoe.md\n#\tdocs/team/wrooi.md\n","fileTypesAndContributionMap":{}},{"hash":"9623eb81c93d36758c39c6cdce955d6c8a663a2a","isMergeCommit":true,"messageTitle":"Merge pull request #4 from asytrix99/asytrix99-AboutUs","messageBody":"docs: Update docs/AboutUs.md","fileTypesAndContributionMap":{}}]}]},"authorFileTypeContributionMap":{"yikjin":{"docs":0,"functional-code":0,"test-code":0},"t-kandasami":{"docs":2,"functional-code":0,"test-code":0},"asytrix99":{"docs":7,"functional-code":0,"test-code":0},"fookang":{"docs":2,"functional-code":0,"test-code":0},"Wrooi":{"docs":1,"functional-code":0,"test-code":0}},"authorContributionVariance":{"yikjin":5.859375,"t-kandasami":5.859375,"asytrix99":28.359375,"fookang":7.0898438,"Wrooi":2.109375},"authorDisplayNameMap":{"yikjin":"CS2113-W14-2 LIM .. JIN","t-kandasami":"CS2113-W14-2 T. K..SAMI","asytrix99":"CS2113-W14-2 GAN ..HIEN","fookang":"CS2113-W14-2 FOO ..KANG","Wrooi":"CS2113-W14-2 OOI .. REE"}}
