{"authorDailyContributionsMap":{"yikjin":[{"date":"2025-10-01T00:00:00","commitResults":[{"hash":"af5325d314d53a5e2054e0c5a35594d123a408c2","isMergeCommit":false,"messageTitle":"docs(About us): add `yikjin` to `AboutUs.md`","messageBody":"Add Yik Jin (@yikjin) to About Us Markdown document.\n","fileTypesAndContributionMap":{"docs":{"insertions":3,"deletions":7}}},{"hash":"71766fc43697d7e8fc2b9a70c9dc8a0cb0f0f63d","isMergeCommit":true,"messageTitle":"merge: merge pull request #2 from t-kandasami/t-kandasami-AboutUs","messageBody":"docs: Update AboutUs.md","fileTypesAndContributionMap":{}},{"hash":"749f4faa727b54c333e1c399cc0c3f5fa7eb57d7","isMergeCommit":true,"messageTitle":"merge: merge branch \u0027master\u0027 into yikjin-AboutUs","messageBody":"","fileTypesAndContributionMap":{}}]},{"date":"2025-10-13T00:00:00","commitResults":[{"hash":"6e41ac214c26fa293b286eb6f9f92955b90ddf9f","isMergeCommit":false,"messageTitle":"build(gradle): update Gradle to \u00279.1.0\u0027","messageBody":"Update Gradle from \u00277.6.2\u0027 to \u00279.1.0\u0027.\n\nUpdate Gradle libraries and plugins to:\n\n- checkstyle \u003d \u002712.0.1\u0027\n- guava \u003d \u002733.5.0-jre\u0027\n- jetbrains-annotations \u003d \u002726.0.2-1\u0027\n- junit-jupiter \u003d \u00276.0.0\u0027\n- junit-platform-launcher \u003d \u00276.0.0\u0027\n- shadow \u003d \u00279.2.2\u0027\n","fileTypesAndContributionMap":{"other":{"insertions":95,"deletions":24}}},{"hash":"9f7f3d78697f3f5a2b6d183ec20c37f93d989888","isMergeCommit":false,"messageTitle":"refactor: update package name to \u0027arpa.home.nustudy\u0027","messageBody":"Update package name to \u0027arpa.home.nustudy\u0027 from \u0027seedu.nustudy\u0027, because\nthe old package name does not make sense (\u0027seedu\u0027 is from [the SE-EDU\nproject](https://se-education.org)). \u0027arpa.home\u0027 is chosen as the prefix\npackage name, because it is convention to [use our reversed Internet\ndomain name to begin our package\nnames](https://dev.java/learn/packages/#naming), but since we do not\nhave one, we can use the [special-use domain\n\u0027home.arpa\u0027](https://datatracker.ietf.org/doc/html/rfc8375) instead.\n\nRename \u0027NUStudy.java\u0027 to \u0027App.java\u0027 as generated by the Gradle \u0027init\u0027\ntask.\n","fileTypesAndContributionMap":{"functional-code":{"insertions":17,"deletions":18},"other":{"insertions":224,"deletions":227},"test-code":{"insertions":241,"deletions":251}}},{"hash":"4d7dcb3cc950db44e07cb5233167690c9eefa3b4","isMergeCommit":false,"messageTitle":"chore: add \u0027.idea\u0027 project configuration directory","messageBody":"Add \u0027.idea\u0027 folder to work with the same project settings across\ndifferent instances of IntelliJ IDEA. Only project setting files are\nincluded.\n","fileTypesAndContributionMap":{"other":{"insertions":1520,"deletions":0}}},{"hash":"818a96e09ebd9d46ed58a51271dc0019ea097f4a","isMergeCommit":false,"messageTitle":"style: update formatting of various non-\u0027src\u0027 files","messageBody":"Update formatting of various files not in the \u0027src\u0027 folder, to better\nalign with the coding standards (e.g. 4 spaces indentation).\n","fileTypesAndContributionMap":{"other":{"insertions":67,"deletions":66}}}]},{"date":"2025-10-14T00:00:00","commitResults":[{"hash":"48b3a6f566697ca3df3541e0a6a9959008ddfa30","isMergeCommit":false,"messageTitle":"style: fix screw-up when renaming package name","messageBody":"In the commit 9f7f3d78697f3f5a2b6d183ec20c37f93d989888, when refactoring\nthe package name to \u0027arpa.home.nustudy\u0027, the code styles got all messed\nup in the process, causing the pull request checks to fail at the\n\u0027:checkstyleMain\u0027 and \u0027:checkstyleTest\u0027 tasks. This commit styles all\nthe code in \u0027src\u0027 to follow the coding style guidelines, to avoid\nfailing at the above tasks again.\n","fileTypesAndContributionMap":{"functional-code":{"insertions":134,"deletions":102},"test-code":{"insertions":85,"deletions":56}}},{"hash":"53dd4e766a6ab31d90b2f694011597d20d6c0658","isMergeCommit":false,"messageTitle":"chore: remove \u0027misc.xml\u0027 in \u0027.idea\u0027 directory","messageBody":"Remove the \u0027misc.xml\u0027 file in the \u0027.idea\u0027 directory, since not everyone\nis using the same JDK distribution. The \u0027misc.xml\u0027 file seems to track\nper-user editor layout configurations as well.\n\nAdd \u0027.idea/misc.xml\u0027 to \u0027.gitignore\u0027.\n\nRearrange \u0027.gitignore\u0027 to not ignore \u0027gradle/wrapper/gradle-wrapper.jar\u0027\nfile. It was previously incorrectly ignored because in the \u0027.gitignore\u0027\nfile, the Java section came after the Gradle section, and the Java\nsection ignored \u0027*.jar\u0027, overriding the Gradle section.\n","fileTypesAndContributionMap":{"other":{"insertions":0,"deletions":51}}},{"hash":"6d36560b219b38f798201b4832ecfba376911c05","isMergeCommit":true,"messageTitle":"merge: merge branch \u0027master\u0027 into update-build-tooling","messageBody":"","fileTypesAndContributionMap":{}},{"hash":"93e6c62e5842e6f5a7bd3238005e6f3467878b5c","isMergeCommit":false,"messageTitle":"fix: fix NUStudy quit command","messageBody":"The `quit` command did not work originally, because the associated logic\nwas accidentally deleted in 09ff5afb2f6edb329ed1359ea4c26b0fedfd6e67.\nThis commit resolves the issue by restoring the quit logic.\n","fileTypesAndContributionMap":{"functional-code":{"insertions":7,"deletions":3}}},{"hash":"b95380b692d491f9531f4c1db12e4fae173274b7","isMergeCommit":false,"messageTitle":"fix: update output to follow user guide more closely","messageBody":"Update the program output to follow the submitted user guide more\nclosely.\n","fileTypesAndContributionMap":{"functional-code":{"insertions":17,"deletions":11}}},{"hash":"83c1165a46e7effc0f612a8402c2bd86974fcf90","isMergeCommit":false,"messageTitle":"feat: add list course hours per session command","messageBody":"Add feature to allow users to list a specific course\u0027s hours per\nsession, by running `list \u003ccourse\u003e`.\n","fileTypesAndContributionMap":{"functional-code":{"insertions":138,"deletions":2},"test-code":{"insertions":71,"deletions":0}}},{"hash":"6d5b3f3991451ce26cd1002ecb7aec6e6ebb90f6","isMergeCommit":false,"messageTitle":"fix: add session when add session command is run","messageBody":"Update \u0027AddSessionCommand.java\u0027 to actually add the session to\n\u0027SessionManager\u0027 when `add \u003ccourse\u003e \u003chours\u003e` is run.\n","fileTypesAndContributionMap":{"functional-code":{"insertions":1,"deletions":0}}},{"hash":"e84d970d21de39f9fa58384f849511a0557b498e","isMergeCommit":true,"messageTitle":"merge: merge branch \u0027master\u0027 into feat/view-course-session-hours","messageBody":"","fileTypesAndContributionMap":{}},{"hash":"40cffb13a305a0757817623e31549e0851b682c8","isMergeCommit":false,"messageTitle":"fix: update `list` command error text","messageBody":"Update the `list` command error text, referring to itself as `list`\ninstead of `load` due to typo mistake.\n","fileTypesAndContributionMap":{"functional-code":{"insertions":2,"deletions":2}}},{"hash":"0394a0ebfaed53137a2fe764756fc1261e6b3cb3","isMergeCommit":false,"messageTitle":"fix: update command error help to be multi-line","messageBody":"Update the error text caused from invalid arguments to commands to be\nmulti-line to improve clarity.\n","fileTypesAndContributionMap":{"functional-code":{"insertions":6,"deletions":4}}},{"hash":"37947f7bc4ec8d9cf7125b902194fb78076a959a","isMergeCommit":false,"messageTitle":"refactor: mostly whitespace styling fix in codebase","messageBody":"Update code files to adhere to IntelliJ IDEA formatting more so it\ndoesn\u0027t keep changing on save.\n\nUpdate files in \u0027utils\u0027 to be regular classes instead of enums (probably\ndue to IntelliJ IDEA auto changing it on save due to outdated IDEA\nconfiguration from my end).\n","fileTypesAndContributionMap":{"functional-code":{"insertions":22,"deletions":21}}},{"hash":"d24da517d63b3644f28cd2fd4ae927056a015031","isMergeCommit":false,"messageTitle":"docs: add NUStudy user guide for v1.0","messageBody":"Add NUStudy user guide for v1.0.\n","fileTypesAndContributionMap":{"docs":{"insertions":89,"deletions":21}}}]},{"date":"2025-10-15T00:00:00","commitResults":[{"hash":"7bfe36edc4aed82d4af23fa14203201dd415b29d","isMergeCommit":false,"messageTitle":"ops: undo upgrade Gradle back to \u00277.6.2\u0027","messageBody":"Undo upgrade Gradle, setting it back to \u00277.6.2\u0027, due to breaking GitHub\nworkflow Java CI task, caused by using outdated Java CI tasks.\n\nUndo upgrade to project dependencies as well.\n","fileTypesAndContributionMap":{"other":{"insertions":24,"deletions":95}}},{"hash":"399310a4c5627cccf2e0af12e50913d7a9e54f04","isMergeCommit":true,"messageTitle":"Merge pull request #51 from asytrix99/branch-fix-reset-hours","messageBody":"fix: reset logged hours matching UI output","fileTypesAndContributionMap":{}},{"hash":"593d544b135c63b86622bbd530b27d9ac945c9d1","isMergeCommit":true,"messageTitle":"merge: merge branch \u0027master\u0027 into docs/user-guide-v1.0","messageBody":"","fileTypesAndContributionMap":{}}]},{"date":"2025-10-18T00:00:00","commitResults":[{"hash":"0122d86f5b0ab614538acf3e2d4900733f76a80f","isMergeCommit":true,"messageTitle":"Merge pull request #63 from asytrix99/branch-load-data-from-txt-file","messageBody":"Load data from txt file","fileTypesAndContributionMap":{}}]},{"date":"2025-10-28T00:00:00","commitResults":[{"hash":"9e52016207638d9e93be7468765bdc6607ccfdcb","isMergeCommit":false,"messageTitle":"feat: edit course session hours","messageBody":"Add functionality to update the course session hours for a valid course\nsession index with the command `edit \u003ccourse\u003e \u003cindex\u003e \u003cnewHours\u003e`.\n\nAdd JUnit tests, Java logging, and assert statements to the feature as\nwell.\n","fileTypesAndContributionMap":{"functional-code":{"insertions":44,"deletions":2},"test-code":{"insertions":18,"deletions":0}}},{"hash":"1e943e1efcee6b1646735536f209c893b6114fac","isMergeCommit":false,"messageTitle":"refactor: rename `INPUT_SCANNER` to pass checkstyle","messageBody":"Rename the variable `INPUT_SCANNER` in \u0027UserInterface.java\u0027 to\n`inputScanner` to pass the `checkstyleMain` tests, since `inputScanner`\nis a `private static` field and not a `private static final` field.\n","fileTypesAndContributionMap":{"functional-code":{"insertions":6,"deletions":6}}},{"hash":"2407ead6c457b25ad4036a09d725809b9f462780","isMergeCommit":false,"messageTitle":"docs(user-guide): update user guide for v2.0","messageBody":"Update user guide to prepare for v2.0 release.\n\nUpdate NUStudy introduction to expand on it a little more.\n\nUpdate table of contents to fix broken links, and add various sections.\n\nUpdate quick start guide to provide a JRE 17 download link, and expand\non it a little.\n\nUpdate feature descriptions to standardise across the user guide, be\nconsistent with program output, and rephrase minor sections.\n\nUpdate order of feature listing to put filter commands before reset and\ndelete commands.\n\nUpdate command summary to use a tabular presentation style instead of a\nlist style, and include all commands in the command summary.\n\nAdd appendix section on supported date formats, instead of repeating in\neach feature listing above.\n","fileTypesAndContributionMap":{"docs":{"insertions":183,"deletions":151}}}]},{"date":"2025-10-29T00:00:00","commitResults":[{"hash":"a4fb1056e297b51ec5f131df60791f1095f023cf","isMergeCommit":true,"messageTitle":"merge: merge pull request #109 from Wrooi/Bug-Fix-FilterByDate","messageBody":"Fix filter by date not working.","fileTypesAndContributionMap":{}},{"hash":"30c407218c9cabbfe0b105817d71642b014a341f","isMergeCommit":true,"messageTitle":"merge: merge pull request #115 from Wrooi/Update-DG-AppendixRequirements","messageBody":"Update developer guide for appendix requirements.","fileTypesAndContributionMap":{}},{"hash":"6b8833c1119b7272971b08e7cd79c8c9a284264a","isMergeCommit":false,"messageTitle":"docs(user-guide): fix GitHub Pages not rendering note alert","messageBody":"Fix rendering of GitHub Pages not rendering GitHub Flavoured Markdown\n(GFM) alerts, replacing the note alert block with a regular block\ninstead.\n","fileTypesAndContributionMap":{"docs":{"insertions":2,"deletions":1}}},{"hash":"81ab98e43b33965a3d55c1bffed735c21e7a76e0","isMergeCommit":false,"messageTitle":"docs(developer-guide): format developer guide to be more consistent","messageBody":"Format the developer guide to be more consistent in styling, and more\nin-line with the AB3 developer guide.\n\nFix the broken table layout in list course command.\n","fileTypesAndContributionMap":{"docs":{"insertions":190,"deletions":176}}}]},{"date":"2025-10-30T00:00:00","commitResults":[{"hash":"ac83a1a6bb2b65534454da6c73d1edb70a885607","isMergeCommit":true,"messageTitle":"merge: merge pull request #119 from t-kandasami/t-kandasami-UpdatePPP","messageBody":"docs: Add PPP for @t-kandasami","fileTypesAndContributionMap":{}},{"hash":"88e1c0e02a1de00c8b37326207237b6824f3068e","isMergeCommit":false,"messageTitle":"docs(developer-guide): add session component and class diagram","messageBody":"Add session component and class diagram to the developer guide.\n","fileTypesAndContributionMap":{"docs":{"insertions":90,"deletions":0}}},{"hash":"5541b776124879b615c0e75b7694da3cc87e9c05","isMergeCommit":true,"messageTitle":"merge: merge pull request #121 from fookang/Update-Developer-Guide-for-Manual-Testing","messageBody":"Update developer guide for manual testing.\n\nUpdate PPP for @fookang.","fileTypesAndContributionMap":{}},{"hash":"1758a1891ec4e722bc331f73ceaa98851bfbef20","isMergeCommit":false,"messageTitle":"docs(about-us): fix about us page","messageBody":"Update about us page to:\n\n1. Standardise profile picture width to 100px\n2. Order team members alphabetically\n3. Fix broken links to PPPs\n4. Add boilerplate PPP for @yikjin to prevent ugly 404 error\n","fileTypesAndContributionMap":{"docs":{"insertions":16,"deletions":7}}},{"hash":"c15542520c7aa08f51b8f05127892652896f1727","isMergeCommit":false,"messageTitle":"docs: update website initial page","messageBody":"Update the initial page of the website to rename \"Duke\" to \"NUStudy\",\nadd a brief product intro, and do minor styling changes.\n","fileTypesAndContributionMap":{"docs":{"insertions":8,"deletions":6}}},{"hash":"fe0563c38f2ed00d452a8e7151e480b982696e2b","isMergeCommit":false,"messageTitle":"docs: format user and developer guides to be more consistent","messageBody":"Update user guide to bold the top-level links in the table of contents.\n\nUpdate developer guide to:\n\n1.  Include placeholders for items not written out yet, instead of just\n    leaving it blank\n2.  Renumber ordered lists to all `1.` for consistency\n3.  Do minor rewording\n","fileTypesAndContributionMap":{"docs":{"insertions":48,"deletions":35}}},{"hash":"6b3571e4499cf46802ebb8f34f76a1fd28c54203","isMergeCommit":true,"messageTitle":"merge: merge pull request #123 from fookang/Update-Storage-Class-Diagram","messageBody":"Update storage class diagram","tags":["v2.0"],"fileTypesAndContributionMap":{}}]},{"date":"2025-11-01T00:00:00","commitResults":[{"hash":"51678f5cded744914d1341122c6197d605ad83a1","isMergeCommit":true,"messageTitle":"merge: merge pull request #125 from fookang/Bug-fixes","messageBody":"Persist storage per command.\n\nSwitch delimiter to tab.\n\nUpdate class diagram to align with course requirements.","fileTypesAndContributionMap":{}}]}],"t-kandasami":[{"date":"2025-10-01T00:00:00","commitResults":[{"hash":"f77759b97cfe13e1d5e0d7869ca2f1c98edc74e1","isMergeCommit":false,"messageTitle":"docs: Update AboutUs.md","messageBody":"","fileTypesAndContributionMap":{"docs":{"insertions":3,"deletions":7}}},{"hash":"8c1f7367bc800d96f6c3893c942bb5068db5e4f3","isMergeCommit":true,"messageTitle":"Merge pull request #1 from yikjin/yikjin-AboutUs","messageBody":"docs(About us): add `yikjin` to `AboutUs.md`","fileTypesAndContributionMap":{}}]},{"date":"2025-10-09T00:00:00","commitResults":[{"hash":"23af337c4983dc65304c4bb1f61828dbc09e2e92","isMergeCommit":true,"messageTitle":"Merge pull request #27 from fookang/Add-a-new-course","messageBody":"Add a new course","fileTypesAndContributionMap":{}}]},{"date":"2025-10-10T00:00:00","commitResults":[{"hash":"d3e4829a473f7db2fff51234ffbf65ad6336a93b","isMergeCommit":false,"messageTitle":"Feature: Add findCourse method to CourseManager","messageBody":"* Create findCourse method to return Course given the CourseName\n","fileTypesAndContributionMap":{"functional-code":{"insertions":15,"deletions":0}}},{"hash":"c018eec737cd7c6d448e0bda5291db4746b8626c","isMergeCommit":false,"messageTitle":"Feature: Add delete method to CourseManager","messageBody":"","fileTypesAndContributionMap":{"functional-code":{"insertions":10,"deletions":0}}},{"hash":"a33fe974d5262a28442f413e674c963e2a682fe8","isMergeCommit":false,"messageTitle":"UserInterface: Add printCourseDeleted message","messageBody":"","fileTypesAndContributionMap":{"functional-code":{"insertions":4,"deletions":0}}},{"hash":"75c26fe89801de0935ed5eaf5febbf1974c326fb","isMergeCommit":false,"messageTitle":"Feature: Add DeleteCourseCommand","messageBody":"* The NUStudy Application now supports deletion of course using coursename\n* This feature has error handling and is integrated to the application\n","fileTypesAndContributionMap":{"functional-code":{"insertions":34,"deletions":0}}},{"hash":"b211b1a2988794136ceaa5c0a3a6319e21dc8611","isMergeCommit":false,"messageTitle":"Parser: Add the delete case","messageBody":"* The Parser now supports the DeleteCourseCommand\n","fileTypesAndContributionMap":{"functional-code":{"insertions":2,"deletions":0}}},{"hash":"696b4e89cfc6a6d74302b932defd979d902edda8","isMergeCommit":true,"messageTitle":"Merge branch \u0027master\u0027 into t-kandasami-Remove-a-course","messageBody":"# Conflicts:\n#\tsrc/main/java/seedu/nustudy/course/CourseManager.java\n#\tsrc/main/java/seedu/nustudy/ui/UserInterface.java\n#\tsrc/main/java/seedu/nustudy/utils/Parser.java\n","fileTypesAndContributionMap":{}},{"hash":"053248e5a8a258182d866b239756acf0fcadd6c7","isMergeCommit":false,"messageTitle":"CheckStyle: Remove Unused Import","messageBody":"","fileTypesAndContributionMap":{"functional-code":{"insertions":0,"deletions":2}}}]},{"date":"2025-10-12T00:00:00","commitResults":[{"hash":"c8b7126862655b3ed1faeae120cffb2175bb25a1","isMergeCommit":true,"messageTitle":"Merge pull request #36 from asytrix99/branch-safe-reset","messageBody":"Add safe reset workflow","fileTypesAndContributionMap":{}},{"hash":"bfefcca2adfb2dd20342b32ee958c2520c2971be","isMergeCommit":false,"messageTitle":"Feature: Add Session and SessionManager Class","messageBody":"* Created the necessary classes to track study sessions for each course\n","fileTypesAndContributionMap":{"functional-code":{"insertions":75,"deletions":0}}},{"hash":"57b4338e52db037cc9d3480a593ab82d48922286","isMergeCommit":false,"messageTitle":"Refactor: Add SessionManager","messageBody":"","fileTypesAndContributionMap":{"functional-code":{"insertions":11,"deletions":5}}},{"hash":"1436e1cac0e668120915483e9e1a83668561a71a","isMergeCommit":false,"messageTitle":"Docs: AddSessionCommand and DeleteCourseCommand","messageBody":"","fileTypesAndContributionMap":{"functional-code":{"insertions":21,"deletions":3}}},{"hash":"65bc30ca6d9ec8960d6df1656ece98e817447404","isMergeCommit":false,"messageTitle":"Docs: Course and Session","messageBody":"","fileTypesAndContributionMap":{"functional-code":{"insertions":26,"deletions":1}}},{"hash":"33c69de4b05e40db1ed09c8decc74680338d4855","isMergeCommit":false,"messageTitle":"Parser: Add support for AddSessionCommand","messageBody":"","fileTypesAndContributionMap":{"functional-code":{"insertions":45,"deletions":2}}},{"hash":"80623beb3493fd85681bacb34954ee5711f85a49","isMergeCommit":false,"messageTitle":"Test: Add JUnit Tests","messageBody":"","fileTypesAndContributionMap":{"test-code":{"insertions":107,"deletions":0}}},{"hash":"09ff5afb2f6edb329ed1359ea4c26b0fedfd6e67","isMergeCommit":true,"messageTitle":"Merge branch \u0027t-kandasami-Add-StudySession\u0027","messageBody":"# Conflicts:\n#\tsrc/main/java/seedu/nustudy/NUStudy.java\n#\tsrc/main/java/seedu/nustudy/course/Course.java\n","fileTypesAndContributionMap":{}},{"hash":"74028f42481220684352d3479f80f882ccabee47","isMergeCommit":true,"messageTitle":"Merge branch \u0027master\u0027 into t-kandasami-Add-StudySession","messageBody":"","fileTypesAndContributionMap":{}},{"hash":"dd237343a4cba72341277970b32edd1c65fa07ea","isMergeCommit":false,"messageTitle":"Testing: Update JUnit tests to accommodate sessions","messageBody":"","fileTypesAndContributionMap":{"test-code":{"insertions":13,"deletions":6}}}]},{"date":"2025-10-14T00:00:00","commitResults":[{"hash":"7878fea6d185b1093b6c88c8256fdde6ee1a6b52","isMergeCommit":true,"messageTitle":"Merge pull request #40 from yikjin/update-build-tooling","messageBody":"chore: remove \u0027misc.xml\u0027 in \u0027.idea\u0027 directory","fileTypesAndContributionMap":{}},{"hash":"17a97522b5259a3e2ad6dc731b35072870adb6d6","isMergeCommit":true,"messageTitle":"Merge pull request #44 from yikjin/fix-quit-command","messageBody":"fix: fix NUStudy quit command","fileTypesAndContributionMap":{}},{"hash":"cb6f92ab532de75ce63ed67e4584421805201342","isMergeCommit":true,"messageTitle":"Merge pull request #42 from yikjin/follow-user-guide","messageBody":"fix: update output to follow user guide more closely","fileTypesAndContributionMap":{}}]},{"date":"2025-10-16T00:00:00","commitResults":[{"hash":"758e1393485149bdca9ca16f84ac7403435e7819","isMergeCommit":true,"messageTitle":"Merge pull request #55 from asytrix99/v1.0-junit-test","messageBody":"Update reset functionalities with logging, JUnit tests and Java asserts","fileTypesAndContributionMap":{}}]},{"date":"2025-10-17T00:00:00","commitResults":[{"hash":"f254866b3f96673dfb710584959cfeca9f908708","isMergeCommit":false,"messageTitle":"refactor: Update DeleteCourseCommand.java with Assertions and Logging","messageBody":"* enable assertions\n* add necessary assertions for DeleteCourseCommand\n* add log satements of neccessary levels for various stage of execution\n","fileTypesAndContributionMap":{"functional-code":{"insertions":24,"deletions":1},"other":{"insertions":1,"deletions":0}}},{"hash":"88cf446a63d1a0abfc7ac239cecc48e51d42fb8b","isMergeCommit":false,"messageTitle":"test: Update JUnit Tests for DeleteCourseCommandTest.java","messageBody":"* @BeforeEach and setUp() to prevent repeated setup in each test functions\n* @Test execute_nullCourseManager_throwsAssertionError when courseManager is null\n* @Test execute_deleteFails_throwsNUStudyException() when delete fails\n","fileTypesAndContributionMap":{"functional-code":{"insertions":2,"deletions":1},"test-code":{"insertions":52,"deletions":16}}},{"hash":"07f584015c2d123f50c8ed8d90faa6166c18ef35","isMergeCommit":true,"messageTitle":"Merge branch \u0027master\u0027 into t-kandasami-UpdateTestingDeleteCourseCommand","messageBody":"","fileTypesAndContributionMap":{}},{"hash":"1f471c19825ca39cce2b275311a8ab5db4b44adc","isMergeCommit":false,"messageTitle":"refactor: Update AddSessionCommand.java","messageBody":"* add assertions for the various point of execution\n* add logging\n","fileTypesAndContributionMap":{"functional-code":{"insertions":24,"deletions":3}}},{"hash":"2619ad4fdc194be93afc764bb41c82f569e2a063","isMergeCommit":false,"messageTitle":"refactor: Add SessionExists function","messageBody":"* returns true if a session exists\n","fileTypesAndContributionMap":{"functional-code":{"insertions":9,"deletions":0}}},{"hash":"3369b316f1f88da9bbbe2e14a72dc922063d9b5d","isMergeCommit":false,"messageTitle":"test: Update AddSessionCommandTest.java","messageBody":"* update the tests to have less repetition\n","fileTypesAndContributionMap":{"test-code":{"insertions":23,"deletions":19}}},{"hash":"433d3392903f05c136809e82c613333169ff4e57","isMergeCommit":true,"messageTitle":"Merge pull request #62 from Wrooi/Wrooi-ListCommand-Assert-Logging-JUnit","messageBody":"Add Assertions and Logging for ListSessionCommand","fileTypesAndContributionMap":{}}]},{"date":"2025-10-23T00:00:00","commitResults":[{"hash":"62b09286023b357daada2a2a79d8596e767efc0a","isMergeCommit":true,"messageTitle":"Merge branch \u0027master\u0027 into t-kandasami-UpdateDiagramForDeleteSessionCommand","messageBody":"","fileTypesAndContributionMap":{}},{"hash":"59253cc6b5c870ec886327b2a6017aea8fda7b2b","isMergeCommit":false,"messageTitle":"docs: Add ActivityDiagram for DeleteCourseCommand","messageBody":"* Create Activity Diagram for DeleteCourseCommand\n","fileTypesAndContributionMap":{"docs":{"insertions":37,"deletions":0}}},{"hash":"c88ecc0cc8a74def67e50176f7c1f749b2cd7ca5","isMergeCommit":false,"messageTitle":"docs: Add DeleteCourse Component information to DG","messageBody":"","fileTypesAndContributionMap":{"docs":{"insertions":39,"deletions":1}}}]},{"date":"2025-10-24T00:00:00","commitResults":[{"hash":"6f606fa0dd6f6269b6826e8d8805ff8090b790dc","isMergeCommit":true,"messageTitle":"Merge pull request #74 from Wrooi/Update-Developer-Guide-ListCourseCommand","messageBody":"Update developer guide for list course command","fileTypesAndContributionMap":{}}]},{"date":"2025-10-26T00:00:00","commitResults":[{"hash":"871b06b21b533df994ad1a941261af9ca1576411","isMergeCommit":false,"messageTitle":"enhancement: add confirmation message for deleteCourseCommand","messageBody":"","fileTypesAndContributionMap":{"functional-code":{"insertions":45,"deletions":3},"test-code":{"insertions":4,"deletions":42}}},{"hash":"86756744a5e5b66e1eaf0f2ec368c6777f3daf05","isMergeCommit":false,"messageTitle":"feature: Add EditCourseName Command","messageBody":"* Update the `CommandParser`\n* Create new `EditCourseNameCommand`\n* Update the mutability modifier `courseName`\n","fileTypesAndContributionMap":{"functional-code":{"insertions":90,"deletions":2}}},{"hash":"7851392286677e1166ed8fa23afafc82f468bb60","isMergeCommit":false,"messageTitle":"refactor: Add `printCourseNameEdited` for UserInterface.java","messageBody":"","fileTypesAndContributionMap":{"functional-code":{"insertions":11,"deletions":0}}},{"hash":"d27e27a61b5f48affe357bda27acf6a26679ddd4","isMergeCommit":false,"messageTitle":"refactor: Update `DeleteCourseCommand`","messageBody":"* Remove unused variables\n* Rename the Logger class name\n","fileTypesAndContributionMap":{"functional-code":{"insertions":1,"deletions":3},"test-code":{"insertions":0,"deletions":1}}},{"hash":"b90a69cb4664a9be5c9202a56043d5923c875f1b","isMergeCommit":true,"messageTitle":"Merge pull request #85 from asytrix99/branch-delete-session","messageBody":"Add delete session by date or course index","fileTypesAndContributionMap":{}},{"hash":"ceaaaa5cbec0a2f3c96b59708d8c0198730d154e","isMergeCommit":true,"messageTitle":"Merge branch \u0027master\u0027 of github.com:AY2526S1-CS2113-W14-2/tp into t-kandasami-EditCourseName","messageBody":"# Conflicts:\n#\tsrc/main/java/arpa/home/nustudy/utils/CommandParser.java\n","fileTypesAndContributionMap":{}},{"hash":"d0f79da6e6cf4ca3cefa254643de110ef09dce15","isMergeCommit":false,"messageTitle":"docs: Update UserGuide.md for `EditCourseNameCommand`","messageBody":"","fileTypesAndContributionMap":{"docs":{"insertions":14,"deletions":0}}},{"hash":"e338b20ee0c502d9e65adca382e4ec710e6831d4","isMergeCommit":false,"messageTitle":"test: Tests for `EditCourseNameCommand`","messageBody":"* validRename_Successfully\n* oldCourseNotExist_ThrowException\n* newCourseAlreadyExist_ThrowException\n* missingArguments_ThrowException\n* emptyCourseNames_ThrowException\n* sameCoursenames_ThrowException\n* correctUpdate\n","fileTypesAndContributionMap":{"functional-code":{"insertions":8,"deletions":2},"test-code":{"insertions":90,"deletions":0}}},{"hash":"6b0875fb05dd6beca09b71f55219b403b6387bf8","isMergeCommit":false,"messageTitle":"refactor: Update checkstyleTest gradle.build fixes","messageBody":"","fileTypesAndContributionMap":{"test-code":{"insertions":3,"deletions":3}}}]},{"date":"2025-10-27T00:00:00","commitResults":[{"hash":"dcfdf4882467041c532983a32778e236c945cdea","isMergeCommit":true,"messageTitle":"Merge pull request #95 from Wrooi/Update-Developer-Guide-Refactor","messageBody":"Update Developer Guide for List Course Command example","fileTypesAndContributionMap":{}},{"hash":"cfbe3cf663f5eb6448fa05ec83664dfb463d0f2f","isMergeCommit":false,"messageTitle":"docs: Add Course Component into DG","messageBody":"* Generate the Class Diagram\n* Add details into `DeveloperGuide.md`\n","fileTypesAndContributionMap":{"docs":{"insertions":57,"deletions":0}}},{"hash":"d6b584504efcab071d729187a9513787afd650aa","isMergeCommit":false,"messageTitle":"docs: Shift Delete Course Command","messageBody":"","fileTypesAndContributionMap":{"docs":{"insertions":40,"deletions":37}}},{"hash":"be17ee2b450f0d28c81e8854e41271cc41a66f30","isMergeCommit":true,"messageTitle":"Merge pull request #100 from Wrooi/Filter-Courses-By-Name","messageBody":"Filter courses by name","fileTypesAndContributionMap":{}}]},{"date":"2025-10-28T00:00:00","commitResults":[{"hash":"dc510664364be03b1c2bea99963e1a370dd6fa3b","isMergeCommit":true,"messageTitle":"Merge pull request #105 from Wrooi/Filter-Course-By-Date","messageBody":"","fileTypesAndContributionMap":{}}]},{"date":"2025-10-30T00:00:00","commitResults":[{"hash":"c005f7dde96c25099b81adc03cd819bd171e3b06","isMergeCommit":true,"messageTitle":"Merge pull request #118 from asytrix99/DG-fixes","messageBody":"Refactor load sequence diagram for clarity","fileTypesAndContributionMap":{}},{"hash":"2283296470273728148d6a44fdab6b01e7db6c68","isMergeCommit":false,"messageTitle":"docs: Add PPP","messageBody":"","fileTypesAndContributionMap":{"docs":{"insertions":44,"deletions":1}}},{"hash":"598cb05379f2391d3517526106b48150d1942471","isMergeCommit":true,"messageTitle":"Merge pull request #122 from yikjin/docs/refactor-minor-v2.0","messageBody":"docs: minor rewording and reformatting of website","fileTypesAndContributionMap":{}}]},{"date":"2025-10-31T00:00:00","commitResults":[{"hash":"90f0313046ca65a8b3285330e4d74053f49b0c54","isMergeCommit":true,"messageTitle":"Merge pull request #124 from Wrooi/Update-PPP-Draft","messageBody":"","fileTypesAndContributionMap":{}}]},{"date":"2025-11-03T00:00:00","commitResults":[{"hash":"425968b8c80b281597a46fbf2534580e7957019e","isMergeCommit":false,"messageTitle":"fix: Create HourValidator.java","messageBody":"* Change hours to double ranging between 0.5 to 24\n","fileTypesAndContributionMap":{"functional-code":{"insertions":25,"deletions":0},"test-code":{"insertions":55,"deletions":0}}},{"hash":"296fbb97470e21e982a64a7d77372c8359a2288f","isMergeCommit":false,"messageTitle":"fix: Update `AddSessionCommand` to support proper hour range","messageBody":"","fileTypesAndContributionMap":{"functional-code":{"insertions":4,"deletions":3}}},{"hash":"422a8d3e8b8870b75338f8a57c17f3fe983d66b6","isMergeCommit":false,"messageTitle":"fix: Update `EditSessionCommand` to support proper hour range","messageBody":"","fileTypesAndContributionMap":{"functional-code":{"insertions":3,"deletions":2}}},{"hash":"69fba2b0e41a755f0659d4d2063d571a47dbd559","isMergeCommit":false,"messageTitle":"fix: Update `FilterByNameAndDateCommand` to support proper hour range","messageBody":"","fileTypesAndContributionMap":{"functional-code":{"insertions":3,"deletions":3}}},{"hash":"7427ee2f1fad944e4c03b6d5ab66d83af988b626","isMergeCommit":false,"messageTitle":"fix: Update `ListCourseHoursPerSessionCommand` to support double for hour","messageBody":"","fileTypesAndContributionMap":{"functional-code":{"insertions":1,"deletions":1}}},{"hash":"8cb46f8ab057368af187cba91cbae20d692b5492","isMergeCommit":false,"messageTitle":"refactor: Change Int Hour to Double Hour","messageBody":"","fileTypesAndContributionMap":{"functional-code":{"insertions":14,"deletions":14}}},{"hash":"547f102edde267ab4da43085681a87f0e7cf7094","isMergeCommit":false,"messageTitle":"refactor: Change HourValidator to throw NUStudyException","messageBody":"","fileTypesAndContributionMap":{"functional-code":{"insertions":9,"deletions":9}}},{"hash":"99c7620fa8dbba2f9dbc4483ff71bb83ab9e4132","isMergeCommit":false,"messageTitle":"refactor: Update tests to support the new hours range","messageBody":"","fileTypesAndContributionMap":{"test-code":{"insertions":27,"deletions":25}}},{"hash":"c8faaea57b3dec08cacf225b14b219c85717f090","isMergeCommit":false,"messageTitle":"docs: Update the hours part","messageBody":"","fileTypesAndContributionMap":{"docs":{"insertions":13,"deletions":8}}},{"hash":"d3688d10a9355d3517e20d887c4886bdbffcc735","isMergeCommit":true,"messageTitle":"Merge pull request #172 from fookang/Fix-DateParser","messageBody":"Fix date parser for stricter date checks","fileTypesAndContributionMap":{}},{"hash":"0633527516d0d0ef9190d051dac0c322cfb0a4d0","isMergeCommit":true,"messageTitle":"Merge branch \u0027master\u0027 into t-kandasami-BugFix-NegativeHoursAddSession","messageBody":"# Conflicts:\n#\tsrc/main/java/arpa/home/nustudy/command/AddSessionCommand.java\n","fileTypesAndContributionMap":{}},{"hash":"62afebc359ffe4ba0c5254d79026de9fd2aa0ded","isMergeCommit":false,"messageTitle":"fix: Update DeleteCourseCommand","messageBody":"* If a course that need to be deleted it has to also delete all the sessions before deleting the course\n","fileTypesAndContributionMap":{"functional-code":{"insertions":2,"deletions":0}}},{"hash":"121b8ab032925135070b450f5a36e1d8f489ccf8","isMergeCommit":false,"messageTitle":"tests: Use ByteArrayInputStream to mimic user confirmation","messageBody":"* Add `execute_userCancelsDeletion_courseNotDeleted()`\n* Add `void execute_successfulDeletion_courseDeleted()`\n* Add `execute_courseWithSessions_sessionsAlsoDeleted()`\n* Use ByteArrayInputStream Method to mimic the user confirmation\n","fileTypesAndContributionMap":{"test-code":{"insertions":58,"deletions":1}}},{"hash":"0e40243493aedd8a672a3ef3a6a76fbad0270662","isMergeCommit":false,"messageTitle":"feature: Add HelpCommand","messageBody":"","fileTypesAndContributionMap":{"functional-code":{"insertions":65,"deletions":7}}},{"hash":"d9bbf2ee0d483999f7fd906b0ae6ae86c902fe48","isMergeCommit":true,"messageTitle":"Merge branch \u0027master\u0027 into t-kandasami-BugFix-DeletingAllSessionsduringDeleteCourse","messageBody":"","fileTypesAndContributionMap":{}},{"hash":"cea197b96cee1769f839f93e278b419fc36369e0","isMergeCommit":false,"messageTitle":"Fix: Update consistent use of pronoun","messageBody":"","fileTypesAndContributionMap":{"functional-code":{"insertions":2,"deletions":2},"docs":{"insertions":3,"deletions":4}}},{"hash":"8253f3ab2396b820e35de61338b6d806b2cb5282","isMergeCommit":false,"messageTitle":"fix: Update CourseClassDiagram","messageBody":"","fileTypesAndContributionMap":{"docs":{"insertions":4,"deletions":2}}},{"hash":"e25224ffba0ae1403a5f9da4f0cf019717d5344c","isMergeCommit":false,"messageTitle":"fix: Update DeleteCourseCommandActivityDiagram","messageBody":"","fileTypesAndContributionMap":{"docs":{"insertions":20,"deletions":14}}},{"hash":"63e27c959c5ae93c90d225f68761bbb5ce8b8dc8","isMergeCommit":true,"messageTitle":"Merge branch \u0027master\u0027 into t-kandasami-SolveDGBugs","messageBody":"","fileTypesAndContributionMap":{}},{"hash":"a351620dfce7beff63825d827a8240747aa9937b","isMergeCommit":false,"messageTitle":"docs: Add Exception Component to DG","messageBody":"","fileTypesAndContributionMap":{"docs":{"insertions":25,"deletions":0}}},{"hash":"a744263bf085375d90d46e69ce71db97d33edfec","isMergeCommit":false,"messageTitle":"fix: Proper help messages provided for EditCommands","messageBody":"","fileTypesAndContributionMap":{"functional-code":{"insertions":19,"deletions":9}}},{"hash":"5f4d1ebaa219995119e6fdd799cb70139f2e179f","isMergeCommit":false,"messageTitle":"Revert \"fix: Proper help messages provided for EditCommands\"","messageBody":"This reverts commit a744263bf085375d90d46e69ce71db97d33edfec.\n","fileTypesAndContributionMap":{"functional-code":{"insertions":9,"deletions":19}}},{"hash":"4d46e6e1b56cd52008af55a31218b526f1577815","isMergeCommit":false,"messageTitle":"Reapply \"fix: Proper help messages provided for EditCommands\"","messageBody":"This reverts commit 5f4d1ebaa219995119e6fdd799cb70139f2e179f.\n","fileTypesAndContributionMap":{"functional-code":{"insertions":19,"deletions":9}}},{"hash":"9410ea3def4a11eb11754dea3578ae0d5c672d0f","isMergeCommit":true,"messageTitle":"Merge branch \u0027master\u0027 into t-kandasami-bugFixEditCommand","messageBody":"","fileTypesAndContributionMap":{}}]}],"asytrix99":[{"date":"2025-10-01T00:00:00","commitResults":[{"hash":"17042777a6b26ccd8174e95eb64cb170e72f4d48","isMergeCommit":false,"messageTitle":"docs: Update docs/AboutUs.md","messageBody":"","fileTypesAndContributionMap":{"docs":{"insertions":9,"deletions":13}}}]},{"date":"2025-10-04T00:00:00","commitResults":[{"hash":"588e1da5f0f3403c4fb7932ac9bfdac9c5777d23","isMergeCommit":true,"messageTitle":"Merge pull request #3 from fookang/fookang-AboutUs","messageBody":"docs: Update AboutUs to include personal details","fileTypesAndContributionMap":{}},{"hash":"228234978e3e414db4ad298c642a298f66447c3f","isMergeCommit":true,"messageTitle":"Merge branch \u0027master\u0027 into asytrix99-AboutUs","messageBody":"# Conflicts:\n#\tdocs/AboutUs.md\n#\tdocs/team/fookang.md\n","fileTypesAndContributionMap":{}}]},{"date":"2025-10-09T00:00:00","commitResults":[{"hash":"9067a5f03d2fa4f9b477e6c26994b7c05588ff60","isMergeCommit":false,"messageTitle":"Merge branch \u0027master\u0027 of https://github.com/AY2526S1-CS2113-W14-2/tp","messageBody":"","fileTypesAndContributionMap":{"functional-code":{"insertions":245,"deletions":21},"other":{"insertions":2,"deletions":2},"docs":{"insertions":7,"deletions":0},"test-code":{"insertions":15,"deletions":0}}}]},{"date":"2025-10-10T00:00:00","commitResults":[{"hash":"fa5746db5ad52a4c57d9a804f58f1f84ac5fc441","isMergeCommit":false,"messageTitle":"Add findCourse, getter and setter functions","messageBody":"","fileTypesAndContributionMap":{"functional-code":{"insertions":48,"deletions":6}}},{"hash":"e2fafddf076a8559e120a2e96a13e5fedc3cdc3d","isMergeCommit":false,"messageTitle":"Add ConfirmationHandler utility with parsing","messageBody":"","fileTypesAndContributionMap":{"functional-code":{"insertions":44,"deletions":5}}},{"hash":"7cb783bad2ff0e2d1dccaf60f772eeec2ef501c2","isMergeCommit":false,"messageTitle":"Add ResetCourseHoursCommand command with exception","messageBody":"","fileTypesAndContributionMap":{"functional-code":{"insertions":85,"deletions":0}}},{"hash":"16a1c614523e4e099a8c831095b5e7e1d4bc6034","isMergeCommit":false,"messageTitle":"Update JavaDoc and input scanner","messageBody":"","fileTypesAndContributionMap":{"functional-code":{"insertions":13,"deletions":10}}},{"hash":"b4ebaaf86a109fd01f7943b7d9a71ae38cb6895f","isMergeCommit":false,"messageTitle":"Reformat code to follow coding standards","messageBody":"","fileTypesAndContributionMap":{"functional-code":{"insertions":158,"deletions":157},"other":{"insertions":1,"deletions":1}}},{"hash":"fcf2a48703d9e600cab8aa0328c541ec7712cda0","isMergeCommit":false,"messageTitle":"Reformat code to follow coding standards","messageBody":"","fileTypesAndContributionMap":{"functional-code":{"insertions":286,"deletions":287}}},{"hash":"31e8b22a6c561df841252fdc3e937813570d3368","isMergeCommit":true,"messageTitle":"Merge branch \u0027master\u0027 of https://github.com/AY2526S1-CS2113-W14-2/tp","messageBody":"# Conflicts:\n#\tsrc/main/java/seedu/nustudy/course/CourseManager.java\n#\tsrc/main/java/seedu/nustudy/ui/UserInterface.java\n#\tsrc/main/java/seedu/nustudy/utils/Parser.java\n","fileTypesAndContributionMap":{}},{"hash":"ae91eb1f2e4e6bd2c5da27f17098b41714bdc86a","isMergeCommit":true,"messageTitle":"Merge branch \u0027master\u0027 into branch-reset-hours","messageBody":"# Conflicts:\n#\tsrc/main/java/seedu/nustudy/course/CourseManager.java\n#\tsrc/main/java/seedu/nustudy/ui/UserInterface.java\n#\tsrc/main/java/seedu/nustudy/utils/Parser.java\n","fileTypesAndContributionMap":{}},{"hash":"fff82dad2f50ff633219aa9ad1d76309f72cd1e2","isMergeCommit":true,"messageTitle":"Merge pull request #28 from asytrix99/branch-reset-hours","messageBody":"Reset logged hours for courses","fileTypesAndContributionMap":{}}]},{"date":"2025-10-11T00:00:00","commitResults":[{"hash":"29a73961710a8c1803a55d31e094fed1cdd849e0","isMergeCommit":true,"messageTitle":"Merge pull request #32 from fookang/Bug-fix-for-add-course","messageBody":"Bug fixes for add course","fileTypesAndContributionMap":{}}]},{"date":"2025-10-12T00:00:00","commitResults":[{"hash":"d2f462754feae7f13b442ff8f4d2c904742da6f8","isMergeCommit":true,"messageTitle":"Merge pull request #34 from Wrooi/Exit-NUStudy-Program","messageBody":"","fileTypesAndContributionMap":{}},{"hash":"ab44dad2264c43cae081a6218d70fcff4d9cd5b4","isMergeCommit":false,"messageTitle":"Feat: Add safe reset by double confirmation","messageBody":"","fileTypesAndContributionMap":{"functional-code":{"insertions":117,"deletions":22}}},{"hash":"4c8031097dd415f812018ef5a9a48fb2adce42b5","isMergeCommit":false,"messageTitle":"Test: Add JUnit tests with assertions for reset course hours command","messageBody":"","fileTypesAndContributionMap":{"functional-code":{"insertions":1,"deletions":1},"test-code":{"insertions":34,"deletions":0}}},{"hash":"af1122a0c0a8119ee4ede4295f8e19085306248b","isMergeCommit":false,"messageTitle":"Test: Add JUnit tests with assertions for confirmation handler","messageBody":"","fileTypesAndContributionMap":{"test-code":{"insertions":51,"deletions":0}}},{"hash":"f8a6d5a3f6dbeefa932a1e7d78a8b951d6078202","isMergeCommit":true,"messageTitle":"Merge pull request #37 from t-kandasami/t-kandasami-Add-StudySession","messageBody":"","fileTypesAndContributionMap":{}}]},{"date":"2025-10-14T00:00:00","commitResults":[{"hash":"200fe356b686e83b1d5733a54afc2488b16c3beb","isMergeCommit":true,"messageTitle":"Merge pull request #39 from yikjin/update-build-tooling","messageBody":"Update project and build tooling","fileTypesAndContributionMap":{}},{"hash":"c82a5c6d0eb43da63c0cfe1cee05df8935c6b4a3","isMergeCommit":false,"messageTitle":"build: sync IDE settings with Gradle upgrade","messageBody":"","fileTypesAndContributionMap":{"other":{"insertions":10,"deletions":11}}},{"hash":"973583858a9d33201a3e1bf4a8848e811b19c2cf","isMergeCommit":true,"messageTitle":"Merge pull request #45 from yikjin/feat/view-course-session-hours","messageBody":"feat: view course session hours","fileTypesAndContributionMap":{}},{"hash":"89097b53987b48f0441bb4980f07269654fec932","isMergeCommit":true,"messageTitle":"chore: update \u0027.gitignore\u0027","messageBody":"","fileTypesAndContributionMap":{}},{"hash":"b51c25227b6d1dbe67202d2faff1bb7b846b62fa","isMergeCommit":true,"messageTitle":"Merge branch \u0027master\u0027 of https://github.com/AY2526S1-CS2113-W14-2/tp","messageBody":"","fileTypesAndContributionMap":{}},{"hash":"d6e0ba8e950a4b84365931ea3662d034a81b8781","isMergeCommit":true,"messageTitle":"Merge pull request #47 from yikjin/fix/invalid-command-help-text","messageBody":"fix: command error help text","tags":["v1.0-pre"],"fileTypesAndContributionMap":{}}]},{"date":"2025-10-15T00:00:00","commitResults":[{"hash":"c7517ae806890aa3d11d0707012ded6c6355417d","isMergeCommit":false,"messageTitle":"fix: remove unused \u0027loggedHours\u0027 and its methods in \u0027Course\u0027 class","messageBody":"","fileTypesAndContributionMap":{"functional-code":{"insertions":8,"deletions":25}}},{"hash":"6af9d38a0e61d0a85c2eae27cbe06563f9bc9f8a","isMergeCommit":false,"messageTitle":"fix: \u0027SessionManager\u0027 in place of \u0027CourseManager\u0027 used to reset hours","messageBody":"","fileTypesAndContributionMap":{"functional-code":{"insertions":14,"deletions":15}}},{"hash":"7bdb000e49fc33cf9dfd47fd2a5ffbcbd1e0688e","isMergeCommit":false,"messageTitle":"feat: add methods to reset logged hours under \u0027SessionManager\u0027","messageBody":"","fileTypesAndContributionMap":{"functional-code":{"insertions":28,"deletions":0}}},{"hash":"a3bcb9ccddb2c19014ee6837ef98b88bed96d9a4","isMergeCommit":true,"messageTitle":"Merge pull request #48 from yikjin/refactor/brief-for-v1.0","messageBody":"refactor: mostly whitespace styling fix in codebase","fileTypesAndContributionMap":{}},{"hash":"8b2d87928cc192c2ad772392374e4a47d55a1a48","isMergeCommit":true,"messageTitle":"Merge branch \u0027master\u0027 of https://github.com/AY2526S1-CS2113-W14-2/tp","messageBody":"","fileTypesAndContributionMap":{}},{"hash":"fed1c55f094a52635cfedad6a66af822aa2226da","isMergeCommit":true,"messageTitle":"Merge branch \u0027master\u0027 into branch-fix-reset-hours","messageBody":"","fileTypesAndContributionMap":{}},{"hash":"7144535320f7c7ec3f06bb253f9d7bc2b409445b","isMergeCommit":true,"messageTitle":"Merge pull request #52 from yikjin/ops/revert-gradle-upgrade","messageBody":"Revert \"build(gradle): update Gradle to \u00279.1.0\u0027\"","fileTypesAndContributionMap":{}},{"hash":"cebf63f99f64777af778e120d4d774dfd5f301b1","isMergeCommit":true,"messageTitle":"Merge branch \u0027master\u0027 of https://github.com/AY2526S1-CS2113-W14-2/tp","messageBody":"","fileTypesAndContributionMap":{}},{"hash":"47762572802f8d75d14a537c87f85fd6de288e09","isMergeCommit":true,"messageTitle":"Merge branch \u0027master\u0027 into branch-fix-reset-hours","messageBody":"","fileTypesAndContributionMap":{}},{"hash":"fa46bad1ab2fecee2cd2f8b0d626850b6217f609","isMergeCommit":false,"messageTitle":"chore: remove unncessary \u0027kotlinc.xml\u0027 and \u0027.gitignore\u0027 files under \u0027.idea\u0027","messageBody":"","fileTypesAndContributionMap":{"other":{"insertions":0,"deletions":9}}}]},{"date":"2025-10-16T00:00:00","commitResults":[{"hash":"3de6cc70bdc118907361ccfba04a13f52efb528d","isMergeCommit":true,"messageTitle":"Merge pull request #53 from fookang/Save-data-to-txt-file","messageBody":"Save data to txt file","fileTypesAndContributionMap":{}},{"hash":"03822593663081eacfc6e20ba328bb6afe91f5be","isMergeCommit":false,"messageTitle":"refactor: add logging and Java asserts to \u0027ResetCouseHoursCommand\u0027","messageBody":"","fileTypesAndContributionMap":{"functional-code":{"insertions":18,"deletions":4},"other":{"insertions":1,"deletions":0},"test-code":{"insertions":1,"deletions":0}}},{"hash":"b421f5856576016b28b8afa9ec070553e5e58bf0","isMergeCommit":false,"messageTitle":"refactor: add logging to \u0027ConfirmationHandler\u0027","messageBody":"","fileTypesAndContributionMap":{"functional-code":{"insertions":11,"deletions":6}}},{"hash":"948a2b4a14bcc9495fa36ac33f91a1eb06c4a737","isMergeCommit":false,"messageTitle":"test: add JUnit test for \u0027SessionManager\u0027","messageBody":"","fileTypesAndContributionMap":{"functional-code":{"insertions":10,"deletions":1},"test-code":{"insertions":81,"deletions":0}}}]},{"date":"2025-10-17T00:00:00","commitResults":[{"hash":"b02a354c30586fddd04566e245f80fd489728b20","isMergeCommit":true,"messageTitle":"Merge pull request #57 from t-kandasami/t-kandasami-UpdateTestingDeleteCourseCommand","messageBody":"Update Testing DeleteCourseCommand","fileTypesAndContributionMap":{}}]},{"date":"2025-10-18T00:00:00","commitResults":[{"hash":"20bcfdb661ead3b525d12c3940120e00fff376e6","isMergeCommit":false,"messageTitle":"feat: add \u0027fromStorageString\u0027 parser methods to \u0027Course\u0027 and \u0027Session\u0027 classes","messageBody":"","fileTypesAndContributionMap":{"functional-code":{"insertions":58,"deletions":0}}},{"hash":"c766908afab52dbac909a71a6a5cecb1c89cc2a0","isMergeCommit":false,"messageTitle":"feat: add \u0027loadData\u0027 helper and \u0027load\u0027 wrapper methods to \u0027Storage\u0027 class","messageBody":"","fileTypesAndContributionMap":{"functional-code":{"insertions":104,"deletions":10}}},{"hash":"f34167f2a996534770589347d15761b877626c37","isMergeCommit":false,"messageTitle":"refactor: change code styles to match \u0027Gradle 7.6.2\u0027 version for checks","messageBody":"","fileTypesAndContributionMap":{"functional-code":{"insertions":25,"deletions":18}}},{"hash":"d72d3ce3f21a9de2323c8bb3cc20fc1f1c38dc30","isMergeCommit":false,"messageTitle":"test: add JUnit tests for loading functionalities","messageBody":"","fileTypesAndContributionMap":{"test-code":{"insertions":21,"deletions":1}}},{"hash":"d46a79bc9acadb68ece0d8f78b641252ade6da22","isMergeCommit":false,"messageTitle":"refactor: abstract data parsing methods into \u0027DataParser\u0027 class","messageBody":"","fileTypesAndContributionMap":{"functional-code":{"insertions":79,"deletions":79},"other":{"insertions":10,"deletions":7}}},{"hash":"6da4cd40995ce45dc05d8e44025e3cffa4f930bd","isMergeCommit":false,"messageTitle":"refactor: update JUnit tests for \u0027Course\u0027, \u0027Session\u0027 and \u0027Parser\u0027 classes","messageBody":"","fileTypesAndContributionMap":{"test-code":{"insertions":13,"deletions":7}}},{"hash":"b926cb6481436023e75ba7073b8900c7938aaded","isMergeCommit":false,"messageTitle":"chore: fix minor whitespace issues","messageBody":"","fileTypesAndContributionMap":{"functional-code":{"insertions":3,"deletions":3}}}]},{"date":"2025-10-19T00:00:00","commitResults":[{"hash":"6d9275da94ac0bf08eadbb1faa1a8d4cfe643128","isMergeCommit":true,"messageTitle":"Merge pull request #68 from fookang/Add-JUnit-test-for-Storage","messageBody":"Add JUnit Tests for Storage class and add null-check assertions in save()","fileTypesAndContributionMap":{}}]},{"date":"2025-10-20T00:00:00","commitResults":[{"hash":"500c168fa4ac3b5c1c7b35ad792839628ccfc5fd","isMergeCommit":true,"messageTitle":"Merge pull request #69 from fookang/fix-app-terminates-on-enter","messageBody":"fix: pressing enter exits the app","fileTypesAndContributionMap":{}},{"hash":"cb2e7cb0f319d1ac8510bceae8421f94a5ed9f3c","isMergeCommit":true,"messageTitle":"Merge pull request #65 from fookang/Update-developer-guide-for-Storage-component","messageBody":"Update developer guide for storage component","fileTypesAndContributionMap":{}}]},{"date":"2025-10-21T00:00:00","commitResults":[{"hash":"367af5bdac320837c162b0fc180d141e8617fafe","isMergeCommit":false,"messageTitle":"docs: add Reset Component activity diagram","messageBody":"","fileTypesAndContributionMap":{"docs":{"insertions":53,"deletions":0}}},{"hash":"7e1538350d473109aba2f9b52d0daa23391ce467","isMergeCommit":false,"messageTitle":"docs: add Storage Component load sequence diagram","messageBody":"","fileTypesAndContributionMap":{"docs":{"insertions":105,"deletions":2}}},{"hash":"42e229f5469977abaa7e35c287451add408a939e","isMergeCommit":false,"messageTitle":"docs: add Storage load and Reset Components documentation to DG","messageBody":"","fileTypesAndContributionMap":{"docs":{"insertions":57,"deletions":0}}},{"hash":"79f304be74b8d8d28248c53540f82f83a78bc047","isMergeCommit":false,"messageTitle":"fix: add missing details to Storage Component load sequence diagram","messageBody":"","fileTypesAndContributionMap":{"docs":{"insertions":50,"deletions":21}}}]},{"date":"2025-10-25T00:00:00","commitResults":[{"hash":"acfbc805a19c7efe490cdc4575534fce5e04a0a9","isMergeCommit":true,"messageTitle":"Merge pull request #76 from fookang/Store-Date-for-Study-Session","messageBody":"","fileTypesAndContributionMap":{}}]},{"date":"2025-10-26T00:00:00","commitResults":[{"hash":"6ec721abcdea7edf81a2efd9fc5e38301ad26257","isMergeCommit":true,"messageTitle":"Merge pull request #78 from fookang/Edit-Session-Date","messageBody":"Add session date edit functionality","fileTypesAndContributionMap":{}},{"hash":"71a35e53d1131456df3353a86717880e2fb6203b","isMergeCommit":true,"messageTitle":"Merge pull request #80 from fookang/Fix-future-date-test","messageBody":"Fix future-date test by using relative date","fileTypesAndContributionMap":{}},{"hash":"caefe26aa940554f29c058e018dd0b5a174a3ce2","isMergeCommit":true,"messageTitle":"Merge pull request #82 from t-kandasami/t-kandasami-ConfirmationMessageDeleteCourse","messageBody":"enhancement: add confirmation message for deleteCourseCommand","fileTypesAndContributionMap":{}},{"hash":"bf93720c65f157cdfab64133dec9714ac9a4526f","isMergeCommit":false,"messageTitle":"feat: add DeleteSessionByDateCommand to delete sessions by specified date","messageBody":"","fileTypesAndContributionMap":{"functional-code":{"insertions":41,"deletions":0}}},{"hash":"13892ad12794cc9e577447dd4e9f019db931e348","isMergeCommit":false,"messageTitle":"feat: add removeSessions and removeAllSessionsByDate helper methods","messageBody":"","fileTypesAndContributionMap":{"functional-code":{"insertions":66,"deletions":1}}},{"hash":"1a8b646b0abe56ee72083f1b8da7af53fe32c277","isMergeCommit":false,"messageTitle":"feat: add DeleteSessionCommand to delete course session of specified index","messageBody":"","fileTypesAndContributionMap":{"functional-code":{"insertions":83,"deletions":3}}},{"hash":"846050fedd849f07c8129196891f69c65e1d1709","isMergeCommit":false,"messageTitle":"test: add JUnit tests for ResetCouseHoursCommand class","messageBody":"","fileTypesAndContributionMap":{"functional-code":{"insertions":19,"deletions":3},"test-code":{"insertions":172,"deletions":11}}},{"hash":"3dbf9a2a085563fc2e933f49d03f15b0359da29e","isMergeCommit":true,"messageTitle":"Merge branch \u0027master\u0027 into branch-delete-session","messageBody":"","fileTypesAndContributionMap":{}},{"hash":"cbb6112bbe25a4ebe679f4bbab1a50568ebc5b45","isMergeCommit":false,"messageTitle":"fix: over the limit of underscores in JUnit test methods","messageBody":"","fileTypesAndContributionMap":{"test-code":{"insertions":7,"deletions":7}}},{"hash":"caaa040e56c33060b55898f31d3879b23136fb8a","isMergeCommit":true,"messageTitle":"Merge pull request #86 from t-kandasami/t-kandasami-EditCourseName","messageBody":"","fileTypesAndContributionMap":{}},{"hash":"af2d79d030a4451e7b8dd6fa0d224f0aa88556e1","isMergeCommit":false,"messageTitle":"fix: Load data sequence diagram and reset course hours UI","messageBody":"","fileTypesAndContributionMap":{"functional-code":{"insertions":8,"deletions":2},"docs":{"insertions":2,"deletions":3}}},{"hash":"e35024050bbe1cc8897933599bb938afba169412","isMergeCommit":false,"messageTitle":"refactor: Rename to \u0027DeleteSessionByIndexCommand\u0027 class for readability","messageBody":"","fileTypesAndContributionMap":{"functional-code":{"insertions":2,"deletions":2},"other":{"insertions":3,"deletions":3}}},{"hash":"e94f763b2e5250c8f2191977e8cf2701aa3a5fd9","isMergeCommit":false,"messageTitle":"tests: Add JUnit tests for delete session and storage classes","messageBody":"","fileTypesAndContributionMap":{"test-code":{"insertions":281,"deletions":0}}},{"hash":"8fee6f90b21f1823b5e5c4d23f6f979aa337cd7b","isMergeCommit":false,"messageTitle":"docs: Add documentation for PPP","messageBody":"","fileTypesAndContributionMap":{"docs":{"insertions":135,"deletions":6}}},{"hash":"413fa5d753029280f698f934dca317f951dc7e9e","isMergeCommit":false,"messageTitle":"fix: visually separate logging and system printing for JUnit tests","messageBody":"","fileTypesAndContributionMap":{"functional-code":{"insertions":9,"deletions":1}}},{"hash":"47e9ff56c4677b54f1e139406739583e89f6995c","isMergeCommit":false,"messageTitle":"fix: Extra line in between logger and system printing","messageBody":"","fileTypesAndContributionMap":{"functional-code":{"insertions":9,"deletions":17}}},{"hash":"4be365ce786fd13915dddf56adf955f3ccf7e914","isMergeCommit":false,"messageTitle":"fix: Remove new line when for UI printing","messageBody":"","fileTypesAndContributionMap":{"functional-code":{"insertions":9,"deletions":9}}},{"hash":"05e71360763134bee80e0d57843cc9c92e341b0e","isMergeCommit":false,"messageTitle":"fix: Change \u0027print\u0027 to \u0027println\u0027 for course delete confirmation","messageBody":"","fileTypesAndContributionMap":{"functional-code":{"insertions":2,"deletions":2}}},{"hash":"62f05f51cb7138b7ea58609baf6ecdea0f79798e","isMergeCommit":false,"messageTitle":"fix: Update \u0027EXPECTED.txt\u0027 to match \u0027ACTUAL.txt\u0027","messageBody":"","fileTypesAndContributionMap":{"functional-code":{"insertions":1,"deletions":1}}},{"hash":"4354c175646cac6b66dfc6908a32fb4c6c5fb2b7","isMergeCommit":false,"messageTitle":"fix: Remove extra delete course confirmation UI","messageBody":"","fileTypesAndContributionMap":{"functional-code":{"insertions":0,"deletions":1}}},{"hash":"d33fcd55188238b806034b70676e73caf7393fcf","isMergeCommit":false,"messageTitle":"fix: Add \u0027?\u0027 for delete course confirmation to match JUnit tests","messageBody":"","fileTypesAndContributionMap":{"functional-code":{"insertions":1,"deletions":1}}}]},{"date":"2025-10-27T00:00:00","commitResults":[{"hash":"82c443cd74c3f24ca0b954881eece8635827a2c7","isMergeCommit":false,"messageTitle":"fix: Location of \u0027?\u0027 for confirmation handler","messageBody":"","fileTypesAndContributionMap":{"functional-code":{"insertions":3,"deletions":3}}},{"hash":"c56ccbb82f63735ac2b1d76955317c392aed3310","isMergeCommit":true,"messageTitle":"Merge pull request #93 from fookang/Update-developer-guide-for-Command-Component","messageBody":"Update developer guide for command component and fix UML diagram","fileTypesAndContributionMap":{}}]},{"date":"2025-10-30T00:00:00","commitResults":[{"hash":"e79c2b0c152c7ade3936bf7a0df6f445e07db97b","isMergeCommit":false,"messageTitle":"refactor: Abstract load storage sequence diagram with \u0027ref\u0027 frame","messageBody":"","fileTypesAndContributionMap":{"docs":{"insertions":83,"deletions":69}}},{"hash":"bba85c21c91b3000846ef34eefea87c5bbbc453e","isMergeCommit":false,"messageTitle":"refactor: Update DG on storage component (loading)","messageBody":"","fileTypesAndContributionMap":{"docs":{"insertions":32,"deletions":13}}},{"hash":"669e3d5f6a6b95325f520578e5aa655913116df9","isMergeCommit":true,"messageTitle":"Merge branch \u0027master\u0027 into DG-fixes","messageBody":"# Conflicts:\n#\tdocs/DeveloperGuide.md\n","fileTypesAndContributionMap":{}},{"hash":"1383bcfaa88b854fece545297fb6c8c2fdaa2afe","isMergeCommit":false,"messageTitle":"refactor: Update reset activity diagram according to course requirements","messageBody":"","fileTypesAndContributionMap":{"docs":{"insertions":10,"deletions":10}}}]},{"date":"2025-11-03T00:00:00","commitResults":[{"hash":"b92cda7b721532276efc98f727661635db5e0558","isMergeCommit":true,"messageTitle":"Merge pull request #175 from t-kandasami/t-kandasami-HelpCommand","messageBody":"Add HelpCommand","fileTypesAndContributionMap":{}},{"hash":"ab2daf47eb09f67bd505427799ae1596b22e3647","isMergeCommit":true,"messageTitle":"Merge pull request #174 from t-kandasami/t-kandasami-BugFix-DeletingAllSessionsduringDeleteCourse","messageBody":"Fixed bug deleting all relevant sessions during delete course","fileTypesAndContributionMap":{}},{"hash":"cc1f1b888952db485369dcade4cc6a25459929f1","isMergeCommit":true,"messageTitle":"Merge pull request #176 from t-kandasami/t-kandasami-SolveDGBugs","messageBody":"Solve DG bugs","fileTypesAndContributionMap":{}},{"hash":"b069b58860639358d968269bf84084d8073b0eed","isMergeCommit":true,"messageTitle":"Merge pull request #177 from t-kandasami/t-kandasami-bugFixEditCommand","messageBody":"Refactor messages for edit command ","fileTypesAndContributionMap":{}},{"hash":"b69107857685b94910ff3f84cdd1e3be7bcd2abf","isMergeCommit":true,"messageTitle":"Merge pull request #179 from fookang/Update-PPP","messageBody":"Update fookang.md PPP","fileTypesAndContributionMap":{}}]}],"fookang":[{"date":"2025-10-01T00:00:00","commitResults":[{"hash":"43db40f028986196802a7a70fa1f97c0d808a858","isMergeCommit":false,"messageTitle":"docs: Update AboutUs to include personal details","messageBody":"","fileTypesAndContributionMap":{"docs":{"insertions":4,"deletions":7}}},{"hash":"93865f2d29d24e11f03014bbc448a4b41470c82d","isMergeCommit":true,"messageTitle":"Merge branch \u0027master\u0027 of https://github.com/AY2526S1-CS2113-W14-2/tp","messageBody":"","fileTypesAndContributionMap":{}},{"hash":"8fd89cda1a30e932ec85fd9c17f0348401701fb4","isMergeCommit":true,"messageTitle":"Merge branch \u0027master\u0027 into fookang-AboutUs","messageBody":"# Conflicts:\n#\tdocs/AboutUs.md\n#\tdocs/team/fookang.md\n#\tdocs/team/johndoe.md\n#\tdocs/team/t-kandasami.md\n","fileTypesAndContributionMap":{}},{"hash":"cf77af4e36f27defdaa0c60c9d4b0a384ffb1439","isMergeCommit":true,"messageTitle":"Merge remote-tracking branch \u0027upstream/master\u0027 into fookang-AboutUs","messageBody":"# Conflicts:\n#\tdocs/AboutUs.md\n","fileTypesAndContributionMap":{}},{"hash":"6676ae4e64de64b460436303ed18f751ff2f5404","isMergeCommit":true,"messageTitle":"Merge branch \u0027master\u0027 of https://github.com/AY2526S1-CS2113-W14-2/tp","messageBody":"","fileTypesAndContributionMap":{}}]},{"date":"2025-10-04T00:00:00","commitResults":[{"hash":"e5d603cba35bfadac137b85afb538697d55e8d95","isMergeCommit":true,"messageTitle":"Merge pull request #6 from Wrooi/Wrooi-AboutUs","messageBody":"Docs: Change AboutUs.md and wrooi.md","fileTypesAndContributionMap":{}},{"hash":"f6ce07853e10740155e347a2206bad7f27a97122","isMergeCommit":true,"messageTitle":"Merge branch \u0027master\u0027 of https://github.com/AY2526S1-CS2113-W14-2/tp","messageBody":"","fileTypesAndContributionMap":{}}]},{"date":"2025-10-09T00:00:00","commitResults":[{"hash":"f47414f469f19ee73518ed8172071144c8a6d365","isMergeCommit":false,"messageTitle":"Add Course and CourseManager classes","messageBody":"- Add Course class to represent a course\n- Add CourseManager for storing and adding courses\n","fileTypesAndContributionMap":{"functional-code":{"insertions":50,"deletions":0}}},{"hash":"47ea5b73ce4a79915d2c03a5ad574ab965bd9e82","isMergeCommit":false,"messageTitle":"Add NUStudyException and NUStudyCommandException","messageBody":"- Base NUStudyException for error handling\n- NUStudyCommandException for command-level validation failures\n","fileTypesAndContributionMap":{"functional-code":{"insertions":20,"deletions":0}}},{"hash":"6ca6c78bd59239c58684e4eb60d1868606bd7da0","isMergeCommit":false,"messageTitle":"Add Command interface and AddCourseCommand","messageBody":"- Define Command interface\n- Implement AddCourseCommand to add a course and print confirmation\n","fileTypesAndContributionMap":{"functional-code":{"insertions":70,"deletions":0}}},{"hash":"5f6db23e234a87bc3ace26c102cd5e343db5b663","isMergeCommit":false,"messageTitle":"Add console UI","messageBody":"- printLineBreak() for visual separator\n- readCommand() to read trimmed user input\n- printCourseAdded() to confirm added course\n","fileTypesAndContributionMap":{"functional-code":{"insertions":35,"deletions":0}}},{"hash":"bf2e6ce46df3322ad2690ddb8c64cee2bbf90a02","isMergeCommit":false,"messageTitle":"Add parser to parse user input and return a Command","messageBody":"- Split input into command and arguments\n- Map \u0027add\u0027 to AddCourseCommand\n- Throw NUStudyCommandException for unknow commands\n","fileTypesAndContributionMap":{"functional-code":{"insertions":26,"deletions":0}}},{"hash":"5fb5f2cce9eaeecfd6b02d99a54b8e8d15b9c369","isMergeCommit":false,"messageTitle":"Rename Duke to NUStudy and add NUStudy entry point","messageBody":"- Rename Duke to NUStudy\n- Wire UserInterface, Parser, and CourseManager\n- Print greeting, read commands, execute and handle exceptions\n","fileTypesAndContributionMap":{"functional-code":{"insertions":37,"deletions":21},"other":{"insertions":1,"deletions":1}}},{"hash":"371453b6fb6a661be114019ef43c3b29690236c8","isMergeCommit":false,"messageTitle":"Add ParserTest","messageBody":"- Add test to verify unknown command input triggers NUStudyCommandException\n","fileTypesAndContributionMap":{"test-code":{"insertions":15,"deletions":0}}},{"hash":"443dcf89ce9dcf2aa59274f01df0d47e068b85bb","isMergeCommit":false,"messageTitle":"Configure Gradle to launch seedu.nustudy.NUStudy","messageBody":"","fileTypesAndContributionMap":{"other":{"insertions":1,"deletions":1}}},{"hash":"f636715f14d607a0678ce2aae1d2ec2fd1b25e66","isMergeCommit":false,"messageTitle":"Handle EOF in readCommand and main loop","messageBody":"- return null when no input is available\n","fileTypesAndContributionMap":{"functional-code":{"insertions":8,"deletions":1}}}]},{"date":"2025-10-10T00:00:00","commitResults":[{"hash":"071cfcca9679792ebcac67d670adac7c0ac7e6c8","isMergeCommit":true,"messageTitle":"Merge branch \u0027master\u0027 of https://github.com/AY2526S1-CS2113-W14-2/tp","messageBody":"","fileTypesAndContributionMap":{}}]},{"date":"2025-10-11T00:00:00","commitResults":[{"hash":"c3da69fb096ce0f765b787f2a74fad575968dc89","isMergeCommit":true,"messageTitle":"Merge branch \u0027master\u0027 of https://github.com/AY2526S1-CS2113-W14-2/tp","messageBody":"","fileTypesAndContributionMap":{}},{"hash":"24ddf9d7c6017b7a285ab306603e13f3ff18cd44","isMergeCommit":false,"messageTitle":"Bug: Exact-match deletion with case-insensitive comparison","messageBody":"- Add a getCoruseName() helper\n- Compare user input to the deletable course list\n- Prevent partial-match deletion\n","fileTypesAndContributionMap":{"functional-code":{"insertions":9,"deletions":2}}},{"hash":"634bc4f435ec85df59f38074354c2b8a9faa432a","isMergeCommit":false,"messageTitle":"Docs: Update findCourse() Javadoc (case-insensitive match)","messageBody":"","fileTypesAndContributionMap":{"functional-code":{"insertions":5,"deletions":4}}},{"hash":"4b09adba00e38e47064a2d407e8f74e9da94c237","isMergeCommit":false,"messageTitle":"Fix: Prevent adding duplicate courses","messageBody":"","fileTypesAndContributionMap":{"functional-code":{"insertions":15,"deletions":2}}}]},{"date":"2025-10-15T00:00:00","commitResults":[{"hash":"aef446a693d8198ac30be0838f1cd58553f6e49a","isMergeCommit":true,"messageTitle":"Merge pull request #49 from yikjin/docs/user-guide-v1.0","messageBody":"docs: add NUStudy user guide for v1.0","tags":["v1.0"],"fileTypesAndContributionMap":{}}]},{"date":"2025-10-16T00:00:00","commitResults":[{"hash":"1ec92cd07e18f05b497e5c7b7c977f7bb317ba10","isMergeCommit":false,"messageTitle":"feat: Implement Iterable for CourseManager and SessionManager","messageBody":"Enable for-each loops over courses and sessions\n","fileTypesAndContributionMap":{"functional-code":{"insertions":25,"deletions":3}}},{"hash":"eb3362cb1cc50416f47fe3e7de9292e981e985df","isMergeCommit":false,"messageTitle":"feat: Add toStorageString() to Course and Session","messageBody":"- Provide a standard, single-line string representation of Course and Session\n","fileTypesAndContributionMap":{"functional-code":{"insertions":20,"deletions":0}}},{"hash":"5a7c7588c356442f8115b6ee421da493698e1a4f","isMergeCommit":false,"messageTitle":"feat: Add Storage class for persisting courses and sessions","messageBody":"- Writes Course and Session via toStorageString()\n- Creates parent directories if missing\n- Add logging for progress and error\n- Assert that when a parent exists, it is an existing directory\n","fileTypesAndContributionMap":{"functional-code":{"insertions":87,"deletions":0}}},{"hash":"7fbd8129a2b415ad582f43b0d5eecd2351fd0572","isMergeCommit":false,"messageTitle":"feat: Add Storage using ./data/NUStudy.txt","messageBody":"- Define FILEPATH constant\n- Initialise Storage for saving data\n- Save courses and sessions when exiting the app\n","fileTypesAndContributionMap":{"functional-code":{"insertions":5,"deletions":0}}},{"hash":"1e91c01c511740d34071b65f4f1efe0eb615b65b","isMergeCommit":false,"messageTitle":"test: Add JUnit tests for toStorageString() in Course and Session","messageBody":"","fileTypesAndContributionMap":{"test-code":{"insertions":28,"deletions":0}}},{"hash":"0dea8c7849e43fd6988a92ae832cdad7c39d0f5c","isMergeCommit":false,"messageTitle":"refactor: Use logging in catch block","messageBody":"- Replace System.err with logger at SEVERE level\n","fileTypesAndContributionMap":{"functional-code":{"insertions":1,"deletions":1}}}]},{"date":"2025-10-19T00:00:00","commitResults":[{"hash":"70f75e4927f3bb03873bd505af0cc1cf16dbb8b6","isMergeCommit":false,"messageTitle":"docs: add Storage Component documentation","messageBody":"- Add implementaion details\n- Add related key classes descriptions\n- Document file format and conventions\n- Add Storage Class Diagram and Storage Save Sequence Diagram\n","fileTypesAndContributionMap":{"docs":{"insertions":71,"deletions":6}}},{"hash":"674c2f0c6746d714598c69ef569442ffa79ffb4a","isMergeCommit":false,"messageTitle":"docs: add Storage component class diagram","messageBody":"","fileTypesAndContributionMap":{"docs":{"insertions":58,"deletions":0}}},{"hash":"c83598be64f934c449fd2cf2ecedd3e97bce0e56","isMergeCommit":false,"messageTitle":"docs: add Storage save sequence diagram","messageBody":"","fileTypesAndContributionMap":{"docs":{"insertions":88,"deletions":0}}},{"hash":"9e709479481887788834bafd1e4e6780e1a92bbb","isMergeCommit":true,"messageTitle":"Merge branch \u0027master\u0027 into Update-developer-guide-for-Storage-component","messageBody":"","fileTypesAndContributionMap":{}},{"hash":"1640f1c286b15a71d56ffcec0692dbbf34130a85","isMergeCommit":false,"messageTitle":"docs: change alt frame to opt frame","messageBody":"","fileTypesAndContributionMap":{"docs":{"insertions":3,"deletions":3}}},{"hash":"b1f8cbfa018e1af7cd3258d3f6b20736d0ca12fb","isMergeCommit":false,"messageTitle":"test: add JUnit Tests for Storage class","messageBody":"- save_coursesAndSessions_success: verifies written line format and order\n- save_emptyCourseAndSession_createsEmptyFile: creates empty .txt file\n- save_fileAlreadyExists_overwritesFile: overwrites existing file and update with latest data\n","fileTypesAndContributionMap":{"test-code":{"insertions":98,"deletions":0}}},{"hash":"c00b426dc26380f32666336eb5cd518df432bdb8","isMergeCommit":false,"messageTitle":"refactor: assert non-null CourseManager and SessionManager in save()","messageBody":"","fileTypesAndContributionMap":{"functional-code":{"insertions":3,"deletions":0}}},{"hash":"c0c5e53c21faf58071727fcab08b865b4b478821","isMergeCommit":false,"messageTitle":"fix: pressing enter exits the app","messageBody":"UserInterface.readInput(): return null only at EOF.\nPrevents loop from breaking on blank input.\n","fileTypesAndContributionMap":{"functional-code":{"insertions":3,"deletions":9}}},{"hash":"c48570d8e10c7b154af1b0bfd9234952cdc037a0","isMergeCommit":false,"messageTitle":"docs: fix Storage Save Sequence Diagram to match the save() function","messageBody":"","fileTypesAndContributionMap":{"docs":{"insertions":16,"deletions":14}}}]},{"date":"2025-10-20T00:00:00","commitResults":[{"hash":"60fba945a595a4c2acbcac3e34987c0468db855f","isMergeCommit":true,"messageTitle":"Merge branch \u0027master\u0027 into Update-developer-guide-for-Storage-component","messageBody":"","fileTypesAndContributionMap":{}}]},{"date":"2025-10-22T00:00:00","commitResults":[{"hash":"694236e2e0045ea05bd40157d881b6bb21d767b5","isMergeCommit":true,"messageTitle":"Merge pull request #71 from asytrix99/branch-DG-v1.0","messageBody":"Update developer guide for storage load and reset components","fileTypesAndContributionMap":{}}]},{"date":"2025-10-25T00:00:00","commitResults":[{"hash":"dbed178b2cc128dffc1963a83d96ac258d0aabb0","isMergeCommit":false,"messageTitle":"feat: add DateParser for parsing and formatting dates","messageBody":"- Implement parseDate(String) supporting: yyyy-MM-dd, d/M/yyyy, d-M-yyyy\n- Adds formatDate(LocalDate) to return human-readable dd-MMM-yyyy strings\n","fileTypesAndContributionMap":{"functional-code":{"insertions":48,"deletions":0}}},{"hash":"fc60d3d4e078f2f3d53a8b0d876da58ffc817972","isMergeCommit":false,"messageTitle":"feat: add custom exception for wrong date format","messageBody":"","fileTypesAndContributionMap":{"functional-code":{"insertions":13,"deletions":0}}},{"hash":"14ea3f689582768ccb07108b8714ef0b4c94bb3d","isMergeCommit":false,"messageTitle":"feat: add getDate() and getDateString()","messageBody":"","fileTypesAndContributionMap":{"functional-code":{"insertions":30,"deletions":5}}},{"hash":"f64bcc7a9c15d93be60319758c82162ad33f38a7","isMergeCommit":false,"messageTitle":"feat: add getAllDateStringsForCourse(Course)","messageBody":"","fileTypesAndContributionMap":{"functional-code":{"insertions":17,"deletions":2}}},{"hash":"b0277f5c7608db266f0293b6036121613f189cb8","isMergeCommit":false,"messageTitle":"feat: add LocalDate date parameter to sessions.add()","messageBody":"","fileTypesAndContributionMap":{"functional-code":{"insertions":1,"deletions":1}}},{"hash":"43d170ab287f93147eae8de907014c0d6c2ede8e","isMergeCommit":false,"messageTitle":"feat: update add command to accept date input","messageBody":"","fileTypesAndContributionMap":{"functional-code":{"insertions":21,"deletions":3}}},{"hash":"b567a14ee594bdf7d64a2c15f7a0fe2294d94e8a","isMergeCommit":false,"messageTitle":"feat: parse date from storage records","messageBody":"","fileTypesAndContributionMap":{"functional-code":{"insertions":27,"deletions":3}}},{"hash":"a77cab6e97f07d3e611ba61a009977f3bfe9591d","isMergeCommit":false,"messageTitle":"feat: display session date in output","messageBody":"","fileTypesAndContributionMap":{"functional-code":{"insertions":8,"deletions":4}}},{"hash":"7e1a8c02976e82c0af6417b842b33a90482705c1","isMergeCommit":false,"messageTitle":"test: update unit tests to pass date parameter","messageBody":"","fileTypesAndContributionMap":{"test-code":{"insertions":52,"deletions":38}}},{"hash":"29b4242033b9e3bb7f10134d5a283fff88652cb0","isMergeCommit":false,"messageTitle":"docs: add Javadoc documentation","messageBody":"","fileTypesAndContributionMap":{"functional-code":{"insertions":15,"deletions":2}}},{"hash":"48d6b2bb17d3d17ba8000473a1c488533e328678","isMergeCommit":false,"messageTitle":"test: add test cases for DateParser utility class","messageBody":"","fileTypesAndContributionMap":{"test-code":{"insertions":77,"deletions":0}}},{"hash":"2ff8abaa4cad5d3c9573e7268a8258b2db3c65d4","isMergeCommit":false,"messageTitle":"feat: add future date validation for study sessions","messageBody":"","fileTypesAndContributionMap":{"functional-code":{"insertions":15,"deletions":5}}},{"hash":"4b1a1818d8e2e295d15ef9713ba03e8a9a0fcfd9","isMergeCommit":false,"messageTitle":"refactor: remove unused import","messageBody":"","fileTypesAndContributionMap":{"functional-code":{"insertions":0,"deletions":1}}},{"hash":"5c3aa51193555c0ddebb338420f5af4a6b46377d","isMergeCommit":false,"messageTitle":"feat: add EditSessionCommand to update session date","messageBody":"","fileTypesAndContributionMap":{"functional-code":{"insertions":87,"deletions":0}}},{"hash":"8d58efaa82e18e81d5891dc4a722e6c4ee442b9f","isMergeCommit":false,"messageTitle":"feat: add NUStudyNoSuchSessionException for missing sessions","messageBody":"","fileTypesAndContributionMap":{"functional-code":{"insertions":7,"deletions":0}}},{"hash":"5298eb82120c0849424c2d2a91aac8504fadded6","isMergeCommit":false,"messageTitle":"feat: add parseEditCommand to handle edit command parsing","messageBody":"- Validate arguments\n- Return EditSessionCommand when input is valid\n- Throw NUStudyCommandException on invalid input\n","fileTypesAndContributionMap":{"functional-code":{"insertions":28,"deletions":0}}},{"hash":"f4da8ea2cf49d7b512fc458c042d17dcc0160db6","isMergeCommit":false,"messageTitle":"feat: add getAllSessionsForCourse to filter sessions by course","messageBody":"","fileTypesAndContributionMap":{"functional-code":{"insertions":17,"deletions":0}}},{"hash":"18eff379b982fbae19f44f105597e3a624fc6b57","isMergeCommit":false,"messageTitle":"feat: add setDate method","messageBody":"","fileTypesAndContributionMap":{"functional-code":{"insertions":5,"deletions":1}}},{"hash":"d51c7eaa895102b59806653d99c5d25766007b09","isMergeCommit":false,"messageTitle":"feat: show success message after session date change","messageBody":"","fileTypesAndContributionMap":{"functional-code":{"insertions":6,"deletions":0}}},{"hash":"243f06e5f02ecdd9fb909e089ae5be1e1201185c","isMergeCommit":false,"messageTitle":"test: add tests for EditSessionCommand and parseEditCommand","messageBody":"- Test valid and invalid date edits\n- Test session index validation\n- Test edit command parsing with various argument counts\n","fileTypesAndContributionMap":{"test-code":{"insertions":152,"deletions":0}}},{"hash":"0471353dca835928fe836c383e5571a5e867e99d","isMergeCommit":false,"messageTitle":"docs: document edit functionality and date behavior","messageBody":"","fileTypesAndContributionMap":{"docs":{"insertions":32,"deletions":4}}}]},{"date":"2025-10-26T00:00:00","commitResults":[{"hash":"99b7d5c09d25399bdb2ef9eadac4ec8a142aaa12","isMergeCommit":false,"messageTitle":"test: replace hard-coded date in future-date test with dynamic value","messageBody":"","fileTypesAndContributionMap":{"test-code":{"insertions":5,"deletions":1}}}]},{"date":"2025-10-27T00:00:00","commitResults":[{"hash":"a18384fa0fd322f3eb4133566d71f2bf91f8209e","isMergeCommit":true,"messageTitle":"Merge pull request #90 from asytrix99/branch-UG-v1.0","messageBody":"Add JUnit tests \u0026 PPP","fileTypesAndContributionMap":{}},{"hash":"6d35e90bded028120be0e622b14e6f7d15bcf6a7","isMergeCommit":false,"messageTitle":"docs: Add command component documentation","messageBody":"","fileTypesAndContributionMap":{"docs":{"insertions":75,"deletions":8}}},{"hash":"3556fc1037854062c299955f3bf764f9cb0d058a","isMergeCommit":false,"messageTitle":"docs: Add command class diagram","messageBody":"","fileTypesAndContributionMap":{"docs":{"insertions":100,"deletions":0}}},{"hash":"b11a69ac56ea14f19bebfb783d23f4b014c4b816","isMergeCommit":false,"messageTitle":"docs: correct storage save sequence diagram lifelines","messageBody":"","fileTypesAndContributionMap":{"docs":{"insertions":13,"deletions":1}}},{"hash":"f8b17115c59b641b2e5f11419c05a1f8afdd4352","isMergeCommit":false,"messageTitle":"docs: correct storage class diagram Iterable interface","messageBody":"","fileTypesAndContributionMap":{"docs":{"insertions":7,"deletions":5}}}]},{"date":"2025-10-30T00:00:00","commitResults":[{"hash":"c1d6114df4e900a69423f20ff2c1e536ff6c5364","isMergeCommit":false,"messageTitle":"docs: Update instructions for manual testing","messageBody":"","fileTypesAndContributionMap":{"docs":{"insertions":29,"deletions":1}}},{"hash":"174246b8a5c728aa83b5bec6c723b9e65ce546d6","isMergeCommit":false,"messageTitle":"docs: update personal project portfolio page","messageBody":"","fileTypesAndContributionMap":{"docs":{"insertions":21,"deletions":1}}},{"hash":"dca2946106c99796bad5cf994492015a1028cbf3","isMergeCommit":true,"messageTitle":"Merge pull request #120 from yikjin/docs/add-session-component-class-diagram-dg-v2.0","messageBody":"docs(developer-guide): add session component and class diagram","fileTypesAndContributionMap":{}},{"hash":"b4ce61b1222bc1339a3855738eff3b2cd4ab1f7e","isMergeCommit":true,"messageTitle":"Merge branch \u0027master\u0027 into Update-Developer-Guide-for-Manual-Testing","messageBody":"","fileTypesAndContributionMap":{}},{"hash":"042b03463226899eccb7947ff40cb26897c212c0","isMergeCommit":false,"messageTitle":"docs: update storage class diagram","messageBody":"","fileTypesAndContributionMap":{"docs":{"insertions":36,"deletions":22}}}]},{"date":"2025-10-31T00:00:00","commitResults":[{"hash":"d8e55f986885ae53aed0526f3bd85707d449cfb0","isMergeCommit":false,"messageTitle":"Feat: Update app to save after every command","messageBody":"","fileTypesAndContributionMap":{"functional-code":{"insertions":1,"deletions":1}}},{"hash":"a34d055e2b05c746581379c9a6b4975ec224cd94","isMergeCommit":false,"messageTitle":"docs: Update class diagram to match course requirement","messageBody":"","fileTypesAndContributionMap":{"docs":{"insertions":67,"deletions":38}}},{"hash":"9ffc7a0e56cefbb2e24e073b36305b0d22f3d183","isMergeCommit":false,"messageTitle":"feat: Update field separator to \\t","messageBody":"- Fixes bug where | character breaks storage parsing\n- \\t is used as courses, study hours and dates are not permitted to have spaces between them\n","fileTypesAndContributionMap":{"functional-code":{"insertions":25,"deletions":14}}},{"hash":"bdd1d305fdbb93bd782716eb34138d82cf34a739","isMergeCommit":false,"messageTitle":"test: Update tests for storage to use \\t field separator","messageBody":"","fileTypesAndContributionMap":{"test-code":{"insertions":20,"deletions":20}}},{"hash":"475827844f87a27fc7fa2f67a9a81d36bde332e5","isMergeCommit":false,"messageTitle":"docs: Update developer guide for storage componenet","messageBody":"","fileTypesAndContributionMap":{"docs":{"insertions":11,"deletions":10}}},{"hash":"24af3852a3a192b902ad96ab0f7efea72bc92cda","isMergeCommit":true,"messageTitle":"Merge branch \u0027master\u0027 into Bug-fixes","messageBody":"","fileTypesAndContributionMap":{}}]},{"date":"2025-11-02T00:00:00","commitResults":[{"hash":"2a181f54e20bbc83afe9b2711173a3206374fad5","isMergeCommit":false,"messageTitle":"docs: Update fookang.md PPP","messageBody":"","fileTypesAndContributionMap":{"docs":{"insertions":58,"deletions":10}}},{"hash":"af06cea292826fbf72f49a799ce61b2a208e2bf8","isMergeCommit":false,"messageTitle":"feat: Add meaningful exception error message","messageBody":"","fileTypesAndContributionMap":{"functional-code":{"insertions":4,"deletions":5}}},{"hash":"1486d15edf939282c77c42542ea12ffc8c58b825","isMergeCommit":false,"messageTitle":"fix: Fix argument passing","messageBody":"","fileTypesAndContributionMap":{"functional-code":{"insertions":2,"deletions":2}}},{"hash":"96dbe9804d5bed91d801dc3eeed8bc8fd6a03759","isMergeCommit":false,"messageTitle":"fix: Update error message","messageBody":"","fileTypesAndContributionMap":{"functional-code":{"insertions":1,"deletions":1}}},{"hash":"ce9c494955ec26a421e37b5870356ae0a2be1a42","isMergeCommit":false,"messageTitle":"fix: Update parseDate for strict date checking","messageBody":"","fileTypesAndContributionMap":{"functional-code":{"insertions":9,"deletions":6}}},{"hash":"32434011318a0a4425ae01be9c5a27906e4c7ef5","isMergeCommit":false,"messageTitle":"fix: Update checks for FutureDateException","messageBody":"","fileTypesAndContributionMap":{"functional-code":{"insertions":9,"deletions":3}}},{"hash":"f302e1d2e67901d45498032662a55ae304b096f8","isMergeCommit":false,"messageTitle":"test: Update expectations for new “invalid date” error message","messageBody":"","fileTypesAndContributionMap":{"test-code":{"insertions":4,"deletions":2}}},{"hash":"7f9978ce24f42a46a86eb169fffb1e5c80f7e687","isMergeCommit":false,"messageTitle":"style: Fix formatting","messageBody":"","fileTypesAndContributionMap":{"functional-code":{"insertions":2,"deletions":2}}}]},{"date":"2025-11-03T00:00:00","commitResults":[{"hash":"110a8e5823c27fc2e85e29b3e23ffc5f8c781171","isMergeCommit":true,"messageTitle":"Merge branch \u0027master\u0027 into Update-PPP","messageBody":"","fileTypesAndContributionMap":{}}]}],"Wrooi":[{"date":"2025-10-01T00:00:00","commitResults":[{"hash":"20eb54dc34d968f9ac0602c9a8206fcf1b429f39","isMergeCommit":false,"messageTitle":"Chore: Change AboutUs.md and wrooi.md","messageBody":"","fileTypesAndContributionMap":{"docs":{"insertions":1,"deletions":5}}}]},{"date":"2025-10-04T00:00:00","commitResults":[{"hash":"a8d6206891f1a7ae2e06a928e2c35f76206241a6","isMergeCommit":true,"messageTitle":"Merge branch \u0027master\u0027 into Wrooi-AboutUs","messageBody":"# Conflicts:\n#\tdocs/AboutUs.md\n#\tdocs/team/fookang.md\n#\tdocs/team/johndoe.md\n#\tdocs/team/wrooi.md\n","fileTypesAndContributionMap":{}},{"hash":"9623eb81c93d36758c39c6cdce955d6c8a663a2a","isMergeCommit":true,"messageTitle":"Merge pull request #4 from asytrix99/asytrix99-AboutUs","messageBody":"docs: Update docs/AboutUs.md","fileTypesAndContributionMap":{}}]},{"date":"2025-10-10T00:00:00","commitResults":[{"hash":"f77c11fb7953b49b9ef48c79510eb073e63ab12f","isMergeCommit":false,"messageTitle":"Feat: Add ListCourseCommand","messageBody":"","fileTypesAndContributionMap":{"functional-code":{"insertions":29,"deletions":0}}},{"hash":"aca7833f9624490e95426fac58de19b87b47669e","isMergeCommit":false,"messageTitle":"Feat: Update CourseManager, UserInterface, and Parser to use List Command","messageBody":"","fileTypesAndContributionMap":{"functional-code":{"insertions":30,"deletions":2}}},{"hash":"ff302ea8d3ffc72ace35b69e28e74a75cbc092c8","isMergeCommit":true,"messageTitle":"Merge pull request #29 from Wrooi/List-all-active-courses","messageBody":"List all active courses","fileTypesAndContributionMap":{}},{"hash":"ab1b2851b7bb27d420ee59d7ae9829d2afb9f2b3","isMergeCommit":true,"messageTitle":"Merge pull request #30 from t-kandasami/t-kandasami-Remove-a-course","messageBody":"Remove a course","fileTypesAndContributionMap":{}}]},{"date":"2025-10-12T00:00:00","commitResults":[{"hash":"f4ffe6ff06504a62e2fa313bb071a683cad2e445","isMergeCommit":false,"messageTitle":"Feat: Add exit command for NUStudy","messageBody":"","fileTypesAndContributionMap":{"functional-code":{"insertions":23,"deletions":0}}},{"hash":"8f1c157771ddf142af7c2132c2db49ae069a714f","isMergeCommit":false,"messageTitle":"Test: Add JUnit tests with assertions for exit command","messageBody":"","fileTypesAndContributionMap":{"test-code":{"insertions":26,"deletions":0}}},{"hash":"6177a235658ab7c75f0d5723b7fa2ceee249398e","isMergeCommit":false,"messageTitle":"Test: Add JUnit tests with assertions for list command","messageBody":"","fileTypesAndContributionMap":{"test-code":{"insertions":23,"deletions":0}}},{"hash":"f849be965b70983b3f8b2ea318643a3e457111f7","isMergeCommit":false,"messageTitle":"CheckStyle: Updated Imports in JUnit test files","messageBody":"","fileTypesAndContributionMap":{"functional-code":{"insertions":0,"deletions":1},"test-code":{"insertions":7,"deletions":4}}}]},{"date":"2025-10-17T00:00:00","commitResults":[{"hash":"664d1edc0992881f3a4679cfcb630f9c181e3a7c","isMergeCommit":false,"messageTitle":"Refactor: Add logging and Java asserts to \u0027ListCouseHoursCommand\u0027","messageBody":"","fileTypesAndContributionMap":{"functional-code":{"insertions":25,"deletions":0},"test-code":{"insertions":0,"deletions":27}}},{"hash":"55f4a36a414809b1b5890343c7be0135224a707c","isMergeCommit":false,"messageTitle":"Test: Update JUnit Tests for ListCourseCommandTest.java","messageBody":"","fileTypesAndContributionMap":{"other":{"insertions":0,"deletions":1},"test-code":{"insertions":49,"deletions":0}}},{"hash":"018d4e7d6bdd911674961123f8053d6324403a92","isMergeCommit":true,"messageTitle":"Merge pull request #60 from t-kandasami/t-kandasami-UpdateTestingAddSessionCommand","messageBody":"Add Assertions and Logging for `addSessionCommand`","fileTypesAndContributionMap":{}},{"hash":"b1e2c5dce43b8b549d5d0598e919ab91deb71ae3","isMergeCommit":true,"messageTitle":"Merge branch \u0027master\u0027 into Wrooi-ListCommand-Assert-Logging-JUnit","messageBody":"","fileTypesAndContributionMap":{}}]},{"date":"2025-10-24T00:00:00","commitResults":[{"hash":"b2378a83ef5262c7a7e99f8ccbfa02c30ffe4d48","isMergeCommit":true,"messageTitle":"Merge pull request #72 from t-kandasami/t-kandasami-UpdateDGforDeleteCourseCommand","messageBody":"Update DG for delete course command","fileTypesAndContributionMap":{}},{"hash":"467f9298764b48c214a4d2c1ef66341edfd6ae31","isMergeCommit":false,"messageTitle":"Docs: Add ActivityDiagram for ListCourseCommand","messageBody":"","fileTypesAndContributionMap":{"docs":{"insertions":34,"deletions":0}}},{"hash":"59c5cc30e850c90dbafdc6bbfbe4437baa235901","isMergeCommit":false,"messageTitle":"Docs: Add ListCourse Component information to DG","messageBody":"","fileTypesAndContributionMap":{"docs":{"insertions":37,"deletions":0}}}]},{"date":"2025-10-27T00:00:00","commitResults":[{"hash":"8d7c67e5ea8e210108ed9494fcfa79aa39f549a9","isMergeCommit":false,"messageTitle":"Refactor: Change authorship of exit and list commands","messageBody":"","fileTypesAndContributionMap":{"functional-code":{"insertions":4,"deletions":0},"test-code":{"insertions":4,"deletions":0}}},{"hash":"3d5042a50a5de0156eb9d1d9cf8923fbf3341d03","isMergeCommit":false,"messageTitle":"Docs: Shift List Course Command in DG","messageBody":"","fileTypesAndContributionMap":{"docs":{"insertions":37,"deletions":37}}},{"hash":"e98242c25aac9b9f63204b72143c3d00b89df5ea","isMergeCommit":false,"messageTitle":"Fix: Add newline at end of Exitcommand to match checkStyle test","messageBody":"","fileTypesAndContributionMap":{"functional-code":{"insertions":1,"deletions":1}}},{"hash":"bd95000d408783c57ab9f174c9c7e3fda2ff0d3f","isMergeCommit":false,"messageTitle":"Docs: Update user guide for 3 filter functions * Filter by course name * Filter by date * Filter by course name and date","messageBody":"","fileTypesAndContributionMap":{"docs":{"insertions":74,"deletions":0}}},{"hash":"35fc2786ca0caa6243e3bf4f81acc3a2438fcc1f","isMergeCommit":false,"messageTitle":"Docs: Update behaviour notes for 3 filter functions in user guide","messageBody":"","fileTypesAndContributionMap":{"docs":{"insertions":8,"deletions":4}}},{"hash":"2fd31954a2dfd4d75a3d8dc43e7fc5271038fe1a","isMergeCommit":false,"messageTitle":"Feat: Add FilterByNameCommand to filter by course names","messageBody":"","fileTypesAndContributionMap":{"functional-code":{"insertions":50,"deletions":0}}},{"hash":"5b34a5888986093b87bc08bd8630cfb71c431cc0","isMergeCommit":false,"messageTitle":"Feat: Update command parser and user interface to enable use of filter command","messageBody":"","fileTypesAndContributionMap":{"functional-code":{"insertions":49,"deletions":0}}},{"hash":"88d15f9815c81c7dd57d5f337058d3d406f40723","isMergeCommit":true,"messageTitle":"Merge pull request #97 from t-kandasami/t-kandasami-UpdateDGDeleteCourseCommand","messageBody":"Update Developers Guide for Course Component","fileTypesAndContributionMap":{}},{"hash":"ca28e9ad78bf0898848aa4ab7901a33e3e9c11cc","isMergeCommit":true,"messageTitle":"Merge branch \u0027master\u0027 into Filter-Courses-By-Name","messageBody":"","fileTypesAndContributionMap":{}},{"hash":"a8df3076f40f0551de7354391f5582496f7809e2","isMergeCommit":false,"messageTitle":"Fix: update commandParser and UserInterface to match checkStyle test","messageBody":"","fileTypesAndContributionMap":{"functional-code":{"insertions":14,"deletions":16}}},{"hash":"04c00a4a5b3cf61a24c7053c8f400a1e8b777e8a","isMergeCommit":false,"messageTitle":"Refactor: Update FilterByNameCommand with Javadoc comments","messageBody":"","fileTypesAndContributionMap":{"functional-code":{"insertions":17,"deletions":5}}},{"hash":"5b20de2c3306bd25fa21163347b487ea791efab2","isMergeCommit":false,"messageTitle":"Test: Add tests for `FilterByNameCommand`","messageBody":"","fileTypesAndContributionMap":{"functional-code":{"insertions":20,"deletions":5},"test-code":{"insertions":150,"deletions":0}}},{"hash":"4e78061197eaf88cf7b61f8f6ffb8c714dcc09c2","isMergeCommit":false,"messageTitle":"Test: Add tests for `ExitCommand` and `ListCourseCommand`","messageBody":"","fileTypesAndContributionMap":{"functional-code":{"insertions":45,"deletions":11},"test-code":{"insertions":72,"deletions":7}}},{"hash":"ce47e0a1de18856a38fca5d051a9dfcd56518095","isMergeCommit":true,"messageTitle":"Merge branch \u0027master\u0027 into Filter-Course-By-Date","messageBody":"","fileTypesAndContributionMap":{}}]},{"date":"2025-10-28T00:00:00","commitResults":[{"hash":"a9c183848df57e5ee85d381b0cb3631d8d9e4fd9","isMergeCommit":false,"messageTitle":"Feat: Add FilterByDateCommand to filter by date","messageBody":"","fileTypesAndContributionMap":{"functional-code":{"insertions":0,"deletions":0}}},{"hash":"89b8925f3bd9865eb26b0573be8cef95db1fbc4a","isMergeCommit":false,"messageTitle":"Feat: Update command parser and user interface to enable use of filter date command","messageBody":"","fileTypesAndContributionMap":{"functional-code":{"insertions":148,"deletions":13}}},{"hash":"71859b02e42f254819dcdb1341731d5e7536a3ee","isMergeCommit":false,"messageTitle":"Test: Add tests for `FilterByDateCommand`","messageBody":"","fileTypesAndContributionMap":{"functional-code":{"insertions":70,"deletions":14},"test-code":{"insertions":127,"deletions":0}}},{"hash":"cb8f4a9cb677e04fa8fc46f7aaccecc4ea956fc5","isMergeCommit":false,"messageTitle":"Feat: Add FilterByNameAndDateCommand to filter by course names and dates","messageBody":"","fileTypesAndContributionMap":{"functional-code":{"insertions":88,"deletions":7}}},{"hash":"7b7c6658c74f4b9d5c70f96fd01e9c3e6ba84770","isMergeCommit":false,"messageTitle":"Feat: Update command parser and user interface to enable use of FilterByNameAndDateCommand","messageBody":"","fileTypesAndContributionMap":{"functional-code":{"insertions":33,"deletions":6}}},{"hash":"5252e70a40617a5fcf2a7638470e63eb7d6f16a7","isMergeCommit":false,"messageTitle":"Test: Add tests for `FilterByNameAndDateCommand` and `FilterByDateCommand`","messageBody":"","fileTypesAndContributionMap":{"functional-code":{"insertions":119,"deletions":33},"test-code":{"insertions":280,"deletions":1}}},{"hash":"2e6ce27fb9a30160ec462e8b07511a78bd2bbd3b","isMergeCommit":false,"messageTitle":"Test: Add tests to exclude inputs that are out of range or future dates","messageBody":"","fileTypesAndContributionMap":{"functional-code":{"insertions":74,"deletions":11}}},{"hash":"27691f69ead7f1696dd85b91e34bd5ae09f9320d","isMergeCommit":true,"messageTitle":"Merge pull request #104 from yikjin/feat/edit-course-session-hours","messageBody":"feat: update course session hours","fileTypesAndContributionMap":{}},{"hash":"bc7e426c6fb049cd356f1c3549ae55a302c81475","isMergeCommit":true,"messageTitle":"Merge branch \u0027master\u0027 into Filter-Course-By-Date","messageBody":"","fileTypesAndContributionMap":{}},{"hash":"27a116886af22d2c42cfc48e9d5b91322afcabb8","isMergeCommit":false,"messageTitle":"Fix: Debug failed JUnit tests","messageBody":"","fileTypesAndContributionMap":{"functional-code":{"insertions":14,"deletions":11}}},{"hash":"1238815af8fdba5f586df97bbf109e0649ecb346","isMergeCommit":false,"messageTitle":"Fix: Update FilterByNameCommand and DateParser to match checkStyle test","messageBody":"","fileTypesAndContributionMap":{"functional-code":{"insertions":9,"deletions":8}}}]},{"date":"2025-10-29T00:00:00","commitResults":[{"hash":"d54c9a9dd8ecaccd94aad0c188f1bb591196587a","isMergeCommit":true,"messageTitle":"Merge pull request #107 from yikjin/docs/update-ug-v2.0","messageBody":"docs(user-guide): update user guide for v2.0","fileTypesAndContributionMap":{}},{"hash":"511eb2e9c17a90969426be75adb6095310be4ea5","isMergeCommit":false,"messageTitle":"Fix: Number the Quick Start in User Guide","messageBody":"","fileTypesAndContributionMap":{"docs":{"insertions":3,"deletions":3}}},{"hash":"699948a03542d156c58467dc300c2def9fa23ffc","isMergeCommit":false,"messageTitle":"Fix: Update CommandParser to fix bug affecting FilterByDate","messageBody":"","fileTypesAndContributionMap":{"functional-code":{"insertions":8,"deletions":8}}},{"hash":"361259cf5f2af7fc63d9a7b9409ec23deb969558","isMergeCommit":false,"messageTitle":"Test: Remove faulty test case","messageBody":"","fileTypesAndContributionMap":{"test-code":{"insertions":0,"deletions":7}}},{"hash":"328aa9e2f20a98adc45de8197db4d91f7f4be5a6","isMergeCommit":false,"messageTitle":"Docs: Update ListCourseCommand activity diagram","messageBody":"","fileTypesAndContributionMap":{"docs":{"insertions":10,"deletions":8}}},{"hash":"e01b63bd49231240122eb9ba2a4430172943392e","isMergeCommit":false,"messageTitle":"Docs: Update Appendix Requirements section in Developers Guide","messageBody":"","fileTypesAndContributionMap":{"docs":{"insertions":143,"deletions":23}}},{"hash":"2444c9979bdd25c8f93caa4c28037768ae5d7704","isMergeCommit":false,"messageTitle":"Refactor: Undo renumbering fix of the Quick Start in User Guide","messageBody":"","fileTypesAndContributionMap":{"docs":{"insertions":3,"deletions":3}}},{"hash":"1c1d18a3cb2940fa40a60d12298af64100604553","isMergeCommit":true,"messageTitle":"Merge branch \u0027master\u0027 into Update-Developer-Guide-Refactor","messageBody":"","fileTypesAndContributionMap":{}},{"hash":"abac0e0c004f107622eb15e3939b1a05e8d4d54d","isMergeCommit":true,"messageTitle":"Merge branch \u0027Update-Developer-Guide-Refactor\u0027 into Update-DG-AppendixRequirements","messageBody":"","fileTypesAndContributionMap":{}},{"hash":"1c4b71b5ccb3ffd3df08f818860b3227435bb8d3","isMergeCommit":true,"messageTitle":"Merge pull request #111 from yikjin/docs/fix-alerts-ug-v2.0","messageBody":"docs(user-guide): fix GitHub Pages not rendering note alert","fileTypesAndContributionMap":{}},{"hash":"9831d4c09c41ea5e73f143e28913b28083b00eec","isMergeCommit":true,"messageTitle":"Merge pull request #113 from yikjin/docs/format-dg-v2.0","messageBody":"docs(developer-guide): format developer guide to be more consistent","fileTypesAndContributionMap":{}}]},{"date":"2025-10-31T00:00:00","commitResults":[{"hash":"8d456227d7a9030923ad70cd1ea0c83168779226","isMergeCommit":false,"messageTitle":"Docs: Update wrooi.md PPP","messageBody":"","fileTypesAndContributionMap":{"docs":{"insertions":79,"deletions":2}}}]},{"date":"2025-11-03T00:00:00","commitResults":[{"hash":"4a6524f1247fb1ecf24b499807293f8c36d01c13","isMergeCommit":true,"messageTitle":"Merge pull request #173 from t-kandasami/t-kandasami-BugFix-NegativeHoursAddSession","messageBody":"Fixed the negative hours ","fileTypesAndContributionMap":{}}]}]},"authorFileTypeContributionMap":{"yikjin":{"docs":538,"functional-code":408,"test-code":206,"other":1473},"t-kandasami":{"docs":204,"functional-code":508,"test-code":317,"other":1},"asytrix99":{"docs":341,"functional-code":673,"test-code":541},"fookang":{"docs":493,"functional-code":573,"test-code":393},"Wrooi":{"docs":227,"functional-code":688,"test-code":688}},"authorContributionVariance":{"yikjin":177310.27,"t-kandasami":10141.064,"asytrix99":48749.527,"fookang":17002.084,"Wrooi":32569.291},"authorDisplayNameMap":{"yikjin":"CS2113-W14-2 LIM .. JIN","t-kandasami":"CS2113-W14-2 T. K..SAMI","asytrix99":"CS2113-W14-2 GAN ..HIEN","fookang":"CS2113-W14-2 FOO ..KANG","Wrooi":"CS2113-W14-2 OOI .. REE"}}
