{"authorDailyContributionsMap":{"patrykmrozek":[{"date":"2025-10-02T00:00:00","commitResults":[{"hash":"635c0b260518584fb21f8b235d8eb75c9fd5a716","isMergeCommit":false,"messageTitle":"Add Patryk Mrozek to AboutUs","messageBody":"","fileTypesAndContributionMap":{"docs":{"insertions":2,"deletions":6}}},{"hash":"2f4b19d36fef9d3af93ea77153fa3e6117cda6d5","isMergeCommit":true,"messageTitle":"Merge pull request #2 from ycdaniel326/Chiu-Yin-Chi-Aboutus","messageBody":"Updated the first line in the docs/AboutUs.md page in tutorial","fileTypesAndContributionMap":{}}]},{"date":"2025-10-13T00:00:00","commitResults":[{"hash":"5fa8a71499bec0509e73bb92af60040a02e0fe99","isMergeCommit":false,"messageTitle":"Add check for invalid command in Parser","messageBody":"","fileTypesAndContributionMap":{"functional-code":{"insertions":2,"deletions":1}}},{"hash":"54f63ee14be5be7af53e82c4a33f221f2f8e1c51","isMergeCommit":false,"messageTitle":"Add simple Module class","messageBody":"","fileTypesAndContributionMap":{"functional-code":{"insertions":24,"deletions":0}}}]},{"date":"2025-10-15T00:00:00","commitResults":[{"hash":"7f9d3a5cd43d03d3968541a92114463d18ad1207","isMergeCommit":false,"messageTitle":"Add ScoreCommand to Parser","messageBody":"","fileTypesAndContributionMap":{"functional-code":{"insertions":10,"deletions":0}}},{"hash":"8b74850da8a0ab8a3bfdb85d3b176e145f716943","isMergeCommit":false,"messageTitle":"Add class ScoreCommand - quick course percentage calculation","messageBody":"","fileTypesAndContributionMap":{"functional-code":{"insertions":58,"deletions":0}}},{"hash":"832586dfd5d5c55dffa943a8c3610e42c6139ca2","isMergeCommit":false,"messageTitle":"Update ScoreCommand.java","messageBody":"pass checkstyle and fix percent calculation","fileTypesAndContributionMap":{"functional-code":{"insertions":6,"deletions":3}}},{"hash":"33c15f92a5174ab04794e7d05b7ae1f4343b3720","isMergeCommit":true,"messageTitle":"Merge pull request #18 from seahsongli/master","messageBody":"Modify classes to use ModuleList and list command","fileTypesAndContributionMap":{}}]},{"date":"2025-10-16T00:00:00","commitResults":[{"hash":"d9825a08339e0537cccd90b061082e04117dd531","isMergeCommit":false,"messageTitle":"Add ScoreCommand to Parser","messageBody":"","fileTypesAndContributionMap":{"functional-code":{"insertions":10,"deletions":0}}},{"hash":"9c6bc0d93fd059886f662ce98b31b43bb8f934c6","isMergeCommit":false,"messageTitle":"Add class ScoreCommand - quick course percentage calculation","messageBody":"","fileTypesAndContributionMap":{"functional-code":{"insertions":20,"deletions":14}}},{"hash":"22371fa08cd401dcb665c9d86b18582a7e06718d","isMergeCommit":false,"messageTitle":"Fix Parser class duplicates","messageBody":"","fileTypesAndContributionMap":{"functional-code":{"insertions":2,"deletions":11}}},{"hash":"ca430583b9eba6e2e7289bddf340fbb2fec3e069","isMergeCommit":false,"messageTitle":"Add missing newline in Parser class","messageBody":"","fileTypesAndContributionMap":{"functional-code":{"insertions":1,"deletions":2}}},{"hash":"08ef08e6a0972b69ad872ba173c38ba5be48e57b","isMergeCommit":true,"messageTitle":"Merge pull request #20 from W1ndB10w/feature/search","messageBody":"","fileTypesAndContributionMap":{}},{"hash":"ed46df16a01a6ade12dd54c105d467bc470c8d8e","isMergeCommit":true,"messageTitle":"Merge branch \u0027master\u0027 into GPA-calculator","messageBody":"","fileTypesAndContributionMap":{}},{"hash":"475dc4c6c107946939a2f7cab7a224d2f4017375","isMergeCommit":true,"messageTitle":"Merge pull request #22 from ycdaniel326/GPA-calculator","messageBody":"GPA Calculator","fileTypesAndContributionMap":{}}]}],"W1ndB10w":[{"date":"2025-10-02T00:00:00","commitResults":[{"hash":"5c8f8eb15389d5a5446644b41f02d069e643c481","isMergeCommit":false,"messageTitle":"Initialize AboutUs","messageBody":"","fileTypesAndContributionMap":{"docs":{"insertions":3,"deletions":7}}},{"hash":"4219cb1ea26b12cd4780267a4802753b35a2902a","isMergeCommit":false,"messageTitle":"Update AboutUs.md","messageBody":"","fileTypesAndContributionMap":{"docs":{"insertions":3,"deletions":3}}},{"hash":"5468bd3700027fc4f68bc6569342a3ae381e0ef9","isMergeCommit":true,"messageTitle":"Merge branch \u0027master\u0027 into master","messageBody":"","fileTypesAndContributionMap":{}},{"hash":"aba9db394696288d834010929ec1dc77aabe464f","isMergeCommit":true,"messageTitle":"Merge branch \u0027master\u0027 into W1ndB10w-AboutUs","messageBody":"","fileTypesAndContributionMap":{}},{"hash":"84fcbcb36738c8fb3f86a95dc3d432c299e9f1c2","isMergeCommit":true,"messageTitle":"Merge pull request #4 from W1ndB10w/W1ndB10w-AboutUs","messageBody":"Add Cheng Lefan to AboutUs.md","fileTypesAndContributionMap":{}},{"hash":"457b19871cf3cde26f0fdf6ddce8dea9c6763772","isMergeCommit":true,"messageTitle":"Merge branch \u0027master\u0027 into master","messageBody":"","fileTypesAndContributionMap":{}},{"hash":"d684a05cfb350914a2735faf97676b70518ef697","isMergeCommit":true,"messageTitle":"Merge pull request #3 from patrykmrozek/master","messageBody":"Add Patryk Mrozek to AboutUs","fileTypesAndContributionMap":{}},{"hash":"4b5e0b7c32a91c793be2a77c1d08cc6e19a21e65","isMergeCommit":false,"messageTitle":"Update AboutUs.md","messageBody":"","fileTypesAndContributionMap":{"docs":{"insertions":1,"deletions":1}}}]},{"date":"2025-10-08T00:00:00","commitResults":[{"hash":"cc6fee6dee2b431c65131fbb917d083d5f105069","isMergeCommit":true,"messageTitle":"Merge branch \u0027master\u0027 into Chiu-Yin-Chi-Aboutus","messageBody":"","fileTypesAndContributionMap":{}},{"hash":"0c05c2dea3b21a1bf1c5cfef5c1808317f682b88","isMergeCommit":true,"messageTitle":"Update Portfolio link in docs/AboutUs.md","messageBody":"","fileTypesAndContributionMap":{}},{"hash":"76c8e7e24c9bbf148bc858d34832b87708c111af","isMergeCommit":true,"messageTitle":"Merge branch \u0027master\u0027 into W1ndB10w-AboutUs","messageBody":"","fileTypesAndContributionMap":{}}]},{"date":"2025-10-10T00:00:00","commitResults":[{"hash":"8e6464e80d7f48112f13b9b6e666d77bfd9422a3","isMergeCommit":true,"messageTitle":"Merge pull request #13 from seahsongli/songli-AboutUs","messageBody":"Update AboutUs.md","fileTypesAndContributionMap":{}},{"hash":"902e89d6af6d790ae74d15cd6883f30613eafad6","isMergeCommit":true,"messageTitle":"Merge branch \u0027master\u0027 into W1ndB10w-AboutUs","messageBody":"","fileTypesAndContributionMap":{}},{"hash":"90fcdb60ef7780654b440d8092139df0dc7176f0","isMergeCommit":true,"messageTitle":"Merge branch \u0027master\u0027 into Chiu-Yin-Chi-Aboutus","messageBody":"","fileTypesAndContributionMap":{}},{"hash":"af4ac2b11b5cee1fd2e0d846e6ede2f745458a58","isMergeCommit":true,"messageTitle":"Merge pull request #7 from ycdaniel326/Chiu-Yin-Chi-Aboutus","messageBody":"removed the \"docs\" in the portfolio","fileTypesAndContributionMap":{}},{"hash":"a0a458de4412f3a4ae666d743919821fb36fe80c","isMergeCommit":true,"messageTitle":"Merge branch \u0027master\u0027 into W1ndB10w-AboutUs","messageBody":"","fileTypesAndContributionMap":{}}]},{"date":"2025-10-15T00:00:00","commitResults":[{"hash":"c4f94d0c9ae197d9cb3d5c9ec18e137bc0f219c2","isMergeCommit":true,"messageTitle":"Merge branch \u0027master\u0027 into 8-course-score-calculator","messageBody":"","fileTypesAndContributionMap":{}},{"hash":"88f3b8a20990ee8d2f348280f50880e42c80a8b0","isMergeCommit":false,"messageTitle":"Update Parser.java","messageBody":"","fileTypesAndContributionMap":{"functional-code":{"insertions":1,"deletions":0}}},{"hash":"a621a62c1429063b66e3d871f2c643d99d4bbb71","isMergeCommit":false,"messageTitle":"Update Module.java","messageBody":"","fileTypesAndContributionMap":{"functional-code":{"insertions":31,"deletions":3}}},{"hash":"1fb609292c747b59e89fb4f6871de159c6d6ff13","isMergeCommit":false,"messageTitle":"Update ModuleList.java","messageBody":"","fileTypesAndContributionMap":{"functional-code":{"insertions":77,"deletions":1}}},{"hash":"23c0deafb67561aa1c6d1e98d52efdc80281f2af","isMergeCommit":false,"messageTitle":"Create FilterCommand Subclass","messageBody":"","fileTypesAndContributionMap":{"functional-code":{"insertions":5,"deletions":0}}},{"hash":"19fd7283d112a4160c60048952e453445b01c23b","isMergeCommit":false,"messageTitle":"Initialize FilterCommand.java","messageBody":"","fileTypesAndContributionMap":{"functional-code":{"insertions":13,"deletions":1}}},{"hash":"742bfd5f70e4832052284a4545e329a16dec8081","isMergeCommit":false,"messageTitle":"Override execute method in FilterCommand.java","messageBody":"","fileTypesAndContributionMap":{"functional-code":{"insertions":52,"deletions":0}}},{"hash":"ff90c2257494546233fa992408baf936aaf7da04","isMergeCommit":false,"messageTitle":"Override isExit method in FilterCommand.java","messageBody":"","fileTypesAndContributionMap":{"functional-code":{"insertions":5,"deletions":0}}},{"hash":"de0f06b3c0ed88234574094c18dfcfa91de34742","isMergeCommit":false,"messageTitle":"Add showFilteredModules method in Ui.java","messageBody":"","fileTypesAndContributionMap":{"functional-code":{"insertions":26,"deletions":3}}},{"hash":"fbacb3fb3cb76f7b23cf40a7287c1969ba570fd0","isMergeCommit":false,"messageTitle":"Update welcome logo in Ui.java","messageBody":"","fileTypesAndContributionMap":{"functional-code":{"insertions":6,"deletions":6}}}]},{"date":"2025-10-16T00:00:00","commitResults":[{"hash":"7ee307107cd44658355619b3046eb31b65201c1e","isMergeCommit":false,"messageTitle":"Add filter feature in Parser.java","messageBody":"","fileTypesAndContributionMap":{"functional-code":{"insertions":44,"deletions":3}}},{"hash":"8163098944314dc32991b1557d4f48fe6a470533","isMergeCommit":false,"messageTitle":"Update InsertCommand.java","messageBody":"","fileTypesAndContributionMap":{"functional-code":{"insertions":10,"deletions":3}}},{"hash":"d92a5780ebe53273a0f41b98e06f8b7893d1e489","isMergeCommit":true,"messageTitle":"Merge pull request #21 from patrykmrozek/8-course-score-calculator-clean","messageBody":"Issue #8: course score calculator (clean)","fileTypesAndContributionMap":{}},{"hash":"7ede779e96556f37edd6be556b3ab6b7ab519918","isMergeCommit":false,"messageTitle":"Update welcome logo in Ui.java","messageBody":"","fileTypesAndContributionMap":{"functional-code":{"insertions":5,"deletions":5}}},{"hash":"b46a3eb1b478129ded06634b19310a8f2ea43316","isMergeCommit":true,"messageTitle":"Merge branch \u0027master\u0027 into feature/search","messageBody":"","fileTypesAndContributionMap":{}},{"hash":"4bbf529846ed7b6f84a349d9f6d7794a30229107","isMergeCommit":true,"messageTitle":"Resolve merge conflicts with master","messageBody":"","fileTypesAndContributionMap":{}},{"hash":"85cdcd42c7e39ec85d3f16cfb29877af84657fd8","isMergeCommit":false,"messageTitle":"Update ScoreCommand.java and Parser.java","messageBody":"","fileTypesAndContributionMap":{"functional-code":{"insertions":11,"deletions":13}}},{"hash":"ae517756d431f6efe2b39e45283f2a0208e50a12","isMergeCommit":false,"messageTitle":"Update logo indentation in Ui.java","messageBody":"","fileTypesAndContributionMap":{"functional-code":{"insertions":1,"deletions":1}}},{"hash":"cf905a69950d62cca02267f2567eabdf1873f731","isMergeCommit":false,"messageTitle":"Improve code quality in ScoreCommand.java","messageBody":"","fileTypesAndContributionMap":{"functional-code":{"insertions":3,"deletions":2}}},{"hash":"ed0249d8fe7718227b4ab0df903fc0b953fdcec6","isMergeCommit":false,"messageTitle":"Update switch-case indentation in FilterCommand.java","messageBody":"","fileTypesAndContributionMap":{"functional-code":{"insertions":38,"deletions":38}}},{"hash":"1b4d1d6684c91a5713807b0f3a417a4d6aae2407","isMergeCommit":false,"messageTitle":"Add end-of-file newlines","messageBody":"","fileTypesAndContributionMap":{"functional-code":{"insertions":5,"deletions":5}}},{"hash":"12acd5b9156687fb026e59ff6e090697b1625f8b","isMergeCommit":false,"messageTitle":"Improve code quality","messageBody":"","fileTypesAndContributionMap":{"functional-code":{"insertions":0,"deletions":20}}}]}],"ycdaniel326":[{"date":"2025-10-02T00:00:00","commitResults":[{"hash":"03fe540d42f87fd6322e52d65b0506fa32fc9c3a","isMergeCommit":false,"messageTitle":"Updated the first line in the docs/AboutUs.md page in tutorial","messageBody":"","fileTypesAndContributionMap":{"docs":{"insertions":3,"deletions":7}}},{"hash":"c99c185d7cba69dde64db65ee73d5c875233cbea","isMergeCommit":false,"messageTitle":"removed the \"docs\" in the portfolio","messageBody":"","fileTypesAndContributionMap":{"docs":{"insertions":1,"deletions":1}}}]},{"date":"2025-10-16T00:00:00","commitResults":[{"hash":"3d16367703e5ae80015d493e546bb11cb7d9ff96","isMergeCommit":false,"messageTitle":"For the function GPA calculator, created the classes Course and CourseRecord.","messageBody":"","fileTypesAndContributionMap":{"functional-code":{"insertions":49,"deletions":0}}},{"hash":"068106642db4e47172b1f052a0c9452a1fbbb399","isMergeCommit":false,"messageTitle":"Added method getSize() for CourseRecord","messageBody":"","fileTypesAndContributionMap":{"functional-code":{"insertions":4,"deletions":0}}},{"hash":"a104461e98e279e4613fecb8fcf4ee5e8253cc62","isMergeCommit":false,"messageTitle":"Created two classes for the commands of \"add grade\" and \"compute gpa\".","messageBody":"","fileTypesAndContributionMap":{"functional-code":{"insertions":79,"deletions":0}}},{"hash":"e17332e78bca2b21295f02a0a86667afa6d9ddf2","isMergeCommit":false,"messageTitle":"Amended the output line of the \"compute gpa\" method.","messageBody":"","fileTypesAndContributionMap":{"functional-code":{"insertions":2,"deletions":1}}},{"hash":"92f9685a3932b44ec6bdecb62f175e75e047ba59","isMergeCommit":false,"messageTitle":"Amended Parser and Uniflow to cater the command of \"gpa\" and \"addgrade\".","messageBody":"","fileTypesAndContributionMap":{"functional-code":{"insertions":39,"deletions":0}}},{"hash":"bd2e68896335c09ebedae120bc5248e8612752bf","isMergeCommit":false,"messageTitle":"Changed the order of variable declaration.","messageBody":"","fileTypesAndContributionMap":{"functional-code":{"insertions":3,"deletions":1}}}]}],"sandrej09":[],"seahsongli":[{"date":"2025-10-09T00:00:00","commitResults":[{"hash":"af709ee24e40234b9fe98be4c9df4c85ac1d44f2","isMergeCommit":false,"messageTitle":"Update AboutUs.md","messageBody":"","fileTypesAndContributionMap":{"docs":{"insertions":2,"deletions":1}}}]},{"date":"2025-10-10T00:00:00","commitResults":[{"hash":"a316b69957c2bc329b0d51e94830a86b902eaac1","isMergeCommit":true,"messageTitle":"Merge pull request #12 from W1ndB10w/W1ndB10w-AboutUs","messageBody":"Update Everyone\u0027s Portfolio links","fileTypesAndContributionMap":{}}]},{"date":"2025-10-12T00:00:00","commitResults":[{"hash":"ce3f01bef319321047d7e4ba522880e342060d00","isMergeCommit":false,"messageTitle":"Include skeleton of project + parser","messageBody":"","fileTypesAndContributionMap":{"functional-code":{"insertions":252,"deletions":21},"other":{"insertions":1,"deletions":1}}},{"hash":"335bd0cb44e2eba7bf83fa6a51a682dca38f4af2","isMergeCommit":false,"messageTitle":"Fix Checkstyle issues","messageBody":"","fileTypesAndContributionMap":{"functional-code":{"insertions":9,"deletions":9}}},{"hash":"8063320ad8be77e3d44a17cfa4e44911269bec20","isMergeCommit":false,"messageTitle":"Fix Checkstyle issues","messageBody":"","fileTypesAndContributionMap":{"functional-code":{"insertions":1,"deletions":4}}},{"hash":"938538b17e63a9bb883da7c50e8b3b363361378f","isMergeCommit":false,"messageTitle":"Add command to allow exit of program","messageBody":"","fileTypesAndContributionMap":{"functional-code":{"insertions":18,"deletions":0}}},{"hash":"8223be33f70e8ba6ba601ee3b6e0da07751fab00","isMergeCommit":false,"messageTitle":"Update dependencies to suit Uniflow","messageBody":"","fileTypesAndContributionMap":{"functional-code":{"insertions":8,"deletions":5},"other":{"insertions":1,"deletions":1}}},{"hash":"d07edaa7e113a4dc2beef92bf6ee2a22db677ee5","isMergeCommit":true,"messageTitle":"Merge pull request #14 from seahsongli/master","messageBody":"Include skeleton of project + parser + command classes","fileTypesAndContributionMap":{}}]},{"date":"2025-10-15T00:00:00","commitResults":[{"hash":"fdbe7adffd931394a242fe7e3f65cf4c412a090d","isMergeCommit":true,"messageTitle":"Merge pull request #15 from patrykmrozek/master","messageBody":"Add check for invalid command in Parser","fileTypesAndContributionMap":{}},{"hash":"bdcf687acf358886948b9f246ea74b1d56e8f1b0","isMergeCommit":true,"messageTitle":"Merge pull request #16 from patrykmrozek/module-class","messageBody":"Add simple module class","fileTypesAndContributionMap":{}},{"hash":"129e554e10f9501b47fab862d93ab670e1e56da4","isMergeCommit":false,"messageTitle":"Add Module List and list command.","messageBody":"","fileTypesAndContributionMap":{"functional-code":{"insertions":103,"deletions":20}}},{"hash":"b9914995cfeaa4bfa103d548ee1fdd6a06a00cf6","isMergeCommit":false,"messageTitle":"Fix coding stylistics","messageBody":"","fileTypesAndContributionMap":{"functional-code":{"insertions":5,"deletions":2}}}]}]},"authorFileTypeContributionMap":{"patrykmrozek":{"docs":1,"functional-code":85,"test-code":0},"W1ndB10w":{"docs":3,"functional-code":259,"test-code":0},"ycdaniel326":{"docs":2,"functional-code":174,"test-code":0},"sandrej09":{"docs":0,"functional-code":0,"test-code":0},"seahsongli":{"docs":0,"functional-code":341,"test-code":1,"other":1}},"authorContributionVariance":{"patrykmrozek":330.90814,"W1ndB10w":3167.116,"ycdaniel326":1090.6682,"sandrej09":0.0,"seahsongli":4242.173},"authorDisplayNameMap":{"patrykmrozek":"CS2113-T10-3 MROZ..TRYK","W1ndB10w":"CS2113-T10-3 CHEN..EFAN","ycdaniel326":"CS2113-T10-3 CHIU.. CHI","sandrej09":"CS2113-T10-3 PACZ..LIAN","seahsongli":"CS2113-T10-3 SEAH..G LI"}}
