{"authorDailyContributionsMap":{"patrykmrozek":[{"date":"2025-10-02T00:00:00","commitResults":[{"hash":"635c0b260518584fb21f8b235d8eb75c9fd5a716","isMergeCommit":false,"messageTitle":"Add Patryk Mrozek to AboutUs","messageBody":"","fileTypesAndContributionMap":{"docs":{"insertions":2,"deletions":6}}},{"hash":"2f4b19d36fef9d3af93ea77153fa3e6117cda6d5","isMergeCommit":true,"messageTitle":"Merge pull request #2 from ycdaniel326/Chiu-Yin-Chi-Aboutus","messageBody":"Updated the first line in the docs/AboutUs.md page in tutorial","fileTypesAndContributionMap":{}}]}],"W1ndB10w":[{"date":"2025-10-02T00:00:00","commitResults":[{"hash":"5c8f8eb15389d5a5446644b41f02d069e643c481","isMergeCommit":false,"messageTitle":"Initialize AboutUs","messageBody":"","fileTypesAndContributionMap":{"docs":{"insertions":3,"deletions":7}}},{"hash":"4219cb1ea26b12cd4780267a4802753b35a2902a","isMergeCommit":false,"messageTitle":"Update AboutUs.md","messageBody":"","fileTypesAndContributionMap":{"docs":{"insertions":3,"deletions":3}}},{"hash":"5468bd3700027fc4f68bc6569342a3ae381e0ef9","isMergeCommit":true,"messageTitle":"Merge branch \u0027master\u0027 into master","messageBody":"","fileTypesAndContributionMap":{}},{"hash":"aba9db394696288d834010929ec1dc77aabe464f","isMergeCommit":true,"messageTitle":"Merge branch \u0027master\u0027 into W1ndB10w-AboutUs","messageBody":"","fileTypesAndContributionMap":{}},{"hash":"84fcbcb36738c8fb3f86a95dc3d432c299e9f1c2","isMergeCommit":true,"messageTitle":"Merge pull request #4 from W1ndB10w/W1ndB10w-AboutUs","messageBody":"Add Cheng Lefan to AboutUs.md","fileTypesAndContributionMap":{}},{"hash":"457b19871cf3cde26f0fdf6ddce8dea9c6763772","isMergeCommit":true,"messageTitle":"Merge branch \u0027master\u0027 into master","messageBody":"","fileTypesAndContributionMap":{}},{"hash":"d684a05cfb350914a2735faf97676b70518ef697","isMergeCommit":true,"messageTitle":"Merge pull request #3 from patrykmrozek/master","messageBody":"Add Patryk Mrozek to AboutUs","fileTypesAndContributionMap":{}},{"hash":"4b5e0b7c32a91c793be2a77c1d08cc6e19a21e65","isMergeCommit":false,"messageTitle":"Update AboutUs.md","messageBody":"","fileTypesAndContributionMap":{"docs":{"insertions":1,"deletions":1}}}]},{"date":"2025-10-08T00:00:00","commitResults":[{"hash":"cc6fee6dee2b431c65131fbb917d083d5f105069","isMergeCommit":true,"messageTitle":"Merge branch \u0027master\u0027 into Chiu-Yin-Chi-Aboutus","messageBody":"","fileTypesAndContributionMap":{}},{"hash":"0c05c2dea3b21a1bf1c5cfef5c1808317f682b88","isMergeCommit":true,"messageTitle":"Update Portfolio link in docs/AboutUs.md","messageBody":"","fileTypesAndContributionMap":{}},{"hash":"76c8e7e24c9bbf148bc858d34832b87708c111af","isMergeCommit":true,"messageTitle":"Merge branch \u0027master\u0027 into W1ndB10w-AboutUs","messageBody":"","fileTypesAndContributionMap":{}}]},{"date":"2025-10-10T00:00:00","commitResults":[{"hash":"8e6464e80d7f48112f13b9b6e666d77bfd9422a3","isMergeCommit":true,"messageTitle":"Merge pull request #13 from seahsongli/songli-AboutUs","messageBody":"Update AboutUs.md","fileTypesAndContributionMap":{}},{"hash":"902e89d6af6d790ae74d15cd6883f30613eafad6","isMergeCommit":true,"messageTitle":"Merge branch \u0027master\u0027 into W1ndB10w-AboutUs","messageBody":"","fileTypesAndContributionMap":{}},{"hash":"90fcdb60ef7780654b440d8092139df0dc7176f0","isMergeCommit":true,"messageTitle":"Merge branch \u0027master\u0027 into Chiu-Yin-Chi-Aboutus","messageBody":"","fileTypesAndContributionMap":{}},{"hash":"af4ac2b11b5cee1fd2e0d846e6ede2f745458a58","isMergeCommit":true,"messageTitle":"Merge pull request #7 from ycdaniel326/Chiu-Yin-Chi-Aboutus","messageBody":"removed the \"docs\" in the portfolio","fileTypesAndContributionMap":{}},{"hash":"a0a458de4412f3a4ae666d743919821fb36fe80c","isMergeCommit":true,"messageTitle":"Merge branch \u0027master\u0027 into W1ndB10w-AboutUs","messageBody":"","fileTypesAndContributionMap":{}}]}],"ycdaniel326":[{"date":"2025-10-02T00:00:00","commitResults":[{"hash":"03fe540d42f87fd6322e52d65b0506fa32fc9c3a","isMergeCommit":false,"messageTitle":"Updated the first line in the docs/AboutUs.md page in tutorial","messageBody":"","fileTypesAndContributionMap":{"docs":{"insertions":3,"deletions":7}}},{"hash":"c99c185d7cba69dde64db65ee73d5c875233cbea","isMergeCommit":false,"messageTitle":"removed the \"docs\" in the portfolio","messageBody":"","fileTypesAndContributionMap":{"docs":{"insertions":1,"deletions":1}}}]}],"sandrej09":[],"seahsongli":[{"date":"2025-10-09T00:00:00","commitResults":[{"hash":"af709ee24e40234b9fe98be4c9df4c85ac1d44f2","isMergeCommit":false,"messageTitle":"Update AboutUs.md","messageBody":"","fileTypesAndContributionMap":{"docs":{"insertions":2,"deletions":1}}}]},{"date":"2025-10-10T00:00:00","commitResults":[{"hash":"a316b69957c2bc329b0d51e94830a86b902eaac1","isMergeCommit":true,"messageTitle":"Merge pull request #12 from W1ndB10w/W1ndB10w-AboutUs","messageBody":"Update Everyone\u0027s Portfolio links","fileTypesAndContributionMap":{}}]},{"date":"2025-10-12T00:00:00","commitResults":[{"hash":"ce3f01bef319321047d7e4ba522880e342060d00","isMergeCommit":false,"messageTitle":"Include skeleton of project + parser","messageBody":"","fileTypesAndContributionMap":{"functional-code":{"insertions":252,"deletions":21},"other":{"insertions":1,"deletions":1}}},{"hash":"335bd0cb44e2eba7bf83fa6a51a682dca38f4af2","isMergeCommit":false,"messageTitle":"Fix Checkstyle issues","messageBody":"","fileTypesAndContributionMap":{"functional-code":{"insertions":9,"deletions":9}}},{"hash":"8063320ad8be77e3d44a17cfa4e44911269bec20","isMergeCommit":false,"messageTitle":"Fix Checkstyle issues","messageBody":"","fileTypesAndContributionMap":{"functional-code":{"insertions":1,"deletions":4}}},{"hash":"938538b17e63a9bb883da7c50e8b3b363361378f","isMergeCommit":false,"messageTitle":"Add command to allow exit of program","messageBody":"","fileTypesAndContributionMap":{"functional-code":{"insertions":18,"deletions":0}}},{"hash":"8223be33f70e8ba6ba601ee3b6e0da07751fab00","isMergeCommit":false,"messageTitle":"Update dependencies to suit Uniflow","messageBody":"","fileTypesAndContributionMap":{"functional-code":{"insertions":8,"deletions":5},"other":{"insertions":1,"deletions":1}}},{"hash":"d07edaa7e113a4dc2beef92bf6ee2a22db677ee5","isMergeCommit":true,"messageTitle":"Merge pull request #14 from seahsongli/master","messageBody":"Include skeleton of project + parser + command classes","fileTypesAndContributionMap":{}}]}]},"authorFileTypeContributionMap":{"patrykmrozek":{"docs":1,"functional-code":0,"test-code":0},"W1ndB10w":{"docs":3,"functional-code":0,"test-code":0},"ycdaniel326":{"docs":2,"functional-code":0,"test-code":0},"sandrej09":{"docs":0,"functional-code":0,"test-code":0},"seahsongli":{"docs":0,"functional-code":270,"test-code":1,"other":1}},"authorContributionVariance":{"patrykmrozek":2.5555553,"W1ndB10w":12.9375,"ycdaniel326":5.75,"sandrej09":0.0,"seahsongli":4371.7437},"authorDisplayNameMap":{"patrykmrozek":"CS2113-T10-3 MROZ..TRYK","W1ndB10w":"CS2113-T10-3 CHEN..EFAN","ycdaniel326":"CS2113-T10-3 CHIU.. CHI","sandrej09":"CS2113-T10-3 PACZ..LIAN","seahsongli":"CS2113-T10-3 SEAH..G LI"}}
