{"authorDailyContributionsMap":{"patrykmrozek":[{"date":"2025-10-02T00:00:00","commitResults":[{"hash":"635c0b260518584fb21f8b235d8eb75c9fd5a716","isMergeCommit":false,"messageTitle":"Add Patryk Mrozek to AboutUs","messageBody":"","fileTypesAndContributionMap":{"docs":{"insertions":2,"deletions":6}}},{"hash":"2f4b19d36fef9d3af93ea77153fa3e6117cda6d5","isMergeCommit":true,"messageTitle":"Merge pull request #2 from ycdaniel326/Chiu-Yin-Chi-Aboutus","messageBody":"Updated the first line in the docs/AboutUs.md page in tutorial","fileTypesAndContributionMap":{}}]},{"date":"2025-10-13T00:00:00","commitResults":[{"hash":"5fa8a71499bec0509e73bb92af60040a02e0fe99","isMergeCommit":false,"messageTitle":"Add check for invalid command in Parser","messageBody":"","fileTypesAndContributionMap":{"functional-code":{"insertions":2,"deletions":1}}},{"hash":"54f63ee14be5be7af53e82c4a33f221f2f8e1c51","isMergeCommit":false,"messageTitle":"Add simple Module class","messageBody":"","fileTypesAndContributionMap":{"functional-code":{"insertions":24,"deletions":0}}}]},{"date":"2025-10-15T00:00:00","commitResults":[{"hash":"7f9d3a5cd43d03d3968541a92114463d18ad1207","isMergeCommit":false,"messageTitle":"Add ScoreCommand to Parser","messageBody":"","fileTypesAndContributionMap":{"functional-code":{"insertions":10,"deletions":0}}},{"hash":"8b74850da8a0ab8a3bfdb85d3b176e145f716943","isMergeCommit":false,"messageTitle":"Add class ScoreCommand - quick course percentage calculation","messageBody":"","fileTypesAndContributionMap":{"functional-code":{"insertions":58,"deletions":0}}},{"hash":"832586dfd5d5c55dffa943a8c3610e42c6139ca2","isMergeCommit":false,"messageTitle":"Update ScoreCommand.java","messageBody":"pass checkstyle and fix percent calculation","fileTypesAndContributionMap":{"functional-code":{"insertions":6,"deletions":3}}},{"hash":"33c15f92a5174ab04794e7d05b7ae1f4343b3720","isMergeCommit":true,"messageTitle":"Merge pull request #18 from seahsongli/master","messageBody":"Modify classes to use ModuleList and list command","fileTypesAndContributionMap":{}}]},{"date":"2025-10-16T00:00:00","commitResults":[{"hash":"d9825a08339e0537cccd90b061082e04117dd531","isMergeCommit":false,"messageTitle":"Add ScoreCommand to Parser","messageBody":"","fileTypesAndContributionMap":{"functional-code":{"insertions":10,"deletions":0}}},{"hash":"9c6bc0d93fd059886f662ce98b31b43bb8f934c6","isMergeCommit":false,"messageTitle":"Add class ScoreCommand - quick course percentage calculation","messageBody":"","fileTypesAndContributionMap":{"functional-code":{"insertions":20,"deletions":14}}},{"hash":"22371fa08cd401dcb665c9d86b18582a7e06718d","isMergeCommit":false,"messageTitle":"Fix Parser class duplicates","messageBody":"","fileTypesAndContributionMap":{"functional-code":{"insertions":2,"deletions":11}}},{"hash":"ca430583b9eba6e2e7289bddf340fbb2fec3e069","isMergeCommit":false,"messageTitle":"Add missing newline in Parser class","messageBody":"","fileTypesAndContributionMap":{"functional-code":{"insertions":1,"deletions":2}}},{"hash":"08ef08e6a0972b69ad872ba173c38ba5be48e57b","isMergeCommit":true,"messageTitle":"Merge pull request #20 from W1ndB10w/feature/search","messageBody":"","fileTypesAndContributionMap":{}},{"hash":"ed46df16a01a6ade12dd54c105d467bc470c8d8e","isMergeCommit":true,"messageTitle":"Merge branch \u0027master\u0027 into GPA-calculator","messageBody":"","fileTypesAndContributionMap":{}},{"hash":"475dc4c6c107946939a2f7cab7a224d2f4017375","isMergeCommit":true,"messageTitle":"Merge pull request #22 from ycdaniel326/GPA-calculator","messageBody":"GPA Calculator","tags":["v1.0"],"fileTypesAndContributionMap":{}}]},{"date":"2025-10-23T00:00:00","commitResults":[{"hash":"02127bbac4ff98ec9b3a1e4fc99cb7921d1e7d8e","isMergeCommit":true,"messageTitle":"Merge pull request #24 from seahsongli/master","messageBody":"Enable assertions","fileTypesAndContributionMap":{}},{"hash":"046b898c37054ecadfaabaa68d42f8923c09643f","isMergeCommit":false,"messageTitle":"Update parseScoreCommand, format: score \u003cMODULE_ID\u003e name1:val1 name2:val2","messageBody":"","fileTypesAndContributionMap":{"functional-code":{"insertions":21,"deletions":5}}},{"hash":"753eb00dd8396768f5adb559dea07d56cdc4aab0","isMergeCommit":false,"messageTitle":"Update Module class, add score breakdown map, add getter/setter for score breakdown","messageBody":"","fileTypesAndContributionMap":{"functional-code":{"insertions":20,"deletions":0}}},{"hash":"1f44b5919fc22734871620c3cd960dc9951b7583","isMergeCommit":false,"messageTitle":"Add helper methods to ModuleList: getModuleByID(), so we don\u0027t need to use index, and doesExist()","messageBody":"","fileTypesAndContributionMap":{"functional-code":{"insertions":20,"deletions":0}}},{"hash":"b9457e49bb8631c013b0477d2fbdd698ecfc893f","isMergeCommit":false,"messageTitle":"Rework ScoreCommand to work with new format (participation:10 exam:50...)","messageBody":"","fileTypesAndContributionMap":{"functional-code":{"insertions":29,"deletions":37}}},{"hash":"4dcfd06c2a894c990bc63760a9e41bfa8e2ff05d","isMergeCommit":true,"messageTitle":"Merge branch \u0027master\u0027 into ScoreBreakdown","messageBody":"","fileTypesAndContributionMap":{}},{"hash":"1d84126c8978960cbe32461fe7ceaef0fba84c50","isMergeCommit":false,"messageTitle":"Update ModuleList.java","messageBody":"","fileTypesAndContributionMap":{"functional-code":{"insertions":1,"deletions":0}}},{"hash":"252d40b93f89bf1e77de9d6f68c8e50c76f1a89b","isMergeCommit":false,"messageTitle":"Update ModuleList.java - remove Objects import","messageBody":"","fileTypesAndContributionMap":{"functional-code":{"insertions":0,"deletions":1}}},{"hash":"557bb683746c72fb739569e244d6ea8d7425a1a0","isMergeCommit":false,"messageTitle":"Update ScoreCommand.java - Checkstyle fixes","messageBody":"","fileTypesAndContributionMap":{"functional-code":{"insertions":9,"deletions":5}}},{"hash":"d3d9c4525255d8f79a238bd376431454edf2d573","isMergeCommit":false,"messageTitle":"Update Parser.java - checkstyle :(","messageBody":"","fileTypesAndContributionMap":{"functional-code":{"insertions":2,"deletions":2}}},{"hash":"91713584b4dfef2cd241f12f4b8d047b0718658f","isMergeCommit":false,"messageTitle":"Update ScoreCommand.java - checksyle","messageBody":"","fileTypesAndContributionMap":{"functional-code":{"insertions":1,"deletions":1}}},{"hash":"52190b4d86820fc339060e2c250f99e3960ba433","isMergeCommit":false,"messageTitle":"Add JUnit code to test ScoreCommand","messageBody":"","fileTypesAndContributionMap":{"test-code":{"insertions":42,"deletions":0}}},{"hash":"fc85967eb5db31a7e23901885f4465ae0aedf575","isMergeCommit":true,"messageTitle":"Merge pull request #1 from patrykmrozek/ScoreCommandTest","messageBody":"ScoreCommandTest branch - JUnit Test for ScoreCommand","fileTypesAndContributionMap":{}},{"hash":"30646189dd7b5192c35313e2714894db4fd78f43","isMergeCommit":false,"messageTitle":"Update ScoreCommandTest.java - Checkstyle","messageBody":"","fileTypesAndContributionMap":{"test-code":{"insertions":20,"deletions":16}}},{"hash":"6f91293c3480b62f8f69fe73ba23fe8fc866d574","isMergeCommit":false,"messageTitle":"Update ScoreCommandTest.java - remove empty catch blocks","messageBody":"","fileTypesAndContributionMap":{"test-code":{"insertions":16,"deletions":23}}},{"hash":"5efb685c491ff4cef1cf84bbf84f64719cbd7525","isMergeCommit":false,"messageTitle":"Update ScoreCommandTest.java - correct JUnit imports","messageBody":"","fileTypesAndContributionMap":{"test-code":{"insertions":3,"deletions":3}}},{"hash":"85ac0e641a07578a276d6164772ff879e8f0ecb9","isMergeCommit":false,"messageTitle":"Update ScoreCommandTest.java - checkstyle, fix JUnit 4 error","messageBody":"","fileTypesAndContributionMap":{"test-code":{"insertions":17,"deletions":6}}},{"hash":"ba73621162850162294597bcce1894c11907e85d","isMergeCommit":false,"messageTitle":"Update ScoreCommand.java - remove input","messageBody":"","fileTypesAndContributionMap":{"functional-code":{"insertions":0,"deletions":3}}},{"hash":"c2572c9254320f6d269996cc31048fe506a46d12","isMergeCommit":false,"messageTitle":"Update DeleteCommand.java - add courseRecord param to execute function","messageBody":"","fileTypesAndContributionMap":{"functional-code":{"insertions":1,"deletions":1}}},{"hash":"9c0910d4f7fe1b28152a7d7f3ad218cc13f53aee","isMergeCommit":true,"messageTitle":"Merge pull request #26 from patrykmrozek/ScoreBreakdown","messageBody":"ScoreBreakdown rework, Module/ModuleList update","fileTypesAndContributionMap":{}},{"hash":"93a5dd8c8e3e15ece762b43d0d166baf07ffdf22","isMergeCommit":true,"messageTitle":"Merge pull request #35 from AY2526S1-CS2113-T10-3/UpdateDeleteCommand","messageBody":"Update DeleteCommand.java - add courseRecord param to execute function","fileTypesAndContributionMap":{}},{"hash":"e577b3332a91c1e29a817bd498d8f42b111ad483","isMergeCommit":false,"messageTitle":"Update ScoreCommandTest to abide by new execute method signature","messageBody":"","fileTypesAndContributionMap":{"test-code":{"insertions":3,"deletions":3}}}]},{"date":"2025-10-27T00:00:00","commitResults":[{"hash":"09cb6a39cf1bf254c67d4528deb27a79d2b51ae0","isMergeCommit":true,"messageTitle":"Merge pull request #43 from seahsongli/pr-test","messageBody":"Resolve merge conflicts on sandrej\u0027s branch","fileTypesAndContributionMap":{}}]}],"W1ndB10w":[{"date":"2025-10-02T00:00:00","commitResults":[{"hash":"5c8f8eb15389d5a5446644b41f02d069e643c481","isMergeCommit":false,"messageTitle":"Initialize AboutUs","messageBody":"","fileTypesAndContributionMap":{"docs":{"insertions":3,"deletions":7}}},{"hash":"4219cb1ea26b12cd4780267a4802753b35a2902a","isMergeCommit":false,"messageTitle":"Update AboutUs.md","messageBody":"","fileTypesAndContributionMap":{"docs":{"insertions":3,"deletions":3}}},{"hash":"5468bd3700027fc4f68bc6569342a3ae381e0ef9","isMergeCommit":true,"messageTitle":"Merge branch \u0027master\u0027 into master","messageBody":"","fileTypesAndContributionMap":{}},{"hash":"aba9db394696288d834010929ec1dc77aabe464f","isMergeCommit":true,"messageTitle":"Merge branch \u0027master\u0027 into W1ndB10w-AboutUs","messageBody":"","fileTypesAndContributionMap":{}},{"hash":"84fcbcb36738c8fb3f86a95dc3d432c299e9f1c2","isMergeCommit":true,"messageTitle":"Merge pull request #4 from W1ndB10w/W1ndB10w-AboutUs","messageBody":"Add Cheng Lefan to AboutUs.md","fileTypesAndContributionMap":{}},{"hash":"457b19871cf3cde26f0fdf6ddce8dea9c6763772","isMergeCommit":true,"messageTitle":"Merge branch \u0027master\u0027 into master","messageBody":"","fileTypesAndContributionMap":{}},{"hash":"d684a05cfb350914a2735faf97676b70518ef697","isMergeCommit":true,"messageTitle":"Merge pull request #3 from patrykmrozek/master","messageBody":"Add Patryk Mrozek to AboutUs","fileTypesAndContributionMap":{}},{"hash":"4b5e0b7c32a91c793be2a77c1d08cc6e19a21e65","isMergeCommit":false,"messageTitle":"Update AboutUs.md","messageBody":"","fileTypesAndContributionMap":{"docs":{"insertions":1,"deletions":1}}}]},{"date":"2025-10-08T00:00:00","commitResults":[{"hash":"cc6fee6dee2b431c65131fbb917d083d5f105069","isMergeCommit":true,"messageTitle":"Merge branch \u0027master\u0027 into Chiu-Yin-Chi-Aboutus","messageBody":"","fileTypesAndContributionMap":{}},{"hash":"0c05c2dea3b21a1bf1c5cfef5c1808317f682b88","isMergeCommit":true,"messageTitle":"Update Portfolio link in docs/AboutUs.md","messageBody":"","fileTypesAndContributionMap":{}},{"hash":"76c8e7e24c9bbf148bc858d34832b87708c111af","isMergeCommit":true,"messageTitle":"Merge branch \u0027master\u0027 into W1ndB10w-AboutUs","messageBody":"","fileTypesAndContributionMap":{}}]},{"date":"2025-10-10T00:00:00","commitResults":[{"hash":"8e6464e80d7f48112f13b9b6e666d77bfd9422a3","isMergeCommit":true,"messageTitle":"Merge pull request #13 from seahsongli/songli-AboutUs","messageBody":"Update AboutUs.md","fileTypesAndContributionMap":{}},{"hash":"902e89d6af6d790ae74d15cd6883f30613eafad6","isMergeCommit":true,"messageTitle":"Merge branch \u0027master\u0027 into W1ndB10w-AboutUs","messageBody":"","fileTypesAndContributionMap":{}},{"hash":"90fcdb60ef7780654b440d8092139df0dc7176f0","isMergeCommit":true,"messageTitle":"Merge branch \u0027master\u0027 into Chiu-Yin-Chi-Aboutus","messageBody":"","fileTypesAndContributionMap":{}},{"hash":"af4ac2b11b5cee1fd2e0d846e6ede2f745458a58","isMergeCommit":true,"messageTitle":"Merge pull request #7 from ycdaniel326/Chiu-Yin-Chi-Aboutus","messageBody":"removed the \"docs\" in the portfolio","fileTypesAndContributionMap":{}},{"hash":"a0a458de4412f3a4ae666d743919821fb36fe80c","isMergeCommit":true,"messageTitle":"Merge branch \u0027master\u0027 into W1ndB10w-AboutUs","messageBody":"","fileTypesAndContributionMap":{}}]},{"date":"2025-10-15T00:00:00","commitResults":[{"hash":"c4f94d0c9ae197d9cb3d5c9ec18e137bc0f219c2","isMergeCommit":true,"messageTitle":"Merge branch \u0027master\u0027 into 8-course-score-calculator","messageBody":"","fileTypesAndContributionMap":{}},{"hash":"88f3b8a20990ee8d2f348280f50880e42c80a8b0","isMergeCommit":false,"messageTitle":"Update Parser.java","messageBody":"","fileTypesAndContributionMap":{"functional-code":{"insertions":1,"deletions":0}}},{"hash":"a621a62c1429063b66e3d871f2c643d99d4bbb71","isMergeCommit":false,"messageTitle":"Update Module.java","messageBody":"","fileTypesAndContributionMap":{"functional-code":{"insertions":31,"deletions":3}}},{"hash":"1fb609292c747b59e89fb4f6871de159c6d6ff13","isMergeCommit":false,"messageTitle":"Update ModuleList.java","messageBody":"","fileTypesAndContributionMap":{"functional-code":{"insertions":77,"deletions":1}}},{"hash":"23c0deafb67561aa1c6d1e98d52efdc80281f2af","isMergeCommit":false,"messageTitle":"Create FilterCommand Subclass","messageBody":"","fileTypesAndContributionMap":{"functional-code":{"insertions":5,"deletions":0}}},{"hash":"19fd7283d112a4160c60048952e453445b01c23b","isMergeCommit":false,"messageTitle":"Initialize FilterCommand.java","messageBody":"","fileTypesAndContributionMap":{"functional-code":{"insertions":13,"deletions":1}}},{"hash":"742bfd5f70e4832052284a4545e329a16dec8081","isMergeCommit":false,"messageTitle":"Override execute method in FilterCommand.java","messageBody":"","fileTypesAndContributionMap":{"functional-code":{"insertions":52,"deletions":0}}},{"hash":"ff90c2257494546233fa992408baf936aaf7da04","isMergeCommit":false,"messageTitle":"Override isExit method in FilterCommand.java","messageBody":"","fileTypesAndContributionMap":{"functional-code":{"insertions":5,"deletions":0}}},{"hash":"de0f06b3c0ed88234574094c18dfcfa91de34742","isMergeCommit":false,"messageTitle":"Add showFilteredModules method in Ui.java","messageBody":"","fileTypesAndContributionMap":{"functional-code":{"insertions":26,"deletions":3}}},{"hash":"fbacb3fb3cb76f7b23cf40a7287c1969ba570fd0","isMergeCommit":false,"messageTitle":"Update welcome logo in Ui.java","messageBody":"","fileTypesAndContributionMap":{"functional-code":{"insertions":6,"deletions":6}}}]},{"date":"2025-10-16T00:00:00","commitResults":[{"hash":"7ee307107cd44658355619b3046eb31b65201c1e","isMergeCommit":false,"messageTitle":"Add filter feature in Parser.java","messageBody":"","fileTypesAndContributionMap":{"functional-code":{"insertions":44,"deletions":3}}},{"hash":"8163098944314dc32991b1557d4f48fe6a470533","isMergeCommit":false,"messageTitle":"Update InsertCommand.java","messageBody":"","fileTypesAndContributionMap":{"functional-code":{"insertions":10,"deletions":3}}},{"hash":"d92a5780ebe53273a0f41b98e06f8b7893d1e489","isMergeCommit":true,"messageTitle":"Merge pull request #21 from patrykmrozek/8-course-score-calculator-clean","messageBody":"Issue #8: course score calculator (clean)","fileTypesAndContributionMap":{}},{"hash":"7ede779e96556f37edd6be556b3ab6b7ab519918","isMergeCommit":false,"messageTitle":"Update welcome logo in Ui.java","messageBody":"","fileTypesAndContributionMap":{"functional-code":{"insertions":5,"deletions":5}}},{"hash":"b46a3eb1b478129ded06634b19310a8f2ea43316","isMergeCommit":true,"messageTitle":"Merge branch \u0027master\u0027 into feature/search","messageBody":"","fileTypesAndContributionMap":{}},{"hash":"4bbf529846ed7b6f84a349d9f6d7794a30229107","isMergeCommit":true,"messageTitle":"Resolve merge conflicts with master","messageBody":"","fileTypesAndContributionMap":{}},{"hash":"85cdcd42c7e39ec85d3f16cfb29877af84657fd8","isMergeCommit":false,"messageTitle":"Update ScoreCommand.java and Parser.java","messageBody":"","fileTypesAndContributionMap":{"functional-code":{"insertions":11,"deletions":13}}},{"hash":"ae517756d431f6efe2b39e45283f2a0208e50a12","isMergeCommit":false,"messageTitle":"Update logo indentation in Ui.java","messageBody":"","fileTypesAndContributionMap":{"functional-code":{"insertions":1,"deletions":1}}},{"hash":"cf905a69950d62cca02267f2567eabdf1873f731","isMergeCommit":false,"messageTitle":"Improve code quality in ScoreCommand.java","messageBody":"","fileTypesAndContributionMap":{"functional-code":{"insertions":3,"deletions":2}}},{"hash":"ed0249d8fe7718227b4ab0df903fc0b953fdcec6","isMergeCommit":false,"messageTitle":"Update switch-case indentation in FilterCommand.java","messageBody":"","fileTypesAndContributionMap":{"functional-code":{"insertions":38,"deletions":38}}},{"hash":"1b4d1d6684c91a5713807b0f3a417a4d6aae2407","isMergeCommit":false,"messageTitle":"Add end-of-file newlines","messageBody":"","fileTypesAndContributionMap":{"functional-code":{"insertions":5,"deletions":5}}},{"hash":"12acd5b9156687fb026e59ff6e090697b1625f8b","isMergeCommit":false,"messageTitle":"Improve code quality","messageBody":"","fileTypesAndContributionMap":{"functional-code":{"insertions":0,"deletions":20}}}]},{"date":"2025-10-23T00:00:00","commitResults":[{"hash":"4c664f386fac3679c02d2dd03c28921b94a8faac","isMergeCommit":true,"messageTitle":"Merge pull request #25 from ycdaniel326/refactor/execute-method","messageBody":"Refactor: Update execute() method to take both ModuleList and CourseRecord","fileTypesAndContributionMap":{}}]},{"date":"2025-10-24T00:00:00","commitResults":[{"hash":"874f8113cf0f1f22c11f830171fc4043698b79d8","isMergeCommit":true,"messageTitle":"Merge pull request #36 from patrykmrozek/ScoreCommandTesFix","messageBody":"Update ScoreCommandTest","fileTypesAndContributionMap":{}}]},{"date":"2025-10-29T00:00:00","commitResults":[{"hash":"d2221420da55bc2afd3b25a621f4cbc88ea530db","isMergeCommit":true,"messageTitle":"Merge pull request #44 from seahsongli/master","messageBody":"Add Text and JUnit tests","fileTypesAndContributionMap":{}}]}],"ycdaniel326":[{"date":"2025-10-02T00:00:00","commitResults":[{"hash":"03fe540d42f87fd6322e52d65b0506fa32fc9c3a","isMergeCommit":false,"messageTitle":"Updated the first line in the docs/AboutUs.md page in tutorial","messageBody":"","fileTypesAndContributionMap":{"docs":{"insertions":3,"deletions":7}}},{"hash":"c99c185d7cba69dde64db65ee73d5c875233cbea","isMergeCommit":false,"messageTitle":"removed the \"docs\" in the portfolio","messageBody":"","fileTypesAndContributionMap":{"docs":{"insertions":1,"deletions":1}}}]},{"date":"2025-10-16T00:00:00","commitResults":[{"hash":"3d16367703e5ae80015d493e546bb11cb7d9ff96","isMergeCommit":false,"messageTitle":"For the function GPA calculator, created the classes Course and CourseRecord.","messageBody":"","fileTypesAndContributionMap":{"functional-code":{"insertions":49,"deletions":0}}},{"hash":"068106642db4e47172b1f052a0c9452a1fbbb399","isMergeCommit":false,"messageTitle":"Added method getSize() for CourseRecord","messageBody":"","fileTypesAndContributionMap":{"functional-code":{"insertions":4,"deletions":0}}},{"hash":"a104461e98e279e4613fecb8fcf4ee5e8253cc62","isMergeCommit":false,"messageTitle":"Created two classes for the commands of \"add grade\" and \"compute gpa\".","messageBody":"","fileTypesAndContributionMap":{"functional-code":{"insertions":79,"deletions":0}}},{"hash":"e17332e78bca2b21295f02a0a86667afa6d9ddf2","isMergeCommit":false,"messageTitle":"Amended the output line of the \"compute gpa\" method.","messageBody":"","fileTypesAndContributionMap":{"functional-code":{"insertions":2,"deletions":1}}},{"hash":"92f9685a3932b44ec6bdecb62f175e75e047ba59","isMergeCommit":false,"messageTitle":"Amended Parser and Uniflow to cater the command of \"gpa\" and \"addgrade\".","messageBody":"","fileTypesAndContributionMap":{"functional-code":{"insertions":39,"deletions":0}}},{"hash":"bd2e68896335c09ebedae120bc5248e8612752bf","isMergeCommit":false,"messageTitle":"Changed the order of variable declaration.","messageBody":"","fileTypesAndContributionMap":{"functional-code":{"insertions":3,"deletions":1}}}]},{"date":"2025-10-22T00:00:00","commitResults":[{"hash":"952532e535c1d990ddc3265e5ef48d310e9795a4","isMergeCommit":false,"messageTitle":"Refactored execute() method to take both ModuleList and CoureseRecord. Updated the change for all related codes and simplified AddGradeCommand and ComputeGpaCommand.","messageBody":"","fileTypesAndContributionMap":{"functional-code":{"insertions":12,"deletions":19}}}]}],"sandrej09":[{"date":"2025-10-21T00:00:00","commitResults":[{"hash":"aa42bed2e967d0b984af76dcba8dfc6bba05b8a6","isMergeCommit":false,"messageTitle":"My local changes before update","messageBody":"","fileTypesAndContributionMap":{"functional-code":{"insertions":85,"deletions":0}}},{"hash":"e086cc432e1676c20f964c91e685cc2c2e72a5ff","isMergeCommit":false,"messageTitle":"add courses reviews, showing timetable","messageBody":"","fileTypesAndContributionMap":{"functional-code":{"insertions":305,"deletions":170}}},{"hash":"9cecef2bb78c939e90c6ac19ba87fd2473dd3b8e","isMergeCommit":false,"messageTitle":"Insert/read review, show/reset timetable","messageBody":"","fileTypesAndContributionMap":{"functional-code":{"insertions":190,"deletions":173}}}]},{"date":"2025-10-23T00:00:00","commitResults":[{"hash":"44e52d36360e393b03eff590ed118fa59ac88d6d","isMergeCommit":false,"messageTitle":"Fix Parser.java","messageBody":"","fileTypesAndContributionMap":{"functional-code":{"insertions":27,"deletions":3}}}]}],"seahsongli":[{"date":"2025-10-09T00:00:00","commitResults":[{"hash":"af709ee24e40234b9fe98be4c9df4c85ac1d44f2","isMergeCommit":false,"messageTitle":"Update AboutUs.md","messageBody":"","fileTypesAndContributionMap":{"docs":{"insertions":2,"deletions":1}}}]},{"date":"2025-10-10T00:00:00","commitResults":[{"hash":"a316b69957c2bc329b0d51e94830a86b902eaac1","isMergeCommit":true,"messageTitle":"Merge pull request #12 from W1ndB10w/W1ndB10w-AboutUs","messageBody":"Update Everyone\u0027s Portfolio links","fileTypesAndContributionMap":{}}]},{"date":"2025-10-12T00:00:00","commitResults":[{"hash":"ce3f01bef319321047d7e4ba522880e342060d00","isMergeCommit":false,"messageTitle":"Include skeleton of project + parser","messageBody":"","fileTypesAndContributionMap":{"functional-code":{"insertions":252,"deletions":21},"other":{"insertions":1,"deletions":1}}},{"hash":"335bd0cb44e2eba7bf83fa6a51a682dca38f4af2","isMergeCommit":false,"messageTitle":"Fix Checkstyle issues","messageBody":"","fileTypesAndContributionMap":{"functional-code":{"insertions":9,"deletions":9}}},{"hash":"8063320ad8be77e3d44a17cfa4e44911269bec20","isMergeCommit":false,"messageTitle":"Fix Checkstyle issues","messageBody":"","fileTypesAndContributionMap":{"functional-code":{"insertions":1,"deletions":4}}},{"hash":"938538b17e63a9bb883da7c50e8b3b363361378f","isMergeCommit":false,"messageTitle":"Add command to allow exit of program","messageBody":"","fileTypesAndContributionMap":{"functional-code":{"insertions":18,"deletions":0}}},{"hash":"8223be33f70e8ba6ba601ee3b6e0da07751fab00","isMergeCommit":false,"messageTitle":"Update dependencies to suit Uniflow","messageBody":"","fileTypesAndContributionMap":{"functional-code":{"insertions":8,"deletions":5},"other":{"insertions":1,"deletions":1}}},{"hash":"d07edaa7e113a4dc2beef92bf6ee2a22db677ee5","isMergeCommit":true,"messageTitle":"Merge pull request #14 from seahsongli/master","messageBody":"Include skeleton of project + parser + command classes","fileTypesAndContributionMap":{}}]},{"date":"2025-10-15T00:00:00","commitResults":[{"hash":"fdbe7adffd931394a242fe7e3f65cf4c412a090d","isMergeCommit":true,"messageTitle":"Merge pull request #15 from patrykmrozek/master","messageBody":"Add check for invalid command in Parser","fileTypesAndContributionMap":{}},{"hash":"bdcf687acf358886948b9f246ea74b1d56e8f1b0","isMergeCommit":true,"messageTitle":"Merge pull request #16 from patrykmrozek/module-class","messageBody":"Add simple module class","fileTypesAndContributionMap":{}},{"hash":"129e554e10f9501b47fab862d93ab670e1e56da4","isMergeCommit":false,"messageTitle":"Add Module List and list command.","messageBody":"","fileTypesAndContributionMap":{"functional-code":{"insertions":103,"deletions":20}}},{"hash":"b9914995cfeaa4bfa103d548ee1fdd6a06a00cf6","isMergeCommit":false,"messageTitle":"Fix coding stylistics","messageBody":"","fileTypesAndContributionMap":{"functional-code":{"insertions":5,"deletions":2}}}]},{"date":"2025-10-21T00:00:00","commitResults":[{"hash":"4040c6885b14e02e755cf08d7e9e550217fd98dd","isMergeCommit":false,"messageTitle":"Enable assertions","messageBody":"","fileTypesAndContributionMap":{"other":{"insertions":1,"deletions":0}}},{"hash":"a163b3410553cd378eb95accb048d9ea37756fc7","isMergeCommit":false,"messageTitle":"Add delete module command","messageBody":"","fileTypesAndContributionMap":{"functional-code":{"insertions":62,"deletions":2}}}]},{"date":"2025-10-23T00:00:00","commitResults":[{"hash":"736529390e52a3b6bb414c146e248b8459707c59","isMergeCommit":true,"messageTitle":"Merge branch \u0027master\u0027 into ScoreBreakdown","messageBody":"","fileTypesAndContributionMap":{}},{"hash":"99e7364e6b47b524abfc8ac9f75131b8871f101d","isMergeCommit":false,"messageTitle":"Update ScoreCommand.java","messageBody":"","fileTypesAndContributionMap":{"functional-code":{"insertions":1,"deletions":1}}}]},{"date":"2025-10-25T00:00:00","commitResults":[{"hash":"4e1c37c06250645c1fa9b581b6f4bfe6e05a2f9e","isMergeCommit":true,"messageTitle":"Merge remote-tracking branch \u0027upstream/master\u0027 into pr-test","messageBody":"","fileTypesAndContributionMap":{}}]},{"date":"2025-10-27T00:00:00","commitResults":[{"hash":"1a714a6cf6594b68abf9c6ba350a66e93b9dad6c","isMergeCommit":false,"messageTitle":"Add mockito to dependency","messageBody":"","fileTypesAndContributionMap":{"other":{"insertions":1,"deletions":0}}},{"hash":"d6d90ec7efdd1ae7f69a2c07e27d9b8d7a28f0c6","isMergeCommit":false,"messageTitle":"Add JUnit test for delete and insert command","messageBody":"","fileTypesAndContributionMap":{"test-code":{"insertions":123,"deletions":0}}},{"hash":"54648f3045a4bb586ce90b9cec0aac322db39ad3","isMergeCommit":false,"messageTitle":"Replace .* import with explicit imports","messageBody":"","fileTypesAndContributionMap":{"test-code":{"insertions":10,"deletions":3}}}]}]},"authorFileTypeContributionMap":{"patrykmrozek":{"docs":1,"functional-code":140,"test-code":50},"W1ndB10w":{"docs":3,"functional-code":245,"test-code":0},"ycdaniel326":{"docs":2,"functional-code":167,"test-code":0},"sandrej09":{"docs":0,"functional-code":317,"test-code":0},"seahsongli":{"docs":0,"functional-code":356,"test-code":131,"other":3}},"authorContributionVariance":{"patrykmrozek":2472.0251,"W1ndB10w":2220.0881,"ycdaniel326":770.677,"sandrej09":20260.424,"seahsongli":3380.1099},"authorDisplayNameMap":{"patrykmrozek":"CS2113-T10-3 MROZ..TRYK","W1ndB10w":"CS2113-T10-3 CHEN..EFAN","ycdaniel326":"CS2113-T10-3 CHIU.. CHI","sandrej09":"CS2113-T10-3 PACZ..LIAN","seahsongli":"CS2113-T10-3 SEAH..G LI"}}
