[{"path":"build.gradle","fileType":"other","lines":[{"lineNumber":1,"author":{"gitId":"-"},"content":"plugins {","lastModifiedDate":"2020-05-25T00:58:18","isFullCredit":false},{"lineNumber":2,"author":{"gitId":"-"},"content":"    id \u0027java\u0027","lastModifiedDate":"2020-05-25T00:58:18","isFullCredit":false},{"lineNumber":3,"author":{"gitId":"-"},"content":"    id \u0027application\u0027","lastModifiedDate":"2020-05-25T00:58:18","isFullCredit":false},{"lineNumber":4,"author":{"gitId":"-"},"content":"    id \u0027checkstyle\u0027","lastModifiedDate":"2020-05-25T00:58:18","isFullCredit":false},{"lineNumber":5,"author":{"gitId":"-"},"content":"    id \u0027com.github.johnrengelman.shadow\u0027 version \u00277.1.2\u0027","lastModifiedDate":"2022-06-17T23:25:39","isFullCredit":false},{"lineNumber":6,"author":{"gitId":"-"},"content":"}","lastModifiedDate":"2020-05-25T00:58:18","isFullCredit":false},{"lineNumber":7,"author":{"gitId":"-"},"content":"","lastModifiedDate":"2020-05-25T00:58:18","isFullCredit":false},{"lineNumber":8,"author":{"gitId":"-"},"content":"repositories {","lastModifiedDate":"2020-05-25T00:58:18","isFullCredit":false},{"lineNumber":9,"author":{"gitId":"-"},"content":"    mavenCentral()","lastModifiedDate":"2020-05-25T00:58:18","isFullCredit":false},{"lineNumber":10,"author":{"gitId":"-"},"content":"}","lastModifiedDate":"2020-05-25T00:58:18","isFullCredit":false},{"lineNumber":11,"author":{"gitId":"-"},"content":"","lastModifiedDate":"2020-05-25T00:58:18","isFullCredit":false},{"lineNumber":12,"author":{"gitId":"-"},"content":"dependencies {","lastModifiedDate":"2020-05-25T00:58:18","isFullCredit":false},{"lineNumber":13,"author":{"gitId":"-"},"content":"    testImplementation group: \u0027org.junit.jupiter\u0027, name: \u0027junit-jupiter-api\u0027, version: \u00275.10.0\u0027","lastModifiedDate":"2023-08-05T15:18:59","isFullCredit":false},{"lineNumber":14,"author":{"gitId":"-"},"content":"    testRuntimeOnly group: \u0027org.junit.jupiter\u0027, name: \u0027junit-jupiter-engine\u0027, version: \u00275.10.0\u0027","lastModifiedDate":"2023-08-05T15:18:59","isFullCredit":false},{"lineNumber":15,"author":{"gitId":"-"},"content":"}","lastModifiedDate":"2020-05-25T00:58:18","isFullCredit":false},{"lineNumber":16,"author":{"gitId":"-"},"content":"","lastModifiedDate":"2020-05-25T00:58:18","isFullCredit":false},{"lineNumber":17,"author":{"gitId":"-"},"content":"test {","lastModifiedDate":"2020-05-25T00:58:18","isFullCredit":false},{"lineNumber":18,"author":{"gitId":"-"},"content":"    useJUnitPlatform()","lastModifiedDate":"2020-05-25T00:58:18","isFullCredit":false},{"lineNumber":19,"author":{"gitId":"-"},"content":"","lastModifiedDate":"2020-05-25T00:58:18","isFullCredit":false},{"lineNumber":20,"author":{"gitId":"-"},"content":"    testLogging {","lastModifiedDate":"2020-05-25T00:58:18","isFullCredit":false},{"lineNumber":21,"author":{"gitId":"-"},"content":"        events \"passed\", \"skipped\", \"failed\"","lastModifiedDate":"2020-05-25T00:58:18","isFullCredit":false},{"lineNumber":22,"author":{"gitId":"-"},"content":"","lastModifiedDate":"2020-05-25T00:58:18","isFullCredit":false},{"lineNumber":23,"author":{"gitId":"-"},"content":"        showExceptions true","lastModifiedDate":"2020-05-25T00:58:18","isFullCredit":false},{"lineNumber":24,"author":{"gitId":"-"},"content":"        exceptionFormat \"full\"","lastModifiedDate":"2020-05-25T00:58:18","isFullCredit":false},{"lineNumber":25,"author":{"gitId":"-"},"content":"        showCauses true","lastModifiedDate":"2020-05-25T00:58:18","isFullCredit":false},{"lineNumber":26,"author":{"gitId":"-"},"content":"        showStackTraces true","lastModifiedDate":"2020-05-25T00:58:18","isFullCredit":false},{"lineNumber":27,"author":{"gitId":"-"},"content":"        showStandardStreams \u003d false","lastModifiedDate":"2020-05-25T00:58:18","isFullCredit":false},{"lineNumber":28,"author":{"gitId":"-"},"content":"    }","lastModifiedDate":"2020-05-25T00:58:18","isFullCredit":false},{"lineNumber":29,"author":{"gitId":"-"},"content":"}","lastModifiedDate":"2020-05-25T00:58:18","isFullCredit":false},{"lineNumber":30,"author":{"gitId":"-"},"content":"","lastModifiedDate":"2020-05-25T00:58:18","isFullCredit":false},{"lineNumber":31,"author":{"gitId":"-"},"content":"application {","lastModifiedDate":"2020-05-25T00:58:18","isFullCredit":false},{"lineNumber":32,"author":{"gitId":"Izen9835"},"content":"    mainClass.set(\"seedu.fitnessone.FitnessONE\")","lastModifiedDate":"2025-10-02T00:41:03","isFullCredit":false},{"lineNumber":33,"author":{"gitId":"-"},"content":"}","lastModifiedDate":"2020-05-25T00:58:18","isFullCredit":false},{"lineNumber":34,"author":{"gitId":"-"},"content":"","lastModifiedDate":"2020-05-25T00:58:18","isFullCredit":false},{"lineNumber":35,"author":{"gitId":"-"},"content":"shadowJar {","lastModifiedDate":"2020-05-25T00:58:18","isFullCredit":false},{"lineNumber":36,"author":{"gitId":"-"},"content":"    archiveBaseName.set(\"duke\")","lastModifiedDate":"2023-09-24T00:28:46","isFullCredit":false},{"lineNumber":37,"author":{"gitId":"-"},"content":"    archiveClassifier.set(\"\")","lastModifiedDate":"2023-09-24T00:28:46","isFullCredit":false},{"lineNumber":38,"author":{"gitId":"-"},"content":"}","lastModifiedDate":"2020-05-25T00:58:18","isFullCredit":false},{"lineNumber":39,"author":{"gitId":"-"},"content":"","lastModifiedDate":"2020-05-25T00:58:18","isFullCredit":false},{"lineNumber":40,"author":{"gitId":"-"},"content":"checkstyle {","lastModifiedDate":"2020-05-25T00:58:18","isFullCredit":false},{"lineNumber":41,"author":{"gitId":"-"},"content":"    toolVersion \u003d \u002710.2\u0027","lastModifiedDate":"2022-04-29T23:10:53","isFullCredit":false},{"lineNumber":42,"author":{"gitId":"-"},"content":"}","lastModifiedDate":"2020-05-25T00:58:18","isFullCredit":false},{"lineNumber":43,"author":{"gitId":"-"},"content":"","lastModifiedDate":"2020-05-25T00:58:18","isFullCredit":false},{"lineNumber":44,"author":{"gitId":"-"},"content":"run{","lastModifiedDate":"2020-05-25T00:58:18","isFullCredit":false},{"lineNumber":45,"author":{"gitId":"-"},"content":"    standardInput \u003d System.in","lastModifiedDate":"2020-05-25T00:58:18","isFullCredit":false},{"lineNumber":46,"author":{"gitId":"-"},"content":"}","lastModifiedDate":"2020-05-25T00:58:18","isFullCredit":false}],"authorContributionMap":{"-":45,"Izen9835":1}},{"path":"docs/AboutUs.md","fileType":"docs","lines":[{"lineNumber":1,"author":{"gitId":"mazh25"},"content":"# About us:","lastModifiedDate":"2025-10-01T15:19:55","isFullCredit":false},{"lineNumber":2,"author":{"gitId":"-"},"content":"Display |      Name       |              Github Profile               | Portfolio ","lastModifiedDate":"2020-05-24T00:51:04","isFullCredit":false},{"lineNumber":3,"author":{"gitId":"Izen9835"},"content":"--------|:---------------:|:-----------------------------------------:|:---------:","lastModifiedDate":"2025-10-01T23:45:10","isFullCredit":false},{"lineNumber":4,"author":{"gitId":"Izen9835"},"content":"![](https://encrypted-tbn0.gstatic.com/images?q\u003dtbn:ANd9GcRIuMYVXS2hHUDW2NYYtyvDFLETIMuwEd2wYQ\u0026s) | Toh Ee Sen Izen |   [Github](https://github.com/Izen9835)   | [Portfolio](docs/team/izen9835.md)","lastModifiedDate":"2025-10-01T14:53:44","isFullCredit":false},{"lineNumber":5,"author":{"gitId":"Izen9835"},"content":"![](https://via.placeholder.com/100.png?text\u003dPhoto) | Yeung Ho / Gordon |   [GitHub](https://github.com/hyeungac)   | [Portfolio](docs/team/hyeungac.md)","lastModifiedDate":"2025-10-01T23:45:10","isFullCredit":false},{"lineNumber":6,"author":{"gitId":"ChangIkJoong"},"content":"![](https://via.placeholder.com/100.png?text\u003dPhoto) | Philip Hansson | [Github](https://github.com/changikjoong) | [Portfolio](docs/team/changikjoong.md)","lastModifiedDate":"2025-10-01T15:48:42","isFullCredit":false},{"lineNumber":7,"author":{"gitId":"Izen9835"},"content":"![](https://avatars.githubusercontent.com/u/226673612?v\u003d4\u0026size\u003d64) | Ma Zhiheng |    [Github](https://github.com/mazh25)    | [Portfolio](docs/team/mazh25.md)","lastModifiedDate":"2025-10-01T23:49:32","isFullCredit":false}],"authorContributionMap":{"ChangIkJoong":1,"mazh25":1,"-":1,"Izen9835":4}},{"path":"docs/team/izen9835.md","fileType":"docs","lines":[{"lineNumber":1,"author":{"gitId":"Izen9835"},"content":"# Izen9835 - Project Portfolio Page","lastModifiedDate":"2025-10-01T14:53:44","isFullCredit":false},{"lineNumber":2,"author":{"gitId":"Izen9835"},"content":"","lastModifiedDate":"2025-10-01T14:53:44","isFullCredit":false},{"lineNumber":3,"author":{"gitId":"Izen9835"},"content":"## Overview","lastModifiedDate":"2025-10-01T14:53:44","isFullCredit":false},{"lineNumber":4,"author":{"gitId":"Izen9835"},"content":"- SWE","lastModifiedDate":"2025-10-01T14:53:44","isFullCredit":false},{"lineNumber":5,"author":{"gitId":"Izen9835"},"content":"","lastModifiedDate":"2025-10-01T14:53:44","isFullCredit":false},{"lineNumber":6,"author":{"gitId":"Izen9835"},"content":"### Summary of Contributions","lastModifiedDate":"2025-10-01T14:53:44","isFullCredit":false},{"lineNumber":7,"author":{"gitId":"Izen9835"},"content":"- created initial CLI backend framework","lastModifiedDate":"2025-10-01T14:53:44","isFullCredit":false}],"authorContributionMap":{"Izen9835":7}},{"path":"src/main/java/seedu/fitnessone/Command/Command.java","fileType":"functional-code","lines":[{"lineNumber":1,"author":{"gitId":"Izen9835"},"content":"package seedu.fitnessone.Command;","lastModifiedDate":"2025-10-01T16:21:59","isFullCredit":false},{"lineNumber":2,"author":{"gitId":"Izen9835"},"content":"","lastModifiedDate":"2025-10-01T16:21:59","isFullCredit":false},{"lineNumber":3,"author":{"gitId":"Izen9835"},"content":"import seedu.fitnessone.Controller.Coach;","lastModifiedDate":"2025-10-01T16:21:59","isFullCredit":false},{"lineNumber":4,"author":{"gitId":"Izen9835"},"content":"import seedu.fitnessone.Exception.InvalidCommandException;","lastModifiedDate":"2025-10-01T16:21:59","isFullCredit":false},{"lineNumber":5,"author":{"gitId":"Izen9835"},"content":"import seedu.fitnessone.UI.Ui;","lastModifiedDate":"2025-10-01T16:21:59","isFullCredit":false},{"lineNumber":6,"author":{"gitId":"Izen9835"},"content":"","lastModifiedDate":"2025-10-01T16:21:59","isFullCredit":false},{"lineNumber":7,"author":{"gitId":"Izen9835"},"content":"public interface Command {","lastModifiedDate":"2025-10-01T16:21:59","isFullCredit":false},{"lineNumber":8,"author":{"gitId":"Izen9835"},"content":"    void execute(Coach _coach, Ui _ui) throws InvalidCommandException;","lastModifiedDate":"2025-10-01T16:21:59","isFullCredit":false},{"lineNumber":9,"author":{"gitId":"Izen9835"},"content":"    boolean isExit();","lastModifiedDate":"2025-10-01T16:21:59","isFullCredit":false},{"lineNumber":10,"author":{"gitId":"Izen9835"},"content":"}","lastModifiedDate":"2025-10-01T16:21:59","isFullCredit":false}],"authorContributionMap":{"Izen9835":10}},{"path":"src/main/java/seedu/fitnessone/Command/ExitCommand.java","fileType":"functional-code","lines":[{"lineNumber":1,"author":{"gitId":"Izen9835"},"content":"","lastModifiedDate":"2025-10-01T16:21:59","isFullCredit":false},{"lineNumber":2,"author":{"gitId":"Izen9835"},"content":"/**","lastModifiedDate":"2025-10-01T16:21:59","isFullCredit":false},{"lineNumber":3,"author":{"gitId":"Izen9835"},"content":" * Represents a command to exit the application.","lastModifiedDate":"2025-10-01T16:21:59","isFullCredit":false},{"lineNumber":4,"author":{"gitId":"Izen9835"},"content":" * When executed, displays a farewell message and signals the app to terminate.","lastModifiedDate":"2025-10-01T16:21:59","isFullCredit":false},{"lineNumber":5,"author":{"gitId":"Izen9835"},"content":" */","lastModifiedDate":"2025-10-01T16:21:59","isFullCredit":false},{"lineNumber":6,"author":{"gitId":"Izen9835"},"content":"package seedu.fitnessone.Command;","lastModifiedDate":"2025-10-01T16:21:59","isFullCredit":false},{"lineNumber":7,"author":{"gitId":"Izen9835"},"content":"","lastModifiedDate":"2025-10-01T16:21:59","isFullCredit":false},{"lineNumber":8,"author":{"gitId":"Izen9835"},"content":"","lastModifiedDate":"2025-10-01T16:21:59","isFullCredit":false},{"lineNumber":9,"author":{"gitId":"Izen9835"},"content":"import seedu.fitnessone.Controller.Coach;","lastModifiedDate":"2025-10-01T16:21:59","isFullCredit":false},{"lineNumber":10,"author":{"gitId":"Izen9835"},"content":"import seedu.fitnessone.Exception.InvalidCommandException;","lastModifiedDate":"2025-10-01T16:21:59","isFullCredit":false},{"lineNumber":11,"author":{"gitId":"Izen9835"},"content":"import seedu.fitnessone.UI.Ui;","lastModifiedDate":"2025-10-01T16:21:59","isFullCredit":false},{"lineNumber":12,"author":{"gitId":"Izen9835"},"content":"","lastModifiedDate":"2025-10-01T16:21:59","isFullCredit":false},{"lineNumber":13,"author":{"gitId":"Izen9835"},"content":"public class ExitCommand implements Command {","lastModifiedDate":"2025-10-01T16:21:59","isFullCredit":false},{"lineNumber":14,"author":{"gitId":"Izen9835"},"content":"","lastModifiedDate":"2025-10-01T16:21:59","isFullCredit":false},{"lineNumber":15,"author":{"gitId":"Izen9835"},"content":"","lastModifiedDate":"2025-10-01T16:21:59","isFullCredit":false},{"lineNumber":16,"author":{"gitId":"Izen9835"},"content":"    /**","lastModifiedDate":"2025-10-01T16:21:59","isFullCredit":false},{"lineNumber":17,"author":{"gitId":"Izen9835"},"content":"     * Executes the command to display a farewell message.","lastModifiedDate":"2025-10-01T16:21:59","isFullCredit":false},{"lineNumber":18,"author":{"gitId":"Izen9835"},"content":"     * @param _coach The task list (unused).","lastModifiedDate":"2025-10-01T16:21:59","isFullCredit":false},{"lineNumber":19,"author":{"gitId":"Izen9835"},"content":"     * @param _ui The UI for displaying output.","lastModifiedDate":"2025-10-01T16:21:59","isFullCredit":false},{"lineNumber":20,"author":{"gitId":"Izen9835"},"content":"     */","lastModifiedDate":"2025-10-01T16:21:59","isFullCredit":false},{"lineNumber":21,"author":{"gitId":"Izen9835"},"content":"    @Override","lastModifiedDate":"2025-10-01T16:21:59","isFullCredit":false},{"lineNumber":22,"author":{"gitId":"Izen9835"},"content":"    public void execute(Coach _coach, Ui _ui) throws InvalidCommandException {","lastModifiedDate":"2025-10-01T16:21:59","isFullCredit":false},{"lineNumber":23,"author":{"gitId":"Izen9835"},"content":"        _ui.printWithDivider(\"Bye. Hope to see you again soon!\");","lastModifiedDate":"2025-10-01T16:21:59","isFullCredit":false},{"lineNumber":24,"author":{"gitId":"Izen9835"},"content":"    }","lastModifiedDate":"2025-10-01T16:21:59","isFullCredit":false},{"lineNumber":25,"author":{"gitId":"Izen9835"},"content":"","lastModifiedDate":"2025-10-01T16:21:59","isFullCredit":false},{"lineNumber":26,"author":{"gitId":"Izen9835"},"content":"    /**","lastModifiedDate":"2025-10-01T16:21:59","isFullCredit":false},{"lineNumber":27,"author":{"gitId":"Izen9835"},"content":"     * Indicates whether this command should exit the application.","lastModifiedDate":"2025-10-01T16:21:59","isFullCredit":false},{"lineNumber":28,"author":{"gitId":"Izen9835"},"content":"     * @return true, as this command signals the app to terminate.","lastModifiedDate":"2025-10-01T16:21:59","isFullCredit":false},{"lineNumber":29,"author":{"gitId":"Izen9835"},"content":"     */","lastModifiedDate":"2025-10-01T16:21:59","isFullCredit":false},{"lineNumber":30,"author":{"gitId":"Izen9835"},"content":"    @Override","lastModifiedDate":"2025-10-01T16:21:59","isFullCredit":false},{"lineNumber":31,"author":{"gitId":"Izen9835"},"content":"    public boolean isExit() {","lastModifiedDate":"2025-10-01T16:21:59","isFullCredit":false},{"lineNumber":32,"author":{"gitId":"Izen9835"},"content":"        return true;","lastModifiedDate":"2025-10-01T16:21:59","isFullCredit":false},{"lineNumber":33,"author":{"gitId":"Izen9835"},"content":"    }","lastModifiedDate":"2025-10-01T16:21:59","isFullCredit":false},{"lineNumber":34,"author":{"gitId":"Izen9835"},"content":"}","lastModifiedDate":"2025-10-01T16:21:59","isFullCredit":false}],"authorContributionMap":{"Izen9835":34}},{"path":"src/main/java/seedu/fitnessone/Controller/Coach.java","fileType":"functional-code","lines":[{"lineNumber":1,"author":{"gitId":"Izen9835"},"content":"package seedu.fitnessone.Controller;","lastModifiedDate":"2025-10-01T16:21:59","isFullCredit":false},{"lineNumber":2,"author":{"gitId":"Izen9835"},"content":"","lastModifiedDate":"2025-10-01T16:21:59","isFullCredit":false},{"lineNumber":3,"author":{"gitId":"Izen9835"},"content":"import seedu.fitnessone.Model.Athlete;","lastModifiedDate":"2025-10-01T16:21:59","isFullCredit":false},{"lineNumber":4,"author":{"gitId":"Izen9835"},"content":"","lastModifiedDate":"2025-10-01T16:21:59","isFullCredit":false},{"lineNumber":5,"author":{"gitId":"Izen9835"},"content":"import java.util.ArrayList;","lastModifiedDate":"2025-10-01T16:21:59","isFullCredit":false},{"lineNumber":6,"author":{"gitId":"Izen9835"},"content":"import java.util.List;","lastModifiedDate":"2025-10-01T16:21:59","isFullCredit":false},{"lineNumber":7,"author":{"gitId":"Izen9835"},"content":"","lastModifiedDate":"2025-10-01T16:21:59","isFullCredit":false},{"lineNumber":8,"author":{"gitId":"Izen9835"},"content":"public class Coach {","lastModifiedDate":"2025-10-01T16:21:59","isFullCredit":false},{"lineNumber":9,"author":{"gitId":"Izen9835"},"content":"    private List\u003cAthlete\u003e athletes;","lastModifiedDate":"2025-10-01T16:21:59","isFullCredit":false},{"lineNumber":10,"author":{"gitId":"Izen9835"},"content":"","lastModifiedDate":"2025-10-01T16:21:59","isFullCredit":false},{"lineNumber":11,"author":{"gitId":"Izen9835"},"content":"    /**","lastModifiedDate":"2025-10-01T16:21:59","isFullCredit":false},{"lineNumber":12,"author":{"gitId":"Izen9835"},"content":"     * Constructs an empty TaskList.","lastModifiedDate":"2025-10-01T16:21:59","isFullCredit":false},{"lineNumber":13,"author":{"gitId":"Izen9835"},"content":"     */","lastModifiedDate":"2025-10-01T16:21:59","isFullCredit":false},{"lineNumber":14,"author":{"gitId":"Izen9835"},"content":"    public Coach() {","lastModifiedDate":"2025-10-01T16:21:59","isFullCredit":false},{"lineNumber":15,"author":{"gitId":"Izen9835"},"content":"        this.athletes \u003d new ArrayList\u003c\u003e();","lastModifiedDate":"2025-10-01T16:21:59","isFullCredit":false},{"lineNumber":16,"author":{"gitId":"Izen9835"},"content":"    }","lastModifiedDate":"2025-10-01T16:21:59","isFullCredit":false},{"lineNumber":17,"author":{"gitId":"Izen9835"},"content":"}","lastModifiedDate":"2025-10-01T16:21:59","isFullCredit":false}],"authorContributionMap":{"Izen9835":17}},{"path":"src/main/java/seedu/fitnessone/Exception/InvalidCommandException.java","fileType":"functional-code","lines":[{"lineNumber":1,"author":{"gitId":"Izen9835"},"content":"package seedu.fitnessone.Exception;","lastModifiedDate":"2025-10-01T16:21:59","isFullCredit":false},{"lineNumber":2,"author":{"gitId":"Izen9835"},"content":"","lastModifiedDate":"2025-10-01T16:21:59","isFullCredit":false},{"lineNumber":3,"author":{"gitId":"Izen9835"},"content":"public class InvalidCommandException extends Throwable {","lastModifiedDate":"2025-10-01T16:21:59","isFullCredit":false},{"lineNumber":4,"author":{"gitId":"Izen9835"},"content":"    public InvalidCommandException(String message) {","lastModifiedDate":"2025-10-01T16:21:59","isFullCredit":false},{"lineNumber":5,"author":{"gitId":"Izen9835"},"content":"        super(message);","lastModifiedDate":"2025-10-01T16:21:59","isFullCredit":false},{"lineNumber":6,"author":{"gitId":"Izen9835"},"content":"    }","lastModifiedDate":"2025-10-01T16:21:59","isFullCredit":false},{"lineNumber":7,"author":{"gitId":"Izen9835"},"content":"","lastModifiedDate":"2025-10-01T16:21:59","isFullCredit":false},{"lineNumber":8,"author":{"gitId":"Izen9835"},"content":"}","lastModifiedDate":"2025-10-01T16:21:59","isFullCredit":false}],"authorContributionMap":{"Izen9835":8}},{"path":"src/main/java/seedu/fitnessone/FitnessONE.java","fileType":"functional-code","lines":[{"lineNumber":1,"author":{"gitId":"Izen9835"},"content":"package seedu.fitnessone;","lastModifiedDate":"2025-10-01T16:21:59","isFullCredit":false},{"lineNumber":2,"author":{"gitId":"Izen9835"},"content":"","lastModifiedDate":"2025-10-01T16:21:59","isFullCredit":false},{"lineNumber":3,"author":{"gitId":"Izen9835"},"content":"import seedu.fitnessone.Command.Command;","lastModifiedDate":"2025-10-01T16:21:59","isFullCredit":false},{"lineNumber":4,"author":{"gitId":"Izen9835"},"content":"import seedu.fitnessone.Controller.Coach;","lastModifiedDate":"2025-10-01T16:21:59","isFullCredit":false},{"lineNumber":5,"author":{"gitId":"Izen9835"},"content":"import seedu.fitnessone.Exception.InvalidCommandException;","lastModifiedDate":"2025-10-01T16:21:59","isFullCredit":false},{"lineNumber":6,"author":{"gitId":"Izen9835"},"content":"import seedu.fitnessone.UI.Parser;","lastModifiedDate":"2025-10-01T16:21:59","isFullCredit":false},{"lineNumber":7,"author":{"gitId":"Izen9835"},"content":"import seedu.fitnessone.UI.Ui;","lastModifiedDate":"2025-10-01T16:21:59","isFullCredit":false},{"lineNumber":8,"author":{"gitId":"Izen9835"},"content":"","lastModifiedDate":"2025-10-01T16:21:59","isFullCredit":false},{"lineNumber":9,"author":{"gitId":"Izen9835"},"content":"public class FitnessONE {","lastModifiedDate":"2025-10-01T16:21:59","isFullCredit":false},{"lineNumber":10,"author":{"gitId":"Izen9835"},"content":"    private Ui _ui;","lastModifiedDate":"2025-10-01T16:21:59","isFullCredit":false},{"lineNumber":11,"author":{"gitId":"Izen9835"},"content":"    private Coach _coach;","lastModifiedDate":"2025-10-01T16:21:59","isFullCredit":false},{"lineNumber":12,"author":{"gitId":"Izen9835"},"content":"","lastModifiedDate":"2025-10-01T16:21:59","isFullCredit":false},{"lineNumber":13,"author":{"gitId":"Izen9835"},"content":"","lastModifiedDate":"2025-10-01T16:21:59","isFullCredit":false},{"lineNumber":14,"author":{"gitId":"Izen9835"},"content":"    public FitnessONE() {","lastModifiedDate":"2025-10-01T16:21:59","isFullCredit":false},{"lineNumber":15,"author":{"gitId":"Izen9835"},"content":"        _ui \u003d new Ui();","lastModifiedDate":"2025-10-01T16:21:59","isFullCredit":false},{"lineNumber":16,"author":{"gitId":"Izen9835"},"content":"        _coach \u003d new Coach();","lastModifiedDate":"2025-10-01T16:21:59","isFullCredit":false},{"lineNumber":17,"author":{"gitId":"Izen9835"},"content":"","lastModifiedDate":"2025-10-01T16:21:59","isFullCredit":false},{"lineNumber":18,"author":{"gitId":"Izen9835"},"content":"        _ui.showWelcome();","lastModifiedDate":"2025-10-01T16:21:59","isFullCredit":false},{"lineNumber":19,"author":{"gitId":"Izen9835"},"content":"    }","lastModifiedDate":"2025-10-01T16:21:59","isFullCredit":false},{"lineNumber":20,"author":{"gitId":"Izen9835"},"content":"","lastModifiedDate":"2025-10-01T16:21:59","isFullCredit":false},{"lineNumber":21,"author":{"gitId":"Izen9835"},"content":"    private void run() {","lastModifiedDate":"2025-10-02T00:02:25","isFullCredit":false},{"lineNumber":22,"author":{"gitId":"Izen9835"},"content":"        boolean isExit \u003d false;","lastModifiedDate":"2025-10-01T16:21:59","isFullCredit":false},{"lineNumber":23,"author":{"gitId":"Izen9835"},"content":"        while (!isExit) {","lastModifiedDate":"2025-10-01T16:21:59","isFullCredit":false},{"lineNumber":24,"author":{"gitId":"Izen9835"},"content":"            try {","lastModifiedDate":"2025-10-01T16:21:59","isFullCredit":false},{"lineNumber":25,"author":{"gitId":"Izen9835"},"content":"                String userInput \u003d _ui.readCommand();","lastModifiedDate":"2025-10-01T16:21:59","isFullCredit":false},{"lineNumber":26,"author":{"gitId":"Izen9835"},"content":"                Command c \u003d Parser.parse(userInput);","lastModifiedDate":"2025-10-01T16:21:59","isFullCredit":false},{"lineNumber":27,"author":{"gitId":"Izen9835"},"content":"                c.execute(_coach, _ui);","lastModifiedDate":"2025-10-01T16:21:59","isFullCredit":false},{"lineNumber":28,"author":{"gitId":"Izen9835"},"content":"                isExit \u003d c.isExit();","lastModifiedDate":"2025-10-01T16:21:59","isFullCredit":false},{"lineNumber":29,"author":{"gitId":"Izen9835"},"content":"            }","lastModifiedDate":"2025-10-01T16:21:59","isFullCredit":false},{"lineNumber":30,"author":{"gitId":"Izen9835"},"content":"            catch (InvalidCommandException e) {","lastModifiedDate":"2025-10-01T16:21:59","isFullCredit":false},{"lineNumber":31,"author":{"gitId":"Izen9835"},"content":"                _ui.printWithDivider(e.getMessage());","lastModifiedDate":"2025-10-01T16:21:59","isFullCredit":false},{"lineNumber":32,"author":{"gitId":"Izen9835"},"content":"            }","lastModifiedDate":"2025-10-01T16:21:59","isFullCredit":false},{"lineNumber":33,"author":{"gitId":"Izen9835"},"content":"","lastModifiedDate":"2025-10-01T16:21:59","isFullCredit":false},{"lineNumber":34,"author":{"gitId":"Izen9835"},"content":"        }","lastModifiedDate":"2025-10-01T16:21:59","isFullCredit":false},{"lineNumber":35,"author":{"gitId":"Izen9835"},"content":"    }","lastModifiedDate":"2025-10-01T16:21:59","isFullCredit":false},{"lineNumber":36,"author":{"gitId":"Izen9835"},"content":"","lastModifiedDate":"2025-10-01T16:21:59","isFullCredit":false},{"lineNumber":37,"author":{"gitId":"Izen9835"},"content":"","lastModifiedDate":"2025-10-01T16:21:59","isFullCredit":false},{"lineNumber":38,"author":{"gitId":"Izen9835"},"content":"","lastModifiedDate":"2025-10-01T16:21:59","isFullCredit":false},{"lineNumber":39,"author":{"gitId":"Izen9835"},"content":"    /**","lastModifiedDate":"2025-10-01T16:21:59","isFullCredit":false},{"lineNumber":40,"author":{"gitId":"Izen9835"},"content":"     * Main entry-point for the java.duke.Duke application.","lastModifiedDate":"2025-10-01T16:21:59","isFullCredit":false},{"lineNumber":41,"author":{"gitId":"Izen9835"},"content":"     */","lastModifiedDate":"2025-10-01T16:21:59","isFullCredit":false},{"lineNumber":42,"author":{"gitId":"Izen9835"},"content":"    public static void main(String[] args) {","lastModifiedDate":"2025-10-01T16:21:59","isFullCredit":false},{"lineNumber":43,"author":{"gitId":"Izen9835"},"content":"        new FitnessONE().run();","lastModifiedDate":"2025-10-02T00:02:25","isFullCredit":false},{"lineNumber":44,"author":{"gitId":"Izen9835"},"content":"    }","lastModifiedDate":"2025-10-01T16:21:59","isFullCredit":false},{"lineNumber":45,"author":{"gitId":"Izen9835"},"content":"","lastModifiedDate":"2025-10-01T16:21:59","isFullCredit":false},{"lineNumber":46,"author":{"gitId":"Izen9835"},"content":"}","lastModifiedDate":"2025-10-01T16:21:59","isFullCredit":false}],"authorContributionMap":{"Izen9835":46}},{"path":"src/main/java/seedu/fitnessone/Model/Athlete.java","fileType":"functional-code","lines":[{"lineNumber":1,"author":{"gitId":"Izen9835"},"content":"package seedu.fitnessone.Model;","lastModifiedDate":"2025-10-01T16:21:59","isFullCredit":false},{"lineNumber":2,"author":{"gitId":"Izen9835"},"content":"","lastModifiedDate":"2025-10-01T16:21:59","isFullCredit":false},{"lineNumber":3,"author":{"gitId":"Izen9835"},"content":"import java.util.List;","lastModifiedDate":"2025-10-01T16:21:59","isFullCredit":false},{"lineNumber":4,"author":{"gitId":"Izen9835"},"content":"","lastModifiedDate":"2025-10-01T16:21:59","isFullCredit":false},{"lineNumber":5,"author":{"gitId":"Izen9835"},"content":"public class Athlete {","lastModifiedDate":"2025-10-01T16:21:59","isFullCredit":false},{"lineNumber":6,"author":{"gitId":"Izen9835"},"content":"    private String ID;","lastModifiedDate":"2025-10-01T16:21:59","isFullCredit":false},{"lineNumber":7,"author":{"gitId":"Izen9835"},"content":"    private String name;","lastModifiedDate":"2025-10-01T16:21:59","isFullCredit":false},{"lineNumber":8,"author":{"gitId":"Izen9835"},"content":"    private List\u003cSession\u003e sessions;","lastModifiedDate":"2025-10-01T16:21:59","isFullCredit":false},{"lineNumber":9,"author":{"gitId":"Izen9835"},"content":"","lastModifiedDate":"2025-10-01T16:21:59","isFullCredit":false},{"lineNumber":10,"author":{"gitId":"Izen9835"},"content":"","lastModifiedDate":"2025-10-01T16:21:59","isFullCredit":false},{"lineNumber":11,"author":{"gitId":"Izen9835"},"content":"}","lastModifiedDate":"2025-10-01T16:21:59","isFullCredit":false}],"authorContributionMap":{"Izen9835":11}},{"path":"src/main/java/seedu/fitnessone/Model/Session.java","fileType":"functional-code","lines":[{"lineNumber":1,"author":{"gitId":"Izen9835"},"content":"package seedu.fitnessone.Model;","lastModifiedDate":"2025-10-01T16:21:59","isFullCredit":false},{"lineNumber":2,"author":{"gitId":"Izen9835"},"content":"","lastModifiedDate":"2025-10-01T16:21:59","isFullCredit":false},{"lineNumber":3,"author":{"gitId":"Izen9835"},"content":"public class Session {","lastModifiedDate":"2025-10-01T16:21:59","isFullCredit":false},{"lineNumber":4,"author":{"gitId":"Izen9835"},"content":"}","lastModifiedDate":"2025-10-01T16:21:59","isFullCredit":false}],"authorContributionMap":{"Izen9835":4}},{"path":"src/main/java/seedu/fitnessone/UI/Parser.java","fileType":"functional-code","lines":[{"lineNumber":1,"author":{"gitId":"Izen9835"},"content":"package seedu.fitnessone.UI;","lastModifiedDate":"2025-10-01T16:21:59","isFullCredit":false},{"lineNumber":2,"author":{"gitId":"Izen9835"},"content":"","lastModifiedDate":"2025-10-01T16:21:59","isFullCredit":false},{"lineNumber":3,"author":{"gitId":"Izen9835"},"content":"","lastModifiedDate":"2025-10-02T00:02:25","isFullCredit":false},{"lineNumber":4,"author":{"gitId":"Izen9835"},"content":"import seedu.fitnessone.Command.Command;","lastModifiedDate":"2025-10-02T00:02:25","isFullCredit":false},{"lineNumber":5,"author":{"gitId":"Izen9835"},"content":"import seedu.fitnessone.Command.ExitCommand;","lastModifiedDate":"2025-10-02T00:02:25","isFullCredit":false},{"lineNumber":6,"author":{"gitId":"Izen9835"},"content":"import seedu.fitnessone.Exception.InvalidCommandException;","lastModifiedDate":"2025-10-01T16:21:59","isFullCredit":false},{"lineNumber":7,"author":{"gitId":"Izen9835"},"content":"","lastModifiedDate":"2025-10-01T16:21:59","isFullCredit":false},{"lineNumber":8,"author":{"gitId":"Izen9835"},"content":"public class Parser {","lastModifiedDate":"2025-10-01T16:21:59","isFullCredit":false},{"lineNumber":9,"author":{"gitId":"Izen9835"},"content":"","lastModifiedDate":"2025-10-01T16:21:59","isFullCredit":false},{"lineNumber":10,"author":{"gitId":"Izen9835"},"content":"    /**","lastModifiedDate":"2025-10-01T16:21:59","isFullCredit":false},{"lineNumber":11,"author":{"gitId":"Izen9835"},"content":"     * Parses the user input and returns the appropriate Command object.","lastModifiedDate":"2025-10-01T16:21:59","isFullCredit":false},{"lineNumber":12,"author":{"gitId":"Izen9835"},"content":"     * @param input The raw user input string.","lastModifiedDate":"2025-10-01T16:21:59","isFullCredit":false},{"lineNumber":13,"author":{"gitId":"Izen9835"},"content":"     * @return The corresponding Command object for the input.","lastModifiedDate":"2025-10-01T16:21:59","isFullCredit":false},{"lineNumber":14,"author":{"gitId":"Izen9835"},"content":"     * @throws InvalidCommandException if the input is empty or the command is not recognized.","lastModifiedDate":"2025-10-01T16:21:59","isFullCredit":false},{"lineNumber":15,"author":{"gitId":"Izen9835"},"content":"     */","lastModifiedDate":"2025-10-01T16:21:59","isFullCredit":false},{"lineNumber":16,"author":{"gitId":"Izen9835"},"content":"    public static Command parse(String input) throws InvalidCommandException {","lastModifiedDate":"2025-10-01T16:21:59","isFullCredit":false},{"lineNumber":17,"author":{"gitId":"Izen9835"},"content":"        if (input \u003d\u003d null || input.trim().isEmpty()) {","lastModifiedDate":"2025-10-01T16:21:59","isFullCredit":false},{"lineNumber":18,"author":{"gitId":"Izen9835"},"content":"            throw new InvalidCommandException(\"Input cannot be empty\");","lastModifiedDate":"2025-10-01T16:21:59","isFullCredit":false},{"lineNumber":19,"author":{"gitId":"Izen9835"},"content":"        }","lastModifiedDate":"2025-10-01T16:21:59","isFullCredit":false},{"lineNumber":20,"author":{"gitId":"Izen9835"},"content":"        String trimmedInput \u003d input.trim();","lastModifiedDate":"2025-10-01T16:21:59","isFullCredit":false},{"lineNumber":21,"author":{"gitId":"Izen9835"},"content":"        String commandWord \u003d trimmedInput.split(\"\\\\s+\", 2)[0];","lastModifiedDate":"2025-10-01T16:21:59","isFullCredit":false},{"lineNumber":22,"author":{"gitId":"Izen9835"},"content":"        switch (commandWord) {","lastModifiedDate":"2025-10-01T16:21:59","isFullCredit":false},{"lineNumber":23,"author":{"gitId":"Izen9835"},"content":"        case \"bye\":","lastModifiedDate":"2025-10-01T16:21:59","isFullCredit":false},{"lineNumber":24,"author":{"gitId":"Izen9835"},"content":"            return new ExitCommand();","lastModifiedDate":"2025-10-01T16:21:59","isFullCredit":false},{"lineNumber":25,"author":{"gitId":"Izen9835"},"content":"","lastModifiedDate":"2025-10-01T16:21:59","isFullCredit":false},{"lineNumber":26,"author":{"gitId":"Izen9835"},"content":"","lastModifiedDate":"2025-10-01T16:21:59","isFullCredit":false},{"lineNumber":27,"author":{"gitId":"Izen9835"},"content":"        default:","lastModifiedDate":"2025-10-01T16:21:59","isFullCredit":false},{"lineNumber":28,"author":{"gitId":"Izen9835"},"content":"            throw new InvalidCommandException(\"input keyword not found\");","lastModifiedDate":"2025-10-01T16:21:59","isFullCredit":false},{"lineNumber":29,"author":{"gitId":"Izen9835"},"content":"        }","lastModifiedDate":"2025-10-01T16:21:59","isFullCredit":false},{"lineNumber":30,"author":{"gitId":"Izen9835"},"content":"    }","lastModifiedDate":"2025-10-01T16:21:59","isFullCredit":false},{"lineNumber":31,"author":{"gitId":"Izen9835"},"content":"}","lastModifiedDate":"2025-10-01T16:21:59","isFullCredit":false}],"authorContributionMap":{"Izen9835":31}},{"path":"src/main/java/seedu/fitnessone/UI/Ui.java","fileType":"functional-code","lines":[{"lineNumber":1,"author":{"gitId":"Izen9835"},"content":"package seedu.fitnessone.UI;","lastModifiedDate":"2025-10-01T16:21:59","isFullCredit":false},{"lineNumber":2,"author":{"gitId":"Izen9835"},"content":"","lastModifiedDate":"2025-10-01T16:21:59","isFullCredit":false},{"lineNumber":3,"author":{"gitId":"Izen9835"},"content":"import java.util.Scanner;","lastModifiedDate":"2025-10-01T16:21:59","isFullCredit":false},{"lineNumber":4,"author":{"gitId":"Izen9835"},"content":"","lastModifiedDate":"2025-10-01T16:21:59","isFullCredit":false},{"lineNumber":5,"author":{"gitId":"Izen9835"},"content":"public class Ui {","lastModifiedDate":"2025-10-01T16:21:59","isFullCredit":false},{"lineNumber":6,"author":{"gitId":"Izen9835"},"content":"","lastModifiedDate":"2025-10-01T16:21:59","isFullCredit":false},{"lineNumber":7,"author":{"gitId":"Izen9835"},"content":"    private final Scanner in;","lastModifiedDate":"2025-10-01T16:21:59","isFullCredit":false},{"lineNumber":8,"author":{"gitId":"Izen9835"},"content":"","lastModifiedDate":"2025-10-01T16:21:59","isFullCredit":false},{"lineNumber":9,"author":{"gitId":"Izen9835"},"content":"","lastModifiedDate":"2025-10-01T16:21:59","isFullCredit":false},{"lineNumber":10,"author":{"gitId":"Izen9835"},"content":"    /**","lastModifiedDate":"2025-10-01T16:21:59","isFullCredit":false},{"lineNumber":11,"author":{"gitId":"Izen9835"},"content":"     * Constructs a Ui object for handling user input and output.","lastModifiedDate":"2025-10-01T16:21:59","isFullCredit":false},{"lineNumber":12,"author":{"gitId":"Izen9835"},"content":"     */","lastModifiedDate":"2025-10-01T16:21:59","isFullCredit":false},{"lineNumber":13,"author":{"gitId":"Izen9835"},"content":"    public Ui () {","lastModifiedDate":"2025-10-01T16:21:59","isFullCredit":false},{"lineNumber":14,"author":{"gitId":"Izen9835"},"content":"        in \u003d new Scanner(System.in);","lastModifiedDate":"2025-10-01T16:21:59","isFullCredit":false},{"lineNumber":15,"author":{"gitId":"Izen9835"},"content":"    }","lastModifiedDate":"2025-10-01T16:21:59","isFullCredit":false},{"lineNumber":16,"author":{"gitId":"Izen9835"},"content":"","lastModifiedDate":"2025-10-01T16:21:59","isFullCredit":false},{"lineNumber":17,"author":{"gitId":"Izen9835"},"content":"","lastModifiedDate":"2025-10-01T16:21:59","isFullCredit":false},{"lineNumber":18,"author":{"gitId":"Izen9835"},"content":"    /**","lastModifiedDate":"2025-10-01T16:21:59","isFullCredit":false},{"lineNumber":19,"author":{"gitId":"Izen9835"},"content":"     * Prints a message to the user with indentation.","lastModifiedDate":"2025-10-01T16:21:59","isFullCredit":false},{"lineNumber":20,"author":{"gitId":"Izen9835"},"content":"     * @param msg The message to print.","lastModifiedDate":"2025-10-01T16:21:59","isFullCredit":false},{"lineNumber":21,"author":{"gitId":"Izen9835"},"content":"     */","lastModifiedDate":"2025-10-01T16:21:59","isFullCredit":false},{"lineNumber":22,"author":{"gitId":"Izen9835"},"content":"    public void print(String msg) {","lastModifiedDate":"2025-10-01T16:21:59","isFullCredit":false},{"lineNumber":23,"author":{"gitId":"Izen9835"},"content":"        System.out.println(\"    \" + msg);","lastModifiedDate":"2025-10-01T16:21:59","isFullCredit":false},{"lineNumber":24,"author":{"gitId":"Izen9835"},"content":"    }","lastModifiedDate":"2025-10-01T16:21:59","isFullCredit":false},{"lineNumber":25,"author":{"gitId":"Izen9835"},"content":"","lastModifiedDate":"2025-10-01T16:21:59","isFullCredit":false},{"lineNumber":26,"author":{"gitId":"Izen9835"},"content":"","lastModifiedDate":"2025-10-01T16:21:59","isFullCredit":false},{"lineNumber":27,"author":{"gitId":"Izen9835"},"content":"    /**","lastModifiedDate":"2025-10-01T16:21:59","isFullCredit":false},{"lineNumber":28,"author":{"gitId":"Izen9835"},"content":"     * Prints a divider line for separating output sections.","lastModifiedDate":"2025-10-01T16:21:59","isFullCredit":false},{"lineNumber":29,"author":{"gitId":"Izen9835"},"content":"     */","lastModifiedDate":"2025-10-01T16:21:59","isFullCredit":false},{"lineNumber":30,"author":{"gitId":"Izen9835"},"content":"    public void divider() {","lastModifiedDate":"2025-10-01T16:21:59","isFullCredit":false},{"lineNumber":31,"author":{"gitId":"Izen9835"},"content":"        System.out.println(\"    ____________________________________________________________\");","lastModifiedDate":"2025-10-01T16:21:59","isFullCredit":false},{"lineNumber":32,"author":{"gitId":"Izen9835"},"content":"    }","lastModifiedDate":"2025-10-01T16:21:59","isFullCredit":false},{"lineNumber":33,"author":{"gitId":"Izen9835"},"content":"","lastModifiedDate":"2025-10-01T16:21:59","isFullCredit":false},{"lineNumber":34,"author":{"gitId":"Izen9835"},"content":"","lastModifiedDate":"2025-10-01T16:21:59","isFullCredit":false},{"lineNumber":35,"author":{"gitId":"Izen9835"},"content":"    /**","lastModifiedDate":"2025-10-01T16:21:59","isFullCredit":false},{"lineNumber":36,"author":{"gitId":"Izen9835"},"content":"     * Prints a message surrounded by divider lines.","lastModifiedDate":"2025-10-01T16:21:59","isFullCredit":false},{"lineNumber":37,"author":{"gitId":"Izen9835"},"content":"     * @param text The message to print.","lastModifiedDate":"2025-10-01T16:21:59","isFullCredit":false},{"lineNumber":38,"author":{"gitId":"Izen9835"},"content":"     */","lastModifiedDate":"2025-10-01T16:21:59","isFullCredit":false},{"lineNumber":39,"author":{"gitId":"Izen9835"},"content":"    public void printWithDivider(String text) {","lastModifiedDate":"2025-10-01T16:21:59","isFullCredit":false},{"lineNumber":40,"author":{"gitId":"Izen9835"},"content":"        divider();","lastModifiedDate":"2025-10-01T16:21:59","isFullCredit":false},{"lineNumber":41,"author":{"gitId":"Izen9835"},"content":"        print(text);","lastModifiedDate":"2025-10-01T16:21:59","isFullCredit":false},{"lineNumber":42,"author":{"gitId":"Izen9835"},"content":"        divider();","lastModifiedDate":"2025-10-01T16:21:59","isFullCredit":false},{"lineNumber":43,"author":{"gitId":"Izen9835"},"content":"    }","lastModifiedDate":"2025-10-01T16:21:59","isFullCredit":false},{"lineNumber":44,"author":{"gitId":"Izen9835"},"content":"","lastModifiedDate":"2025-10-01T16:21:59","isFullCredit":false},{"lineNumber":45,"author":{"gitId":"Izen9835"},"content":"","lastModifiedDate":"2025-10-01T16:21:59","isFullCredit":false},{"lineNumber":46,"author":{"gitId":"Izen9835"},"content":"    /**","lastModifiedDate":"2025-10-01T16:21:59","isFullCredit":false},{"lineNumber":47,"author":{"gitId":"Izen9835"},"content":"     * Prints the ASCII art logo of the chatbot.","lastModifiedDate":"2025-10-01T16:21:59","isFullCredit":false},{"lineNumber":48,"author":{"gitId":"Izen9835"},"content":"     */","lastModifiedDate":"2025-10-01T16:21:59","isFullCredit":false},{"lineNumber":49,"author":{"gitId":"Izen9835"},"content":"    public void printASCIIName() {","lastModifiedDate":"2025-10-01T16:21:59","isFullCredit":false},{"lineNumber":50,"author":{"gitId":"Izen9835"},"content":"","lastModifiedDate":"2025-10-02T00:50:01","isFullCredit":false},{"lineNumber":51,"author":{"gitId":"Izen9835"},"content":"    }","lastModifiedDate":"2025-10-01T16:21:59","isFullCredit":false},{"lineNumber":52,"author":{"gitId":"Izen9835"},"content":"","lastModifiedDate":"2025-10-01T16:21:59","isFullCredit":false},{"lineNumber":53,"author":{"gitId":"Izen9835"},"content":"","lastModifiedDate":"2025-10-01T16:21:59","isFullCredit":false},{"lineNumber":54,"author":{"gitId":"Izen9835"},"content":"","lastModifiedDate":"2025-10-02T00:02:25","isFullCredit":false},{"lineNumber":55,"author":{"gitId":"Izen9835"},"content":"    /**","lastModifiedDate":"2025-10-01T16:21:59","isFullCredit":false},{"lineNumber":56,"author":{"gitId":"Izen9835"},"content":"     * Displays the welcome message and logo to the user.","lastModifiedDate":"2025-10-01T16:21:59","isFullCredit":false},{"lineNumber":57,"author":{"gitId":"Izen9835"},"content":"     */","lastModifiedDate":"2025-10-01T16:21:59","isFullCredit":false},{"lineNumber":58,"author":{"gitId":"Izen9835"},"content":"    public void showWelcome() {","lastModifiedDate":"2025-10-01T16:21:59","isFullCredit":false},{"lineNumber":59,"author":{"gitId":"Izen9835"},"content":"        print(\"Hello from\");","lastModifiedDate":"2025-10-01T16:21:59","isFullCredit":false},{"lineNumber":60,"author":{"gitId":"Izen9835"},"content":"        printASCIIName();","lastModifiedDate":"2025-10-01T16:21:59","isFullCredit":false},{"lineNumber":61,"author":{"gitId":"Izen9835"},"content":"        printWithDivider(\"Hey, welcome to FitnessONE!\" + System.lineSeparator() + \"      How may we help today?\");","lastModifiedDate":"2025-10-01T16:21:59","isFullCredit":false},{"lineNumber":62,"author":{"gitId":"Izen9835"},"content":"    }","lastModifiedDate":"2025-10-01T16:21:59","isFullCredit":false},{"lineNumber":63,"author":{"gitId":"Izen9835"},"content":"","lastModifiedDate":"2025-10-01T16:21:59","isFullCredit":false},{"lineNumber":64,"author":{"gitId":"Izen9835"},"content":"","lastModifiedDate":"2025-10-01T16:21:59","isFullCredit":false},{"lineNumber":65,"author":{"gitId":"Izen9835"},"content":"    /**","lastModifiedDate":"2025-10-01T16:21:59","isFullCredit":false},{"lineNumber":66,"author":{"gitId":"Izen9835"},"content":"     * Reads the next command entered by the user.","lastModifiedDate":"2025-10-01T16:21:59","isFullCredit":false},{"lineNumber":67,"author":{"gitId":"Izen9835"},"content":"     * @return The user\u0027s input as a string, or null if no input is available.","lastModifiedDate":"2025-10-01T16:21:59","isFullCredit":false},{"lineNumber":68,"author":{"gitId":"Izen9835"},"content":"     */","lastModifiedDate":"2025-10-01T16:21:59","isFullCredit":false},{"lineNumber":69,"author":{"gitId":"Izen9835"},"content":"    public String readCommand() {","lastModifiedDate":"2025-10-01T16:21:59","isFullCredit":false},{"lineNumber":70,"author":{"gitId":"Izen9835"},"content":"        if (in.hasNextLine()) {","lastModifiedDate":"2025-10-01T16:21:59","isFullCredit":false},{"lineNumber":71,"author":{"gitId":"Izen9835"},"content":"            return in.nextLine();","lastModifiedDate":"2025-10-01T16:21:59","isFullCredit":false},{"lineNumber":72,"author":{"gitId":"Izen9835"},"content":"        } else {","lastModifiedDate":"2025-10-01T16:21:59","isFullCredit":false},{"lineNumber":73,"author":{"gitId":"Izen9835"},"content":"            return null;","lastModifiedDate":"2025-10-01T16:21:59","isFullCredit":false},{"lineNumber":74,"author":{"gitId":"Izen9835"},"content":"        }","lastModifiedDate":"2025-10-01T16:21:59","isFullCredit":false},{"lineNumber":75,"author":{"gitId":"Izen9835"},"content":"    }","lastModifiedDate":"2025-10-01T16:21:59","isFullCredit":false},{"lineNumber":76,"author":{"gitId":"Izen9835"},"content":"","lastModifiedDate":"2025-10-01T16:21:59","isFullCredit":false},{"lineNumber":77,"author":{"gitId":"Izen9835"},"content":"}","lastModifiedDate":"2025-10-01T16:21:59","isFullCredit":false}],"authorContributionMap":{"Izen9835":77}},{"path":"src/test/java/seedu/fitnessone/FitnessONETest.java","fileType":"test-code","lines":[{"lineNumber":1,"author":{"gitId":"Izen9835"},"content":"package seedu.fitnessone;","lastModifiedDate":"2025-10-01T16:21:59","isFullCredit":false},{"lineNumber":2,"author":{"gitId":"-"},"content":"","lastModifiedDate":"2020-05-24T00:51:04","isFullCredit":false},{"lineNumber":3,"author":{"gitId":"-"},"content":"import static org.junit.jupiter.api.Assertions.assertTrue;","lastModifiedDate":"2020-05-24T00:51:04","isFullCredit":false},{"lineNumber":4,"author":{"gitId":"-"},"content":"","lastModifiedDate":"2020-05-24T00:51:04","isFullCredit":false},{"lineNumber":5,"author":{"gitId":"-"},"content":"import org.junit.jupiter.api.Test;","lastModifiedDate":"2020-05-24T00:51:04","isFullCredit":false},{"lineNumber":6,"author":{"gitId":"-"},"content":"","lastModifiedDate":"2020-05-24T00:51:04","isFullCredit":false},{"lineNumber":7,"author":{"gitId":"Izen9835"},"content":"class FitnessONETest {","lastModifiedDate":"2025-10-01T16:21:59","isFullCredit":false},{"lineNumber":8,"author":{"gitId":"-"},"content":"    @Test","lastModifiedDate":"2020-05-24T00:51:04","isFullCredit":false},{"lineNumber":9,"author":{"gitId":"-"},"content":"    public void sampleTest() {","lastModifiedDate":"2020-05-24T00:51:04","isFullCredit":false},{"lineNumber":10,"author":{"gitId":"-"},"content":"        assertTrue(true);","lastModifiedDate":"2020-05-24T00:51:04","isFullCredit":false},{"lineNumber":11,"author":{"gitId":"-"},"content":"    }","lastModifiedDate":"2020-05-24T00:51:04","isFullCredit":false},{"lineNumber":12,"author":{"gitId":"-"},"content":"}","lastModifiedDate":"2020-05-24T00:51:04","isFullCredit":false}],"authorContributionMap":{"-":10,"Izen9835":2}}]
