{"authorDailyContributionsMap":{"ChangIkJoong":[{"date":"2025-10-01T00:00:00","commitResults":[{"hash":"985472661d621b374d17d653b1def9363f1d98ae","isMergeCommit":false,"messageTitle":"tutorial week 7","messageBody":"","fileTypesAndContributionMap":{"docs":{"insertions":3,"deletions":7}}},{"hash":"b3f62753d0448d7351959d65c73f9ca0b0dd74ac","isMergeCommit":false,"messageTitle":"tutorial week 7","messageBody":"","fileTypesAndContributionMap":{"docs":{"insertions":3,"deletions":7}}},{"hash":"e79c480b2292afa584a5ed46a9ec72d72434bc97","isMergeCommit":false,"messageTitle":"tutorial week 7","messageBody":"","fileTypesAndContributionMap":{"docs":{"insertions":3,"deletions":3}}}]},{"date":"2025-10-05T00:00:00","commitResults":[{"hash":"9c1b93b070ec02759d109186e17a4de9d8d701ff","isMergeCommit":true,"messageTitle":"Merge remote-tracking branch \u0027origin/master\u0027","messageBody":"# Conflicts:\n#\tdocs/AboutUs.md\n","fileTypesAndContributionMap":{}},{"hash":"245d1f3b5f80446eef8e20807a0c9cbc7056ae5d","isMergeCommit":false,"messageTitle":"error debug","messageBody":"might be the reason why tests keeps failing.\n","fileTypesAndContributionMap":{"other":{"insertions":1,"deletions":1}}},{"hash":"41828ecfcbf3b90b009ddae0d13d74fce6813cb4","isMergeCommit":true,"messageTitle":"Merge pull request #22 from Izen9835/branch-setup","messageBody":"Setup base OOP framework for #8 attempt three","fileTypesAndContributionMap":{}},{"hash":"bd182c43b1a71f5c2f8dcf253af43728d1bd9c38","isMergeCommit":true,"messageTitle":"Merge remote-tracking branch \u0027origin/master\u0027","messageBody":"","fileTypesAndContributionMap":{}},{"hash":"1dd917d1c817699d16f9fd27f948978ea1124c96","isMergeCommit":false,"messageTitle":"add and update foundation Classes","messageBody":"","fileTypesAndContributionMap":{"functional-code":{"insertions":109,"deletions":4},"docs":{"insertions":7,"deletions":0}}},{"hash":"6bf4af977d0297540dddfdf66336f738f4e69b3d","isMergeCommit":false,"messageTitle":"Update foundation Classes","messageBody":"created and added the Exercize class, as well as updated the class Athlete for future modifications.\n","fileTypesAndContributionMap":{"functional-code":{"insertions":17,"deletions":12}}},{"hash":"11303b8989f619c6449b27f299211c265c10d235","isMergeCommit":false,"messageTitle":"Update foundation Classes","messageBody":"created and added the Exercize class, as well as updated the class Athlete for future modifications. Also updated the files to allign with conventions per provided by the Course.\n","fileTypesAndContributionMap":{"functional-code":{"insertions":24,"deletions":25},"other":{"insertions":19,"deletions":19}}}]},{"date":"2025-10-07T00:00:00","commitResults":[{"hash":"3172b8f2f9f01f3fab6cc8cfd4c6c83f323b5f1b","isMergeCommit":true,"messageTitle":"Merge pull request #25 from ChangIkJoong/ChangIkJoong-Athlete-Exercise","messageBody":"Chang ik joong update class Athlete and create class Exercise","fileTypesAndContributionMap":{}},{"hash":"67fda603011d60d9bb5b915c26c8170ee13ee980","isMergeCommit":true,"messageTitle":"Merge pull request #26 from Sheeeesh-code/master","messageBody":"UserGuide updatem added per instructions","fileTypesAndContributionMap":{}}]},{"date":"2025-10-09T00:00:00","commitResults":[{"hash":"4965bafb39c749f7d89d778fa0ff18b90c7c3aa1","isMergeCommit":true,"messageTitle":"Merge pull request #27 from Sheeeesh-code/Sheeeesh-code-AboutUs","messageBody":"Add Sheepish-code AboutUs Information","fileTypesAndContributionMap":{}},{"hash":"6013704bf870ee949fe831a81703ef4d2f7c4a54","isMergeCommit":true,"messageTitle":"Merge pull request #33 from Izen9835/branch-add-delete-Athlete","messageBody":"Branch add delete athlete for #2","fileTypesAndContributionMap":{}}]},{"date":"2025-10-10T00:00:00","commitResults":[{"hash":"2b02d67efb063d14608fb44b0a44219f3bc84772","isMergeCommit":false,"messageTitle":"Create commands for TrainingsNotes and Complete a Session","messageBody":"created and added the implementation for these 2 commands. Went by UG convention. first and last name as definers for the athlete in need of update.\n","fileTypesAndContributionMap":{"functional-code":{"insertions":155,"deletions":1}}},{"hash":"4ba9202dd2ad38e71fd66de295e289545d776bfd","isMergeCommit":false,"messageTitle":"Update the file to fit convention","messageBody":"update CompleteSession.java to fit the test conventions\n","fileTypesAndContributionMap":{"functional-code":{"insertions":6,"deletions":13}}}]},{"date":"2025-10-13T00:00:00","commitResults":[{"hash":"8afc784415fd4bdfbe0fb07496ffddcf9f62388f","isMergeCommit":true,"messageTitle":"Merge remote-tracking branch \u0027origin/master\u0027","messageBody":"# Conflicts:\n#\tsrc/main/java/seedu/fitnessone/controller/Coach.java\n","fileTypesAndContributionMap":{}},{"hash":"ee3cd3a23c79afa5fac162a9130dca7bdec681d7","isMergeCommit":false,"messageTitle":"Update the UG file with command Bye","messageBody":"update UG with the \"bye\" command\n","fileTypesAndContributionMap":{"docs":{"insertions":18,"deletions":0}}}]},{"date":"2025-10-14T00:00:00","commitResults":[{"hash":"060fcd406e3f49b7a6dc3e79c954d150681bd8ee","isMergeCommit":false,"messageTitle":"add functionality for set TrainingNotes and CompleteSession","messageBody":"created the solutions for both mentioned above functionality. Re-built due to previous merge errors and instructions.\n","fileTypesAndContributionMap":{"functional-code":{"insertions":130,"deletions":41}}},{"hash":"51b9f9262ac7b67b1c30abba44f8460fc94596ae","isMergeCommit":true,"messageTitle":"Merge branch \u0027master\u0027 into ChangIkJoong-TrainingNotes-Session-Complete","messageBody":"","fileTypesAndContributionMap":{}},{"hash":"484f5e81d3bcd5133578d135fc79ab51ae300611","isMergeCommit":false,"messageTitle":"add functionality for set TrainingNotes and CompleteSession","messageBody":"created the solutions for both mentioned above functionality. Re-built due to previous merge errors and instructions.\n","fileTypesAndContributionMap":{"functional-code":{"insertions":22,"deletions":9}}},{"hash":"dd20c9888e282f9d24bf66d45ccd098b0554af04","isMergeCommit":true,"messageTitle":"Merge remote-tracking branch \u0027origin/ChangIkJoong-TrainingNotes-Session-Complete\u0027 into ChangIkJoong-TrainingNotes-Session-Complete","messageBody":"","fileTypesAndContributionMap":{}},{"hash":"8623c4be14ec6fd8c71f303d0c82024ae3f67c5d","isMergeCommit":false,"messageTitle":"update the code to fit java17 (not 21)","messageBody":"Some methods, addExerciseToSession, deleteExerciseFromSession, both were created using java21......\n","fileTypesAndContributionMap":{"functional-code":{"insertions":38,"deletions":0}}},{"hash":"fb69e7f455a240d44bfd2f37d68cf2c5666fcec8","isMergeCommit":false,"messageTitle":"update to fit gradle standard","messageBody":"removed unused imports.\n","fileTypesAndContributionMap":{"functional-code":{"insertions":1,"deletions":3}}},{"hash":"c03486f52d6e76d0668325d004d254f01595ef39","isMergeCommit":true,"messageTitle":"Merge pull request #43 from ChangIkJoong/ChangIkJoong-TrainingNotes-Session-Complete","messageBody":"Add training notes and session complete","fileTypesAndContributionMap":{}},{"hash":"d205e020cea70fb5c8f6b53b0948cffcac34997e","isMergeCommit":false,"messageTitle":"add solution for indexing in AddTrainingNotes and CompleteSession","messageBody":"the solution was based on index, not sessionID.\n","fileTypesAndContributionMap":{"functional-code":{"insertions":119,"deletions":99}}},{"hash":"5070591e6b0fdd46bc8cdae5e162473ec65f45f5","isMergeCommit":false,"messageTitle":"update for gradlew","messageBody":"updated to fit the conventions.\n","fileTypesAndContributionMap":{"functional-code":{"insertions":8,"deletions":3}}},{"hash":"ebc36573bca441621636919dbdd8c9cc1beb02b2","isMergeCommit":false,"messageTitle":"update with the gradlew fixes","messageBody":"updated to fit the conventions.\n","fileTypesAndContributionMap":{"functional-code":{"insertions":12,"deletions":10}}},{"hash":"cb958599586418d1b3efcafccdf19d7da5173d51","isMergeCommit":true,"messageTitle":"Merge branch \u0027master\u0027 into ChangIkJoong-Bug-Fix","messageBody":"","fileTypesAndContributionMap":{}},{"hash":"a4febc077797f986fd7aa52dae4fe9da00a861c3","isMergeCommit":false,"messageTitle":"update with the gradlew fixes #2","messageBody":"updated to fit the conventions.\n","fileTypesAndContributionMap":{"functional-code":{"insertions":0,"deletions":6}}},{"hash":"2aeeb14671bef40c3dff603286ed57f6bdeb7751","isMergeCommit":true,"messageTitle":"Merge remote-tracking branch \u0027origin/ChangIkJoong-Bug-Fix\u0027 into ChangIkJoong-Bug-Fix","messageBody":"","fileTypesAndContributionMap":{}},{"hash":"e570942e9c9da15e222687b1567aecf8d72aead6","isMergeCommit":false,"messageTitle":"update with the gradlew fixes #3","messageBody":"updated to fit the conventions.\n","fileTypesAndContributionMap":{"functional-code":{"insertions":0,"deletions":3}}},{"hash":"6e5f7d0661f4f18ec2120d52b318cc797ee41674","isMergeCommit":true,"messageTitle":"Merge pull request #45 from ChangIkJoong/ChangIkJoong-Bug-Fix","messageBody":"add solution for indexing in AddTrainingNotes and CompleteSession","tags":["v1.0"],"fileTypesAndContributionMap":{}}]},{"date":"2025-10-20T00:00:00","commitResults":[{"hash":"67021291f26686f8cc6f422a8bf3b1f8f762a4a4","isMergeCommit":false,"messageTitle":"Refactor and update ID convention","messageBody":"Updated the project to be able to get from ID instead of the name as this makes it easier for functions and methods to access the correct objects and classes.\n","fileTypesAndContributionMap":{"functional-code":{"insertions":642,"deletions":264},"other":{"insertions":12,"deletions":9},"docs":{"insertions":41,"deletions":42}}},{"hash":"bdf2bd162a84f416c1608c5fc3e8604785ea96f0","isMergeCommit":false,"messageTitle":"fix ViewExerciseCommand","messageBody":"Updated the command to get from ID not from name.\n","fileTypesAndContributionMap":{"functional-code":{"insertions":9,"deletions":8}}},{"hash":"0808d937e6228a0152fb0b07aaaaa0929cb340d3","isMergeCommit":false,"messageTitle":"fix UG and small bugs","messageBody":"Updated the UG and bugs to fit better\n","fileTypesAndContributionMap":{"functional-code":{"insertions":16,"deletions":10},"docs":{"insertions":38,"deletions":24}}},{"hash":"1831a844d0299dec0b2dfcf45a4fa7946ae8eccb","isMergeCommit":false,"messageTitle":"update thrown exceptions","messageBody":"Updated the project to better reflect and continously run despite thrown errors. Also UG updates.\n","fileTypesAndContributionMap":{"functional-code":{"insertions":88,"deletions":101},"docs":{"insertions":62,"deletions":20}}},{"hash":"649210747fc479a977f2e4d63d6a32aee71e094c","isMergeCommit":false,"messageTitle":"reformat code","messageBody":"as title, just to make it fit conventions.\n","fileTypesAndContributionMap":{"functional-code":{"insertions":34,"deletions":33}}},{"hash":"64af11213545fc5cabd0fe20084d90c77fb880c9","isMergeCommit":false,"messageTitle":"update for gradle testing","messageBody":"as title, just to make it fit gradle conventions.\n","fileTypesAndContributionMap":{"functional-code":{"insertions":41,"deletions":38}}},{"hash":"1f3637e5eff580722e859f2fb868dc8baa4f2737","isMergeCommit":false,"messageTitle":"update for gradle testing #2","messageBody":"as title, just to make it fit gradle conventions.\n","fileTypesAndContributionMap":{"functional-code":{"insertions":0,"deletions":203}}},{"hash":"1c5c291d806a17193a7bde129e36322066e82687","isMergeCommit":false,"messageTitle":"update for gradle testing #4","messageBody":"as title, just to make it fit gradle conventions.\n","fileTypesAndContributionMap":{"functional-code":{"insertions":0,"deletions":2}}}]},{"date":"2025-10-21T00:00:00","commitResults":[{"hash":"0dfa8c91878a47732b7d6125d7f93a0f95c896f6","isMergeCommit":true,"messageTitle":"Merge pull request #55 from ChangIkJoong/ChangIkJoong-ID-Refactoring","messageBody":"*IMPORTANT* Refactor codebase to use sequential IDs  and update code to fit SLAP","fileTypesAndContributionMap":{}}]},{"date":"2025-10-24T00:00:00","commitResults":[{"hash":"2eec14831bc612387ac4f8f2b1b311f430a27eaa","isMergeCommit":false,"messageTitle":"DeveloperGuide update","messageBody":"Will this suffice for styling in the DG?\ngpt was used in assisting with creating this part, should this be how we write it? Needs discussion with group.\n","fileTypesAndContributionMap":{"docs":{"insertions":34,"deletions":0}}},{"hash":"df2e074c272f061bd17539b28b6623c0303260f1","isMergeCommit":true,"messageTitle":"Merge pull request #64 from ChangIkJoong/ChangIkJoong-DG-update","messageBody":"DeveloperGuide update, please see comment in commit and PR","fileTypesAndContributionMap":{}}]}],"mazh25":[{"date":"2025-10-01T00:00:00","commitResults":[{"hash":"6a792cb01b8871b3f1635dbb5d9ecf28fe78a75d","isMergeCommit":false,"messageTitle":"update the first line in aboutus","messageBody":"","fileTypesAndContributionMap":{"docs":{"insertions":2,"deletions":8}}},{"hash":"3f2e5ddfef6b2bd8f8523b7d25f21a092845e2fb","isMergeCommit":true,"messageTitle":"Merge pull request #11 from mazh25/mazh25-AboutUs","messageBody":"update the first line in AboutUs","fileTypesAndContributionMap":{}},{"hash":"cfdc84312cfbac2480cf2f21f235dd845d74e238","isMergeCommit":false,"messageTitle":"update the lines in AboutUs.md","messageBody":"","fileTypesAndContributionMap":{"docs":{"insertions":2,"deletions":8}}}]},{"date":"2025-10-14T00:00:00","commitResults":[{"hash":"23c96889b9c49a91c2a4d8d1389a63678532eabc","isMergeCommit":false,"messageTitle":"copy the latest changes to the tp","messageBody":"","fileTypesAndContributionMap":{"functional-code":{"insertions":74,"deletions":75},"other":{"insertions":1,"deletions":1}}},{"hash":"e6768d2452c30f13bcbdc734fd3d16e0e712a869","isMergeCommit":false,"messageTitle":"feat: implement viewAthlete, viewSession, viewExercise commands","messageBody":"","fileTypesAndContributionMap":{"functional-code":{"insertions":196,"deletions":23},"other":{"insertions":0,"deletions":0},"test-code":{"insertions":0,"deletions":12}}},{"hash":"5aa1f01584a20de0189c7a8ad87e1beaa2dda316","isMergeCommit":false,"messageTitle":"refactor: correct identations","messageBody":"","fileTypesAndContributionMap":{"functional-code":{"insertions":16,"deletions":15}}},{"hash":"33e0dcfd6ee609a958feb74ae89b49032d1d4ba5","isMergeCommit":false,"messageTitle":"refactor: correct all of the errors","messageBody":"","fileTypesAndContributionMap":{"functional-code":{"insertions":80,"deletions":80}}},{"hash":"f5d1a72b4acd03b1ff615ba3eff0f2303c11aff1","isMergeCommit":true,"messageTitle":"Merge pull request #44 from AY2526S1-CS2113-W14-1/overview-athelete-info","messageBody":"As a coach, I want to have overview of my athletes and their sessions, exercises","fileTypesAndContributionMap":{}}]}],"hyeungac":[{"date":"2025-10-01T00:00:00","commitResults":[{"hash":"3887fcf14714d89a283077d5ff20fa047ebf35be","isMergeCommit":false,"messageTitle":"Update AboutUs","messageBody":"","fileTypesAndContributionMap":{"docs":{"insertions":3,"deletions":7}}},{"hash":"1b8f8a3cbddcf818868145d90a54b45c33f27c5d","isMergeCommit":true,"messageTitle":"Merge branch \u0027AY2526S1-CS2113-W14-1:master\u0027 into master","messageBody":"","fileTypesAndContributionMap":{}},{"hash":"72426438f96160d89f68ffcceb1ce147205f7d3d","isMergeCommit":false,"messageTitle":"tutorial week 7","messageBody":"","fileTypesAndContributionMap":{"docs":{"insertions":1,"deletions":1}}}]},{"date":"2025-10-11T00:00:00","commitResults":[{"hash":"8d9bf692d1568c50d0075ae75e7e856656940d85","isMergeCommit":false,"messageTitle":"addAndDeleteSessionForAnAthlete","messageBody":"","fileTypesAndContributionMap":{"functional-code":{"insertions":79,"deletions":0}}},{"hash":"7094e4d19f47570da9f503cef8602be049761988","isMergeCommit":false,"messageTitle":"addAndDeleteSessionForAnAthlete","messageBody":"","fileTypesAndContributionMap":{"functional-code":{"insertions":83,"deletions":0}}},{"hash":"4ed514d9c2dd5a59cba33d66ec8d304f35dc87fc","isMergeCommit":false,"messageTitle":"addAndDeleteSessionForAnAthlete-Update","messageBody":"","fileTypesAndContributionMap":{"functional-code":{"insertions":38,"deletions":14}}},{"hash":"508ce31a8405a9226bc6af1155ab71dc3769f602","isMergeCommit":false,"messageTitle":"addAndDeleteSessionForAnAthlete-Update","messageBody":"","fileTypesAndContributionMap":{"functional-code":{"insertions":2,"deletions":1}}},{"hash":"fc106e1228dc2d05bd0d096c88e58e070680ee70","isMergeCommit":true,"messageTitle":"Merge branch \u0027master\u0027 into hyeungac-Increment-1","messageBody":"","fileTypesAndContributionMap":{}}]},{"date":"2025-10-12T00:00:00","commitResults":[{"hash":"8b5719daf7038e05d29e2ddbd4337aee76ab7e28","isMergeCommit":false,"messageTitle":"Update Coach.java (adding \u0027}\u0027)","messageBody":"","fileTypesAndContributionMap":{"functional-code":{"insertions":1,"deletions":0}}},{"hash":"809bb452cf9812337c4e2e5e2e97c49e7f8454c5","isMergeCommit":false,"messageTitle":"Update Coach.java","messageBody":"","fileTypesAndContributionMap":{"functional-code":{"insertions":1,"deletions":1}}},{"hash":"53276c5dff82825a89c58e8deefb41bdcc8505c7","isMergeCommit":true,"messageTitle":"Merge pull request #40 from hyeungac/hyeungac-Increment-1","messageBody":"hyeungac increment 1 (add/del sessions)","fileTypesAndContributionMap":{}}]}],"Izen9835":[{"date":"2025-10-01T00:00:00","commitResults":[{"hash":"ac37137fe6d15259cccd22c0057eef17519080bb","isMergeCommit":false,"messageTitle":"Fixes #1 maybe, just testing","messageBody":"","fileTypesAndContributionMap":{"functional-code":{"insertions":4,"deletions":0}}},{"hash":"e99c07961393f2cf3c12d1e4d82c55c63746aab7","isMergeCommit":true,"messageTitle":"Merge pull request #7 from Izen9835/branch-test-PR","messageBody":"Fixes #1 maybe, just testing","fileTypesAndContributionMap":{}},{"hash":"8ac5bc9c2f3fbcae58486d3f60fb480a7f104adf","isMergeCommit":false,"messageTitle":"Setup base CLI code for #8","messageBody":"","fileTypesAndContributionMap":{"functional-code":{"insertions":252,"deletions":25},"other":{"insertions":2,"deletions":2}}},{"hash":"bf4130529206d6a59a2a7a641617912d0597c46f","isMergeCommit":true,"messageTitle":"Merge pull request #9 from Izen9835/branch-setup","messageBody":"Setup base CLI code for #8","fileTypesAndContributionMap":{}},{"hash":"944db14ecb693aa6168a5f52cd7c1e32a852891f","isMergeCommit":false,"messageTitle":"Revert \"Setup base CLI code for #8\"","messageBody":"","fileTypesAndContributionMap":{"functional-code":{"insertions":25,"deletions":252},"other":{"insertions":2,"deletions":2}}},{"hash":"5faf752394ac32677ab1e8e00bb4b602f5af92e2","isMergeCommit":true,"messageTitle":"Merge pull request #13 from AY2526S1-CS2113-W14-1/revert-9-branch-setup","messageBody":"Revert \"Setup base CLI code for #8\"","fileTypesAndContributionMap":{}},{"hash":"12c299855e61f7c3f21ececf232caff40e5cbfd9","isMergeCommit":false,"messageTitle":"Add Izen9835 AboutUs information","messageBody":"","fileTypesAndContributionMap":{"docs":{"insertions":10,"deletions":7}}},{"hash":"b431ab44d7144824a2d718bea8f5d6780f5699f3","isMergeCommit":false,"messageTitle":"Revert \"update the first line in AboutUs\"","messageBody":"","fileTypesAndContributionMap":{"docs":{"insertions":8,"deletions":2}}},{"hash":"846707c2523011a8f940c7a8f35a54029033698f","isMergeCommit":true,"messageTitle":"Merge pull request #15 from AY2526S1-CS2113-W14-1/revert-11-mazh25-AboutUs","messageBody":"Revert \"update the first line in AboutUs\"","fileTypesAndContributionMap":{}},{"hash":"b3678ad244d4d3808453b8d729ecd40f4c94fba6","isMergeCommit":false,"messageTitle":"Setup base OOP framework for #8 attempt three","messageBody":"","fileTypesAndContributionMap":{"functional-code":{"insertions":252,"deletions":25},"other":{"insertions":2,"deletions":2}}},{"hash":"84d3b2311795f212b8d49751f7a720ff7c2e98ce","isMergeCommit":true,"messageTitle":"Merge branch \u0027pr-14\u0027","messageBody":"","fileTypesAndContributionMap":{}},{"hash":"e4197190f6b64969c038437ae5682d65afc8f4f0","isMergeCommit":true,"messageTitle":"Merge pr-16","messageBody":"","fileTypesAndContributionMap":{}},{"hash":"2a914c9106762c0efc7125a2634a246b75c8d9e8","isMergeCommit":true,"messageTitle":"Merge pr-18","messageBody":"","fileTypesAndContributionMap":{}},{"hash":"2918dd31c6540faae16b5f931a86facc0427599d","isMergeCommit":true,"messageTitle":"Merge pr-21","messageBody":"","fileTypesAndContributionMap":{}},{"hash":"2dbf0394b291c6ba02aca7c9c9ee828a07fd4f10","isMergeCommit":true,"messageTitle":"Merge branch AboutUs PRs into branch-setup","messageBody":"","fileTypesAndContributionMap":{}}]},{"date":"2025-10-02T00:00:00","commitResults":[{"hash":"f1f7aea83af3681cdac3a16dd1bccf67d28794a1","isMergeCommit":false,"messageTitle":"Fix checkstyles from PR CI","messageBody":"","fileTypesAndContributionMap":{"functional-code":{"insertions":32,"deletions":20}}},{"hash":"0f62d9b32b665ed860f3f9202045fb6e7c99a195","isMergeCommit":true,"messageTitle":"Merge pull request #23 from Izen9835/master","messageBody":"Merge AboutUs PRs","fileTypesAndContributionMap":{}},{"hash":"f44706b87a50c3dbd6cd07142925c405e96f3eae","isMergeCommit":false,"messageTitle":"Fix checkstyles from PR CI, indentation","messageBody":"","fileTypesAndContributionMap":{"functional-code":{"insertions":20,"deletions":20}}},{"hash":"af2c4cca29e8a55821b8b1ebeffd8739514a98c2","isMergeCommit":false,"messageTitle":"Refix build.gradle mainClass, ensure runtest.sh test pass","messageBody":"","fileTypesAndContributionMap":{"other":{"insertions":1,"deletions":1}}},{"hash":"6aaac43344ef944d0e347d9924861fd3de448491","isMergeCommit":false,"messageTitle":"Remove splashtext non UTF-8 characters","messageBody":"","fileTypesAndContributionMap":{"functional-code":{"insertions":27,"deletions":27}}},{"hash":"9032e4950987f382bbfbd00d7cfc00c85b607f78","isMergeCommit":false,"messageTitle":"Remove splashtext non UTF-8 characters, fix comment checkstyle","messageBody":"","fileTypesAndContributionMap":{"functional-code":{"insertions":1,"deletions":27}}}]},{"date":"2025-10-08T00:00:00","commitResults":[{"hash":"457b51a5f51dd81bec0169d5f03cbd1a604d6928","isMergeCommit":true,"messageTitle":"Merge branch \u0027master\u0027 into Sheeeesh-code-AboutUs","messageBody":"","fileTypesAndContributionMap":{}},{"hash":"4b7ff4fd4e19470b8a94e336876cbeeb02e5d2ec","isMergeCommit":false,"messageTitle":"Add the Add and List Athletes functions","messageBody":"","fileTypesAndContributionMap":{"functional-code":{"insertions":102,"deletions":5}}},{"hash":"fa8c8eb256a78030518231ab8b8727c4a92050a2","isMergeCommit":false,"messageTitle":"Add Delete Athlete function","messageBody":"","fileTypesAndContributionMap":{"functional-code":{"insertions":83,"deletions":5}}},{"hash":"a294361603c46405e8b9efd597c0929ad7bd9a21","isMergeCommit":false,"messageTitle":"Fix checkstyle error using * import","messageBody":"","fileTypesAndContributionMap":{"functional-code":{"insertions":5,"deletions":1}}}]},{"date":"2025-10-17T00:00:00","commitResults":[{"hash":"111f9c1697ee56d83d990fba00fd356cebc66ff6","isMergeCommit":false,"messageTitle":"Add NewAthlete JUnit test, fix blank name bug in NewAthleteCommmand","messageBody":"","fileTypesAndContributionMap":{"functional-code":{"insertions":3,"deletions":0},"test-code":{"insertions":73,"deletions":0}}},{"hash":"9f198a83ad2b7713d43b9c4a47d547ed244949e0","isMergeCommit":false,"messageTitle":"Fix style errors","messageBody":"","fileTypesAndContributionMap":{"test-code":{"insertions":5,"deletions":2}}}]},{"date":"2025-10-21T00:00:00","commitResults":[{"hash":"781ece7c2d59edab8fbd4c41c226faab4a69a118","isMergeCommit":true,"messageTitle":"Merge pull request #52 from Izen9835/branch-newAthlete-junit","messageBody":"Add NewAthlete JUnit test, fix blank name bug in NewAthleteCommmand","fileTypesAndContributionMap":{}}]},{"date":"2025-10-24T00:00:00","commitResults":[{"hash":"27881201440871ce7515a04dc4f447af06e65c9b","isMergeCommit":false,"messageTitle":"Update document structure based on addressbook-level3","messageBody":"","fileTypesAndContributionMap":{"docs":{"insertions":60,"deletions":19}}},{"hash":"ea03ac0536daeab25c980abd4833550f9f01ce7c","isMergeCommit":true,"messageTitle":"Merge pull request #63 from Izen9835/branch-izenDG","messageBody":"Update document structure based on addressbook-level3","fileTypesAndContributionMap":{}}]}],"Sheeeesh-code":[{"date":"2025-10-01T00:00:00","commitResults":[{"hash":"bd35c3db5b3754cfc40fe94ddd246db11abaa1d1","isMergeCommit":false,"messageTitle":"Added image, name, GitHub username, and portfolio to AboutUs.md","messageBody":"","fileTypesAndContributionMap":{"docs":{"insertions":2,"deletions":5}}}]},{"date":"2025-10-06T00:00:00","commitResults":[{"hash":"08fa9ba8b5e2cbc12a1da84b9452fcc270113064","isMergeCommit":false,"messageTitle":"Add Sheeeesh-code AboutUs Information","messageBody":"","fileTypesAndContributionMap":{"docs":{"insertions":1,"deletions":1}}},{"hash":"fff4e0eade62842d2bbed6748027eaba3116e1f9","isMergeCommit":false,"messageTitle":"Image changed","messageBody":"","fileTypesAndContributionMap":{"docs":{"insertions":1,"deletions":1}}},{"hash":"208d8b2b25f6f3969494e36d34578623446eba32","isMergeCommit":false,"messageTitle":"Fix image link formatting in AboutUs.md","messageBody":"","fileTypesAndContributionMap":{"docs":{"insertions":1,"deletions":1}}}]},{"date":"2025-10-07T00:00:00","commitResults":[{"hash":"f2a4b744ae339575179d2cb1a4f2cee64ff39b88","isMergeCommit":false,"messageTitle":"Update name from John Doe to Halil Cokeren","messageBody":"","fileTypesAndContributionMap":{"docs":{"insertions":1,"deletions":1}}}]},{"date":"2025-10-12T00:00:00","commitResults":[{"hash":"83c77819b388f64eecb0d63a9013c5ffb6830a0d","isMergeCommit":false,"messageTitle":"Add NewExercise and deleteExercise command","messageBody":"","fileTypesAndContributionMap":{"functional-code":{"insertions":163,"deletions":0}}}]},{"date":"2025-10-14T00:00:00","commitResults":[{"hash":"51f2816d9e2b9627a39118553d8146a64cbd6a2b","isMergeCommit":true,"messageTitle":"Merge pull request #41 from Sheeeesh-code/add-delete-exercise","messageBody":"Add NewExercise and deleteExercise command","fileTypesAndContributionMap":{}}]},{"date":"2025-10-22T00:00:00","commitResults":[{"hash":"2625f5666b895fa3f3bc1a306da095216cd42b64","isMergeCommit":false,"messageTitle":"Add FlagAthleteCommand and update Coach, Athlete, Parser to use athleteID","messageBody":"","fileTypesAndContributionMap":{"functional-code":{"insertions":97,"deletions":1}}},{"hash":"c2fd8d81d85fd73b7d0011c9bf663cd179e70bf3","isMergeCommit":false,"messageTitle":"Adapte to Gradle","messageBody":"","fileTypesAndContributionMap":{"functional-code":{"insertions":10,"deletions":10}}},{"hash":"9f8d9852abcf8fd33583ce18a4c2a77cb2f74bff","isMergeCommit":true,"messageTitle":"Merge pull request #60 from Sheeeesh-code/flagAthlete","messageBody":"Add FlagAthleteCommand and update Coach, Athlete, Parser to use athleteID","fileTypesAndContributionMap":{}}]}]},"authorFileTypeContributionMap":{"ChangIkJoong":{"docs":161,"functional-code":846,"test-code":0},"mazh25":{"docs":0,"functional-code":112,"test-code":0},"hyeungac":{"docs":0,"functional-code":116,"test-code":0},"Izen9835":{"docs":71,"functional-code":314,"test-code":76,"other":1},"Sheeeesh-code":{"docs":2,"functional-code":156,"test-code":0}},"authorContributionVariance":{"ChangIkJoong":87591.15,"mazh25":8860.029,"hyeungac":1270.7471,"Izen9835":22025.633,"Sheeeesh-code":1059.673},"authorDisplayNameMap":{"ChangIkJoong":"CS2113-W14-1 HANS..OONG","mazh25":"CS2113-W14-1 MA Z..HENG","hyeungac":"CS2113-W14-1 YEUN..G HO","Izen9835":"CS2113-W14-1 TOH ..IZEN","Sheeeesh-code":"CS2113-W14-1 COKE.. CAN"}}
