{"authorDailyContributionsMap":{"ChangIkJoong":[{"date":"2025-10-01T00:00:00","commitResults":[{"hash":"985472661d621b374d17d653b1def9363f1d98ae","isMergeCommit":false,"messageTitle":"tutorial week 7","messageBody":"","fileTypesAndContributionMap":{"docs":{"insertions":3,"deletions":7}}},{"hash":"b3f62753d0448d7351959d65c73f9ca0b0dd74ac","isMergeCommit":false,"messageTitle":"tutorial week 7","messageBody":"","fileTypesAndContributionMap":{"docs":{"insertions":3,"deletions":7}}},{"hash":"e79c480b2292afa584a5ed46a9ec72d72434bc97","isMergeCommit":false,"messageTitle":"tutorial week 7","messageBody":"","fileTypesAndContributionMap":{"docs":{"insertions":3,"deletions":3}}}]},{"date":"2025-10-05T00:00:00","commitResults":[{"hash":"9c1b93b070ec02759d109186e17a4de9d8d701ff","isMergeCommit":true,"messageTitle":"Merge remote-tracking branch \u0027origin/master\u0027","messageBody":"# Conflicts:\n#\tdocs/AboutUs.md\n","fileTypesAndContributionMap":{}},{"hash":"245d1f3b5f80446eef8e20807a0c9cbc7056ae5d","isMergeCommit":false,"messageTitle":"error debug","messageBody":"might be the reason why tests keeps failing.\n","fileTypesAndContributionMap":{"other":{"insertions":1,"deletions":1}}},{"hash":"41828ecfcbf3b90b009ddae0d13d74fce6813cb4","isMergeCommit":true,"messageTitle":"Merge pull request #22 from Izen9835/branch-setup","messageBody":"Setup base OOP framework for #8 attempt three","fileTypesAndContributionMap":{}},{"hash":"bd182c43b1a71f5c2f8dcf253af43728d1bd9c38","isMergeCommit":true,"messageTitle":"Merge remote-tracking branch \u0027origin/master\u0027","messageBody":"","fileTypesAndContributionMap":{}},{"hash":"1dd917d1c817699d16f9fd27f948978ea1124c96","isMergeCommit":false,"messageTitle":"add and update foundation Classes","messageBody":"","fileTypesAndContributionMap":{"functional-code":{"insertions":109,"deletions":4},"docs":{"insertions":7,"deletions":0}}},{"hash":"6bf4af977d0297540dddfdf66336f738f4e69b3d","isMergeCommit":false,"messageTitle":"Update foundation Classes","messageBody":"created and added the Exercize class, as well as updated the class Athlete for future modifications.\n","fileTypesAndContributionMap":{"functional-code":{"insertions":17,"deletions":12}}},{"hash":"11303b8989f619c6449b27f299211c265c10d235","isMergeCommit":false,"messageTitle":"Update foundation Classes","messageBody":"created and added the Exercize class, as well as updated the class Athlete for future modifications. Also updated the files to allign with conventions per provided by the Course.\n","fileTypesAndContributionMap":{"functional-code":{"insertions":24,"deletions":25},"other":{"insertions":19,"deletions":19}}}]},{"date":"2025-10-07T00:00:00","commitResults":[{"hash":"3172b8f2f9f01f3fab6cc8cfd4c6c83f323b5f1b","isMergeCommit":true,"messageTitle":"Merge pull request #25 from ChangIkJoong/ChangIkJoong-Athlete-Exercise","messageBody":"Chang ik joong update class Athlete and create class Exercise","fileTypesAndContributionMap":{}},{"hash":"67fda603011d60d9bb5b915c26c8170ee13ee980","isMergeCommit":true,"messageTitle":"Merge pull request #26 from Sheeeesh-code/master","messageBody":"UserGuide updatem added per instructions","fileTypesAndContributionMap":{}}]},{"date":"2025-10-09T00:00:00","commitResults":[{"hash":"4965bafb39c749f7d89d778fa0ff18b90c7c3aa1","isMergeCommit":true,"messageTitle":"Merge pull request #27 from Sheeeesh-code/Sheeeesh-code-AboutUs","messageBody":"Add Sheepish-code AboutUs Information","fileTypesAndContributionMap":{}},{"hash":"6013704bf870ee949fe831a81703ef4d2f7c4a54","isMergeCommit":true,"messageTitle":"Merge pull request #33 from Izen9835/branch-add-delete-Athlete","messageBody":"Branch add delete athlete for #2","fileTypesAndContributionMap":{}}]},{"date":"2025-10-10T00:00:00","commitResults":[{"hash":"2b02d67efb063d14608fb44b0a44219f3bc84772","isMergeCommit":false,"messageTitle":"Create commands for TrainingsNotes and Complete a Session","messageBody":"created and added the implementation for these 2 commands. Went by UG convention. first and last name as definers for the athlete in need of update.\n","fileTypesAndContributionMap":{"functional-code":{"insertions":155,"deletions":1}}},{"hash":"4ba9202dd2ad38e71fd66de295e289545d776bfd","isMergeCommit":false,"messageTitle":"Update the file to fit convention","messageBody":"update CompleteSession.java to fit the test conventions\n","fileTypesAndContributionMap":{"functional-code":{"insertions":6,"deletions":13}}}]},{"date":"2025-10-13T00:00:00","commitResults":[{"hash":"8afc784415fd4bdfbe0fb07496ffddcf9f62388f","isMergeCommit":true,"messageTitle":"Merge remote-tracking branch \u0027origin/master\u0027","messageBody":"# Conflicts:\n#\tsrc/main/java/seedu/fitnessone/controller/Coach.java\n","fileTypesAndContributionMap":{}},{"hash":"ee3cd3a23c79afa5fac162a9130dca7bdec681d7","isMergeCommit":false,"messageTitle":"Update the UG file with command Bye","messageBody":"update UG with the \"bye\" command\n","fileTypesAndContributionMap":{"docs":{"insertions":18,"deletions":0}}}]},{"date":"2025-10-14T00:00:00","commitResults":[{"hash":"060fcd406e3f49b7a6dc3e79c954d150681bd8ee","isMergeCommit":false,"messageTitle":"add functionality for set TrainingNotes and CompleteSession","messageBody":"created the solutions for both mentioned above functionality. Re-built due to previous merge errors and instructions.\n","fileTypesAndContributionMap":{"functional-code":{"insertions":130,"deletions":41}}},{"hash":"51b9f9262ac7b67b1c30abba44f8460fc94596ae","isMergeCommit":true,"messageTitle":"Merge branch \u0027master\u0027 into ChangIkJoong-TrainingNotes-Session-Complete","messageBody":"","fileTypesAndContributionMap":{}},{"hash":"484f5e81d3bcd5133578d135fc79ab51ae300611","isMergeCommit":false,"messageTitle":"add functionality for set TrainingNotes and CompleteSession","messageBody":"created the solutions for both mentioned above functionality. Re-built due to previous merge errors and instructions.\n","fileTypesAndContributionMap":{"functional-code":{"insertions":22,"deletions":9}}},{"hash":"dd20c9888e282f9d24bf66d45ccd098b0554af04","isMergeCommit":true,"messageTitle":"Merge remote-tracking branch \u0027origin/ChangIkJoong-TrainingNotes-Session-Complete\u0027 into ChangIkJoong-TrainingNotes-Session-Complete","messageBody":"","fileTypesAndContributionMap":{}},{"hash":"8623c4be14ec6fd8c71f303d0c82024ae3f67c5d","isMergeCommit":false,"messageTitle":"update the code to fit java17 (not 21)","messageBody":"Some methods, addExerciseToSession, deleteExerciseFromSession, both were created using java21......\n","fileTypesAndContributionMap":{"functional-code":{"insertions":38,"deletions":0}}},{"hash":"fb69e7f455a240d44bfd2f37d68cf2c5666fcec8","isMergeCommit":false,"messageTitle":"update to fit gradle standard","messageBody":"removed unused imports.\n","fileTypesAndContributionMap":{"functional-code":{"insertions":1,"deletions":3}}},{"hash":"c03486f52d6e76d0668325d004d254f01595ef39","isMergeCommit":true,"messageTitle":"Merge pull request #43 from ChangIkJoong/ChangIkJoong-TrainingNotes-Session-Complete","messageBody":"Add training notes and session complete","fileTypesAndContributionMap":{}},{"hash":"d205e020cea70fb5c8f6b53b0948cffcac34997e","isMergeCommit":false,"messageTitle":"add solution for indexing in AddTrainingNotes and CompleteSession","messageBody":"the solution was based on index, not sessionID.\n","fileTypesAndContributionMap":{"functional-code":{"insertions":119,"deletions":99}}},{"hash":"5070591e6b0fdd46bc8cdae5e162473ec65f45f5","isMergeCommit":false,"messageTitle":"update for gradlew","messageBody":"updated to fit the conventions.\n","fileTypesAndContributionMap":{"functional-code":{"insertions":8,"deletions":3}}},{"hash":"ebc36573bca441621636919dbdd8c9cc1beb02b2","isMergeCommit":false,"messageTitle":"update with the gradlew fixes","messageBody":"updated to fit the conventions.\n","fileTypesAndContributionMap":{"functional-code":{"insertions":12,"deletions":10}}},{"hash":"cb958599586418d1b3efcafccdf19d7da5173d51","isMergeCommit":true,"messageTitle":"Merge branch \u0027master\u0027 into ChangIkJoong-Bug-Fix","messageBody":"","fileTypesAndContributionMap":{}},{"hash":"a4febc077797f986fd7aa52dae4fe9da00a861c3","isMergeCommit":false,"messageTitle":"update with the gradlew fixes #2","messageBody":"updated to fit the conventions.\n","fileTypesAndContributionMap":{"functional-code":{"insertions":0,"deletions":6}}},{"hash":"2aeeb14671bef40c3dff603286ed57f6bdeb7751","isMergeCommit":true,"messageTitle":"Merge remote-tracking branch \u0027origin/ChangIkJoong-Bug-Fix\u0027 into ChangIkJoong-Bug-Fix","messageBody":"","fileTypesAndContributionMap":{}},{"hash":"e570942e9c9da15e222687b1567aecf8d72aead6","isMergeCommit":false,"messageTitle":"update with the gradlew fixes #3","messageBody":"updated to fit the conventions.\n","fileTypesAndContributionMap":{"functional-code":{"insertions":0,"deletions":3}}},{"hash":"6e5f7d0661f4f18ec2120d52b318cc797ee41674","isMergeCommit":true,"messageTitle":"Merge pull request #45 from ChangIkJoong/ChangIkJoong-Bug-Fix","messageBody":"add solution for indexing in AddTrainingNotes and CompleteSession","tags":["v1.0"],"fileTypesAndContributionMap":{}}]},{"date":"2025-10-20T00:00:00","commitResults":[{"hash":"67021291f26686f8cc6f422a8bf3b1f8f762a4a4","isMergeCommit":false,"messageTitle":"Refactor and update ID convention","messageBody":"Updated the project to be able to get from ID instead of the name as this makes it easier for functions and methods to access the correct objects and classes.\n","fileTypesAndContributionMap":{"functional-code":{"insertions":642,"deletions":264},"other":{"insertions":12,"deletions":9},"docs":{"insertions":41,"deletions":42}}},{"hash":"bdf2bd162a84f416c1608c5fc3e8604785ea96f0","isMergeCommit":false,"messageTitle":"fix ViewExerciseCommand","messageBody":"Updated the command to get from ID not from name.\n","fileTypesAndContributionMap":{"functional-code":{"insertions":9,"deletions":8}}},{"hash":"0808d937e6228a0152fb0b07aaaaa0929cb340d3","isMergeCommit":false,"messageTitle":"fix UG and small bugs","messageBody":"Updated the UG and bugs to fit better\n","fileTypesAndContributionMap":{"functional-code":{"insertions":16,"deletions":10},"docs":{"insertions":38,"deletions":24}}},{"hash":"1831a844d0299dec0b2dfcf45a4fa7946ae8eccb","isMergeCommit":false,"messageTitle":"update thrown exceptions","messageBody":"Updated the project to better reflect and continously run despite thrown errors. Also UG updates.\n","fileTypesAndContributionMap":{"functional-code":{"insertions":88,"deletions":101},"docs":{"insertions":62,"deletions":20}}},{"hash":"649210747fc479a977f2e4d63d6a32aee71e094c","isMergeCommit":false,"messageTitle":"reformat code","messageBody":"as title, just to make it fit conventions.\n","fileTypesAndContributionMap":{"functional-code":{"insertions":34,"deletions":33}}},{"hash":"64af11213545fc5cabd0fe20084d90c77fb880c9","isMergeCommit":false,"messageTitle":"update for gradle testing","messageBody":"as title, just to make it fit gradle conventions.\n","fileTypesAndContributionMap":{"functional-code":{"insertions":41,"deletions":38}}},{"hash":"1f3637e5eff580722e859f2fb868dc8baa4f2737","isMergeCommit":false,"messageTitle":"update for gradle testing #2","messageBody":"as title, just to make it fit gradle conventions.\n","fileTypesAndContributionMap":{"functional-code":{"insertions":0,"deletions":203}}},{"hash":"1c5c291d806a17193a7bde129e36322066e82687","isMergeCommit":false,"messageTitle":"update for gradle testing #4","messageBody":"as title, just to make it fit gradle conventions.\n","fileTypesAndContributionMap":{"functional-code":{"insertions":0,"deletions":2}}}]},{"date":"2025-10-21T00:00:00","commitResults":[{"hash":"0dfa8c91878a47732b7d6125d7f93a0f95c896f6","isMergeCommit":true,"messageTitle":"Merge pull request #55 from ChangIkJoong/ChangIkJoong-ID-Refactoring","messageBody":"*IMPORTANT* Refactor codebase to use sequential IDs  and update code to fit SLAP","fileTypesAndContributionMap":{}}]},{"date":"2025-10-24T00:00:00","commitResults":[{"hash":"2eec14831bc612387ac4f8f2b1b311f430a27eaa","isMergeCommit":false,"messageTitle":"DeveloperGuide update","messageBody":"Will this suffice for styling in the DG?\ngpt was used in assisting with creating this part, should this be how we write it? Needs discussion with group.\n","fileTypesAndContributionMap":{"docs":{"insertions":34,"deletions":0}}},{"hash":"df2e074c272f061bd17539b28b6623c0303260f1","isMergeCommit":true,"messageTitle":"Merge pull request #64 from ChangIkJoong/ChangIkJoong-DG-update","messageBody":"DeveloperGuide update, please see comment in commit and PR","fileTypesAndContributionMap":{}}]},{"date":"2025-10-28T00:00:00","commitResults":[{"hash":"f6a1aec52dec7e0f699eed587f5d8cec579bce0d","isMergeCommit":false,"messageTitle":"update JUNIT test","messageBody":"Created for JUNIT testing for Complete Exercise and Session\n","fileTypesAndContributionMap":{"test-code":{"insertions":349,"deletions":7}}},{"hash":"0a0d38b1cb4bf037fcc6d35ba3b208c54e8facbe","isMergeCommit":false,"messageTitle":"update JUNIT test #2","messageBody":"Created for JUNIT testing for Complete Exercise and Session\n","fileTypesAndContributionMap":{"test-code":{"insertions":0,"deletions":3}}},{"hash":"82bcc1c0b6b83aeb34bcfc73624ce54504cd02bd","isMergeCommit":false,"messageTitle":"update JUNIT test #3","messageBody":"Created for JUNIT testing for Complete Exercise and Session. Small formatting update\n","fileTypesAndContributionMap":{"test-code":{"insertions":4,"deletions":2}}},{"hash":"3e4435270ac0b689f2e91c22e0e306eede79ff13","isMergeCommit":false,"messageTitle":"add assertions to the Session and Athlete for incrementing","messageBody":"Added 2 short assertions for incrementing the lists, to make sure they are updated properly.\n","fileTypesAndContributionMap":{"functional-code":{"insertions":6,"deletions":0}}},{"hash":"688d613098e0e5a5f305f1017cf7443d0cecd0cd","isMergeCommit":true,"messageTitle":"Merge pull request #73 from ChangIkJoong/ChangIkJoong-JUNIT-Complete-Exercise-Session","messageBody":"update JUNIT tests and assertions in-code","fileTypesAndContributionMap":{}}]},{"date":"2025-10-29T00:00:00","commitResults":[{"hash":"98576f0eb940dbcac2273527c11399394310162d","isMergeCommit":false,"messageTitle":"rework to accustom for dateTime","messageBody":"No functionality yet, only basic implementation for DateTime. Also added a few lines in PPP.\n","fileTypesAndContributionMap":{"functional-code":{"insertions":13,"deletions":0},"docs":{"insertions":7,"deletions":2},"test-code":{"insertions":0,"deletions":1}}},{"hash":"fe075eed9958d066c13c0f69f03caba381b60e90","isMergeCommit":false,"messageTitle":"rework to accustom for dateTime #2","messageBody":"Added for viewing as well, now one get it when asking for listing all the sessions and exercises.\n","fileTypesAndContributionMap":{"functional-code":{"insertions":14,"deletions":11},"docs":{"insertions":24,"deletions":12}}},{"hash":"f5b20eab91fdfe995e18ecd66dd0f3eb243e59a9","isMergeCommit":true,"messageTitle":"Merge pull request #86 from ChangIkJoong/ChangIkJoong-Date-Time-update","messageBody":"update to accustom for dateTime","fileTypesAndContributionMap":{}},{"hash":"cca4bf2e46e4f32e5749bf8b3a6f6231f9979a4c","isMergeCommit":false,"messageTitle":"update testers","messageBody":"update junit tests to fit the new conventions. #1\n","fileTypesAndContributionMap":{"test-code":{"insertions":2,"deletions":2}}},{"hash":"e233d5de013b57967bc99c48b5e2a441b7f27e12","isMergeCommit":false,"messageTitle":"update testers #2","messageBody":"update junit tests to fit the new conventions. #2\n","fileTypesAndContributionMap":{"test-code":{"insertions":59,"deletions":46}}}]},{"date":"2025-10-30T00:00:00","commitResults":[{"hash":"e447bb984403d02b163e1aa723605b644c8cf048","isMergeCommit":false,"messageTitle":"update testers #3","messageBody":"update junit tests to fit the new conventions. #2\n","fileTypesAndContributionMap":{"test-code":{"insertions":30,"deletions":32}}},{"hash":"ec4b29f8790bc571885427956a6ebb98c150c0ef","isMergeCommit":true,"messageTitle":"Merge pull request #88 from Sheeeesh-code/help","messageBody":"Refactor code with help command","fileTypesAndContributionMap":{}},{"hash":"9af063eecf70200f73d6b227bc1fba6a84fd473b","isMergeCommit":false,"messageTitle":"Update the JUNIT test suite","messageBody":"Added several tests for JUNIT, hopefully fully encompassing Parser and Coach, as these are our two most logical components effectively testing them fully being very important.\n","fileTypesAndContributionMap":{"functional-code":{"insertions":19,"deletions":3},"docs":{"insertions":3,"deletions":3},"test-code":{"insertions":484,"deletions":0}}},{"hash":"748f60ca6e7e3ad07a0369d48ddfb486270716e4","isMergeCommit":false,"messageTitle":"Update the JUNIT test suite #2","messageBody":"Added several tests for JUNIT, hopefully fully encompassing Parser and Coach, as these are our two most logical components effectively testing them fully being very important.\n","fileTypesAndContributionMap":{"test-code":{"insertions":62,"deletions":62}}},{"hash":"5862a3847a9367da0051547d6df2e54fd91bc27f","isMergeCommit":false,"messageTitle":"Update the JUNIT test suite #3","messageBody":"Added several tests for JUNIT, hopefully fully encompassing Parser and Coach, as these are our two most logical components effectively testing them fully being very important.\n","fileTypesAndContributionMap":{"test-code":{"insertions":3,"deletions":3}}},{"hash":"6dea38e3efcf09a1aab334f69a915b619eb41d9d","isMergeCommit":false,"messageTitle":"Update the JUNIT test suite #3","messageBody":"Added several tests for JUNIT, hopefully fully encompassing Parser and Coach, as these are our two most logical components effectively testing them fully being very important.\n","fileTypesAndContributionMap":{"test-code":{"insertions":3,"deletions":3}}},{"hash":"caa2a45d07a68cc2d4b672581769acf254479d23","isMergeCommit":false,"messageTitle":"Update the JUNIT test suite #4","messageBody":"Added several tests for JUNIT, hopefully fully encompassing Parser and Coach, as these are our two most logical components effectively testing them fully being very important.\n","fileTypesAndContributionMap":{"functional-code":{"insertions":10,"deletions":10},"test-code":{"insertions":115,"deletions":0}}},{"hash":"942c6d468459a04ad2af1faafab77cb95e063e8b","isMergeCommit":false,"messageTitle":"Update the JUNIT test suite and exercise bug","messageBody":"Bug in the exercise \"set not completed\" command.\n","fileTypesAndContributionMap":{"functional-code":{"insertions":5,"deletions":5},"test-code":{"insertions":180,"deletions":0}}},{"hash":"433dfe25f33afc51eb3af550d92a907c4fbf1be1","isMergeCommit":false,"messageTitle":"update DG with test cases","messageBody":"Added my part in the DG, test cases and Manual testing.\n","fileTypesAndContributionMap":{"functional-code":{"insertions":1,"deletions":1},"docs":{"insertions":205,"deletions":8},"test-code":{"insertions":110,"deletions":0}}},{"hash":"e2ee132903eaf804628b00d041deb12a584593ef","isMergeCommit":false,"messageTitle":"update DG with test cases #2","messageBody":"Added my part in the DG, test cases and Manual testing. Gradlew problems...\n","fileTypesAndContributionMap":{"test-code":{"insertions":10,"deletions":3}}},{"hash":"43ede62a3d3d4ce53176added3812c9afeb5dcd5","isMergeCommit":false,"messageTitle":"update DG with test cases #3","messageBody":"Added my part in the DG, test cases and Manual testing. Gradlew problems...\n","fileTypesAndContributionMap":{"test-code":{"insertions":32,"deletions":18}}},{"hash":"cd1e1f04e26cb048f27002529da51049efe00fe1","isMergeCommit":true,"messageTitle":"Merge pull request #89 from ChangIkJoong/ChangIkJoong-JUNIT-final-coverage-testing","messageBody":"Update the JUNIT test suite","fileTypesAndContributionMap":{}},{"hash":"c19e72a5f2fef6e0fa57cded1e24a48514b265c5","isMergeCommit":false,"messageTitle":"update build.gradle to enable assertions","messageBody":"updated to accustom for the assertions per needed for our TP dashboard.\n","fileTypesAndContributionMap":{"other":{"insertions":2,"deletions":1}}},{"hash":"205ec63353169846a457ece541395f8c42a21268","isMergeCommit":true,"messageTitle":"Gradle.build update for assertions","messageBody":"update build.gradle to enable assertions","fileTypesAndContributionMap":{}},{"hash":"8013fa8f34ab458011e7712e7a1159456affea45","isMergeCommit":false,"messageTitle":"update build.gradle to enable assertions #2","messageBody":"updated to accustom for the assertions per needed for our TP dashboard.\n","fileTypesAndContributionMap":{"other":{"insertions":1,"deletions":1}}},{"hash":"68b3c0fce6f6b0dc0742ace229d5ce227ad6f259","isMergeCommit":true,"messageTitle":"update the build.gradle to enable assertions for project","messageBody":"update build.gradle to enable assertions #2","fileTypesAndContributionMap":{}}]}],"mazh25":[{"date":"2025-10-01T00:00:00","commitResults":[{"hash":"6a792cb01b8871b3f1635dbb5d9ecf28fe78a75d","isMergeCommit":false,"messageTitle":"update the first line in aboutus","messageBody":"","fileTypesAndContributionMap":{"docs":{"insertions":2,"deletions":8}}},{"hash":"3f2e5ddfef6b2bd8f8523b7d25f21a092845e2fb","isMergeCommit":true,"messageTitle":"Merge pull request #11 from mazh25/mazh25-AboutUs","messageBody":"update the first line in AboutUs","fileTypesAndContributionMap":{}},{"hash":"cfdc84312cfbac2480cf2f21f235dd845d74e238","isMergeCommit":false,"messageTitle":"update the lines in AboutUs.md","messageBody":"","fileTypesAndContributionMap":{"docs":{"insertions":2,"deletions":8}}}]},{"date":"2025-10-14T00:00:00","commitResults":[{"hash":"23c96889b9c49a91c2a4d8d1389a63678532eabc","isMergeCommit":false,"messageTitle":"copy the latest changes to the tp","messageBody":"","fileTypesAndContributionMap":{"functional-code":{"insertions":74,"deletions":75},"other":{"insertions":1,"deletions":1}}},{"hash":"e6768d2452c30f13bcbdc734fd3d16e0e712a869","isMergeCommit":false,"messageTitle":"feat: implement viewAthlete, viewSession, viewExercise commands","messageBody":"","fileTypesAndContributionMap":{"functional-code":{"insertions":196,"deletions":23},"other":{"insertions":0,"deletions":0},"test-code":{"insertions":0,"deletions":12}}},{"hash":"5aa1f01584a20de0189c7a8ad87e1beaa2dda316","isMergeCommit":false,"messageTitle":"refactor: correct identations","messageBody":"","fileTypesAndContributionMap":{"functional-code":{"insertions":16,"deletions":15}}},{"hash":"33e0dcfd6ee609a958feb74ae89b49032d1d4ba5","isMergeCommit":false,"messageTitle":"refactor: correct all of the errors","messageBody":"","fileTypesAndContributionMap":{"functional-code":{"insertions":80,"deletions":80}}},{"hash":"f5d1a72b4acd03b1ff615ba3eff0f2303c11aff1","isMergeCommit":true,"messageTitle":"Merge pull request #44 from AY2526S1-CS2113-W14-1/overview-athelete-info","messageBody":"As a coach, I want to have overview of my athletes and their sessions, exercises","fileTypesAndContributionMap":{}}]},{"date":"2025-10-21T00:00:00","commitResults":[{"hash":"1fe01eb127a04c20c2d63275dac81d4e43927eeb","isMergeCommit":false,"messageTitle":"Add JUnit tests for ViewAthlete, ViewSessions, and ViewExercise commands","messageBody":"","fileTypesAndContributionMap":{"functional-code":{"insertions":15,"deletions":0},"test-code":{"insertions":263,"deletions":0}}},{"hash":"8a37c38644028b7992b9523ac1f1fcf61d1b6848","isMergeCommit":false,"messageTitle":"refractor the code to meet the checkstyle","messageBody":"","fileTypesAndContributionMap":{"functional-code":{"insertions":14,"deletions":12},"test-code":{"insertions":18,"deletions":6}}}]}],"hyeungac":[{"date":"2025-10-01T00:00:00","commitResults":[{"hash":"3887fcf14714d89a283077d5ff20fa047ebf35be","isMergeCommit":false,"messageTitle":"Update AboutUs","messageBody":"","fileTypesAndContributionMap":{"docs":{"insertions":3,"deletions":7}}},{"hash":"1b8f8a3cbddcf818868145d90a54b45c33f27c5d","isMergeCommit":true,"messageTitle":"Merge branch \u0027AY2526S1-CS2113-W14-1:master\u0027 into master","messageBody":"","fileTypesAndContributionMap":{}},{"hash":"72426438f96160d89f68ffcceb1ce147205f7d3d","isMergeCommit":false,"messageTitle":"tutorial week 7","messageBody":"","fileTypesAndContributionMap":{"docs":{"insertions":1,"deletions":1}}}]},{"date":"2025-10-11T00:00:00","commitResults":[{"hash":"8d9bf692d1568c50d0075ae75e7e856656940d85","isMergeCommit":false,"messageTitle":"addAndDeleteSessionForAnAthlete","messageBody":"","fileTypesAndContributionMap":{"functional-code":{"insertions":79,"deletions":0}}},{"hash":"7094e4d19f47570da9f503cef8602be049761988","isMergeCommit":false,"messageTitle":"addAndDeleteSessionForAnAthlete","messageBody":"","fileTypesAndContributionMap":{"functional-code":{"insertions":83,"deletions":0}}},{"hash":"4ed514d9c2dd5a59cba33d66ec8d304f35dc87fc","isMergeCommit":false,"messageTitle":"addAndDeleteSessionForAnAthlete-Update","messageBody":"","fileTypesAndContributionMap":{"functional-code":{"insertions":38,"deletions":14}}},{"hash":"508ce31a8405a9226bc6af1155ab71dc3769f602","isMergeCommit":false,"messageTitle":"addAndDeleteSessionForAnAthlete-Update","messageBody":"","fileTypesAndContributionMap":{"functional-code":{"insertions":2,"deletions":1}}},{"hash":"fc106e1228dc2d05bd0d096c88e58e070680ee70","isMergeCommit":true,"messageTitle":"Merge branch \u0027master\u0027 into hyeungac-Increment-1","messageBody":"","fileTypesAndContributionMap":{}}]},{"date":"2025-10-12T00:00:00","commitResults":[{"hash":"8b5719daf7038e05d29e2ddbd4337aee76ab7e28","isMergeCommit":false,"messageTitle":"Update Coach.java (adding \u0027}\u0027)","messageBody":"","fileTypesAndContributionMap":{"functional-code":{"insertions":1,"deletions":0}}},{"hash":"809bb452cf9812337c4e2e5e2e97c49e7f8454c5","isMergeCommit":false,"messageTitle":"Update Coach.java","messageBody":"","fileTypesAndContributionMap":{"functional-code":{"insertions":1,"deletions":1}}},{"hash":"53276c5dff82825a89c58e8deefb41bdcc8505c7","isMergeCommit":true,"messageTitle":"Merge pull request #40 from hyeungac/hyeungac-Increment-1","messageBody":"hyeungac increment 1 (add/del sessions)","fileTypesAndContributionMap":{}}]},{"date":"2025-10-26T00:00:00","commitResults":[{"hash":"241aab05baf7b7d73bc025a736add333cba7d6d9","isMergeCommit":false,"messageTitle":"JuitTest_newSessionCommand+minorChangeNewSession+fixNewAthleteCommandTest","messageBody":"","fileTypesAndContributionMap":{"functional-code":{"insertions":5,"deletions":7},"test-code":{"insertions":118,"deletions":1}}},{"hash":"12885ff32ceb919dd3cf8af070a8916a7e13d558","isMergeCommit":false,"messageTitle":"fixTextStyle1","messageBody":"","fileTypesAndContributionMap":{"test-code":{"insertions":8,"deletions":4}}},{"hash":"1f1481484cd4464c97a1d7fdd3db6d6408332cbe","isMergeCommit":false,"messageTitle":"fixTextStyle2+fixProblemAccessingId","messageBody":"","fileTypesAndContributionMap":{"test-code":{"insertions":130,"deletions":13}}},{"hash":"cdd87e06fe2949aacbbd6e1baf0393efbe279da3","isMergeCommit":true,"messageTitle":"Merge pull request #67 from hyeungac/hyeungac-JUnitTest","messageBody":"hyeungac j-unit test add/del sessions","fileTypesAndContributionMap":{}},{"hash":"ba602f070b16c2164af0c8b2c38d6050d16198e1","isMergeCommit":false,"messageTitle":"increment-adding-leaderboard","messageBody":"","fileTypesAndContributionMap":{"functional-code":{"insertions":76,"deletions":0}}},{"hash":"e6e7fe6590dd9c83efc7296c007d3187350244c4","isMergeCommit":true,"messageTitle":"Merge pull request #69 from hyeungac/hyeungac-JUnitTest","messageBody":"increment-adding-leaderboard","fileTypesAndContributionMap":{}},{"hash":"96874490e6c41d6f475aa14a7870576740c7ee38","isMergeCommit":false,"messageTitle":"fixBugs_updateUG","messageBody":"","fileTypesAndContributionMap":{"functional-code":{"insertions":2,"deletions":2},"docs":{"insertions":28,"deletions":0}}},{"hash":"0acca321b1b65e46f7ee6dd24da1bd48bab32da6","isMergeCommit":true,"messageTitle":"Merge pull request #70 from hyeungac/hyeungac-leaderboard","messageBody":"fixBugs_updateUG","fileTypesAndContributionMap":{}}]},{"date":"2025-10-30T00:00:00","commitResults":[{"hash":"359007cf944c9bfa6bd6a0406023b6476b9483c9","isMergeCommit":false,"messageTitle":"DG_draft","messageBody":"","fileTypesAndContributionMap":{"docs":{"insertions":371,"deletions":0}}}]},{"date":"2025-10-31T00:00:00","commitResults":[{"hash":"1c7545d89314740ea6192d0c70b861350d8a78d5","isMergeCommit":false,"messageTitle":"more_on_dg","messageBody":"","fileTypesAndContributionMap":{"docs":{"insertions":32,"deletions":0}}},{"hash":"5b9e3d4887ce7f8685590cab2943b96a32f89941","isMergeCommit":true,"messageTitle":"Merge branch \u0027master\u0027 into hyeungac-diagrams","messageBody":"","fileTypesAndContributionMap":{}},{"hash":"c264a610692fb38b2bfbddd890ec31c4587fb62f","isMergeCommit":true,"messageTitle":"Merge pull request #103 from hyeungac/hyeungac-diagrams","messageBody":"hyeungac DG","fileTypesAndContributionMap":{}},{"hash":"0e368d6fc556054cf701ed41dbb9a41dd6894b48","isMergeCommit":false,"messageTitle":"more_on_dg fixing_bugs","messageBody":"","fileTypesAndContributionMap":{"docs":{"insertions":35,"deletions":9}}},{"hash":"0b43bf5d69575446df1b777541a9e10542385f70","isMergeCommit":false,"messageTitle":"correcting_fontsize","messageBody":"","fileTypesAndContributionMap":{"docs":{"insertions":9,"deletions":9}}},{"hash":"fd4eda36fb31f98e1099cf375960b3d3919b6397","isMergeCommit":false,"messageTitle":"setting_anchors","messageBody":"","fileTypesAndContributionMap":{"docs":{"insertions":9,"deletions":4}}},{"hash":"27b907f2cbba9c0e10b374c8087b5a1d522f6bc7","isMergeCommit":true,"messageTitle":"Merge pull request #104 from hyeungac/master","messageBody":"better_documentation+adding_anchors","fileTypesAndContributionMap":{}}]}],"Izen9835":[{"date":"2025-10-01T00:00:00","commitResults":[{"hash":"ac37137fe6d15259cccd22c0057eef17519080bb","isMergeCommit":false,"messageTitle":"Fixes #1 maybe, just testing","messageBody":"","fileTypesAndContributionMap":{"functional-code":{"insertions":4,"deletions":0}}},{"hash":"e99c07961393f2cf3c12d1e4d82c55c63746aab7","isMergeCommit":true,"messageTitle":"Merge pull request #7 from Izen9835/branch-test-PR","messageBody":"Fixes #1 maybe, just testing","fileTypesAndContributionMap":{}},{"hash":"8ac5bc9c2f3fbcae58486d3f60fb480a7f104adf","isMergeCommit":false,"messageTitle":"Setup base CLI code for #8","messageBody":"","fileTypesAndContributionMap":{"functional-code":{"insertions":252,"deletions":25},"other":{"insertions":2,"deletions":2}}},{"hash":"bf4130529206d6a59a2a7a641617912d0597c46f","isMergeCommit":true,"messageTitle":"Merge pull request #9 from Izen9835/branch-setup","messageBody":"Setup base CLI code for #8","fileTypesAndContributionMap":{}},{"hash":"944db14ecb693aa6168a5f52cd7c1e32a852891f","isMergeCommit":false,"messageTitle":"Revert \"Setup base CLI code for #8\"","messageBody":"","fileTypesAndContributionMap":{"functional-code":{"insertions":25,"deletions":252},"other":{"insertions":2,"deletions":2}}},{"hash":"5faf752394ac32677ab1e8e00bb4b602f5af92e2","isMergeCommit":true,"messageTitle":"Merge pull request #13 from AY2526S1-CS2113-W14-1/revert-9-branch-setup","messageBody":"Revert \"Setup base CLI code for #8\"","fileTypesAndContributionMap":{}},{"hash":"12c299855e61f7c3f21ececf232caff40e5cbfd9","isMergeCommit":false,"messageTitle":"Add Izen9835 AboutUs information","messageBody":"","fileTypesAndContributionMap":{"docs":{"insertions":10,"deletions":7}}},{"hash":"b431ab44d7144824a2d718bea8f5d6780f5699f3","isMergeCommit":false,"messageTitle":"Revert \"update the first line in AboutUs\"","messageBody":"","fileTypesAndContributionMap":{"docs":{"insertions":8,"deletions":2}}},{"hash":"846707c2523011a8f940c7a8f35a54029033698f","isMergeCommit":true,"messageTitle":"Merge pull request #15 from AY2526S1-CS2113-W14-1/revert-11-mazh25-AboutUs","messageBody":"Revert \"update the first line in AboutUs\"","fileTypesAndContributionMap":{}},{"hash":"b3678ad244d4d3808453b8d729ecd40f4c94fba6","isMergeCommit":false,"messageTitle":"Setup base OOP framework for #8 attempt three","messageBody":"","fileTypesAndContributionMap":{"functional-code":{"insertions":252,"deletions":25},"other":{"insertions":2,"deletions":2}}},{"hash":"84d3b2311795f212b8d49751f7a720ff7c2e98ce","isMergeCommit":true,"messageTitle":"Merge branch \u0027pr-14\u0027","messageBody":"","fileTypesAndContributionMap":{}},{"hash":"e4197190f6b64969c038437ae5682d65afc8f4f0","isMergeCommit":true,"messageTitle":"Merge pr-16","messageBody":"","fileTypesAndContributionMap":{}},{"hash":"2a914c9106762c0efc7125a2634a246b75c8d9e8","isMergeCommit":true,"messageTitle":"Merge pr-18","messageBody":"","fileTypesAndContributionMap":{}},{"hash":"2918dd31c6540faae16b5f931a86facc0427599d","isMergeCommit":true,"messageTitle":"Merge pr-21","messageBody":"","fileTypesAndContributionMap":{}},{"hash":"2dbf0394b291c6ba02aca7c9c9ee828a07fd4f10","isMergeCommit":true,"messageTitle":"Merge branch AboutUs PRs into branch-setup","messageBody":"","fileTypesAndContributionMap":{}}]},{"date":"2025-10-02T00:00:00","commitResults":[{"hash":"f1f7aea83af3681cdac3a16dd1bccf67d28794a1","isMergeCommit":false,"messageTitle":"Fix checkstyles from PR CI","messageBody":"","fileTypesAndContributionMap":{"functional-code":{"insertions":32,"deletions":20}}},{"hash":"0f62d9b32b665ed860f3f9202045fb6e7c99a195","isMergeCommit":true,"messageTitle":"Merge pull request #23 from Izen9835/master","messageBody":"Merge AboutUs PRs","fileTypesAndContributionMap":{}},{"hash":"f44706b87a50c3dbd6cd07142925c405e96f3eae","isMergeCommit":false,"messageTitle":"Fix checkstyles from PR CI, indentation","messageBody":"","fileTypesAndContributionMap":{"functional-code":{"insertions":20,"deletions":20}}},{"hash":"af2c4cca29e8a55821b8b1ebeffd8739514a98c2","isMergeCommit":false,"messageTitle":"Refix build.gradle mainClass, ensure runtest.sh test pass","messageBody":"","fileTypesAndContributionMap":{"other":{"insertions":1,"deletions":1}}},{"hash":"6aaac43344ef944d0e347d9924861fd3de448491","isMergeCommit":false,"messageTitle":"Remove splashtext non UTF-8 characters","messageBody":"","fileTypesAndContributionMap":{"functional-code":{"insertions":27,"deletions":27}}},{"hash":"9032e4950987f382bbfbd00d7cfc00c85b607f78","isMergeCommit":false,"messageTitle":"Remove splashtext non UTF-8 characters, fix comment checkstyle","messageBody":"","fileTypesAndContributionMap":{"functional-code":{"insertions":1,"deletions":27}}}]},{"date":"2025-10-08T00:00:00","commitResults":[{"hash":"457b51a5f51dd81bec0169d5f03cbd1a604d6928","isMergeCommit":true,"messageTitle":"Merge branch \u0027master\u0027 into Sheeeesh-code-AboutUs","messageBody":"","fileTypesAndContributionMap":{}},{"hash":"4b7ff4fd4e19470b8a94e336876cbeeb02e5d2ec","isMergeCommit":false,"messageTitle":"Add the Add and List Athletes functions","messageBody":"","fileTypesAndContributionMap":{"functional-code":{"insertions":102,"deletions":5}}},{"hash":"fa8c8eb256a78030518231ab8b8727c4a92050a2","isMergeCommit":false,"messageTitle":"Add Delete Athlete function","messageBody":"","fileTypesAndContributionMap":{"functional-code":{"insertions":83,"deletions":5}}},{"hash":"a294361603c46405e8b9efd597c0929ad7bd9a21","isMergeCommit":false,"messageTitle":"Fix checkstyle error using * import","messageBody":"","fileTypesAndContributionMap":{"functional-code":{"insertions":5,"deletions":1}}}]},{"date":"2025-10-17T00:00:00","commitResults":[{"hash":"111f9c1697ee56d83d990fba00fd356cebc66ff6","isMergeCommit":false,"messageTitle":"Add NewAthlete JUnit test, fix blank name bug in NewAthleteCommmand","messageBody":"","fileTypesAndContributionMap":{"functional-code":{"insertions":3,"deletions":0},"test-code":{"insertions":73,"deletions":0}}},{"hash":"9f198a83ad2b7713d43b9c4a47d547ed244949e0","isMergeCommit":false,"messageTitle":"Fix style errors","messageBody":"","fileTypesAndContributionMap":{"test-code":{"insertions":5,"deletions":2}}}]},{"date":"2025-10-21T00:00:00","commitResults":[{"hash":"781ece7c2d59edab8fbd4c41c226faab4a69a118","isMergeCommit":true,"messageTitle":"Merge pull request #52 from Izen9835/branch-newAthlete-junit","messageBody":"Add NewAthlete JUnit test, fix blank name bug in NewAthleteCommmand","fileTypesAndContributionMap":{}}]},{"date":"2025-10-24T00:00:00","commitResults":[{"hash":"27881201440871ce7515a04dc4f447af06e65c9b","isMergeCommit":false,"messageTitle":"Update document structure based on addressbook-level3","messageBody":"","fileTypesAndContributionMap":{"docs":{"insertions":60,"deletions":19}}},{"hash":"ea03ac0536daeab25c980abd4833550f9f01ce7c","isMergeCommit":true,"messageTitle":"Merge pull request #63 from Izen9835/branch-izenDG","messageBody":"Update document structure based on addressbook-level3","fileTypesAndContributionMap":{}}]},{"date":"2025-10-29T00:00:00","commitResults":[{"hash":"ede5a649c0c28c3532304f99166db502d5c43943","isMergeCommit":true,"messageTitle":"Merge pull request #58 from mazh25/feature/view-commands-test","messageBody":" Add JUnit tests for ViewAthlete, ViewSessions, and ViewExercise commands #57","fileTypesAndContributionMap":{}},{"hash":"b929eb89a97efe83dbe654e678d8737640f55a0b","isMergeCommit":false,"messageTitle":"Revert \" Add JUnit tests for ViewAthlete, ViewSessions, and ViewExercise commands #57\"","messageBody":"","fileTypesAndContributionMap":{"functional-code":{"insertions":0,"deletions":17},"test-code":{"insertions":0,"deletions":275}}},{"hash":"5eaa1cf6cbafcd6ccb5c73834eaeb2f7af76c915","isMergeCommit":true,"messageTitle":"Merge pull request #76 from AY2526S1-CS2113-W14-1/revert-58-feature/view-commands-test","messageBody":"Revert \" Add JUnit tests for ViewAthlete, ViewSessions, and ViewExercise commands #57\"","fileTypesAndContributionMap":{}},{"hash":"7edb1f7a4962055fb18b1f44d51cb88fc17484a2","isMergeCommit":false,"messageTitle":"Initial commit, add storage package and bind to fitnessone","messageBody":"","fileTypesAndContributionMap":{"functional-code":{"insertions":286,"deletions":4},"other":{"insertions":1,"deletions":0}}},{"hash":"c05d429c686f7b8f6def7d7cc78c5094e9f3619a","isMergeCommit":false,"messageTitle":"Add Junit tests for storage feature","messageBody":"","fileTypesAndContributionMap":{"test-code":{"insertions":61,"deletions":0}}},{"hash":"8436601f3e185450b860b153be099f395b923864","isMergeCommit":true,"messageTitle":"Merge branch \u0027master\u0027 into branch-storage-1","messageBody":"","fileTypesAndContributionMap":{}},{"hash":"b0c7e94b99db710debff8d5709eaa41bb630aa91","isMergeCommit":false,"messageTitle":"Add UML diagram for storage sequence and general DG fixes","messageBody":"","fileTypesAndContributionMap":{"docs":{"insertions":150,"deletions":4}}},{"hash":"b33dd75075efbbe420c2a9431211ad01f39e534b","isMergeCommit":false,"messageTitle":"Add acknowledgements, Main Loop UML","messageBody":"","fileTypesAndContributionMap":{"docs":{"insertions":24,"deletions":29}}},{"hash":"5fc8f73de2954f694390c01b1444895b8b0a9f42","isMergeCommit":false,"messageTitle":"Add overall UML diagram","messageBody":"","fileTypesAndContributionMap":{"docs":{"insertions":97,"deletions":16}}},{"hash":"30677d4709ae83a99786ac0c28584facd208c049","isMergeCommit":false,"messageTitle":"Update formatting","messageBody":"","fileTypesAndContributionMap":{"docs":{"insertions":0,"deletions":10}}},{"hash":"b33e31836d1ee8ecd63d2af6ccc05cdafb53c479","isMergeCommit":true,"messageTitle":"Merge branch \u0027master\u0027 into dg-main-loop-UML","messageBody":"","fileTypesAndContributionMap":{}},{"hash":"126af6f6a1adff5ce98fd0b28ade8d70182ba2ea","isMergeCommit":false,"messageTitle":"Fixed illegal expression","messageBody":"","fileTypesAndContributionMap":{"functional-code":{"insertions":1,"deletions":0}}},{"hash":"26bb02969e128215e7a9b80fa41f8722f6c440a1","isMergeCommit":false,"messageTitle":"Fix illegal expression","messageBody":"","fileTypesAndContributionMap":{"functional-code":{"insertions":1,"deletions":0}}},{"hash":"c32cb2d349b57dd3bb5b7d833df6d499c4137dd0","isMergeCommit":false,"messageTitle":"Fix checkstyle fails","messageBody":"","fileTypesAndContributionMap":{"test-code":{"insertions":5,"deletions":1}}},{"hash":"4551396f7e09f25fc4cc229b349f7585d32ee806","isMergeCommit":false,"messageTitle":"Add back Philip\u0027s changes","messageBody":"","fileTypesAndContributionMap":{"docs":{"insertions":42,"deletions":0}}},{"hash":"ba01b3db64626704baaa3f516c4ab7212b735c52","isMergeCommit":true,"messageTitle":"Merge pull request #85 from Izen9835/pr-79","messageBody":"Add storage package and bind to Fitnessone for #77 repeated","fileTypesAndContributionMap":{}},{"hash":"4fca5eb1351099781ea14a549c4b18aa0b9c33ec","isMergeCommit":true,"messageTitle":"Merge pull request #83 from Izen9835/dg-main-loop-UML","messageBody":"Add main loop and storage_sequence UML diagrams and docs for #81 and #82","fileTypesAndContributionMap":{}}]},{"date":"2025-10-30T00:00:00","commitResults":[{"hash":"8e26b41efca8d60355b0ee45dabe4f37b6c1e69e","isMergeCommit":false,"messageTitle":"Improve storage robustness to invalid formatting. Add automatic session/exercise renumbering during deletion","messageBody":"","fileTypesAndContributionMap":{"functional-code":{"insertions":272,"deletions":96}}},{"hash":"e469c7c9f97c20610e7f55bd94674411cabfca4e","isMergeCommit":false,"messageTitle":"Fix checkstyles","messageBody":"","fileTypesAndContributionMap":{"functional-code":{"insertions":75,"deletions":32}}},{"hash":"95ed984564ed4cf58cb9ce27897c881f2ca03696","isMergeCommit":false,"messageTitle":"Fix junit tests","messageBody":"","fileTypesAndContributionMap":{"functional-code":{"insertions":22,"deletions":61},"test-code":{"insertions":15,"deletions":11}}},{"hash":"26c11a279c7556ff4e43ba2c06afcf9ed3ada825","isMergeCommit":true,"messageTitle":"Merge pull request #95 from Izen9835/branch-storage-robustness","messageBody":"Branch storage robustness for #94","fileTypesAndContributionMap":{}},{"hash":"30bc60b7ec1174a1cdfedd46ac1c174d0d60f9b8","isMergeCommit":false,"messageTitle":"Initial commit","messageBody":"","fileTypesAndContributionMap":{"docs":{"insertions":71,"deletions":3}}},{"hash":"2b662d02a8eb68f4584ccf9f175a4913748b6719","isMergeCommit":true,"messageTitle":"Merge pull request #97 from Izen9835/ppp-update","messageBody":"Izen PPP update","fileTypesAndContributionMap":{}},{"hash":"576648acbe41fde8f6f0d83560a91444d9acaefe","isMergeCommit":false,"messageTitle":"Update user guide","messageBody":"","fileTypesAndContributionMap":{"docs":{"insertions":375,"deletions":285}}},{"hash":"8b1bf8a6415c8d6be69eea7ff915e31bcc5dc8f9","isMergeCommit":true,"messageTitle":"Merge pull request #99 from Izen9835/ug-update","messageBody":"Update user guide","fileTypesAndContributionMap":{}},{"hash":"f1e48435a9d9c4ce70905f4c10bc8d3d5cbea27c","isMergeCommit":true,"messageTitle":"Merge origin/master, fix minor UI bugs","messageBody":"","fileTypesAndContributionMap":{}},{"hash":"e3d560f0f5867aa00cb2fa9e4f42f116f756bfd2","isMergeCommit":false,"messageTitle":"Add /help to welcome message","messageBody":"","fileTypesAndContributionMap":{"functional-code":{"insertions":1,"deletions":1}}},{"hash":"664644d89d7bb7a34d63915329b99a6cea76205c","isMergeCommit":false,"messageTitle":"Fix checkstyles","messageBody":"","fileTypesAndContributionMap":{"functional-code":{"insertions":2,"deletions":1}}},{"hash":"f56cea9bcfb2c41b53be8e7630a620e8c6fbd21b","isMergeCommit":true,"messageTitle":"Merge pull request #101 from Izen9835/branch-update-welcome","messageBody":"Add /help to welcome message","fileTypesAndContributionMap":{}}]}],"Sheeeesh-code":[{"date":"2025-10-01T00:00:00","commitResults":[{"hash":"bd35c3db5b3754cfc40fe94ddd246db11abaa1d1","isMergeCommit":false,"messageTitle":"Added image, name, GitHub username, and portfolio to AboutUs.md","messageBody":"","fileTypesAndContributionMap":{"docs":{"insertions":2,"deletions":5}}}]},{"date":"2025-10-06T00:00:00","commitResults":[{"hash":"08fa9ba8b5e2cbc12a1da84b9452fcc270113064","isMergeCommit":false,"messageTitle":"Add Sheeeesh-code AboutUs Information","messageBody":"","fileTypesAndContributionMap":{"docs":{"insertions":1,"deletions":1}}},{"hash":"fff4e0eade62842d2bbed6748027eaba3116e1f9","isMergeCommit":false,"messageTitle":"Image changed","messageBody":"","fileTypesAndContributionMap":{"docs":{"insertions":1,"deletions":1}}},{"hash":"208d8b2b25f6f3969494e36d34578623446eba32","isMergeCommit":false,"messageTitle":"Fix image link formatting in AboutUs.md","messageBody":"","fileTypesAndContributionMap":{"docs":{"insertions":1,"deletions":1}}}]},{"date":"2025-10-07T00:00:00","commitResults":[{"hash":"f2a4b744ae339575179d2cb1a4f2cee64ff39b88","isMergeCommit":false,"messageTitle":"Update name from John Doe to Halil Cokeren","messageBody":"","fileTypesAndContributionMap":{"docs":{"insertions":1,"deletions":1}}}]},{"date":"2025-10-12T00:00:00","commitResults":[{"hash":"83c77819b388f64eecb0d63a9013c5ffb6830a0d","isMergeCommit":false,"messageTitle":"Add NewExercise and deleteExercise command","messageBody":"","fileTypesAndContributionMap":{"functional-code":{"insertions":163,"deletions":0}}}]},{"date":"2025-10-14T00:00:00","commitResults":[{"hash":"51f2816d9e2b9627a39118553d8146a64cbd6a2b","isMergeCommit":true,"messageTitle":"Merge pull request #41 from Sheeeesh-code/add-delete-exercise","messageBody":"Add NewExercise and deleteExercise command","fileTypesAndContributionMap":{}}]},{"date":"2025-10-22T00:00:00","commitResults":[{"hash":"2625f5666b895fa3f3bc1a306da095216cd42b64","isMergeCommit":false,"messageTitle":"Add FlagAthleteCommand and update Coach, Athlete, Parser to use athleteID","messageBody":"","fileTypesAndContributionMap":{"functional-code":{"insertions":97,"deletions":1}}},{"hash":"c2fd8d81d85fd73b7d0011c9bf663cd179e70bf3","isMergeCommit":false,"messageTitle":"Adapte to Gradle","messageBody":"","fileTypesAndContributionMap":{"functional-code":{"insertions":10,"deletions":10}}},{"hash":"9f8d9852abcf8fd33583ce18a4c2a77cb2f74bff","isMergeCommit":true,"messageTitle":"Merge pull request #60 from Sheeeesh-code/flagAthlete","messageBody":"Add FlagAthleteCommand and update Coach, Athlete, Parser to use athleteID","fileTypesAndContributionMap":{}}]},{"date":"2025-10-26T00:00:00","commitResults":[{"hash":"80696c37e2b22a914f04207e42983083a061b7d8","isMergeCommit":false,"messageTitle":"Corrected bug with complete exercises","messageBody":"","fileTypesAndContributionMap":{"functional-code":{"insertions":1,"deletions":1}}},{"hash":"2ad1a573bf5790878f132b7e96f1c126d8314744","isMergeCommit":true,"messageTitle":"Merge pull request #71 from Sheeeesh-code/bug","messageBody":"Corrected bug with complete exercises","fileTypesAndContributionMap":{}}]},{"date":"2025-10-29T00:00:00","commitResults":[{"hash":"b05c815f9027df949811d00954f28704407bf4a2","isMergeCommit":false,"messageTitle":"Refactor code with help command","messageBody":"","fileTypesAndContributionMap":{"functional-code":{"insertions":529,"deletions":123}}}]},{"date":"2025-10-30T00:00:00","commitResults":[{"hash":"d8f1862f8c53a310f5084f007b4bbd44af19c78a","isMergeCommit":false,"messageTitle":"Update UserGuide with new commands","messageBody":"Updated command formats and added new commands for flagging and deleting athletes etc","fileTypesAndContributionMap":{"docs":{"insertions":134,"deletions":4}}},{"hash":"1497b62dce3a4e2fec8768b8c1b4b1619d73252c","isMergeCommit":true,"messageTitle":"Merge upstream/master and resolve conflicts","messageBody":"","fileTypesAndContributionMap":{}},{"hash":"53892bebee9dc58cd9e3f248d2110b9f1aa61295","isMergeCommit":false,"messageTitle":"Update of UserGuide","messageBody":"Correction of undo exercise and undo session","fileTypesAndContributionMap":{"docs":{"insertions":2,"deletions":2}}},{"hash":"1674d19505d08d8a4513e30794aeb61902646e6b","isMergeCommit":true,"messageTitle":"Merge pull request #93 from Sheeeesh-code/master","messageBody":"Update UserGuide","fileTypesAndContributionMap":{}},{"hash":"30845c5726d9eaab8a166abafd5205f1a108da6f","isMergeCommit":false,"messageTitle":"Handle custom exception","messageBody":"","fileTypesAndContributionMap":{"functional-code":{"insertions":203,"deletions":202},"test-code":{"insertions":4,"deletions":2}}},{"hash":"dc3b2ef3336fc33c1bdeeee7cab18336f01d9233","isMergeCommit":false,"messageTitle":"Handle custom exception refactor Junit","messageBody":"# Conflicts:\n#\tsrc/test/java/seedu/fitnessone/model/SessionTest.java\n","fileTypesAndContributionMap":{"test-code":{"insertions":263,"deletions":64}}},{"hash":"9e851fe006a8cf87391993be2d84f1baca6b4407","isMergeCommit":false,"messageTitle":"Resolve merge conflicts","messageBody":"","fileTypesAndContributionMap":{"test-code":{"insertions":7,"deletions":7}}},{"hash":"eb4bd313ddbdc1fa1aba74d8b6c11c58a6aa41e5","isMergeCommit":true,"messageTitle":"Merge pull request #96 from Sheeeesh-code/custom-exception","messageBody":"Handle custom exception 1\n","fileTypesAndContributionMap":{}},{"hash":"35192416a11dce6e242288e548ffa89404f6f381","isMergeCommit":false,"messageTitle":"Resolve gradle error","messageBody":"","fileTypesAndContributionMap":{"test-code":{"insertions":1,"deletions":1}}},{"hash":"6f34b4bc64790b01abfb81084e4fda3f465b3bc1","isMergeCommit":true,"messageTitle":"Merge pull request #100 from Sheeeesh-code/master","messageBody":"Resolve gradle error","fileTypesAndContributionMap":{}}]}]},"authorFileTypeContributionMap":{"ChangIkJoong":{"docs":255,"functional-code":736,"test-code":1261,"other":2},"mazh25":{"docs":0,"functional-code":101,"test-code":0},"hyeungac":{"docs":442,"functional-code":174,"test-code":188},"Izen9835":{"docs":732,"functional-code":781,"test-code":125,"other":2},"Sheeeesh-code":{"docs":49,"functional-code":734,"test-code":271}},"authorContributionVariance":{"ChangIkJoong":117574.49,"mazh25":9688.056,"hyeungac":7516.824,"Izen9835":77174.555,"Sheeeesh-code":27657.133},"authorDisplayNameMap":{"ChangIkJoong":"CS2113-W14-1 HANS..OONG","mazh25":"CS2113-W14-1 MA Z..HENG","hyeungac":"CS2113-W14-1 YEUN..G HO","Izen9835":"CS2113-W14-1 TOH ..IZEN","Sheeeesh-code":"CS2113-W14-1 COKE.. CAN"}}
