[{"path":"docs/AboutUs.md","fileType":"docs","lines":[{"lineNumber":1,"author":{"gitId":"-"},"content":"# About us","lastModifiedDate":"2020-05-24T00:51:04","isFullCredit":false},{"lineNumber":2,"author":{"gitId":"-"},"content":"","lastModifiedDate":"2020-05-24T00:51:04","isFullCredit":false},{"lineNumber":3,"author":{"gitId":"-"},"content":"Display |   Name   | Github Profile | Portfolio ","lastModifiedDate":"2020-05-24T00:51:04","isFullCredit":false},{"lineNumber":4,"author":{"gitId":"Exceptional-Khoi"},"content":"--------|:--------:|:--------------:|:---------:","lastModifiedDate":"2025-10-01T14:26:05","isFullCredit":false},{"lineNumber":5,"author":{"gitId":"Exceptional-Khoi"},"content":"![](https://i.redd.it/prwa3v3e7cu91.jpg) |  Starou  | [Github](https://github.com/Exceptional-Khoi) | [Portfolio](docs/team/Starou)","lastModifiedDate":"2025-10-01T14:26:05","isFullCredit":false},{"lineNumber":6,"author":{"gitId":"Kart04"},"content":"![Karthik Photo](Karthik_Photo.png) | Rajasekaran Karthik | [Github](https://github.com/Kart04) | [Portfolio](docs/team/johndoe.md)","lastModifiedDate":"2025-10-01T14:43:23","isFullCredit":false},{"lineNumber":7,"author":{"gitId":"ZhongBaode"},"content":"![](https://images.squarespace-cdn.com/content/v1/607f89e638219e13eee71b1e/1684821560422-SD5V37BAG28BURTLIXUQ/michael-sum-LEpfefQf4rU-unsplash.jpg) | Baode  |   [Github](https://github.com/ZhongBaode)   | [Portfolio](docs/team/Baode.md)","lastModifiedDate":"2025-10-01T14:23:16","isFullCredit":false},{"lineNumber":8,"author":{"gitId":"nitin19011"},"content":"![](https://media.istockphoto.com/id/675804830/photo/beige-hamster.jpg?s\u003d612x612\u0026w\u003d0\u0026k\u003d20\u0026c\u003de4P9Z3U3PVwtNEMZUCkoDkBrHr9E0XDxk9fZdDKZHZ4\u003d) |    Nitin    | [Github](https://github.com/nitin19011) | [Portfolio](docs/team/nitin.md)","lastModifiedDate":"2025-10-01T14:27:24","isFullCredit":false},{"lineNumber":9,"author":{"gitId":"bennyy117"},"content":"![](https://i.pinimg.com/736x/f3/47/af/f347af158da015ccde16e297daf524fa.jpg) | Nary | [Github](https://github.com/bennyy117/) | [Portfolio](docs/team/nary.md)","lastModifiedDate":"2025-10-01T14:26:06","isFullCredit":false}],"authorContributionMap":{"nitin19011":1,"ZhongBaode":1,"bennyy117":1,"-":3,"Exceptional-Khoi":2,"Kart04":1}},{"path":"docs/team/johndoe.md","fileType":"docs","lines":[{"lineNumber":1,"author":{"gitId":"bennyy117"},"content":"# Nary - Project Portfolio Page","lastModifiedDate":"2025-10-01T14:26:06","isFullCredit":false},{"lineNumber":2,"author":{"gitId":"-"},"content":"","lastModifiedDate":"2020-05-24T00:51:04","isFullCredit":false},{"lineNumber":3,"author":{"gitId":"-"},"content":"## Overview","lastModifiedDate":"2020-05-24T00:51:04","isFullCredit":false},{"lineNumber":4,"author":{"gitId":"-"},"content":"","lastModifiedDate":"2020-05-24T00:51:04","isFullCredit":false},{"lineNumber":5,"author":{"gitId":"-"},"content":"","lastModifiedDate":"2020-05-24T00:51:04","isFullCredit":false},{"lineNumber":6,"author":{"gitId":"-"},"content":"### Summary of Contributions","lastModifiedDate":"2020-05-24T00:51:04","isFullCredit":false}],"authorContributionMap":{"bennyy117":1,"-":5}},{"path":"src/main/java/seedu/fitchasers/Workout.java","fileType":"functional-code","lines":[{"lineNumber":1,"author":{"gitId":"Kart04"},"content":"package seedu.fitchasers;","lastModifiedDate":"2025-10-12T10:38:02","isFullCredit":false},{"lineNumber":2,"author":{"gitId":"Kart04"},"content":"","lastModifiedDate":"2025-10-12T10:38:02","isFullCredit":false},{"lineNumber":3,"author":{"gitId":"Kart04"},"content":"public class Workout {","lastModifiedDate":"2025-10-12T10:38:02","isFullCredit":false},{"lineNumber":4,"author":{"gitId":"Kart04"},"content":"    private String workoutName;","lastModifiedDate":"2025-10-12T10:38:02","isFullCredit":false},{"lineNumber":5,"author":{"gitId":"Kart04"},"content":"    private int duration;","lastModifiedDate":"2025-10-12T10:38:02","isFullCredit":false},{"lineNumber":6,"author":{"gitId":"Kart04"},"content":"","lastModifiedDate":"2025-10-12T10:38:02","isFullCredit":false},{"lineNumber":7,"author":{"gitId":"Kart04"},"content":"    public Workout(String workoutName, int duration) {","lastModifiedDate":"2025-10-12T10:38:02","isFullCredit":false},{"lineNumber":8,"author":{"gitId":"Kart04"},"content":"        this.workoutName \u003d workoutName;","lastModifiedDate":"2025-10-12T10:38:02","isFullCredit":false},{"lineNumber":9,"author":{"gitId":"Kart04"},"content":"        this.duration \u003d duration;","lastModifiedDate":"2025-10-12T10:38:02","isFullCredit":false},{"lineNumber":10,"author":{"gitId":"Kart04"},"content":"    }","lastModifiedDate":"2025-10-12T10:38:02","isFullCredit":false},{"lineNumber":11,"author":{"gitId":"Kart04"},"content":"","lastModifiedDate":"2025-10-12T10:38:02","isFullCredit":false},{"lineNumber":12,"author":{"gitId":"Kart04"},"content":"    public String getWorkoutName() {","lastModifiedDate":"2025-10-12T10:38:02","isFullCredit":false},{"lineNumber":13,"author":{"gitId":"Kart04"},"content":"        return workoutName;","lastModifiedDate":"2025-10-12T10:38:02","isFullCredit":false},{"lineNumber":14,"author":{"gitId":"Kart04"},"content":"    }","lastModifiedDate":"2025-10-12T10:38:02","isFullCredit":false},{"lineNumber":15,"author":{"gitId":"Kart04"},"content":"","lastModifiedDate":"2025-10-12T10:38:02","isFullCredit":false},{"lineNumber":16,"author":{"gitId":"Kart04"},"content":"    public void setWorkoutName(String workoutName) {","lastModifiedDate":"2025-10-12T10:38:02","isFullCredit":false},{"lineNumber":17,"author":{"gitId":"Kart04"},"content":"        this.workoutName \u003d workoutName;","lastModifiedDate":"2025-10-12T10:38:02","isFullCredit":false},{"lineNumber":18,"author":{"gitId":"Kart04"},"content":"    }","lastModifiedDate":"2025-10-12T10:38:02","isFullCredit":false},{"lineNumber":19,"author":{"gitId":"Kart04"},"content":"","lastModifiedDate":"2025-10-12T10:38:02","isFullCredit":false},{"lineNumber":20,"author":{"gitId":"Kart04"},"content":"    public int getDuration() {","lastModifiedDate":"2025-10-12T10:38:02","isFullCredit":false},{"lineNumber":21,"author":{"gitId":"Kart04"},"content":"        return duration;","lastModifiedDate":"2025-10-12T10:38:02","isFullCredit":false},{"lineNumber":22,"author":{"gitId":"Kart04"},"content":"    }","lastModifiedDate":"2025-10-12T10:38:02","isFullCredit":false},{"lineNumber":23,"author":{"gitId":"Kart04"},"content":"","lastModifiedDate":"2025-10-12T10:38:02","isFullCredit":false},{"lineNumber":24,"author":{"gitId":"Kart04"},"content":"    public void setDuration(int duration) {","lastModifiedDate":"2025-10-12T10:38:02","isFullCredit":false},{"lineNumber":25,"author":{"gitId":"Kart04"},"content":"        this.duration \u003d duration;","lastModifiedDate":"2025-10-12T10:38:02","isFullCredit":false},{"lineNumber":26,"author":{"gitId":"Kart04"},"content":"    }","lastModifiedDate":"2025-10-12T10:38:02","isFullCredit":false},{"lineNumber":27,"author":{"gitId":"Kart04"},"content":"","lastModifiedDate":"2025-10-12T10:38:02","isFullCredit":false},{"lineNumber":28,"author":{"gitId":"Kart04"},"content":"    @Override","lastModifiedDate":"2025-10-12T10:38:02","isFullCredit":false},{"lineNumber":29,"author":{"gitId":"Kart04"},"content":"    public String toString() {","lastModifiedDate":"2025-10-12T10:38:02","isFullCredit":false},{"lineNumber":30,"author":{"gitId":"Kart04"},"content":"        return \"Workout Name: \" + workoutName + \", Duration: \" + duration + \" has been created and saved.\";","lastModifiedDate":"2025-10-12T10:38:02","isFullCredit":false},{"lineNumber":31,"author":{"gitId":"Kart04"},"content":"    }","lastModifiedDate":"2025-10-12T10:38:02","isFullCredit":false},{"lineNumber":32,"author":{"gitId":"Kart04"},"content":"}","lastModifiedDate":"2025-10-12T10:38:02","isFullCredit":false}],"authorContributionMap":{"Kart04":32}},{"path":"src/main/java/seedu/fitchasers/WorkoutManager.java","fileType":"functional-code","lines":[{"lineNumber":1,"author":{"gitId":"Kart04"},"content":"package seedu.fitchasers;","lastModifiedDate":"2025-10-12T10:45:09","isFullCredit":false},{"lineNumber":2,"author":{"gitId":"Kart04"},"content":"","lastModifiedDate":"2025-10-12T10:45:09","isFullCredit":false},{"lineNumber":3,"author":{"gitId":"Kart04"},"content":"import java.util.ArrayList;","lastModifiedDate":"2025-10-12T10:45:09","isFullCredit":false},{"lineNumber":4,"author":{"gitId":"Kart04"},"content":"public class WorkoutManager","lastModifiedDate":"2025-10-12T10:45:09","isFullCredit":false},{"lineNumber":5,"author":{"gitId":"Kart04"},"content":"{","lastModifiedDate":"2025-10-12T10:45:09","isFullCredit":false},{"lineNumber":6,"author":{"gitId":"Kart04"},"content":"    private ArrayList\u003cWorkout\u003e workouts \u003d  new ArrayList\u003c\u003e();","lastModifiedDate":"2025-10-12T10:45:09","isFullCredit":false},{"lineNumber":7,"author":{"gitId":"Kart04"},"content":"","lastModifiedDate":"2025-10-12T10:45:09","isFullCredit":false},{"lineNumber":8,"author":{"gitId":"Kart04"},"content":"    public void addWorkout(String name, int duration )","lastModifiedDate":"2025-10-12T10:45:09","isFullCredit":false},{"lineNumber":9,"author":{"gitId":"Kart04"},"content":"    {","lastModifiedDate":"2025-10-12T10:45:09","isFullCredit":false},{"lineNumber":10,"author":{"gitId":"Kart04"},"content":"        workouts.add(new Workout(name, duration));","lastModifiedDate":"2025-10-12T10:45:09","isFullCredit":false},{"lineNumber":11,"author":{"gitId":"Kart04"},"content":"    }","lastModifiedDate":"2025-10-12T10:45:09","isFullCredit":false},{"lineNumber":12,"author":{"gitId":"Kart04"},"content":"","lastModifiedDate":"2025-10-12T10:45:09","isFullCredit":false},{"lineNumber":13,"author":{"gitId":"Kart04"},"content":"    public boolean removeWorkout(String name)","lastModifiedDate":"2025-10-12T10:45:09","isFullCredit":false},{"lineNumber":14,"author":{"gitId":"Kart04"},"content":"    {","lastModifiedDate":"2025-10-12T10:45:09","isFullCredit":false},{"lineNumber":15,"author":{"gitId":"Kart04"},"content":"        for( Workout w : workouts){","lastModifiedDate":"2025-10-12T10:45:09","isFullCredit":false},{"lineNumber":16,"author":{"gitId":"Kart04"},"content":"            if(w.getWorkoutName().equals(name)){","lastModifiedDate":"2025-10-12T10:51:47","isFullCredit":false},{"lineNumber":17,"author":{"gitId":"Kart04"},"content":"                workouts.remove(w);","lastModifiedDate":"2025-10-12T10:45:09","isFullCredit":false},{"lineNumber":18,"author":{"gitId":"Kart04"},"content":"                return true;","lastModifiedDate":"2025-10-12T10:45:09","isFullCredit":false},{"lineNumber":19,"author":{"gitId":"Kart04"},"content":"            }","lastModifiedDate":"2025-10-12T10:45:09","isFullCredit":false},{"lineNumber":20,"author":{"gitId":"Kart04"},"content":"        }","lastModifiedDate":"2025-10-12T10:45:09","isFullCredit":false},{"lineNumber":21,"author":{"gitId":"Kart04"},"content":"        return false;","lastModifiedDate":"2025-10-12T10:45:09","isFullCredit":false},{"lineNumber":22,"author":{"gitId":"Kart04"},"content":"    }","lastModifiedDate":"2025-10-12T10:45:09","isFullCredit":false},{"lineNumber":23,"author":{"gitId":"Kart04"},"content":"}","lastModifiedDate":"2025-10-12T10:45:09","isFullCredit":false}],"authorContributionMap":{"Kart04":23}}]
