{"authorDailyContributionsMap":{"nitin19011":[{"date":"2025-10-01T00:00:00","commitResults":[{"hash":"134591556c9c5b16f790fe8680c8a0599fb4361d","isMergeCommit":false,"messageTitle":"updated aboutus.md page with own info","messageBody":"","fileTypesAndContributionMap":{"docs":{"insertions":7,"deletions":7}}},{"hash":"152eb83e5b41034bae0ff829c0313d703d59fffa","isMergeCommit":true,"messageTitle":"Merge branch \u0027master\u0027 of https://github.com/AY2526S1-CS2113-W14-3/tp into nitin-AboutUs","messageBody":"# Conflicts:\n#\tdocs/AboutUs.md\n","fileTypesAndContributionMap":{}}]},{"date":"2025-10-02T00:00:00","commitResults":[{"hash":"36da9c49a36dcd8fd5e5153183a6596e8b9dd144","isMergeCommit":true,"messageTitle":"Merge pull request #8 from nitin19011/nitin-AboutUs","messageBody":"Updated AboutUs page info","fileTypesAndContributionMap":{}}]},{"date":"2025-10-12T00:00:00","commitResults":[{"hash":"f37e3dc19d35061d056545b639c33803cee888e4","isMergeCommit":false,"messageTitle":"Added an exercise class with relavent attributes and getter methods.","messageBody":"","fileTypesAndContributionMap":{"functional-code":{"insertions":47,"deletions":0}}}]},{"date":"2025-10-13T00:00:00","commitResults":[{"hash":"c352f6b3a0e609d0c7c60d321d15e98c29ecb12e","isMergeCommit":true,"messageTitle":"Merge pull request #38 from nitin19011/nitin-exercise-model","messageBody":"Create the exercise class priority","fileTypesAndContributionMap":{}},{"hash":"c1513f9e1d7897a93f63820db042725ba9b8320e","isMergeCommit":false,"messageTitle":"Updated the exercise class to support reps and implemented add exersice method","messageBody":"","fileTypesAndContributionMap":{"functional-code":{"insertions":68,"deletions":2}}},{"hash":"e2581571e6bbd799a496b44286e2c9b753b8a833","isMergeCommit":false,"messageTitle":"updated the format of the workout being printed to accomodate exercises","messageBody":"","fileTypesAndContributionMap":{"functional-code":{"insertions":26,"deletions":12}}},{"hash":"3510873fe9f6e3f04b52c0226bb4c485e86d307d","isMergeCommit":false,"messageTitle":"Fix: indentation / style issues causing CI failure","messageBody":"","fileTypesAndContributionMap":{"functional-code":{"insertions":5,"deletions":6}}},{"hash":"f544fb92aadb3684090baa0ca6d6e7bd99d8be3e","isMergeCommit":true,"messageTitle":"Merge pull request #41 from nitin19011/nitin-exercise-features","messageBody":"Implemented basic exercise methods and attributes for v1.0","fileTypesAndContributionMap":{}},{"hash":"05cb123e652458fe20d0eebcd9bc8990f8d09eb9","isMergeCommit":false,"messageTitle":"Exercise: Add support for sets and update toString","messageBody":"Previously, the Exercise class only stored a single set and did\nnot account for multiple sets when managing workouts.\n","fileTypesAndContributionMap":{"functional-code":{"insertions":37,"deletions":22}}},{"hash":"3a94be003a7ecfabc6c0460caa4fdea5b34873bf","isMergeCommit":false,"messageTitle":"WorkoutManager: Add addSet feature and update display format","messageBody":"Added a new addSet function to allow users to add sets to the current exercise within the workout\n","fileTypesAndContributionMap":{"functional-code":{"insertions":74,"deletions":14}}},{"hash":"945ec62f6842e8db44b31471f5551c65d8c311b0","isMergeCommit":false,"messageTitle":"FileHandler: Added exercise and set to saved file","messageBody":"Exercise and its relavent attributes like sets and reps are now correctly stored in the save file\n","fileTypesAndContributionMap":{"functional-code":{"insertions":54,"deletions":26}}},{"hash":"433664b662823c5b3c7d223fc1686fcc3921ddd7","isMergeCommit":false,"messageTitle":"Fix: indentation / style issues causing CI failure","messageBody":"","fileTypesAndContributionMap":{"functional-code":{"insertions":18,"deletions":20}}},{"hash":"e70989918c0eb4bf485e664196e25da0e6241903","isMergeCommit":true,"messageTitle":"Merge pull request #46 from nitin19011/43-exercise-model-additional-features","messageBody":"Implemented addset() and update file storage logic","fileTypesAndContributionMap":{}},{"hash":"b83f0ae50b29c0fbe35023380e5083fc32c226a7","isMergeCommit":false,"messageTitle":"Implemented JUnit tests for Exercise class","messageBody":"","fileTypesAndContributionMap":{"test-code":{"insertions":42,"deletions":0}}},{"hash":"7cbd722a1c0ad3c02b6871d2ef045adcf0b5d2c6","isMergeCommit":false,"messageTitle":"Implement JUnit tests for addset() and add exercise()","messageBody":"","fileTypesAndContributionMap":{"test-code":{"insertions":42,"deletions":0}}}]},{"date":"2025-10-14T00:00:00","commitResults":[{"hash":"0d9c1ebacd23f1e2ab6a541646461d0567f6511d","isMergeCommit":true,"messageTitle":"Merge branch \u0027master\u0027 into task-JUnit-tests","messageBody":"","fileTypesAndContributionMap":{}},{"hash":"fd0eb8bccc13fdcc24dbcfb4f823ee8180b62a14","isMergeCommit":false,"messageTitle":"Added Junit test for exercise class, addExercise() and addSet() method","messageBody":"","fileTypesAndContributionMap":{"functional-code":{"insertions":5,"deletions":18},"test-code":{"insertions":0,"deletions":12}}},{"hash":"51c4101b772b20b4050291d6ffc750cfce6e04dc","isMergeCommit":false,"messageTitle":"Fix: indentation / style issues causing CI failure","messageBody":"","fileTypesAndContributionMap":{"test-code":{"insertions":2,"deletions":0}}},{"hash":"7ba6aa2fa66eb79244ae633b6dc3b4d4e9b5b549","isMergeCommit":false,"messageTitle":"Fix: indentation / style issues causing CI failure","messageBody":"","fileTypesAndContributionMap":{"test-code":{"insertions":3,"deletions":3}}}]}],"ZhongBaode":[{"date":"2025-10-01T00:00:00","commitResults":[{"hash":"e21790c7f6152e90143d7edd286bc4a1963d5d7a","isMergeCommit":false,"messageTitle":"Edited  Aboutus.md page","messageBody":"Added personal information and github information\n","fileTypesAndContributionMap":{"docs":{"insertions":4,"deletions":7}}},{"hash":"80a43f5e4ff24de79abcbd6ed17b677b0152d050","isMergeCommit":true,"messageTitle":"Merge pull request #3 from ZhongBaode/Baode-AboutUs","messageBody":"Edited  Aboutus.md page For Baode","fileTypesAndContributionMap":{}},{"hash":"8afd750a64cad1702400f3426e1a05d8eedc35a4","isMergeCommit":false,"messageTitle":"Testing PR","messageBody":"","fileTypesAndContributionMap":{"docs":{"insertions":3,"deletions":3}}},{"hash":"1f6e2a6cd7bed3723d7e37c6e275dcc10f911f8f","isMergeCommit":true,"messageTitle":"Merge pull request #6 from ZhongBaode/Baode-AboutUs","messageBody":"Testing PR","fileTypesAndContributionMap":{}}]},{"date":"2025-10-12T00:00:00","commitResults":[{"hash":"24c3ccdc97e257a908ecfba7ce948bd946e4aa1d","isMergeCommit":false,"messageTitle":"Updated workoutManager to viewlog and addWorkout","messageBody":"","fileTypesAndContributionMap":{"functional-code":{"insertions":63,"deletions":6}}},{"hash":"2a8a81c7762157a98abed222fb5c3ec07486b299","isMergeCommit":false,"messageTitle":"Added Parser Class to handle User input","messageBody":"","fileTypesAndContributionMap":{"functional-code":{"insertions":105,"deletions":11}}},{"hash":"1ec3829fe57a8e610ced1a2821e192cbc6ddf262","isMergeCommit":false,"messageTitle":"Added FileHanding class","messageBody":"Save and load files after session\n","fileTypesAndContributionMap":{"functional-code":{"insertions":78,"deletions":0}}},{"hash":"a035ba46758f235332061064bc4229576da4fad7","isMergeCommit":false,"messageTitle":"Reformatted code","messageBody":"","fileTypesAndContributionMap":{"functional-code":{"insertions":26,"deletions":22}}},{"hash":"3bef70a29256297a976d8557f1bcfe22e84e9048","isMergeCommit":false,"messageTitle":"Reformatted code","messageBody":"","fileTypesAndContributionMap":{"functional-code":{"insertions":28,"deletions":24}}},{"hash":"abb37c2df9eda352bd200f0dd8148b76d1d83949","isMergeCommit":true,"messageTitle":"Merge branch \u0027master\u0027 of github.com:ZhongBaode/tp","messageBody":"","fileTypesAndContributionMap":{}},{"hash":"c542b0fb6b86610aa53aaa244e4eb009468e9331","isMergeCommit":true,"messageTitle":"Merge pull request #33 from ZhongBaode/master","messageBody":"Added Parser Class, File Handling and Updated Workout Manager","fileTypesAndContributionMap":{}}]}],"bennyy117":[{"date":"2025-10-01T00:00:00","commitResults":[{"hash":"ec9c7811ff1cb559785d489909c779f0c4726a59","isMergeCommit":false,"messageTitle":"hello it s me Nary","messageBody":"","fileTypesAndContributionMap":{"docs":{"insertions":2,"deletions":6}}}]},{"date":"2025-10-06T00:00:00","commitResults":[{"hash":"669de0d5afb64fb64c52a9b40fa9ca6bbdd9042a","isMergeCommit":true,"messageTitle":"add nary profile","messageBody":"","fileTypesAndContributionMap":{}},{"hash":"3b5fa79c11b33fa6719b880c92ec736904fe3357","isMergeCommit":true,"messageTitle":"Merge pull request #4 from bennyy117/Nary-AboutUs","messageBody":"Add personal detail to AboutUs.md","fileTypesAndContributionMap":{}}]},{"date":"2025-10-12T00:00:00","commitResults":[{"hash":"eb8163f5e245741417fa63c4b28191d700150249","isMergeCommit":false,"messageTitle":"Modify README","messageBody":"","fileTypesAndContributionMap":{"docs":{"insertions":1,"deletions":0}}},{"hash":"63a03250a933c5be07850fe1f51550ed38451c05","isMergeCommit":true,"messageTitle":"Merge pull request #36 from bennyy117/master","messageBody":"Modify README","fileTypesAndContributionMap":{}}]},{"date":"2025-10-13T00:00:00","commitResults":[{"hash":"2fc2c6c0e40a4fdded9fd69cb9d2e4bb787940f4","isMergeCommit":true,"messageTitle":"Merge pull request #51 from Exceptional-Khoi/Starou-UIClass","messageBody":"Create UI class","fileTypesAndContributionMap":{}},{"hash":"13c75a379e7903206e1b5a8cfd3d31c899198db7","isMergeCommit":false,"messageTitle":"Add record weight","messageBody":"","fileTypesAndContributionMap":{"functional-code":{"insertions":533,"deletions":226}}},{"hash":"0f44eeb3103cde0fba12054b51c7ea154a5c3a3a","isMergeCommit":false,"messageTitle":"Add record weight","messageBody":"","fileTypesAndContributionMap":{"functional-code":{"insertions":37,"deletions":39}}}]},{"date":"2025-10-14T00:00:00","commitResults":[{"hash":"5ac36d8f62f207ae9a7676d0f67c606c02d30a61","isMergeCommit":false,"messageTitle":"Modify delete workout","messageBody":"","fileTypesAndContributionMap":{"functional-code":{"insertions":3,"deletions":7}}},{"hash":"1d8461b35afdd80f5df65151a8d7ba151295001c","isMergeCommit":false,"messageTitle":"Modify README","messageBody":"","fileTypesAndContributionMap":{"docs":{"insertions":1,"deletions":1}}},{"hash":"7b7f632a30d46a7431d3732d8b2241deef71c2e0","isMergeCommit":true,"messageTitle":"Merge pull request #55 from bennyy117/11-record-weight","messageBody":"Minor change about README","fileTypesAndContributionMap":{}}]}],"Exceptional-Khoi":[{"date":"2025-10-01T00:00:00","commitResults":[{"hash":"e85fbabe644e809ba1a99bdbc1e60a5a340f6940","isMergeCommit":false,"messageTitle":"Already updated","messageBody":"","fileTypesAndContributionMap":{"docs":{"insertions":4,"deletions":7}}}]},{"date":"2025-10-02T00:00:00","commitResults":[{"hash":"966fca5ec00f1c48b2fc69d9c3a778314596f2a3","isMergeCommit":true,"messageTitle":"Merge remote-tracking branch \u0027upstream/master\u0027 into Starou-AboutUs","messageBody":"","fileTypesAndContributionMap":{}},{"hash":"ae48e2b856ece0a0029cd970ab284c614cd80be7","isMergeCommit":true,"messageTitle":"Merge pull request #1 from Exceptional-Khoi/Starou-AboutUs","messageBody":"Already updated","fileTypesAndContributionMap":{}}]},{"date":"2025-10-12T00:00:00","commitResults":[{"hash":"5b15372acb56bb01086b8427384d9436f4ec2f21","isMergeCommit":false,"messageTitle":"Finish UI class","messageBody":"","fileTypesAndContributionMap":{"functional-code":{"insertions":138,"deletions":10}}},{"hash":"257eb0c3ce1349b18b7f5441e7aa4bc378d0b0b8","isMergeCommit":false,"messageTitle":"Finish UI class","messageBody":"","fileTypesAndContributionMap":{"functional-code":{"insertions":0,"deletions":1}}}]},{"date":"2025-10-13T00:00:00","commitResults":[{"hash":"19884715aa060809c4ee9c1e48712cac4ec996ef","isMergeCommit":false,"messageTitle":"Finish UI class","messageBody":"","fileTypesAndContributionMap":{"functional-code":{"insertions":21,"deletions":14}}},{"hash":"0015307d4fd62950f12b364e8ea56c563e92a239","isMergeCommit":true,"messageTitle":"Finish UI and succesfully integrate it","messageBody":"","fileTypesAndContributionMap":{}},{"hash":"12013323d1a9f9f348c194f71602baffefa3d3f2","isMergeCommit":false,"messageTitle":"Finish UI class and successfully integrate it","messageBody":"","fileTypesAndContributionMap":{"functional-code":{"insertions":227,"deletions":115}}},{"hash":"66b5fc93911dd322468497efe2cb7bfa216b8cb1","isMergeCommit":true,"messageTitle":"Merge remote-tracking branch \u0027upstream/master\u0027 into Starou-UIClass","messageBody":"Merge branch \u0027main\u0027 into Starou-UIClass\n","fileTypesAndContributionMap":{}},{"hash":"79879b6421f92f54afba88a4969bb5ae273a329f","isMergeCommit":true,"messageTitle":"Merge pull request #44 from Exceptional-Khoi/Starou-UIClass","messageBody":"Successfully integrate the UI class into the product","fileTypesAndContributionMap":{}},{"hash":"6f4e5fd3664f81bbf9b392164744f93d314e6c67","isMergeCommit":false,"messageTitle":"Revert \"UI class\"","messageBody":"","fileTypesAndContributionMap":{"functional-code":{"insertions":229,"deletions":335}}},{"hash":"2c3e3f01a12338cfb28fafc4f022b51412ebff89","isMergeCommit":true,"messageTitle":"Merge pull request #50 from AY2526S1-CS2113-W14-3/revert-44-Starou-UIClass","messageBody":"Revert \"UI class\"","fileTypesAndContributionMap":{}},{"hash":"5f424c1a0ded82d2bf4b2c0d95c18e8fe5499fe5","isMergeCommit":false,"messageTitle":"Create UI class","messageBody":"","fileTypesAndContributionMap":{"functional-code":{"insertions":1,"deletions":0}}},{"hash":"21818aaf95190e48aea97a02f7573f3ce96d56f5","isMergeCommit":true,"messageTitle":"Finish UI class and successfully integrate","messageBody":"","fileTypesAndContributionMap":{}},{"hash":"63dd43ef04555c6d38a76ad86280acb8d5c83b93","isMergeCommit":false,"messageTitle":"Finish UI class and successfully integrate it","messageBody":"","fileTypesAndContributionMap":{"functional-code":{"insertions":43,"deletions":22}}},{"hash":"2bb34c9fedc7d77332054d78852ea98033673304","isMergeCommit":false,"messageTitle":"Finish UI class and successfully integrate it","messageBody":"","fileTypesAndContributionMap":{"functional-code":{"insertions":2,"deletions":0}}},{"hash":"9ec50e595ffb0cd1684047ccfe061f8992ca5e84","isMergeCommit":false,"messageTitle":"Finish UI class and sucessfully integrate","messageBody":"","fileTypesAndContributionMap":{"functional-code":{"insertions":1,"deletions":8}}}]},{"date":"2025-10-14T00:00:00","commitResults":[{"hash":"68f1aadc0f32700f0f65d41ee2e95ea74bd1552c","isMergeCommit":true,"messageTitle":"Merge pull request #52 from bennyy117/11-record-weight","messageBody":"Add record weight","fileTypesAndContributionMap":{}}]}],"Kart04":[{"date":"2025-10-01T00:00:00","commitResults":[{"hash":"b1fc83676ca4c196ca633f60614e3229b4f8eb39","isMergeCommit":false,"messageTitle":"Add personal detail to AboutUs.md","messageBody":"","fileTypesAndContributionMap":{"docs":{"insertions":4,"deletions":7}}},{"hash":"75c73fb7239da68c904658a55a29db33741ad0b0","isMergeCommit":true,"messageTitle":"Merge branch \u0027master\u0027 of https://github.com/AY2526S1-CS2113-W14-3/tp into Karthik-AboutUs","messageBody":"# Conflicts:\n#\tdocs/AboutUs.md\n","fileTypesAndContributionMap":{}},{"hash":"9218a22be63836ec91ae01dbc96487431a24e05c","isMergeCommit":true,"messageTitle":"Merge pull request #7 from Kart04/Karthik-AboutUs","messageBody":"Add personal detail to AboutUs.md","fileTypesAndContributionMap":{}}]},{"date":"2025-10-12T00:00:00","commitResults":[{"hash":"05bfeb3f71865ba121f85a81cc43847a9b021455","isMergeCommit":false,"messageTitle":"Add Workout class for managing workout sessions","messageBody":"","fileTypesAndContributionMap":{"functional-code":{"insertions":32,"deletions":0}}},{"hash":"e459632bc6fb6330f51d8f5411c39422230d81ee","isMergeCommit":false,"messageTitle":"Add WorkoutManager for adding and removing workouts","messageBody":"","fileTypesAndContributionMap":{"functional-code":{"insertions":23,"deletions":0}}},{"hash":"b13d8c14654d88a98e772917c13ddea4c4231a93","isMergeCommit":true,"messageTitle":"Merge branch \u002717-workout-class\u0027 into 28-WorkoutManager-class","messageBody":"","fileTypesAndContributionMap":{}},{"hash":"3439064dcca41152f33f23e3bdced5a2d648852f","isMergeCommit":false,"messageTitle":"Fix workout name comparison in WorkoutManager","messageBody":"","fileTypesAndContributionMap":{"functional-code":{"insertions":1,"deletions":1}}},{"hash":"2fefe49844e10badcc810d8be031128aa395699d","isMergeCommit":true,"messageTitle":"Merge pull request #32 from Kart04/master","messageBody":"Add Workout and WorkoutManager classes for session management","fileTypesAndContributionMap":{}}]},{"date":"2025-10-13T00:00:00","commitResults":[{"hash":"1857876077e22f375176ed7643b5ca3b9118549b","isMergeCommit":false,"messageTitle":"Add automatically calculated duration function in workout class","messageBody":"","fileTypesAndContributionMap":{"functional-code":{"insertions":80,"deletions":1}}},{"hash":"5d587baea525b68014a1333ce31c18a1da9dd6d0","isMergeCommit":false,"messageTitle":"Modify code to meet SE-EDU and standard Java style conventions","messageBody":"","fileTypesAndContributionMap":{"functional-code":{"insertions":9,"deletions":8}}},{"hash":"882a0c46cd77c54d56d3e545f7442b39c961726e","isMergeCommit":true,"messageTitle":"Merge pull request #42 from Kart04/master","messageBody":"Add automatically calculated duration function in workout class","fileTypesAndContributionMap":{}}]},{"date":"2025-10-14T00:00:00","commitResults":[{"hash":"6ac85c0e316ced2fceab8984964fd890d5be6f6f","isMergeCommit":true,"messageTitle":"Merge pull request #57 from nitin19011/task-JUnit-tests","messageBody":"Implemented JUnit tests for Exercise class, addExercise() and addSet()","fileTypesAndContributionMap":{}}]}]},"authorFileTypeContributionMap":{"nitin19011":{"docs":1,"functional-code":147,"test-code":86},"ZhongBaode":{"docs":1,"functional-code":83,"test-code":0},"bennyy117":{"docs":3,"functional-code":441,"test-code":0},"Exceptional-Khoi":{"docs":2,"functional-code":227,"test-code":0},"Kart04":{"docs":1,"functional-code":99,"test-code":0}},"authorContributionVariance":{"nitin19011":8103.615,"ZhongBaode":4865.544,"bennyy117":25740.455,"Exceptional-Khoi":38664.367,"Kart04":458.2367},"authorDisplayNameMap":{"nitin19011":"CS2113-W14-3 NITI..ITIN","ZhongBaode":"CS2113-W14-3 ZHON..AODE","bennyy117":"CS2113-W14-3 NGUY..LOAN","Exceptional-Khoi":"CS2113-W14-3 VU D..KHOI","Kart04":"CS2113-W14-3 RAJA..THIK"}}
