{"authorDailyContributionsMap":{"nitin19011":[{"date":"2025-10-01T00:00:00","commitResults":[{"hash":"134591556c9c5b16f790fe8680c8a0599fb4361d","isMergeCommit":false,"messageTitle":"updated aboutus.md page with own info","messageBody":"","fileTypesAndContributionMap":{"docs":{"insertions":7,"deletions":7}}},{"hash":"152eb83e5b41034bae0ff829c0313d703d59fffa","isMergeCommit":true,"messageTitle":"Merge branch \u0027master\u0027 of https://github.com/AY2526S1-CS2113-W14-3/tp into nitin-AboutUs","messageBody":"# Conflicts:\n#\tdocs/AboutUs.md\n","fileTypesAndContributionMap":{}}]},{"date":"2025-10-02T00:00:00","commitResults":[{"hash":"36da9c49a36dcd8fd5e5153183a6596e8b9dd144","isMergeCommit":true,"messageTitle":"Merge pull request #8 from nitin19011/nitin-AboutUs","messageBody":"Updated AboutUs page info","fileTypesAndContributionMap":{}}]},{"date":"2025-10-12T00:00:00","commitResults":[{"hash":"f37e3dc19d35061d056545b639c33803cee888e4","isMergeCommit":false,"messageTitle":"Added an exercise class with relavent attributes and getter methods.","messageBody":"","fileTypesAndContributionMap":{"functional-code":{"insertions":47,"deletions":0}}}]},{"date":"2025-10-13T00:00:00","commitResults":[{"hash":"c352f6b3a0e609d0c7c60d321d15e98c29ecb12e","isMergeCommit":true,"messageTitle":"Merge pull request #38 from nitin19011/nitin-exercise-model","messageBody":"Create the exercise class priority","fileTypesAndContributionMap":{}},{"hash":"c1513f9e1d7897a93f63820db042725ba9b8320e","isMergeCommit":false,"messageTitle":"Updated the exercise class to support reps and implemented add exersice method","messageBody":"","fileTypesAndContributionMap":{"functional-code":{"insertions":68,"deletions":2}}},{"hash":"e2581571e6bbd799a496b44286e2c9b753b8a833","isMergeCommit":false,"messageTitle":"updated the format of the workout being printed to accomodate exercises","messageBody":"","fileTypesAndContributionMap":{"functional-code":{"insertions":26,"deletions":12}}},{"hash":"3510873fe9f6e3f04b52c0226bb4c485e86d307d","isMergeCommit":false,"messageTitle":"Fix: indentation / style issues causing CI failure","messageBody":"","fileTypesAndContributionMap":{"functional-code":{"insertions":5,"deletions":6}}},{"hash":"f544fb92aadb3684090baa0ca6d6e7bd99d8be3e","isMergeCommit":true,"messageTitle":"Merge pull request #41 from nitin19011/nitin-exercise-features","messageBody":"Implemented basic exercise methods and attributes for v1.0","fileTypesAndContributionMap":{}},{"hash":"05cb123e652458fe20d0eebcd9bc8990f8d09eb9","isMergeCommit":false,"messageTitle":"Exercise: Add support for sets and update toString","messageBody":"Previously, the Exercise class only stored a single set and did\nnot account for multiple sets when managing workouts.\n","fileTypesAndContributionMap":{"functional-code":{"insertions":37,"deletions":22}}},{"hash":"3a94be003a7ecfabc6c0460caa4fdea5b34873bf","isMergeCommit":false,"messageTitle":"WorkoutManager: Add addSet feature and update display format","messageBody":"Added a new addSet function to allow users to add sets to the current exercise within the workout\n","fileTypesAndContributionMap":{"functional-code":{"insertions":74,"deletions":14}}},{"hash":"945ec62f6842e8db44b31471f5551c65d8c311b0","isMergeCommit":false,"messageTitle":"FileHandler: Added exercise and set to saved file","messageBody":"Exercise and its relavent attributes like sets and reps are now correctly stored in the save file\n","fileTypesAndContributionMap":{"functional-code":{"insertions":54,"deletions":26}}},{"hash":"433664b662823c5b3c7d223fc1686fcc3921ddd7","isMergeCommit":false,"messageTitle":"Fix: indentation / style issues causing CI failure","messageBody":"","fileTypesAndContributionMap":{"functional-code":{"insertions":18,"deletions":20}}},{"hash":"e70989918c0eb4bf485e664196e25da0e6241903","isMergeCommit":true,"messageTitle":"Merge pull request #46 from nitin19011/43-exercise-model-additional-features","messageBody":"Implemented addset() and update file storage logic","fileTypesAndContributionMap":{}},{"hash":"b83f0ae50b29c0fbe35023380e5083fc32c226a7","isMergeCommit":false,"messageTitle":"Implemented JUnit tests for Exercise class","messageBody":"","fileTypesAndContributionMap":{"test-code":{"insertions":42,"deletions":0}}},{"hash":"7cbd722a1c0ad3c02b6871d2ef045adcf0b5d2c6","isMergeCommit":false,"messageTitle":"Implement JUnit tests for addset() and add exercise()","messageBody":"","fileTypesAndContributionMap":{"test-code":{"insertions":42,"deletions":0}}}]},{"date":"2025-10-14T00:00:00","commitResults":[{"hash":"0d9c1ebacd23f1e2ab6a541646461d0567f6511d","isMergeCommit":true,"messageTitle":"Merge branch \u0027master\u0027 into task-JUnit-tests","messageBody":"","fileTypesAndContributionMap":{}},{"hash":"fd0eb8bccc13fdcc24dbcfb4f823ee8180b62a14","isMergeCommit":false,"messageTitle":"Added Junit test for exercise class, addExercise() and addSet() method","messageBody":"","fileTypesAndContributionMap":{"functional-code":{"insertions":5,"deletions":18},"test-code":{"insertions":0,"deletions":12}}},{"hash":"51c4101b772b20b4050291d6ffc750cfce6e04dc","isMergeCommit":false,"messageTitle":"Fix: indentation / style issues causing CI failure","messageBody":"","fileTypesAndContributionMap":{"test-code":{"insertions":2,"deletions":0}}},{"hash":"7ba6aa2fa66eb79244ae633b6dc3b4d4e9b5b549","isMergeCommit":false,"messageTitle":"Fix: indentation / style issues causing CI failure","messageBody":"","fileTypesAndContributionMap":{"test-code":{"insertions":3,"deletions":3}}},{"hash":"d035eb1c7af1cd3ca23575bbe44668b4f0281c12","isMergeCommit":true,"messageTitle":"Merge pull request #69 from bennyy117/junit-test-for-person","messageBody":"Modify default name for person","fileTypesAndContributionMap":{}}]},{"date":"2025-10-16T00:00:00","commitResults":[{"hash":"b1283c4739cb16052c5b5ff3e0185dae1df80802","isMergeCommit":true,"messageTitle":"Merge pull request #82 from Kart04/73-74-default-today-and-end-time-check","messageBody":"Fix #73 and #74: Default today for missing date, validate end time after start","fileTypesAndContributionMap":{}}]},{"date":"2025-10-17T00:00:00","commitResults":[{"hash":"8e9331bfa4d374fe9f5c5182ee460ac2620b94e2","isMergeCommit":false,"messageTitle":"Implemented setName() feature","messageBody":"","fileTypesAndContributionMap":{"functional-code":{"insertions":31,"deletions":36}}},{"hash":"eb8c968f4578f3cc9e54e138d840e3d4252c9bfd","isMergeCommit":false,"messageTitle":"Fixed empty catch block causing CL error","messageBody":"","fileTypesAndContributionMap":{"functional-code":{"insertions":34,"deletions":8}}},{"hash":"8dd8174ecd334a7cb6cf01e38b92ed725007d8f0","isMergeCommit":false,"messageTitle":"Fix CL hang error","messageBody":"","fileTypesAndContributionMap":{"functional-code":{"insertions":10,"deletions":1}}},{"hash":"cd4f593b549b74b6ba071b1d4550ea0c8a1f5727","isMergeCommit":false,"messageTitle":"Fixed CL hangup due to readCommand()","messageBody":"","fileTypesAndContributionMap":{"functional-code":{"insertions":33,"deletions":22}}},{"hash":"dff004c7a95124890e3aa4e9b2e1408e3f9c096a","isMergeCommit":true,"messageTitle":"Merge pull request #86 from ZhongBaode/Adding_Confirmation_When_Deleting_Workout","messageBody":"Fixed Delete_function and adding viewlog feature","fileTypesAndContributionMap":{}},{"hash":"b7b53522b21696fac4e264da338e9a1f16ec9106","isMergeCommit":true,"messageTitle":"Merge pull request #92 from ZhongBaode/View_Log_Class","messageBody":"Created View log class \u0026 Modified file handler ","fileTypesAndContributionMap":{}}]},{"date":"2025-10-21T00:00:00","commitResults":[{"hash":"402a0df5e2a02205460f07a69fe328ec4872a616","isMergeCommit":true,"messageTitle":"Merge pull request #102 from ZhongBaode/93_Tagging_Workout","messageBody":"Adding tagging to workout","fileTypesAndContributionMap":{}},{"hash":"770d82ad701df6dde76f74d06587a101907dfd53","isMergeCommit":true,"messageTitle":"Merge pull request #108 from Kart04/105-fix-create-workout-datetime","messageBody":"Fix create_workout extraction for partial datetime","fileTypesAndContributionMap":{}},{"hash":"e39a9a85f087c0b4d4ca410d38a66b2c557bc2d6","isMergeCommit":true,"messageTitle":"Merge pull request #112 from Kart04/Update-user-guide","messageBody":"Added Developer Guide documentation for the del_workout feature","fileTypesAndContributionMap":{}}]},{"date":"2025-10-22T00:00:00","commitResults":[{"hash":"90b50cbae0daffe0df73fda8a63afe1f8caf5b4b","isMergeCommit":true,"messageTitle":"Merge pull request #113 from ZhongBaode/Developer_Guide","messageBody":"Updated Basic Architecture Design in DG","fileTypesAndContributionMap":{}}]},{"date":"2025-10-23T00:00:00","commitResults":[{"hash":"ea0969f0320d890bef14f4cfe05f39c3d7dbc87b","isMergeCommit":false,"messageTitle":"Updated view_weight graph to improve implementation","messageBody":"","fileTypesAndContributionMap":{"functional-code":{"insertions":11,"deletions":7}}},{"hash":"67d3085eda9dc2c66ffe7b1258b5dd4477b21e51","isMergeCommit":false,"messageTitle":"Fixed /create_workout bugs that allowed user to get away with invalid inputs","messageBody":"","fileTypesAndContributionMap":{"functional-code":{"insertions":92,"deletions":23}}},{"hash":"b09acb414338528615c035bc44c8e8f8a7a106fd","isMergeCommit":false,"messageTitle":"Fixed /end_workout command bugs and rewired the logic","messageBody":"","fileTypesAndContributionMap":{"functional-code":{"insertions":96,"deletions":56}}},{"hash":"8e6aa900c7601918f1f1aabec70509bade53c007","isMergeCommit":false,"messageTitle":"Added assertions to some methods of workoutmanager class","messageBody":"","fileTypesAndContributionMap":{"functional-code":{"insertions":7,"deletions":1}}},{"hash":"fca7f10fb886cb40db8400985af9a689f63a106c","isMergeCommit":false,"messageTitle":"Added personal exceptions for some methods and rewired logic for add set and add exercise","messageBody":"","fileTypesAndContributionMap":{"functional-code":{"insertions":119,"deletions":24}}},{"hash":"528ae8a87d49e91e55439605fd34ae2c43fd63ca","isMergeCommit":false,"messageTitle":"Bug fixes","messageBody":"","fileTypesAndContributionMap":{"functional-code":{"insertions":91,"deletions":110}}},{"hash":"51903ca02c851e1ae737249f76cb130c4c9d53e9","isMergeCommit":false,"messageTitle":"Enable assertions in gradle","messageBody":"","fileTypesAndContributionMap":{"other":{"insertions":3,"deletions":0}}},{"hash":"0047111838f713a83db1bbc3a4f92a451b438710","isMergeCommit":false,"messageTitle":"CL fixes","messageBody":"","fileTypesAndContributionMap":{"functional-code":{"insertions":15,"deletions":5}}},{"hash":"4dcae28cb76eaaf69b91f1c9b64b1d1d87f76c45","isMergeCommit":false,"messageTitle":"CL fixes","messageBody":"","fileTypesAndContributionMap":{"functional-code":{"insertions":12,"deletions":3}}},{"hash":"5f2ddbb7e93b6bf452f28ffee3ac9ea853d7001f","isMergeCommit":false,"messageTitle":"Fix CL issues","messageBody":"","fileTypesAndContributionMap":{"functional-code":{"insertions":4,"deletions":2}}},{"hash":"516c9fe2514ddcd57eac4be46d6bf1a5619e3222","isMergeCommit":false,"messageTitle":"Fixed test file to comply with updated code","messageBody":"","fileTypesAndContributionMap":{"test-code":{"insertions":27,"deletions":2}}}]},{"date":"2025-10-24T00:00:00","commitResults":[{"hash":"43fbcba1d8730c396e57a6596fbcdba1a84aade8","isMergeCommit":false,"messageTitle":"Updated the Developer Guide","messageBody":"","fileTypesAndContributionMap":{"docs":{"insertions":115,"deletions":1}}}]}],"ZhongBaode":[{"date":"2025-10-01T00:00:00","commitResults":[{"hash":"e21790c7f6152e90143d7edd286bc4a1963d5d7a","isMergeCommit":false,"messageTitle":"Edited  Aboutus.md page","messageBody":"Added personal information and github information\n","fileTypesAndContributionMap":{"docs":{"insertions":4,"deletions":7}}},{"hash":"80a43f5e4ff24de79abcbd6ed17b677b0152d050","isMergeCommit":true,"messageTitle":"Merge pull request #3 from ZhongBaode/Baode-AboutUs","messageBody":"Edited  Aboutus.md page For Baode","fileTypesAndContributionMap":{}},{"hash":"8afd750a64cad1702400f3426e1a05d8eedc35a4","isMergeCommit":false,"messageTitle":"Testing PR","messageBody":"","fileTypesAndContributionMap":{"docs":{"insertions":3,"deletions":3}}},{"hash":"1f6e2a6cd7bed3723d7e37c6e275dcc10f911f8f","isMergeCommit":true,"messageTitle":"Merge pull request #6 from ZhongBaode/Baode-AboutUs","messageBody":"Testing PR","fileTypesAndContributionMap":{}}]},{"date":"2025-10-12T00:00:00","commitResults":[{"hash":"24c3ccdc97e257a908ecfba7ce948bd946e4aa1d","isMergeCommit":false,"messageTitle":"Updated workoutManager to viewlog and addWorkout","messageBody":"","fileTypesAndContributionMap":{"functional-code":{"insertions":63,"deletions":6}}},{"hash":"2a8a81c7762157a98abed222fb5c3ec07486b299","isMergeCommit":false,"messageTitle":"Added Parser Class to handle User input","messageBody":"","fileTypesAndContributionMap":{"functional-code":{"insertions":105,"deletions":11}}},{"hash":"1ec3829fe57a8e610ced1a2821e192cbc6ddf262","isMergeCommit":false,"messageTitle":"Added FileHanding class","messageBody":"Save and load files after session\n","fileTypesAndContributionMap":{"functional-code":{"insertions":78,"deletions":0}}},{"hash":"a035ba46758f235332061064bc4229576da4fad7","isMergeCommit":false,"messageTitle":"Reformatted code","messageBody":"","fileTypesAndContributionMap":{"functional-code":{"insertions":26,"deletions":22}}},{"hash":"3bef70a29256297a976d8557f1bcfe22e84e9048","isMergeCommit":false,"messageTitle":"Reformatted code","messageBody":"","fileTypesAndContributionMap":{"functional-code":{"insertions":28,"deletions":24}}},{"hash":"abb37c2df9eda352bd200f0dd8148b76d1d83949","isMergeCommit":true,"messageTitle":"Merge branch \u0027master\u0027 of github.com:ZhongBaode/tp","messageBody":"","fileTypesAndContributionMap":{}},{"hash":"c542b0fb6b86610aa53aaa244e4eb009468e9331","isMergeCommit":true,"messageTitle":"Merge pull request #33 from ZhongBaode/master","messageBody":"Added Parser Class, File Handling and Updated Workout Manager","fileTypesAndContributionMap":{}}]},{"date":"2025-10-14T00:00:00","commitResults":[{"hash":"6a5a4439d464e161a091adcfb5cd7c8abc9d2215","isMergeCommit":true,"messageTitle":"Merge pull request #58 from Kart04/j-unit-test-workout","messageBody":"J unit testing for workout class","fileTypesAndContributionMap":{}},{"hash":"b0ee49e5469db9abb26a87d320309731c6a3dcd5","isMergeCommit":false,"messageTitle":"Updated Junit Test for workout Manager","messageBody":"","fileTypesAndContributionMap":{"test-code":{"insertions":32,"deletions":1}}},{"hash":"da113e83147451d7e525b2b75e9fd028e103f789","isMergeCommit":true,"messageTitle":"Merge pull request #59 from Exceptional-Khoi/Starou-UIClass","messageBody":"Optimize UI class","fileTypesAndContributionMap":{}},{"hash":"66e0b5f8a2f140e2d94039ab6f73edf4bbf9c786","isMergeCommit":true,"messageTitle":"Merge branch \u0027master\u0027 of github.com:AY2526S1-CS2113-W14-3/tp into Junit-Test-for-workout-manager","messageBody":"","fileTypesAndContributionMap":{}},{"hash":"682dc4c48c9c70a507dc70895d2b6f3ddd8dac97","isMergeCommit":false,"messageTitle":"Updated Text-UI-Tests for testing","messageBody":"","fileTypesAndContributionMap":{"other":{"insertions":3,"deletions":2}}}]},{"date":"2025-10-16T00:00:00","commitResults":[{"hash":"5e90c02fbd7fb90ad1b3160233be46adb7d89f1c","isMergeCommit":false,"messageTitle":"Fixed delete_workout function and added confirmation","messageBody":"","fileTypesAndContributionMap":{"functional-code":{"insertions":46,"deletions":9}}}]},{"date":"2025-10-17T00:00:00","commitResults":[{"hash":"f506181add9585a3e286ea70466961f898d32008","isMergeCommit":false,"messageTitle":"Implemented Serialization file save/loader for multiple arraylist loading when large amount of data is stored","messageBody":"","fileTypesAndContributionMap":{"functional-code":{"insertions":87,"deletions":96}}},{"hash":"e5cd15f5a61daf9733426f44a4876bb033ff34ae","isMergeCommit":false,"messageTitle":"Fixed delete_workout function and added confirmation","messageBody":"","fileTypesAndContributionMap":{"functional-code":{"insertions":46,"deletions":9}}},{"hash":"c67f66fdf7de275cef1bda6a179e856fa5f2ae85","isMergeCommit":true,"messageTitle":"Merge branch \u0027Adding_Confirmation_When_Deleting_Workout\u0027 of github.com:ZhongBaode/tp into Adding_Confirmation_When_Deleting_Workout","messageBody":"# Conflicts:\n#\tsrc/main/java/seedu/fitchasers/Workout.java\n","fileTypesAndContributionMap":{}},{"hash":"7185a10bda7b76e59539bef3c73de84f6a4eb1e5","isMergeCommit":true,"messageTitle":"Merge branch \u0027master\u0027 into Adding_Confirmation_When_Deleting_Workout","messageBody":"","fileTypesAndContributionMap":{}},{"hash":"26050c05d0dbb3886ad552663ec358f71b4b3c28","isMergeCommit":false,"messageTitle":"Added ViewLog class for advance view class features","messageBody":"","fileTypesAndContributionMap":{"functional-code":{"insertions":318,"deletions":3}}},{"hash":"d30463de3eeee8cacc65a1affef39362a0b5dfb0","isMergeCommit":true,"messageTitle":"Merge branch \u0027master\u0027 into View_Log_Class","messageBody":"# Conflicts:\n#\tsrc/main/java/seedu/fitchasers/FileHandler.java\n#\tsrc/main/java/seedu/fitchasers/FitChasers.java\n","fileTypesAndContributionMap":{}},{"hash":"504f60e5f3b68ff40d1f7b27782c9784f0c9646b","isMergeCommit":true,"messageTitle":"Merge branch \u0027master\u0027 into View_Log_Class","messageBody":"# Conflicts:\n#\tsrc/main/java/seedu/fitchasers/FileHandler.java\n#\tsrc/main/java/seedu/fitchasers/FitChasers.java\n","fileTypesAndContributionMap":{}},{"hash":"9c3d03edb865baed11cd4b58b7e77ffabc2b9ed4","isMergeCommit":true,"messageTitle":"Merge branch \u0027View_Log_Class\u0027 of github.com:ZhongBaode/tp into View_Log_Class","messageBody":"","fileTypesAndContributionMap":{}},{"hash":"231b34f93a29b4f3631c357e5c3d92093b892aac","isMergeCommit":false,"messageTitle":"Removed unneeded line","messageBody":"","fileTypesAndContributionMap":{"functional-code":{"insertions":0,"deletions":1}}},{"hash":"dbbfd59d2e17b6a124d1c1cff91be894a2ab79d6","isMergeCommit":false,"messageTitle":"Fixing CI checkstyles","messageBody":"","fileTypesAndContributionMap":{"functional-code":{"insertions":9,"deletions":15},"other":{"insertions":2,"deletions":2}}},{"hash":"43b5bcbe48cc44b96527bfcf5e4638589b7811b4","isMergeCommit":false,"messageTitle":"Fixing CI checkstyles","messageBody":"","fileTypesAndContributionMap":{"functional-code":{"insertions":20,"deletions":29},"other":{"insertions":2,"deletions":2}}},{"hash":"ce595b402b9de57bcd9ff508f3a2fe314bf7ec93","isMergeCommit":true,"messageTitle":"Merge branch \u0027View_Log_Class\u0027 of github.com:ZhongBaode/tp into View_Log_Class","messageBody":"","fileTypesAndContributionMap":{}},{"hash":"364ee8e3d5120177661b8324cf5ea9c5a3300001","isMergeCommit":true,"messageTitle":"Merge branch \u0027View_Log_Class\u0027 of github.com:ZhongBaode/tp into View_Log_Class","messageBody":"","fileTypesAndContributionMap":{}},{"hash":"aef65eddea5f6bd3b574d1b1451682943c01db6b","isMergeCommit":true,"messageTitle":"Merge branch \u0027View_Log_Class\u0027 of github.com:ZhongBaode/tp into View_Log_Class","messageBody":"","fileTypesAndContributionMap":{}},{"hash":"b4c1435be4d182d47ee1d8340e5afdf8acbd0124","isMergeCommit":false,"messageTitle":"Fixing CL commit","messageBody":"","fileTypesAndContributionMap":{"functional-code":{"insertions":4,"deletions":4}}},{"hash":"5d09186bbf90a43bf63d96d3c1330269fcec7c1d","isMergeCommit":false,"messageTitle":"Fixing CI changes","messageBody":"","fileTypesAndContributionMap":{"functional-code":{"insertions":11,"deletions":0}}},{"hash":"5365241f41a22a278bff058f8de16bebabc0e443","isMergeCommit":true,"messageTitle":"Merge branch \u0027master\u0027 into View_Log_Class","messageBody":"","fileTypesAndContributionMap":{}}]},{"date":"2025-10-19T00:00:00","commitResults":[{"hash":"6c139a3293bd09e86cc3e66962bf38740bc9bfbb","isMergeCommit":false,"messageTitle":"Revert \"Merge pull request #92 from ZhongBaode/View_Log_Class\"","messageBody":"This reverts commit b7b53522b21696fac4e264da338e9a1f16ec9106, reversing\nchanges made to dff004c7a95124890e3aa4e9b2e1408e3f9c096a.\n","fileTypesAndContributionMap":{"functional-code":{"insertions":110,"deletions":413}}},{"hash":"e9b5e2099fbb156a042e554c7ad6c1a4b38a6a3c","isMergeCommit":false,"messageTitle":"Revert \"Created View log class \u0026 Modified file handler \"","messageBody":"","fileTypesAndContributionMap":{"functional-code":{"insertions":110,"deletions":413}}},{"hash":"afd89dc014e217edbf2b5e0c04ff88a4d73183b8","isMergeCommit":false,"messageTitle":"Updated filehandler for serialization file handling","messageBody":"","fileTypesAndContributionMap":{"functional-code":{"insertions":60,"deletions":102}}},{"hash":"7027a6231131d8b956f30d5a9f16b304fd5794da","isMergeCommit":false,"messageTitle":"Commented out unused import","messageBody":"","fileTypesAndContributionMap":{"functional-code":{"insertions":1,"deletions":1}}},{"hash":"62e1633e0a654261ade6ee4c12ec3ed3f6b6467e","isMergeCommit":false,"messageTitle":"Commented out unused import and fixed indentation","messageBody":"","fileTypesAndContributionMap":{"functional-code":{"insertions":2,"deletions":2}}},{"hash":"f2170ba05307ffb0252412919e92463fab57f864","isMergeCommit":true,"messageTitle":"Merge branch \u0027Data_Serialization\u0027 of github.com:ZhongBaode/tp into Data_Serialization","messageBody":"","fileTypesAndContributionMap":{}},{"hash":"fce85cf686d21e165c9c71bc111bd243ed6ab3f1","isMergeCommit":false,"messageTitle":"Fixed comment indentation","messageBody":"","fileTypesAndContributionMap":{"functional-code":{"insertions":1,"deletions":1}}},{"hash":"f0bdcd978d14a73c1b9e90f5d918fb5b396708db","isMergeCommit":false,"messageTitle":"Updated UI Class","messageBody":"To handle CI test and add in confirmation message method\n","fileTypesAndContributionMap":{"functional-code":{"insertions":16,"deletions":0}}},{"hash":"dd4f55579a3f47f5947686b0df215a1290ce7e66","isMergeCommit":false,"messageTitle":"Troubleshooting CL command","messageBody":"","fileTypesAndContributionMap":{"functional-code":{"insertions":0,"deletions":9}}},{"hash":"e3a39d5b0c7046ed592025604c28feaf7dfbf03b","isMergeCommit":false,"messageTitle":"Troubleshooting CI","messageBody":"Might have been the input commands\n","fileTypesAndContributionMap":{"functional-code":{"insertions":3,"deletions":6}}},{"hash":"aefcf408821a054c14da80425ebc8535bebdc4dd","isMergeCommit":false,"messageTitle":"Updated input check in UI","messageBody":"","fileTypesAndContributionMap":{"functional-code":{"insertions":1,"deletions":1}}},{"hash":"b7f7155f5d6e02d2b1046c6a69f8ae4dda086b53","isMergeCommit":false,"messageTitle":"Fixed enter command method to handle no next line","messageBody":"","fileTypesAndContributionMap":{"functional-code":{"insertions":8,"deletions":2}}},{"hash":"81936f15fb9597378e4c3ea78945c4eba97daf87","isMergeCommit":false,"messageTitle":"Troubleshooting text UI test","messageBody":"","fileTypesAndContributionMap":{"functional-code":{"insertions":1,"deletions":1}}},{"hash":"c91a1c0ab55407b3428860335404ac23d1873b6f","isMergeCommit":false,"messageTitle":"Added Loading and Saving into serialized file","messageBody":"","fileTypesAndContributionMap":{"functional-code":{"insertions":63,"deletions":22}}},{"hash":"39d09ab3a6c3dff37cc5df2f75287c685f804bf2","isMergeCommit":false,"messageTitle":"Temporarily diasbling text-UI-test","messageBody":"","fileTypesAndContributionMap":{"other":{"insertions":43,"deletions":43}}},{"hash":"3fc384533016277e30589fd81c5eed949a5a351c","isMergeCommit":false,"messageTitle":"Added ViewLog Class for advance viewing feature","messageBody":"","fileTypesAndContributionMap":{"functional-code":{"insertions":309,"deletions":4}}},{"hash":"fb4484fd4eb98da85abcd2f6e4b461927c0f3b9c","isMergeCommit":false,"messageTitle":"Fixing indentation for CI check","messageBody":"","fileTypesAndContributionMap":{"functional-code":{"insertions":4,"deletions":4}}}]},{"date":"2025-10-20T00:00:00","commitResults":[{"hash":"6a613c0507b740695b0ff4bfd46091286c2ce142","isMergeCommit":false,"messageTitle":"Fixed typo for Const variable \"MININUM\" workout","messageBody":"","fileTypesAndContributionMap":{"functional-code":{"insertions":3,"deletions":3}}}]},{"date":"2025-10-21T00:00:00","commitResults":[{"hash":"d7caddefc5c1a4280fa44eb4f02c073abe595177","isMergeCommit":true,"messageTitle":"Merge branch \u0027master\u0027 into 85_View_Log_Class","messageBody":"","fileTypesAndContributionMap":{}},{"hash":"6a7c4178e8b4c170cec21036c624cacb07c406c2","isMergeCommit":false,"messageTitle":"Added automatic tagging to workouts based on workout name (No exercise yet)","messageBody":"","fileTypesAndContributionMap":{"functional-code":{"insertions":90,"deletions":12},"other":{"insertions":11,"deletions":0}}},{"hash":"ee21bb9687e01362c89da3e1dfff1ed3891c3c04","isMergeCommit":false,"messageTitle":"Fixing CL Test","messageBody":"","fileTypesAndContributionMap":{"functional-code":{"insertions":21,"deletions":5}}},{"hash":"1238fd4a465026213aebae43cc7ac14fbe95c2be","isMergeCommit":false,"messageTitle":"Added feature to view detailed log or not by using -d argument when /view_log","messageBody":"","fileTypesAndContributionMap":{"functional-code":{"insertions":10,"deletions":3}}},{"hash":"83712f8c7045b22c1d00964a24ba417934a74074","isMergeCommit":true,"messageTitle":"Merge pull request #106 from Kart04/101-Interactive-Selection-to-delete","messageBody":"Add interactive workout deletion by date and index","fileTypesAndContributionMap":{}},{"hash":"babb6a34f08ce98304796c8735a567af10dd9783","isMergeCommit":true,"messageTitle":"Merge branch \u0027master\u0027 into 93_Tagging_Workout","messageBody":"","fileTypesAndContributionMap":{}},{"hash":"cf01569f5eb7a1921b61d80ad66f9e363a956954","isMergeCommit":false,"messageTitle":"Added open workout feature that displays workout in detail","messageBody":"","fileTypesAndContributionMap":{"functional-code":{"insertions":77,"deletions":0}}},{"hash":"0e92086b608faf7f466f90e00d7069907f1909af","isMergeCommit":false,"messageTitle":"Refactored code for Suffix day","messageBody":"","fileTypesAndContributionMap":{"functional-code":{"insertions":14,"deletions":63}}},{"hash":"4443b7ceea0238414853de843ae7e9fa8885372d","isMergeCommit":false,"messageTitle":"Fix Indentation","messageBody":"","fileTypesAndContributionMap":{"functional-code":{"insertions":4,"deletions":4}}},{"hash":"374de40c5682da5c095ceeb3c6c13fded10afd37","isMergeCommit":false,"messageTitle":"Removed unused import Optional","messageBody":"","fileTypesAndContributionMap":{"functional-code":{"insertions":0,"deletions":1}}},{"hash":"e71ba2af8a593ce9d2c590d88682ef07ba8b699b","isMergeCommit":false,"messageTitle":"Fixing CL Test","messageBody":"","fileTypesAndContributionMap":{"functional-code":{"insertions":4,"deletions":4}}}]},{"date":"2025-10-22T00:00:00","commitResults":[{"hash":"a48760ffa7afff84c73fe21efec7b53ee7a5bd4d","isMergeCommit":false,"messageTitle":"Updated basic architecture design","messageBody":"","fileTypesAndContributionMap":{"docs":{"insertions":39,"deletions":2}}}]},{"date":"2025-10-23T00:00:00","commitResults":[{"hash":"ac846d1934ebbeedbbffb6edd6c6bb7acc25dcae","isMergeCommit":true,"messageTitle":"Merge pull request #127 from Kart04/103-gym-equpiment-list-nus","messageBody":"103 gym equpiment list nus","fileTypesAndContributionMap":{}}]}],"bennyy117":[{"date":"2025-10-01T00:00:00","commitResults":[{"hash":"ec9c7811ff1cb559785d489909c779f0c4726a59","isMergeCommit":false,"messageTitle":"hello it s me Nary","messageBody":"","fileTypesAndContributionMap":{"docs":{"insertions":2,"deletions":6}}}]},{"date":"2025-10-06T00:00:00","commitResults":[{"hash":"669de0d5afb64fb64c52a9b40fa9ca6bbdd9042a","isMergeCommit":true,"messageTitle":"add nary profile","messageBody":"","fileTypesAndContributionMap":{}},{"hash":"3b5fa79c11b33fa6719b880c92ec736904fe3357","isMergeCommit":true,"messageTitle":"Merge pull request #4 from bennyy117/Nary-AboutUs","messageBody":"Add personal detail to AboutUs.md","fileTypesAndContributionMap":{}}]},{"date":"2025-10-12T00:00:00","commitResults":[{"hash":"eb8163f5e245741417fa63c4b28191d700150249","isMergeCommit":false,"messageTitle":"Modify README","messageBody":"","fileTypesAndContributionMap":{"docs":{"insertions":1,"deletions":0}}},{"hash":"63a03250a933c5be07850fe1f51550ed38451c05","isMergeCommit":true,"messageTitle":"Merge pull request #36 from bennyy117/master","messageBody":"Modify README","fileTypesAndContributionMap":{}}]},{"date":"2025-10-13T00:00:00","commitResults":[{"hash":"2fc2c6c0e40a4fdded9fd69cb9d2e4bb787940f4","isMergeCommit":true,"messageTitle":"Merge pull request #51 from Exceptional-Khoi/Starou-UIClass","messageBody":"Create UI class","fileTypesAndContributionMap":{}},{"hash":"13c75a379e7903206e1b5a8cfd3d31c899198db7","isMergeCommit":false,"messageTitle":"Add record weight","messageBody":"","fileTypesAndContributionMap":{"functional-code":{"insertions":533,"deletions":226}}},{"hash":"0f44eeb3103cde0fba12054b51c7ea154a5c3a3a","isMergeCommit":false,"messageTitle":"Add record weight","messageBody":"","fileTypesAndContributionMap":{"functional-code":{"insertions":37,"deletions":39}}}]},{"date":"2025-10-14T00:00:00","commitResults":[{"hash":"5ac36d8f62f207ae9a7676d0f67c606c02d30a61","isMergeCommit":false,"messageTitle":"Modify delete workout","messageBody":"","fileTypesAndContributionMap":{"functional-code":{"insertions":3,"deletions":7}}},{"hash":"1d8461b35afdd80f5df65151a8d7ba151295001c","isMergeCommit":false,"messageTitle":"Modify README","messageBody":"","fileTypesAndContributionMap":{"docs":{"insertions":1,"deletions":1}}},{"hash":"7b7f632a30d46a7431d3732d8b2241deef71c2e0","isMergeCommit":true,"messageTitle":"Merge pull request #55 from bennyy117/11-record-weight","messageBody":"Minor change about README","fileTypesAndContributionMap":{}},{"hash":"1659f9d0530f08a622b7dff37594f235b7b9f32f","isMergeCommit":false,"messageTitle":"Finish Junit Test for WeightRecord","messageBody":"","fileTypesAndContributionMap":{"test-code":{"insertions":70,"deletions":0}}},{"hash":"73c50afccce140dd067413fd55fba423ee506acb","isMergeCommit":true,"messageTitle":"Merge pull request #62 from Exceptional-Khoi/ui-junit-test","messageBody":"Implement JUnit tests for UI class","fileTypesAndContributionMap":{}},{"hash":"89e940901a9c5eb46874a526ef9ce67aaa944a58","isMergeCommit":false,"messageTitle":"Finish Junit Test for WeightManager","messageBody":"","fileTypesAndContributionMap":{"test-code":{"insertions":105,"deletions":0}}},{"hash":"3202145a62a59fb28925f12c6a6e1687880b68d9","isMergeCommit":false,"messageTitle":"Finish Junit Test for Person","messageBody":"","fileTypesAndContributionMap":{"test-code":{"insertions":95,"deletions":0}}},{"hash":"be3415a917b1d4e593927de1395982b610a62472","isMergeCommit":false,"messageTitle":"Finish Junit Test for WeightManager","messageBody":"","fileTypesAndContributionMap":{"test-code":{"insertions":7,"deletions":7}}},{"hash":"ac9c52bafbb9dc96d0a25cd84fef7628fcb580d8","isMergeCommit":false,"messageTitle":"Finish Junit Test for Person","messageBody":"","fileTypesAndContributionMap":{"test-code":{"insertions":1,"deletions":1}}},{"hash":"d65ef2b6c45736b8f6fad524f3e5dc50ce4e9ee7","isMergeCommit":false,"messageTitle":"Modify default name for Person","messageBody":"","fileTypesAndContributionMap":{"functional-code":{"insertions":5,"deletions":1}}},{"hash":"5b6a15ad1db98e4c7d80f06b30200bd28d36952e","isMergeCommit":false,"messageTitle":"Modify default name for person","messageBody":"","fileTypesAndContributionMap":{"functional-code":{"insertions":2,"deletions":33}}},{"hash":"4a9aed75fb53ab45a35da68f614180d1bea29185","isMergeCommit":true,"messageTitle":"Merge pull request #72 from Exceptional-Khoi/ui-junit-test","messageBody":"Debug minor spelling mistakes","fileTypesAndContributionMap":{}}]},{"date":"2025-10-17T00:00:00","commitResults":[{"hash":"d1e7e0227d1bb57e88489c14c71db5d05562cf60","isMergeCommit":false,"messageTitle":"Add parse weight manager","messageBody":"","fileTypesAndContributionMap":{"functional-code":{"insertions":37,"deletions":36},"test-code":{"insertions":105,"deletions":61}}},{"hash":"2da1f0afcae13c4a9717208bd1255cc0d122c452","isMergeCommit":false,"messageTitle":"Add parse weight manager","messageBody":"","fileTypesAndContributionMap":{"functional-code":{"insertions":8,"deletions":3},"test-code":{"insertions":22,"deletions":53}}},{"hash":"c024d7d45fa0400a8ce12f05d79607a7d360585c","isMergeCommit":false,"messageTitle":"Add parse weight manager","messageBody":"","fileTypesAndContributionMap":{"test-code":{"insertions":0,"deletions":1}}},{"hash":"ac547c80b2d5209ec59178cc032cbefa8d274076","isMergeCommit":false,"messageTitle":"Add parse weight manager","messageBody":"","fileTypesAndContributionMap":{"functional-code":{"insertions":73,"deletions":36},"test-code":{"insertions":93,"deletions":35}}},{"hash":"4a086ee171f2bfba92b66dc66ce9fe8fe4642159","isMergeCommit":false,"messageTitle":"Add parse weight manager","messageBody":"","fileTypesAndContributionMap":{"test-code":{"insertions":4,"deletions":1}}}]},{"date":"2025-10-22T00:00:00","commitResults":[{"hash":"58be20e5bcee452c8f5db1229b2ef1de91deff0f","isMergeCommit":true,"messageTitle":"Merge pull request #117 from Exceptional-Khoi/114-microcopy-logic","messageBody":"Fix microcopy\u0027s logic","fileTypesAndContributionMap":{}},{"hash":"a64949471f019617b578618682b7bd10401dae9a","isMergeCommit":true,"messageTitle":"Merge pull request #121 from Exceptional-Khoi/118-add-assertions","messageBody":"Add assertions","fileTypesAndContributionMap":{}},{"hash":"182c64062a966b6bf1ffffe1f56243e8ed1d29f7","isMergeCommit":true,"messageTitle":"Merge pull request #124 from Exceptional-Khoi/123-replace-scanner","messageBody":"Replace scanner with UI functions","fileTypesAndContributionMap":{}},{"hash":"77b5e1d462eafb0380fd65328933fde494d1108a","isMergeCommit":false,"messageTitle":"Add weight graph","messageBody":"","fileTypesAndContributionMap":{"functional-code":{"insertions":90,"deletions":0}}},{"hash":"ef5f1fa6160ace5f59ef183cb8fc7012baa0612a","isMergeCommit":false,"messageTitle":"Add weight graph","messageBody":"","fileTypesAndContributionMap":{"functional-code":{"insertions":23,"deletions":11}}},{"hash":"3a3f2f14d22e9aa873f173da4a8e7ea48bdfbf60","isMergeCommit":false,"messageTitle":"Add weight graph","messageBody":"","fileTypesAndContributionMap":{"functional-code":{"insertions":2,"deletions":2}}}]},{"date":"2025-10-23T00:00:00","commitResults":[{"hash":"11f6af73fb16c737808a842fbbd12194b24b6bfe","isMergeCommit":true,"messageTitle":"Merge pull request #128 from Exceptional-Khoi/125-add-shorcuts","messageBody":"Added shortcuts","fileTypesAndContributionMap":{}}]},{"date":"2025-10-24T00:00:00","commitResults":[{"hash":"eb3b4c4495940e0f61d182e6da89cf641e1f97cf","isMergeCommit":false,"messageTitle":"Save weight history","messageBody":"","fileTypesAndContributionMap":{"functional-code":{"insertions":65,"deletions":23}}},{"hash":"c62e6f7761a515c787262ee62a749867bc071a24","isMergeCommit":false,"messageTitle":"Save weight history","messageBody":"","fileTypesAndContributionMap":{"functional-code":{"insertions":2,"deletions":2}}},{"hash":"1bd3c577e212896aafe4c74795176e26aec87ab2","isMergeCommit":false,"messageTitle":"Add DG","messageBody":"","fileTypesAndContributionMap":{"docs":{"insertions":14,"deletions":1}}},{"hash":"c4f31838cba372bf7cbf6480ac255efda9d510ef","isMergeCommit":false,"messageTitle":"Sort weight","messageBody":"","fileTypesAndContributionMap":{"functional-code":{"insertions":6,"deletions":3}}},{"hash":"9c933bdf0be2b9a95c08e4e107a34ca64943f66d","isMergeCommit":false,"messageTitle":"Add name prompt","messageBody":"","fileTypesAndContributionMap":{"functional-code":{"insertions":86,"deletions":27}}},{"hash":"87f0ed2b7bf16bc11f740ba4ab1070cd726db125","isMergeCommit":true,"messageTitle":"Merge remote-tracking branch \u0027origin\u0027 into add-name-prompt","messageBody":"","fileTypesAndContributionMap":{}},{"hash":"21a3a652ee116bb50119b29c567bb169b995293b","isMergeCommit":true,"messageTitle":"Merge pull request #145 from nitin19011/nitin-DG","messageBody":"Updates to the Developer Guide","fileTypesAndContributionMap":{}},{"hash":"5132940963856bd0dbe1aae4dd21a89905e35b7a","isMergeCommit":true,"messageTitle":"Merge pull request #146 from Exceptional-Khoi/master","messageBody":"Add Non-Functional Requirements to DG","fileTypesAndContributionMap":{}},{"hash":"effcc76f29fa1f5452e86e57efef2e3bcec80250","isMergeCommit":false,"messageTitle":"Persist username change","messageBody":"","fileTypesAndContributionMap":{"functional-code":{"insertions":16,"deletions":9}}},{"hash":"18173178ab2ec6d010adefb9c19282f1a80fa2ee","isMergeCommit":true,"messageTitle":"Merge branch \u0027master\u0027 into 148-persist-username-change","messageBody":"","fileTypesAndContributionMap":{}}]}],"Exceptional-Khoi":[{"date":"2025-10-01T00:00:00","commitResults":[{"hash":"e85fbabe644e809ba1a99bdbc1e60a5a340f6940","isMergeCommit":false,"messageTitle":"Already updated","messageBody":"","fileTypesAndContributionMap":{"docs":{"insertions":4,"deletions":7}}}]},{"date":"2025-10-02T00:00:00","commitResults":[{"hash":"966fca5ec00f1c48b2fc69d9c3a778314596f2a3","isMergeCommit":true,"messageTitle":"Merge remote-tracking branch \u0027upstream/master\u0027 into Starou-AboutUs","messageBody":"","fileTypesAndContributionMap":{}},{"hash":"ae48e2b856ece0a0029cd970ab284c614cd80be7","isMergeCommit":true,"messageTitle":"Merge pull request #1 from Exceptional-Khoi/Starou-AboutUs","messageBody":"Already updated","fileTypesAndContributionMap":{}}]},{"date":"2025-10-12T00:00:00","commitResults":[{"hash":"5b15372acb56bb01086b8427384d9436f4ec2f21","isMergeCommit":false,"messageTitle":"Finish UI class","messageBody":"","fileTypesAndContributionMap":{"functional-code":{"insertions":138,"deletions":10}}},{"hash":"257eb0c3ce1349b18b7f5441e7aa4bc378d0b0b8","isMergeCommit":false,"messageTitle":"Finish UI class","messageBody":"","fileTypesAndContributionMap":{"functional-code":{"insertions":0,"deletions":1}}}]},{"date":"2025-10-13T00:00:00","commitResults":[{"hash":"19884715aa060809c4ee9c1e48712cac4ec996ef","isMergeCommit":false,"messageTitle":"Finish UI class","messageBody":"","fileTypesAndContributionMap":{"functional-code":{"insertions":21,"deletions":14}}},{"hash":"0015307d4fd62950f12b364e8ea56c563e92a239","isMergeCommit":true,"messageTitle":"Finish UI and succesfully integrate it","messageBody":"","fileTypesAndContributionMap":{}},{"hash":"12013323d1a9f9f348c194f71602baffefa3d3f2","isMergeCommit":false,"messageTitle":"Finish UI class and successfully integrate it","messageBody":"","fileTypesAndContributionMap":{"functional-code":{"insertions":227,"deletions":115}}},{"hash":"66b5fc93911dd322468497efe2cb7bfa216b8cb1","isMergeCommit":true,"messageTitle":"Merge remote-tracking branch \u0027upstream/master\u0027 into Starou-UIClass","messageBody":"Merge branch \u0027main\u0027 into Starou-UIClass\n","fileTypesAndContributionMap":{}},{"hash":"79879b6421f92f54afba88a4969bb5ae273a329f","isMergeCommit":true,"messageTitle":"Merge pull request #44 from Exceptional-Khoi/Starou-UIClass","messageBody":"Successfully integrate the UI class into the product","fileTypesAndContributionMap":{}},{"hash":"6f4e5fd3664f81bbf9b392164744f93d314e6c67","isMergeCommit":false,"messageTitle":"Revert \"UI class\"","messageBody":"","fileTypesAndContributionMap":{"functional-code":{"insertions":229,"deletions":335}}},{"hash":"2c3e3f01a12338cfb28fafc4f022b51412ebff89","isMergeCommit":true,"messageTitle":"Merge pull request #50 from AY2526S1-CS2113-W14-3/revert-44-Starou-UIClass","messageBody":"Revert \"UI class\"","fileTypesAndContributionMap":{}},{"hash":"5f424c1a0ded82d2bf4b2c0d95c18e8fe5499fe5","isMergeCommit":false,"messageTitle":"Create UI class","messageBody":"","fileTypesAndContributionMap":{"functional-code":{"insertions":1,"deletions":0}}},{"hash":"21818aaf95190e48aea97a02f7573f3ce96d56f5","isMergeCommit":true,"messageTitle":"Finish UI class and successfully integrate","messageBody":"","fileTypesAndContributionMap":{}},{"hash":"63dd43ef04555c6d38a76ad86280acb8d5c83b93","isMergeCommit":false,"messageTitle":"Finish UI class and successfully integrate it","messageBody":"","fileTypesAndContributionMap":{"functional-code":{"insertions":43,"deletions":22}}},{"hash":"2bb34c9fedc7d77332054d78852ea98033673304","isMergeCommit":false,"messageTitle":"Finish UI class and successfully integrate it","messageBody":"","fileTypesAndContributionMap":{"functional-code":{"insertions":2,"deletions":0}}},{"hash":"9ec50e595ffb0cd1684047ccfe061f8992ca5e84","isMergeCommit":false,"messageTitle":"Finish UI class and sucessfully integrate","messageBody":"","fileTypesAndContributionMap":{"functional-code":{"insertions":1,"deletions":8}}},{"hash":"74495963cebfaef1a93f6ea771382fe615ae7d3d","isMergeCommit":false,"messageTitle":"Finish UI class","messageBody":"","fileTypesAndContributionMap":{"functional-code":{"insertions":293,"deletions":255}}}]},{"date":"2025-10-14T00:00:00","commitResults":[{"hash":"68f1aadc0f32700f0f65d41ee2e95ea74bd1552c","isMergeCommit":true,"messageTitle":"Merge pull request #52 from bennyy117/11-record-weight","messageBody":"Add record weight","fileTypesAndContributionMap":{}},{"hash":"09b4520443ec21cb0bce7c7038c4bf6c8a775dd2","isMergeCommit":false,"messageTitle":"Optimize UI","messageBody":"","fileTypesAndContributionMap":{"functional-code":{"insertions":422,"deletions":120},"docs":{"insertions":1,"deletions":1},"test-code":{"insertions":86,"deletions":12}}},{"hash":"08bd66bb237d822162a811a509e5679a0ba54a5e","isMergeCommit":true,"messageTitle":"Optimize UI class","messageBody":"","fileTypesAndContributionMap":{}},{"hash":"6e733e1583f7b7395d317e7516d53a992ad277b9","isMergeCommit":false,"messageTitle":"Optimize UI class","messageBody":"","fileTypesAndContributionMap":{"functional-code":{"insertions":8,"deletions":8}}},{"hash":"2a9d09b5d3a26b70ccecc372d861c70bbea9c98d","isMergeCommit":false,"messageTitle":"Optimize UI class","messageBody":"","fileTypesAndContributionMap":{"functional-code":{"insertions":19,"deletions":13}}},{"hash":"5e511d7cd99c80dac2c03706cc8acf35543ae0fc","isMergeCommit":false,"messageTitle":"Finish JUnit tests for UI class","messageBody":"","fileTypesAndContributionMap":{"test-code":{"insertions":112,"deletions":0}}},{"hash":"2b1290c66a8c58b6369b51ee469f51d46390aa9f","isMergeCommit":false,"messageTitle":"Implemented JUnit tests for UI class","messageBody":"","fileTypesAndContributionMap":{"test-code":{"insertions":11,"deletions":3}}},{"hash":"67d5ae3d551ff8e56c8995b0bb84bf2ee70e5f09","isMergeCommit":true,"messageTitle":"Merge pull request #66 from bennyy117/junit-test-for-weight-record","messageBody":"Add JUnit tests for WeightManager","fileTypesAndContributionMap":{}},{"hash":"edaacc08d074d8559bc6f17aee5ebffcf6499500","isMergeCommit":true,"messageTitle":"Merge pull request #67 from bennyy117/junit-test-for-weight-manager","messageBody":"Add JUnit tests for WeightManager","fileTypesAndContributionMap":{}},{"hash":"e41ecc8b4c7b82b9cdb064790c35e2d4b950ac7a","isMergeCommit":true,"messageTitle":"Merge pull request #68 from bennyy117/junit-test-for-person","messageBody":"Add JUnit tests for Person","fileTypesAndContributionMap":{}},{"hash":"364c7e39062357c66f433fa28dfc40947ae35988","isMergeCommit":false,"messageTitle":"Debug minor spelling mistakes","messageBody":"","fileTypesAndContributionMap":{"functional-code":{"insertions":5,"deletions":5},"other":{"insertions":2,"deletions":2}}},{"hash":"a3e5344acae5b8c9a479a849d61faf4962a6ad56","isMergeCommit":false,"messageTitle":"Debug minor spelling mistakes","messageBody":"","fileTypesAndContributionMap":{"functional-code":{"insertions":1,"deletions":0}}},{"hash":"508bf2ee86a4bbe743dddb1c1c1f6af2c1d7bfb4","isMergeCommit":false,"messageTitle":"Debug minor spelling mistakes","messageBody":"","fileTypesAndContributionMap":{"functional-code":{"insertions":6,"deletions":0}}},{"hash":"6a2a41850ab89040d5f2637057c4d535e24c6c8f","isMergeCommit":false,"messageTitle":"Debug minor spelling mistakes","messageBody":"","fileTypesAndContributionMap":{"functional-code":{"insertions":5,"deletions":12}}},{"hash":"a65dde856a41048b65da6070087328cd4ce973bd","isMergeCommit":false,"messageTitle":"Fix minor spellings","messageBody":"","fileTypesAndContributionMap":{"functional-code":{"insertions":1,"deletions":0}}},{"hash":"65620b1c66eba0ff57f82c97fefd088e2b22146f","isMergeCommit":false,"messageTitle":"Fix minor spellings","messageBody":"","fileTypesAndContributionMap":{"functional-code":{"insertions":0,"deletions":1}}},{"hash":"4d5cd4d874a19c8cc0ab07cb1084be42778b8544","isMergeCommit":false,"messageTitle":"Fix minor spelling mistakes","messageBody":"","fileTypesAndContributionMap":{"functional-code":{"insertions":0,"deletions":2},"other":{"insertions":3,"deletions":3}}},{"hash":"40b79c58aa3e85a72fe9497253dfeff90bf3528d","isMergeCommit":false,"messageTitle":"Fix minor spellings","messageBody":"","fileTypesAndContributionMap":{"functional-code":{"insertions":1,"deletions":0},"other":{"insertions":1,"deletions":1}}},{"hash":"f87d8a62972dd08fe9ff0bb22449542c16a79787","isMergeCommit":false,"messageTitle":"Fix minor spellings","messageBody":"","fileTypesAndContributionMap":{"functional-code":{"insertions":6,"deletions":7},"other":{"insertions":1,"deletions":1}}},{"hash":"f579207e11fdfb9154fe7cc628e0afc7ac2a0bef","isMergeCommit":true,"messageTitle":"Merge pull request #75 from ZhongBaode/Text-UI-Test","messageBody":"Updated Text-UI-Tests for testing","tags":["v1.0"],"fileTypesAndContributionMap":{}}]},{"date":"2025-10-17T00:00:00","commitResults":[{"hash":"b177ac1dd90066e72f0f7845d048d93d0615183b","isMergeCommit":true,"messageTitle":"Merge pull request #89 from bennyy117/add-parse-weight-manager","messageBody":"Add parse weight manager","fileTypesAndContributionMap":{}},{"hash":"2db2243e5f3faf03ad5fd107e59bbe4e586948aa","isMergeCommit":true,"messageTitle":"Merge pull request #90 from bennyy117/add-parse-weight-manager","messageBody":"Add parse weight manager and person improvement","fileTypesAndContributionMap":{}}]},{"date":"2025-10-19T00:00:00","commitResults":[{"hash":"91525f9271d1306b58765baf732b62eccaea2926","isMergeCommit":true,"messageTitle":"Merge pull request #97 from AY2526S1-CS2113-W14-3/revert-92-View_Log_Class","messageBody":"Revert \"Created View log class \u0026 Modified file handler \"","fileTypesAndContributionMap":{}}]},{"date":"2025-10-22T00:00:00","commitResults":[{"hash":"caf1abb089b940b86e4d12f052df73660763024a","isMergeCommit":false,"messageTitle":"Fix microcopy\u0027s logic","messageBody":"","fileTypesAndContributionMap":{"functional-code":{"insertions":8,"deletions":7}}},{"hash":"57c06ca28a24561d8ac917c1c05698529f607b2f","isMergeCommit":false,"messageTitle":"Fix microcopy logic","messageBody":"","fileTypesAndContributionMap":{"functional-code":{"insertions":1,"deletions":1}}},{"hash":"2c593fb0b5280f0389c3d4cb87b07d445f9c6f73","isMergeCommit":false,"messageTitle":"Add assertions","messageBody":"","fileTypesAndContributionMap":{"functional-code":{"insertions":17,"deletions":9}}},{"hash":"39f152d8368005c7ac653e5fc6d24bc5fbdd0e41","isMergeCommit":false,"messageTitle":"Add assertions","messageBody":"","fileTypesAndContributionMap":{"test-code":{"insertions":2,"deletions":1}}},{"hash":"82e5afc867c70dbdd11c38c500c7950cb58e48e3","isMergeCommit":false,"messageTitle":"Replace scanner with UI functions","messageBody":"","fileTypesAndContributionMap":{"functional-code":{"insertions":34,"deletions":36}}},{"hash":"0e6e80f58429a83776d5849faa928555bdf7e740","isMergeCommit":true,"messageTitle":"Merge pull request #126 from bennyy117/add-weight-graph","messageBody":"Add weight graph","fileTypesAndContributionMap":{}}]},{"date":"2025-10-23T00:00:00","commitResults":[{"hash":"345f4da1fa526e7faf2c152f44929faa5bc68dab","isMergeCommit":false,"messageTitle":"Added shortcuts","messageBody":"","fileTypesAndContributionMap":{"functional-code":{"insertions":37,"deletions":17}}},{"hash":"95728e28a2e775a5fa50f9a1b29b44cbdbe158ef","isMergeCommit":true,"messageTitle":"Added shortcuts","messageBody":"","fileTypesAndContributionMap":{}}]},{"date":"2025-10-24T00:00:00","commitResults":[{"hash":"b557e501cab7c14acc497fd5539b3cf7de7a4ef9","isMergeCommit":true,"messageTitle":"Merge pull request #138 from bennyy117/save-weight-history","messageBody":"Save weight history","fileTypesAndContributionMap":{}},{"hash":"58a9259205ed41678889eac74c8eb20b63480e7c","isMergeCommit":true,"messageTitle":"Merge pull request #140 from bennyy117/add-dg","messageBody":"Add DG","fileTypesAndContributionMap":{}},{"hash":"1618f7b6fcda02e1a927a38aacef373d345b3490","isMergeCommit":true,"messageTitle":"Merge pull request #141 from bennyy117/sort-weight","messageBody":"Sort weight","fileTypesAndContributionMap":{}},{"hash":"2a236244534517a15ff914c8ecb4a920ae3c3e1c","isMergeCommit":true,"messageTitle":"Merge pull request #144 from bennyy117/add-name-prompt","messageBody":"Add name prompt","fileTypesAndContributionMap":{}},{"hash":"8050171541afb07ef0e639604c604e848b76917f","isMergeCommit":false,"messageTitle":"Add Non-Functional Requirements to DG","messageBody":"","fileTypesAndContributionMap":{"docs":{"insertions":7,"deletions":1}}},{"hash":"d3ee3d8e628b502a4bd067e9c7b7f8949af370fc","isMergeCommit":true,"messageTitle":"Merge pull request #142 from Kart04/110-Feature-to-have-user-update-tagging","messageBody":"110 feature to have user update tagging","fileTypesAndContributionMap":{}},{"hash":"27d748e778f800c5974d4354b693a7c8bdcd7a0e","isMergeCommit":true,"messageTitle":"Merge pull request #150 from bennyy117/148-persist-username-change","messageBody":"Persist username changes and refactor data file paths","fileTypesAndContributionMap":{}}]}],"Kart04":[{"date":"2025-10-01T00:00:00","commitResults":[{"hash":"b1fc83676ca4c196ca633f60614e3229b4f8eb39","isMergeCommit":false,"messageTitle":"Add personal detail to AboutUs.md","messageBody":"","fileTypesAndContributionMap":{"docs":{"insertions":4,"deletions":7}}},{"hash":"75c73fb7239da68c904658a55a29db33741ad0b0","isMergeCommit":true,"messageTitle":"Merge branch \u0027master\u0027 of https://github.com/AY2526S1-CS2113-W14-3/tp into Karthik-AboutUs","messageBody":"# Conflicts:\n#\tdocs/AboutUs.md\n","fileTypesAndContributionMap":{}},{"hash":"9218a22be63836ec91ae01dbc96487431a24e05c","isMergeCommit":true,"messageTitle":"Merge pull request #7 from Kart04/Karthik-AboutUs","messageBody":"Add personal detail to AboutUs.md","fileTypesAndContributionMap":{}}]},{"date":"2025-10-12T00:00:00","commitResults":[{"hash":"05bfeb3f71865ba121f85a81cc43847a9b021455","isMergeCommit":false,"messageTitle":"Add Workout class for managing workout sessions","messageBody":"","fileTypesAndContributionMap":{"functional-code":{"insertions":32,"deletions":0}}},{"hash":"e459632bc6fb6330f51d8f5411c39422230d81ee","isMergeCommit":false,"messageTitle":"Add WorkoutManager for adding and removing workouts","messageBody":"","fileTypesAndContributionMap":{"functional-code":{"insertions":23,"deletions":0}}},{"hash":"b13d8c14654d88a98e772917c13ddea4c4231a93","isMergeCommit":true,"messageTitle":"Merge branch \u002717-workout-class\u0027 into 28-WorkoutManager-class","messageBody":"","fileTypesAndContributionMap":{}},{"hash":"3439064dcca41152f33f23e3bdced5a2d648852f","isMergeCommit":false,"messageTitle":"Fix workout name comparison in WorkoutManager","messageBody":"","fileTypesAndContributionMap":{"functional-code":{"insertions":1,"deletions":1}}},{"hash":"2fefe49844e10badcc810d8be031128aa395699d","isMergeCommit":true,"messageTitle":"Merge pull request #32 from Kart04/master","messageBody":"Add Workout and WorkoutManager classes for session management","fileTypesAndContributionMap":{}}]},{"date":"2025-10-13T00:00:00","commitResults":[{"hash":"1857876077e22f375176ed7643b5ca3b9118549b","isMergeCommit":false,"messageTitle":"Add automatically calculated duration function in workout class","messageBody":"","fileTypesAndContributionMap":{"functional-code":{"insertions":80,"deletions":1}}},{"hash":"5d587baea525b68014a1333ce31c18a1da9dd6d0","isMergeCommit":false,"messageTitle":"Modify code to meet SE-EDU and standard Java style conventions","messageBody":"","fileTypesAndContributionMap":{"functional-code":{"insertions":9,"deletions":8}}},{"hash":"882a0c46cd77c54d56d3e545f7442b39c961726e","isMergeCommit":true,"messageTitle":"Merge pull request #42 from Kart04/master","messageBody":"Add automatically calculated duration function in workout class","fileTypesAndContributionMap":{}}]},{"date":"2025-10-14T00:00:00","commitResults":[{"hash":"6ac85c0e316ced2fceab8984964fd890d5be6f6f","isMergeCommit":true,"messageTitle":"Merge pull request #57 from nitin19011/task-JUnit-tests","messageBody":"Implemented JUnit tests for Exercise class, addExercise() and addSet()","fileTypesAndContributionMap":{}},{"hash":"34b242f1b4e501ba1feb209c8f871aac6800577e","isMergeCommit":false,"messageTitle":"Add JUnit tests for Workout class","messageBody":"","fileTypesAndContributionMap":{"functional-code":{"insertions":61,"deletions":53},"test-code":{"insertions":115,"deletions":0}}},{"hash":"c5b4b1f04173e2ed734e8f086f2a5c1ec2bcc345","isMergeCommit":false,"messageTitle":"Fix: Indentation/style issue causing CLI failure","messageBody":"","fileTypesAndContributionMap":{"test-code":{"insertions":1,"deletions":1}}},{"hash":"fb440d0ff705df32566f49cb6bd327c0f723bab0","isMergeCommit":false,"messageTitle":"FIx: Replace wildcard imports with explicit imports for JUnit annotations","messageBody":"","fileTypesAndContributionMap":{"test-code":{"insertions":6,"deletions":2}}},{"hash":"9d338fd11efe97b8a80ee568abce0b57020b146c","isMergeCommit":false,"messageTitle":"Fix: Refactor test method names to follow Checkstyle conventions","messageBody":"","fileTypesAndContributionMap":{"test-code":{"insertions":2,"deletions":2}}},{"hash":"bad2cec79deb6c08034fb646a8b67df68265f0cb","isMergeCommit":true,"messageTitle":"Merge pull request #60 from ZhongBaode/Junit-Test-for-workout-manager","messageBody":"Added additional Junit test for workout manager","fileTypesAndContributionMap":{}}]},{"date":"2025-10-15T00:00:00","commitResults":[{"hash":"755f41a791c4051492fcee8981874528abac1675","isMergeCommit":false,"messageTitle":"Add default date and time for workouts if missing","messageBody":"","fileTypesAndContributionMap":{"functional-code":{"insertions":33,"deletions":5}}}]},{"date":"2025-10-16T00:00:00","commitResults":[{"hash":"8f1021ef4dd7e697b33b7802151aab6f88849882","isMergeCommit":false,"messageTitle":"Add date/time defaulting and start time validation to endWorkout","messageBody":"","fileTypesAndContributionMap":{"functional-code":{"insertions":75,"deletions":33}}},{"hash":"771414f384eb4d729617e6338461c44a5270f370","isMergeCommit":false,"messageTitle":"Changes to the code to meet requirements","messageBody":"","fileTypesAndContributionMap":{"functional-code":{"insertions":6,"deletions":3}}}]},{"date":"2025-10-17T00:00:00","commitResults":[{"hash":"35242076f00c371538131e43de331cbdf5f65835","isMergeCommit":true,"messageTitle":"Merge pull request #87 from nitin19011/80-user-personalisation","messageBody":"Implemented feature to allow user to add personal name on first boot up ","fileTypesAndContributionMap":{}}]},{"date":"2025-10-20T00:00:00","commitResults":[{"hash":"644debba75a0f8c8d51f8cb9c8d0cbb137347164","isMergeCommit":true,"messageTitle":"Merge pull request #98 from ZhongBaode/Data_Serialization","messageBody":"Data serialization","fileTypesAndContributionMap":{}},{"hash":"52c8d06f145b1dc98a6ad714397031826b8977f5","isMergeCommit":true,"messageTitle":"Merge pull request #100 from ZhongBaode/85_View_Log_Class","messageBody":"Created ViewLog class for advance viewing features","fileTypesAndContributionMap":{}}]},{"date":"2025-10-21T00:00:00","commitResults":[{"hash":"f35b93f350206530c6d5b8844031e24c54829e75","isMergeCommit":false,"messageTitle":"Add interactive workout deletion by date and index","messageBody":"","fileTypesAndContributionMap":{"functional-code":{"insertions":95,"deletions":2}}},{"hash":"984117a2ec40e66c65083faa18c1348dbc357642","isMergeCommit":false,"messageTitle":"Modification to code to meet cl standards","messageBody":"","fileTypesAndContributionMap":{"functional-code":{"insertions":4,"deletions":2}}},{"hash":"b59cf7bc05d7f7f7355cd25bbc22b905ff98f011","isMergeCommit":false,"messageTitle":"Fix create_workout extraction for partial datetime","messageBody":"","fileTypesAndContributionMap":{"functional-code":{"insertions":8,"deletions":2}}},{"hash":"aa7d7d14f66587c0ccc2eb3b0063d2d5e1f5925a","isMergeCommit":false,"messageTitle":"Refactor command handling based on review suggestions","messageBody":"","fileTypesAndContributionMap":{"functional-code":{"insertions":13,"deletions":4}}},{"hash":"6974e6eb79bdc42bc9735d76fcbadebbd4fe28bd","isMergeCommit":false,"messageTitle":"Added Developer Guide documentation for the del_workout feature","messageBody":"","fileTypesAndContributionMap":{"docs":{"insertions":43,"deletions":0}}}]},{"date":"2025-10-22T00:00:00","commitResults":[{"hash":"2ee9c9db025db596010115e6c2e63e2e0ed6bbfd","isMergeCommit":false,"messageTitle":"Add gym location and available equpiments and robust tag-based gym suggestion","messageBody":"","fileTypesAndContributionMap":{"functional-code":{"insertions":160,"deletions":0}}},{"hash":"b3a19d350fe3f47d4d245cf69c7f0fa72bf92a63","isMergeCommit":false,"messageTitle":"Add CLI paging for gym equipment display","messageBody":"","fileTypesAndContributionMap":{"functional-code":{"insertions":103,"deletions":49}}}]},{"date":"2025-10-23T00:00:00","commitResults":[{"hash":"e6f64d59466e8de937eff5c31eaafda5cc356928","isMergeCommit":false,"messageTitle":"Synchronize tagger and machine tags, resolve gym/exercise matching bugs","messageBody":"","fileTypesAndContributionMap":{"functional-code":{"insertions":56,"deletions":36}}},{"hash":"8703924ca7022b862c4f37cc6fcb36f28a77505a","isMergeCommit":true,"messageTitle":"Merge branch \u0027master\u0027 into 103-gym-equpiment-list-nus","messageBody":"","fileTypesAndContributionMap":{}},{"hash":"1a38e702ac8fb26d5e848ed1cab8d4ae9488f536","isMergeCommit":false,"messageTitle":"Resolve CL conflicts","messageBody":"","fileTypesAndContributionMap":{"functional-code":{"insertions":5,"deletions":4}}},{"hash":"92b68939e7cc57c4524c3aef2bc382cb9d8b3677","isMergeCommit":false,"messageTitle":"Resolve CL commits","messageBody":"","fileTypesAndContributionMap":{"functional-code":{"insertions":14,"deletions":4}}},{"hash":"316261d431918e6cb7234f50d02ad05b272bc6f4","isMergeCommit":false,"messageTitle":"Resolve CL issues","messageBody":"","fileTypesAndContributionMap":{"functional-code":{"insertions":8,"deletions":8}}},{"hash":"daf25e0d2d5e1bfbb17564cb598ed1676b0a1051","isMergeCommit":true,"messageTitle":"Merge pull request #133 from nitin19011/nitin-weight-graph","messageBody":"Bug fixes in weight graph, create_workout, end_workout, add_exercise, add_set commands","fileTypesAndContributionMap":{}}]},{"date":"2025-10-24T00:00:00","commitResults":[{"hash":"6501ff2a4dba460a02b6188d29127b546f1bb084","isMergeCommit":false,"messageTitle":"Modify gym status and viewer","messageBody":"","fileTypesAndContributionMap":{"functional-code":{"insertions":37,"deletions":8}}},{"hash":"be12b4aa637ba30880865716c4cacf18693f1e96","isMergeCommit":false,"messageTitle":"Add checks to ensure dates and time are correctly brought over from the library","messageBody":"","fileTypesAndContributionMap":{"functional-code":{"insertions":9,"deletions":0}}},{"hash":"7d8e3a8d631c8bba87121bbc4b060068d8c0a2db","isMergeCommit":false,"messageTitle":"Add tagging feature to workout and muscles groups for easier reference in view log","messageBody":"","fileTypesAndContributionMap":{"functional-code":{"insertions":185,"deletions":53}}},{"hash":"85309751b87982037a7b694b31172c5c64b12036","isMergeCommit":false,"messageTitle":"Adding CL fail prevention","messageBody":"","fileTypesAndContributionMap":{"functional-code":{"insertions":1,"deletions":1}}},{"hash":"41521e2d6ffd79e6a247ed2c6976e4abc1fdda04","isMergeCommit":false,"messageTitle":"CL fixes","messageBody":"","fileTypesAndContributionMap":{"functional-code":{"insertions":26,"deletions":13}}},{"hash":"54a98e78bdb3afe3b731a75c1ad8a84711b68e7e","isMergeCommit":false,"messageTitle":"CL fixes","messageBody":"","fileTypesAndContributionMap":{"functional-code":{"insertions":2,"deletions":1}}},{"hash":"58bc9427f3cd490fcaf27319a1ca45fc8d1a2ffd","isMergeCommit":false,"messageTitle":"Cli fixes","messageBody":"","fileTypesAndContributionMap":{"functional-code":{"insertions":1,"deletions":1}}},{"hash":"a5e3a8ee9aacc7b0b2ab785649d26a24d2261a67","isMergeCommit":false,"messageTitle":"Cli fixes","messageBody":"","fileTypesAndContributionMap":{"test-code":{"insertions":2,"deletions":1}}},{"hash":"b61053c5ef820219c7382567b868654175c5fdf7","isMergeCommit":false,"messageTitle":"Modify UI to use the latest commands","messageBody":"","fileTypesAndContributionMap":{"functional-code":{"insertions":3,"deletions":1}}},{"hash":"bad3a27baad891d2fe5ab94f9980ca23d5f1edbc","isMergeCommit":false,"messageTitle":"Debug for tagging","messageBody":"","fileTypesAndContributionMap":{"functional-code":{"insertions":71,"deletions":51}}},{"hash":"0ed0910c8c017408656c5664fc580058dd852c67","isMergeCommit":false,"messageTitle":"CLI fixes","messageBody":"","fileTypesAndContributionMap":{"functional-code":{"insertions":32,"deletions":32}}}]}]},"authorFileTypeContributionMap":{"nitin19011":{"docs":116,"functional-code":484,"test-code":111,"other":3},"ZhongBaode":{"docs":40,"functional-code":581,"test-code":30,"other":56},"bennyy117":{"docs":17,"functional-code":451,"test-code":343},"Exceptional-Khoi":{"docs":9,"functional-code":432,"test-code":121},"Kart04":{"docs":43,"functional-code":723,"test-code":121}},"authorContributionVariance":{"nitin19011":19520.21,"ZhongBaode":96296.63,"bennyy117":30259.854,"Exceptional-Khoi":84817.555,"Kart04":12025.397},"authorDisplayNameMap":{"nitin19011":"CS2113-W14-3 NITI..ITIN","ZhongBaode":"CS2113-W14-3 ZHON..AODE","bennyy117":"CS2113-W14-3 NGUY..LOAN","Exceptional-Khoi":"CS2113-W14-3 VU D..KHOI","Kart04":"CS2113-W14-3 RAJA..THIK"}}
