{"authorDailyContributionsMap":{"Yeoh-Soo-Leong":[{"date":"2025-10-02T00:00:00","commitResults":[{"hash":"941200fdb28f55cdf751b334c8c4c1f42e79de9c","isMergeCommit":false,"messageTitle":"Add member details for Soo Leong","messageBody":"","fileTypesAndContributionMap":{"docs":{"insertions":11,"deletions":7}}},{"hash":"8cee403b4f408d06842766b1658d9a046d2ff2fd","isMergeCommit":false,"messageTitle":"Remove jon doe","messageBody":"","fileTypesAndContributionMap":{"docs":{"insertions":0,"deletions":1}}},{"hash":"6f1ce5de67e95570dc0318a9d420acdc7de76100","isMergeCommit":true,"messageTitle":"Merge branch \u0027master\u0027 of https://github.com/AY2526S1-CS2113-T10-2/tp into yeohSooLeong-AboutUs","messageBody":"# Conflicts:\n#\tdocs/AboutUs.md\n","fileTypesAndContributionMap":{}}]},{"date":"2025-10-10T00:00:00","commitResults":[{"hash":"e51bccc0ed6f5d4110abf308f91a56d5896aaf61","isMergeCommit":false,"messageTitle":"Add Module and ModuleHandler class","messageBody":"","fileTypesAndContributionMap":{"functional-code":{"insertions":106,"deletions":0}}}]},{"date":"2025-10-13T00:00:00","commitResults":[{"hash":"ae9a6f214e842598fbb8f47c366d516c90113343","isMergeCommit":false,"messageTitle":"Integrate ModuleHandler and StudyPlan with NUSmodsFetcher","messageBody":"","fileTypesAndContributionMap":{"functional-code":{"insertions":46,"deletions":1}}},{"hash":"1b0d5155e5c35de89a1b7abb148c8ee09ee28e78","isMergeCommit":true,"messageTitle":"Merge remote-tracking branch \u0027upstream/master\u0027 into modules","messageBody":"","fileTypesAndContributionMap":{}},{"hash":"079121835249d4b2bd7499ee6d6662f10294f8a5","isMergeCommit":false,"messageTitle":"Package StudyPlan and ModuleHandler","messageBody":"","fileTypesAndContributionMap":{"other":{"insertions":3,"deletions":3}}},{"hash":"5ac175e4af4aa5324c5c5f13d0651be0b89f4cb0","isMergeCommit":true,"messageTitle":"Merge pull request #23 from Yeoh-Soo-Leong/master","messageBody":"Add StudyPlan and ModuleHandler class","fileTypesAndContributionMap":{}},{"hash":"c6a131608f8fd24cc7ff325cda1d64493a57232b","isMergeCommit":false,"messageTitle":"Add NUSmodsFetcher class","messageBody":"","fileTypesAndContributionMap":{"functional-code":{"insertions":60,"deletions":0}}},{"hash":"0f27537ca1748e3141fddf80a0ac1372d877f548","isMergeCommit":true,"messageTitle":"Merge pull request #28 from Yeoh-Soo-Leong/master","messageBody":"Add NUSmodsFetcher class","fileTypesAndContributionMap":{}},{"hash":"638a8d30f0a8ba1bacaba00a2f5e6a1086cdc0a9","isMergeCommit":false,"messageTitle":"Add missing newline","messageBody":"","fileTypesAndContributionMap":{"functional-code":{"insertions":1,"deletions":1}}}]},{"date":"2025-10-14T00:00:00","commitResults":[{"hash":"76288fdb68e540f52847a454d04529c3d7d7624d","isMergeCommit":false,"messageTitle":"create template JUnit test","messageBody":"","fileTypesAndContributionMap":{"test-code":{"insertions":14,"deletions":0}}},{"hash":"39bce9ed7bb977af558dd61c6222ce0de055505c","isMergeCommit":false,"messageTitle":"create JUnit test for StudyPlan class","messageBody":"","fileTypesAndContributionMap":{"test-code":{"insertions":21,"deletions":2}}},{"hash":"15c99703e6b5056cddd09dd002f2f6c3021332c9","isMergeCommit":false,"messageTitle":"create JUnit test for StudyPlan class","messageBody":"","fileTypesAndContributionMap":{"test-code":{"insertions":2,"deletions":2}}},{"hash":"96774d8104ce3f3549efa029aafd059d0b6897c6","isMergeCommit":false,"messageTitle":"create JUnit test for StudyPlan class","messageBody":"","fileTypesAndContributionMap":{"test-code":{"insertions":1,"deletions":1}}},{"hash":"ee18e657eb420b524b4ecc571221c589523cc280","isMergeCommit":true,"messageTitle":"Merge branch \u0027junit-tests\u0027","messageBody":"","fileTypesAndContributionMap":{}},{"hash":"4a3b86ed7fd02acd6cb3a4b78d63b9ef3aad3252","isMergeCommit":false,"messageTitle":"create JUnit test for StudyPlan class","messageBody":"","fileTypesAndContributionMap":{"test-code":{"insertions":1,"deletions":1}}},{"hash":"c2d76d13813095a622a3325e4f1674a044eb1e69","isMergeCommit":true,"messageTitle":"Merge branch \u0027junit-tests\u0027","messageBody":"","fileTypesAndContributionMap":{}},{"hash":"d0f1c64f0322a6a3247aa75f71416dfb446795a9","isMergeCommit":false,"messageTitle":"create exceptions for StudyPlan","messageBody":"","fileTypesAndContributionMap":{"functional-code":{"insertions":23,"deletions":4}}},{"hash":"fa6289e2fc0c2ea3d2d70c446b841bde24d9933d","isMergeCommit":false,"messageTitle":"fix JUnit test naming convention","messageBody":"","fileTypesAndContributionMap":{"test-code":{"insertions":1,"deletions":1}}},{"hash":"277f0b6f23a851bc1029c4d4d78660a5bf5fffd7","isMergeCommit":true,"messageTitle":"Merge branch \u0027junit-tests\u0027","messageBody":"","fileTypesAndContributionMap":{}},{"hash":"96e2490786bb2f385130ac4f6444aa78dcbdcdf4","isMergeCommit":false,"messageTitle":"add exception handling for addModule method in StudyPlan","messageBody":"","fileTypesAndContributionMap":{"functional-code":{"insertions":24,"deletions":6}}},{"hash":"d876b1546ae1fe158ef337f91768b9a4f6231764","isMergeCommit":false,"messageTitle":"add exception handling for removeModule method in StudyPlan","messageBody":"","fileTypesAndContributionMap":{"functional-code":{"insertions":15,"deletions":5}}},{"hash":"65bd0ca1758ee299548edd5ad8a225fafafa4a82","isMergeCommit":true,"messageTitle":"Merge branch \u0027junit-tests\u0027","messageBody":"","fileTypesAndContributionMap":{}}]},{"date":"2025-10-15T00:00:00","commitResults":[{"hash":"f9ac1c9e445870b6da47e294d1b19097a24c6543","isMergeCommit":true,"messageTitle":"Merge pull request #40 from darshhs/user-guide-branch","messageBody":"Create a draft user guide","fileTypesAndContributionMap":{}}]},{"date":"2025-10-22T00:00:00","commitResults":[{"hash":"c002c93f83052004689a16006333828a6416046d","isMergeCommit":false,"messageTitle":"enable assertions in gradle","messageBody":"","fileTypesAndContributionMap":{"other":{"insertions":1,"deletions":0}}}]},{"date":"2025-10-25T00:00:00","commitResults":[{"hash":"07b1a5e6b4c4ae4bd746ba17f15a8a4786b51c80","isMergeCommit":true,"messageTitle":"Merge pull request #51 from ashpasa/modify-getMCs","messageBody":"Modify getModuleCredits function to return integer","fileTypesAndContributionMap":{}},{"hash":"77fcea53129d80f02b7842e6c6a0c044cb5f03b3","isMergeCommit":false,"messageTitle":"add spec command in parser and update help command","messageBody":"","fileTypesAndContributionMap":{"functional-code":{"insertions":34,"deletions":2}}},{"hash":"069ef9d7f0f3d96a26bdbdba83ee42c2ba2cb5be","isMergeCommit":false,"messageTitle":"add spec command in parser and update help command","messageBody":"","fileTypesAndContributionMap":{"functional-code":{"insertions":8,"deletions":13}}},{"hash":"25b362baef5869a26da93ad1c220928730dabf4f","isMergeCommit":false,"messageTitle":"fix issues with parser not being able to run spec command","messageBody":"","fileTypesAndContributionMap":{"functional-code":{"insertions":5,"deletions":4}}},{"hash":"e5ecc4e952cbba557d77283e785963cc6f62d353","isMergeCommit":false,"messageTitle":"add SpecCommand function","messageBody":"","fileTypesAndContributionMap":{"functional-code":{"insertions":57,"deletions":0}}},{"hash":"c015e557deae190d0e3631f1b8b79c10aa083ab3","isMergeCommit":false,"messageTitle":"fix switch case indentation issue for github actions","messageBody":"","fileTypesAndContributionMap":{"functional-code":{"insertions":2,"deletions":1}}},{"hash":"2cc82a8f0ee749bcf32a1b8c452f75f3d1b905fc","isMergeCommit":false,"messageTitle":"fix switch case indentation issue for github actions","messageBody":"","fileTypesAndContributionMap":{"functional-code":{"insertions":13,"deletions":9}}},{"hash":"2bcc7567db3df3db2f6cb22a041d21d6f81c9daf","isMergeCommit":false,"messageTitle":"fix static variable declaration order issue for github actions","messageBody":"","fileTypesAndContributionMap":{"functional-code":{"insertions":1,"deletions":1}}},{"hash":"75bf218217732ab5bced0e525ebe31816e4a0b43","isMergeCommit":false,"messageTitle":"fix static variable declaration order issue for github actions","messageBody":"","fileTypesAndContributionMap":{"functional-code":{"insertions":1,"deletions":1}}},{"hash":"3953856ac027d707c8bc4e29d7fe4be1832c02c0","isMergeCommit":false,"messageTitle":"fix static variable declaration order issue for github actions","messageBody":"","fileTypesAndContributionMap":{"functional-code":{"insertions":1,"deletions":1}}}]},{"date":"2025-10-28T00:00:00","commitResults":[{"hash":"34634b5ccb6884cf32fe20e4b411919687120511","isMergeCommit":false,"messageTitle":"add java assertions","messageBody":"","fileTypesAndContributionMap":{"functional-code":{"insertions":4,"deletions":0}}},{"hash":"1f2e8d0349145876555a18362d815b73ba5330d2","isMergeCommit":false,"messageTitle":"add balance command to parser","messageBody":"","fileTypesAndContributionMap":{"functional-code":{"insertions":28,"deletions":4}}},{"hash":"f45533b7310cee5f3bb67b53ac766b4dd01671a2","isMergeCommit":false,"messageTitle":"add balance logic to StudyPlan","messageBody":"","fileTypesAndContributionMap":{"functional-code":{"insertions":11,"deletions":1}}},{"hash":"f67155284c6461019414a1c9d3973751310e7a93","isMergeCommit":false,"messageTitle":"add balance logic to StudyPlan","messageBody":"","fileTypesAndContributionMap":{"functional-code":{"insertions":6,"deletions":1}}},{"hash":"40be05392ceb6bfccd82d1c67e191df7bb6a331c","isMergeCommit":true,"messageTitle":"Merge branch \u0027balancer\u0027 into origin/master","messageBody":"","fileTypesAndContributionMap":{}},{"hash":"4bc7cc94095e755489139796f2ade5d6663e7682","isMergeCommit":true,"messageTitle":"Merge branch \u0027origin/master\u0027 of https://github.com/Yeoh-Soo-Leong/tp into origin/master","messageBody":"","fileTypesAndContributionMap":{}},{"hash":"995a6ce35b99431d91933c5f6c550368a3933508","isMergeCommit":false,"messageTitle":"fix github action issues","messageBody":"","fileTypesAndContributionMap":{"functional-code":{"insertions":3,"deletions":1}}},{"hash":"a5df2a680e3fa01679a9f4576160f3d9b10be47a","isMergeCommit":true,"messageTitle":"Merge pull request #56 from Yeoh-Soo-Leong/origin/master","messageBody":"Add balancer command","fileTypesAndContributionMap":{}},{"hash":"96b247578d23024ad8a791686544397ee1e48859","isMergeCommit":false,"messageTitle":"add Junit test for spec command","messageBody":"","fileTypesAndContributionMap":{"test-code":{"insertions":51,"deletions":0}}},{"hash":"c8b4229dbc2c19930097d4656996375d816f2b9e","isMergeCommit":false,"messageTitle":"fix github action issues","messageBody":"","fileTypesAndContributionMap":{"test-code":{"insertions":3,"deletions":2}}},{"hash":"487f2bb0de7d300052cd92d9148a4ad7d61648bc","isMergeCommit":false,"messageTitle":"Add spec command to user guide","messageBody":"","fileTypesAndContributionMap":{"docs":{"insertions":30,"deletions":8}}},{"hash":"0ef8fa5513f6c096d4b458e489c1c03b64f8e831","isMergeCommit":false,"messageTitle":"Add balance command to user guide","messageBody":"","fileTypesAndContributionMap":{"functional-code":{"insertions":1,"deletions":1},"docs":{"insertions":7,"deletions":0}}},{"hash":"617042bf556690b24fc5b0f20d9aec1fdd3ec90e","isMergeCommit":true,"messageTitle":"Merge branch \u0027master\u0027 into UG-update","messageBody":"","fileTypesAndContributionMap":{}}]},{"date":"2025-10-29T00:00:00","commitResults":[{"hash":"e1ea4525d8a6eda3919fe037bd97ba0743e25bd1","isMergeCommit":true,"messageTitle":"Merge pull request #64 from seantankj/master","messageBody":"Fix error messages causing pop-up","fileTypesAndContributionMap":{}},{"hash":"ff4fa4491b02a648cbbbada09b13bf5da2e1f8df","isMergeCommit":false,"messageTitle":"fix progress command bug","messageBody":"","fileTypesAndContributionMap":{"functional-code":{"insertions":2,"deletions":1}}},{"hash":"65b9688e5226d77d0c7c7e2dbf19a94ed414a7ed","isMergeCommit":false,"messageTitle":"Add back part of the sequence diagram","messageBody":"","fileTypesAndContributionMap":{"docs":{"insertions":2,"deletions":0}}},{"hash":"8eab475189ecc470c3bec472eb2a872b41f4d3f1","isMergeCommit":false,"messageTitle":"Update Soo Leong PPP","messageBody":"","fileTypesAndContributionMap":{"docs":{"insertions":40,"deletions":1}}}]},{"date":"2025-10-30T00:00:00","commitResults":[{"hash":"ceb5b5536667f19173811aa89b605f8cb7a1a17f","isMergeCommit":false,"messageTitle":"fix issue when balance command is called without parameters","messageBody":"","fileTypesAndContributionMap":{"functional-code":{"insertions":1,"deletions":1}}},{"hash":"80716184798c1b10b646a1e4e3439f0b8f81148e","isMergeCommit":false,"messageTitle":"fix images not loading","messageBody":"","fileTypesAndContributionMap":{"docs":{"insertions":4,"deletions":4}}},{"hash":"295672e5991e7a9cd7dac9af8061b24bbc57cdd0","isMergeCommit":true,"messageTitle":"Merge branch \u0027master\u0027 into master","messageBody":"","fileTypesAndContributionMap":{}}]}],"ashpasa":[{"date":"2025-10-02T00:00:00","commitResults":[{"hash":"5eb828be3ef7dd264d81cb0c5e4bb8799f3fe166","isMergeCommit":false,"messageTitle":"Add member details for Asher","messageBody":"","fileTypesAndContributionMap":{"docs":{"insertions":9,"deletions":7}}},{"hash":"b0717614925e51fec004637e2859aea1154e1afc","isMergeCommit":true,"messageTitle":"Merge pull request #17 from ashpasa/asherPang-AboutUs","messageBody":"Add member details for Asher","fileTypesAndContributionMap":{}},{"hash":"c799d73defe284657e8e495cb15fbf57db37c244","isMergeCommit":true,"messageTitle":"Merge pull request #19 from Yeoh-Soo-Leong/yeohSooLeong-AboutUs","messageBody":"Add member details for Soo Leong","fileTypesAndContributionMap":{}}]},{"date":"2025-10-10T00:00:00","commitResults":[{"hash":"309d43fe2d3e62d3c67e58556d137c76a0a3e889","isMergeCommit":true,"messageTitle":"Merge branch \u0027master\u0027 of https://github.com/AY2526S1-CS2113-T10-2/tp","messageBody":"","fileTypesAndContributionMap":{}},{"hash":"1d6eb22afcf1d89bac46a7412b66bb68cda6ded6","isMergeCommit":false,"messageTitle":"Implement data fetcher from api","messageBody":"","fileTypesAndContributionMap":{"functional-code":{"insertions":60,"deletions":0},"other":{"insertions":3,"deletions":0}}},{"hash":"cbad11a10ee04882d76a466fdb44ea7c6a15bdf3","isMergeCommit":false,"messageTitle":"Implement checking of faculty and prerequisites in string form","messageBody":"","fileTypesAndContributionMap":{"functional-code":{"insertions":13,"deletions":12}}}]},{"date":"2025-10-13T00:00:00","commitResults":[{"hash":"fbfc55d241bb3b8c91a615b26c8a4d9034c4b9a6","isMergeCommit":true,"messageTitle":"Merge remote-tracking branch \u0027upstream/master\u0027","messageBody":"","fileTypesAndContributionMap":{}},{"hash":"1a076e3fe72e5db554b2edab92416adeb10b309a","isMergeCommit":true,"messageTitle":"Merge pull request #29 from Yeoh-Soo-Leong/master","messageBody":"Fix github actions issues","fileTypesAndContributionMap":{}}]},{"date":"2025-10-14T00:00:00","commitResults":[{"hash":"1441024c0c57b594cb0e7bd173b6dde756b109a2","isMergeCommit":true,"messageTitle":"Merge remote-tracking branch \u0027upstream/master\u0027","messageBody":"","fileTypesAndContributionMap":{}}]},{"date":"2025-10-15T00:00:00","commitResults":[{"hash":"a5161d15ca5b3366511fb69978306e8dcc7e3586","isMergeCommit":true,"messageTitle":"Merge remote-tracking branch \u0027upstream/master\u0027","messageBody":"","fileTypesAndContributionMap":{}},{"hash":"7eac603f63e6d2379a63112b91c925e92b94e6f7","isMergeCommit":true,"messageTitle":"Merge remote-tracking branch \u0027upstream/master\u0027","messageBody":"","fileTypesAndContributionMap":{}},{"hash":"49538d2ae962314182bee7b450712633177e3e38","isMergeCommit":false,"messageTitle":"Fix package and import format issue","messageBody":"","fileTypesAndContributionMap":{"functional-code":{"insertions":2,"deletions":2}}},{"hash":"200e0c78bc11c8d1504fc2fc8713a3b5a4eb0110","isMergeCommit":false,"messageTitle":"Uncomment AddCommand","messageBody":"","fileTypesAndContributionMap":{"functional-code":{"insertions":11,"deletions":11}}},{"hash":"2b0f417932b2f2de6f5366272da9b1b22900d254","isMergeCommit":false,"messageTitle":"Integrate add command to study plan","messageBody":"","fileTypesAndContributionMap":{"functional-code":{"insertions":22,"deletions":2}}},{"hash":"270d0edce116773027ca71336bb4d32fdba8656e","isMergeCommit":false,"messageTitle":"Change delete command parsing","messageBody":"","fileTypesAndContributionMap":{"functional-code":{"insertions":3,"deletions":3}}},{"hash":"0830d885cf0b56196bd270b8c61517c79078d787","isMergeCommit":false,"messageTitle":"Modify folder names to comply with checks","messageBody":"","fileTypesAndContributionMap":{"functional-code":{"insertions":3,"deletions":3}}},{"hash":"6d4e89710e151168767ac9c226006d8759ff87b6","isMergeCommit":false,"messageTitle":"Modify test and comments to comply with stylechecks","messageBody":"","fileTypesAndContributionMap":{"functional-code":{"insertions":1,"deletions":1},"test-code":{"insertions":3,"deletions":3}}},{"hash":"558d38a177d086c0f09b7d4bca968bb2fd2bd8a5","isMergeCommit":false,"messageTitle":"Disable test temporarily","messageBody":"","fileTypesAndContributionMap":{"test-code":{"insertions":4,"deletions":4}}},{"hash":"ebb10dd4256eb7162b551f02a35aa9aa7eee7c88","isMergeCommit":true,"messageTitle":"Merge remote-tracking branch \u0027upstream/master\u0027","messageBody":"","fileTypesAndContributionMap":{}},{"hash":"b6068515f3172b30c17c1da019e787a5c5e1498b","isMergeCommit":false,"messageTitle":"Fix delete command in parser","messageBody":"","fileTypesAndContributionMap":{"functional-code":{"insertions":1,"deletions":1}}},{"hash":"275df08bbbd36dc1bfcd9afdd290c9ecbea70190","isMergeCommit":false,"messageTitle":"Fix deletion command","messageBody":"","fileTypesAndContributionMap":{"functional-code":{"insertions":10,"deletions":6}}},{"hash":"25c1313176cf3a40f6b0e5d65caab8dd1e425724","isMergeCommit":true,"messageTitle":"Merge remote-tracking branch \u0027upstream/master\u0027","messageBody":"","fileTypesAndContributionMap":{}}]},{"date":"2025-10-22T00:00:00","commitResults":[{"hash":"f2381bc3a34abb0105a10ead975109d1ba8664cd","isMergeCommit":false,"messageTitle":"Update fetcher to fetch most recent module data","messageBody":"","fileTypesAndContributionMap":{"functional-code":{"insertions":1,"deletions":1}}},{"hash":"2e51a08ffa43df6ff11d814270aa718426616f0d","isMergeCommit":false,"messageTitle":"Close scanner","messageBody":"","fileTypesAndContributionMap":{"functional-code":{"insertions":1,"deletions":2}}},{"hash":"c8841fa0737f94902f333a6690bc6b8188446b5d","isMergeCommit":true,"messageTitle":"Merge pull request #41 from Yeoh-Soo-Leong/master","messageBody":"enable assertions in gradle","fileTypesAndContributionMap":{}}]},{"date":"2025-10-24T00:00:00","commitResults":[{"hash":"0bb2213d0c4d71322611dd94b19622d6073c02ff","isMergeCommit":false,"messageTitle":"Write more tests and javadoc comments","messageBody":"","fileTypesAndContributionMap":{"functional-code":{"insertions":51,"deletions":13},"test-code":{"insertions":69,"deletions":0}}},{"hash":"081b2c4fdeeda13bda8a914f9a1a489dcf252947","isMergeCommit":true,"messageTitle":"Merge branch \u0027tests-and-documentation\u0027","messageBody":"","fileTypesAndContributionMap":{}},{"hash":"07ea2614ec363856d291801ad1eec69eb64ca981","isMergeCommit":false,"messageTitle":"Modify getMCs to return integer for implementation of calculations","messageBody":"","fileTypesAndContributionMap":{"functional-code":{"insertions":4,"deletions":2},"test-code":{"insertions":2,"deletions":2}}},{"hash":"bcda790c2f38a83d36f5e203f080faf09beaa6dd","isMergeCommit":true,"messageTitle":"Merge pull request #50 from Amanda-HUANG88/master","messageBody":"Update Developer Guide","fileTypesAndContributionMap":{}},{"hash":"a7b947167be42ca04605ce4552a9f6a1e59968f2","isMergeCommit":true,"messageTitle":"Merge branch \u0027master\u0027 into modify-getMCs","messageBody":"","fileTypesAndContributionMap":{}},{"hash":"2e235d42d96d2d12f0b9b4bf70f6028effc984e4","isMergeCommit":false,"messageTitle":"Fix JUnit tests \u0026 checkstyle errors","messageBody":"","fileTypesAndContributionMap":{"test-code":{"insertions":8,"deletions":5}}},{"hash":"dcf9018b2fc537831d95bb519a31ff3f32250ec9","isMergeCommit":true,"messageTitle":"Merge branch \u0027modify-getMCs\u0027 of https://github.com/ashpasa/tp into modify-getMCs","messageBody":"","fileTypesAndContributionMap":{}},{"hash":"9c898405596ba1ecc6e3ae94021c5910601c9889","isMergeCommit":false,"messageTitle":"Fix test for getPrerequisite","messageBody":"","fileTypesAndContributionMap":{"test-code":{"insertions":3,"deletions":1}}}]},{"date":"2025-10-26T00:00:00","commitResults":[{"hash":"fdb042a0b2084da55297d9af55d9dc4492f96e69","isMergeCommit":true,"messageTitle":"Merge pull request #52 from Yeoh-Soo-Leong/prereq-command","messageBody":"Prereq command","fileTypesAndContributionMap":{}},{"hash":"f78a7b314106fbb1c53ffa6d1d5a2c65e6bcc6e3","isMergeCommit":true,"messageTitle":"Merge remote-tracking branch \u0027upstream/master\u0027","messageBody":"","fileTypesAndContributionMap":{}},{"hash":"f96b13f68272525abc3b1fe89fc5cd4cc0fdf162","isMergeCommit":false,"messageTitle":"Implement module credit calculation","messageBody":"","fileTypesAndContributionMap":{"functional-code":{"insertions":148,"deletions":20},"test-code":{"insertions":20,"deletions":1}}}]},{"date":"2025-10-27T00:00:00","commitResults":[{"hash":"ec6094c2e5c7c4aa41106652be3fee4d362d628a","isMergeCommit":true,"messageTitle":"Merge pull request #54 from seantankj/master","messageBody":"Implement prereq command and check for Pre-requisites in add command","fileTypesAndContributionMap":{}}]},{"date":"2025-10-28T00:00:00","commitResults":[{"hash":"deed968e2a3703a5f77ff0bce22aacafe48f9076","isMergeCommit":true,"messageTitle":"Merge pull request #57 from seantankj/master","messageBody":"Reduced arrowhead code, added JUnit tests, logging and assertions","fileTypesAndContributionMap":{}},{"hash":"9b549284b9ac08fe777a27787f140c00a8819ccc","isMergeCommit":true,"messageTitle":"Merge branch \u0027master\u0027 into origin/master","messageBody":"","fileTypesAndContributionMap":{}},{"hash":"e6ea3a4c30b7f1319a0c5c8760c81c81a9664836","isMergeCommit":true,"messageTitle":"Merge remote-tracking branch \u0027upstream/master\u0027","messageBody":"","fileTypesAndContributionMap":{}},{"hash":"aec83e818d9224b8c8c69c949f1de8fe797d3db5","isMergeCommit":false,"messageTitle":"Update developer guide","messageBody":"","fileTypesAndContributionMap":{"functional-code":{"insertions":1,"deletions":1},"docs":{"insertions":47,"deletions":12}}},{"hash":"b3083c48d371b190f14b8a97e7964cde5da03d24","isMergeCommit":true,"messageTitle":"Merge pull request #59 from Yeoh-Soo-Leong/origin/master","messageBody":"add Junit test for spec command","fileTypesAndContributionMap":{}},{"hash":"db9c67a5671f0088d9590a6540d14315a9171387","isMergeCommit":true,"messageTitle":"Merge pull request #58 from Amanda-HUANG88/v2-features","messageBody":"V2 features：Add progress view and add-completed/exempted commands","fileTypesAndContributionMap":{}},{"hash":"f5b3bd195c4da27fe678323b2a1b9afe8c153a45","isMergeCommit":false,"messageTitle":"Update DG with architecture diagram","messageBody":"","fileTypesAndContributionMap":{"docs":{"insertions":3,"deletions":1}}}]},{"date":"2025-10-29T00:00:00","commitResults":[{"hash":"0e2a7f3012e71a8f71a5b6357672c72864e18947","isMergeCommit":false,"messageTitle":"Update DG for NUSmodsFetcher","messageBody":"","fileTypesAndContributionMap":{"docs":{"insertions":7,"deletions":0}}},{"hash":"630307227c020cc9677f3c316fcb52f52e1c005c","isMergeCommit":true,"messageTitle":"Merge remote-tracking branch \u0027upstream/master\u0027","messageBody":"","fileTypesAndContributionMap":{}},{"hash":"787f66619bcb5d58d9cf310b9db269b2ff3c2d0b","isMergeCommit":false,"messageTitle":"Update DG and UG","messageBody":"","fileTypesAndContributionMap":{"docs":{"insertions":18,"deletions":2}}},{"hash":"f6e984b8cc4fa727f32157d82dcf29086ffad07e","isMergeCommit":true,"messageTitle":"Merge pull request #66 from seantankj/master","messageBody":"Update Sean PPP","fileTypesAndContributionMap":{}},{"hash":"f88cbc888fb01491b54f6231a4329d839acd1683","isMergeCommit":true,"messageTitle":"Merge remote-tracking branch \u0027upstream/master\u0027","messageBody":"","fileTypesAndContributionMap":{}}]},{"date":"2025-10-30T00:00:00","commitResults":[{"hash":"d147f3e462f36c479d8658b09efd72c7f27c8b5f","isMergeCommit":false,"messageTitle":"Update code based on comments from Prof","messageBody":"","fileTypesAndContributionMap":{"functional-code":{"insertions":145,"deletions":34},"docs":{"insertions":2,"deletions":2}}},{"hash":"4e8af30298156220bbf6ea70d0647e41a4e2bb09","isMergeCommit":true,"messageTitle":"Merge pull request #76 from darshhs/plant-uml-branch","messageBody":"Add plantuml diagram and fix bugs in parser","fileTypesAndContributionMap":{}},{"hash":"5c9ef150cbb7fdd05ac42252350580013e924e37","isMergeCommit":true,"messageTitle":"Merge branch \u0027master\u0027 into DG-update","messageBody":"","fileTypesAndContributionMap":{}},{"hash":"386c03db8a66bb42d951c6d9d720541420ad77b5","isMergeCommit":true,"messageTitle":"Merge remote-tracking branch \u0027upstream/master\u0027","messageBody":"","fileTypesAndContributionMap":{}},{"hash":"de16ec7ad3281512defff5223f989fec649b0a3d","isMergeCommit":false,"messageTitle":"Update PPP","messageBody":"","fileTypesAndContributionMap":{"docs":{"insertions":31,"deletions":1}}},{"hash":"8193e9b5134479726548965d5cf78ecdf6809610","isMergeCommit":false,"messageTitle":"Add JUnit tests for calculation of MCs","messageBody":"","fileTypesAndContributionMap":{"test-code":{"insertions":51,"deletions":0}}},{"hash":"4473ebef3047077035a90aec21ec6aef6befb5cf","isMergeCommit":false,"messageTitle":"Write tests for mc command","messageBody":"","fileTypesAndContributionMap":{"test-code":{"insertions":0,"deletions":2}}},{"hash":"a774db98e63a468a0a8779949e97d7b64e9f1c7e","isMergeCommit":true,"messageTitle":"Merge pull request #74 from Yeoh-Soo-Leong/master","messageBody":"fix images not loading","fileTypesAndContributionMap":{}},{"hash":"5af97298761df56d71bc41d7f963f6a1481eb674","isMergeCommit":true,"messageTitle":"Merge pull request #79 from darshhs/plant-uml-branch","messageBody":"Update developer guide","tags":["v2.0"],"fileTypesAndContributionMap":{}},{"hash":"f08503e49db0d9132aa8119309be6ac3bb7e177b","isMergeCommit":true,"messageTitle":"Merge pull request #80 from darshhs/plant-uml-branch","messageBody":"Fix image source developer guide","fileTypesAndContributionMap":{}}]}],"Amanda-HUANG88":[{"date":"2025-10-02T00:00:00","commitResults":[{"hash":"e7997909a637794d062b1bef98f22ac52da2a020","isMergeCommit":false,"messageTitle":"Add info","messageBody":"","fileTypesAndContributionMap":{"docs":{"insertions":3,"deletions":7}}},{"hash":"58bc639092c4b870c8e1e0adb4dec31840f83281","isMergeCommit":true,"messageTitle":"Merge branch \u0027master\u0027 into add-HUANGLingru-info","messageBody":"","fileTypesAndContributionMap":{}},{"hash":"95a266db0ec46f14f4979a901418fbe0a0a05df1","isMergeCommit":true,"messageTitle":"Merge branch \u0027master\u0027 into add-HUANGLingru-info","messageBody":"","fileTypesAndContributionMap":{}},{"hash":"379b7fed5a073fe4eb558994b172de8586fed0cb","isMergeCommit":true,"messageTitle":"Merge pull request #21 from Amanda-HUANG88/add-HUANGLingru-info","messageBody":"Add info","fileTypesAndContributionMap":{}}]},{"date":"2025-10-13T00:00:00","commitResults":[{"hash":"bbc77ec600363d313f90dd49a14c88124e7c0e39","isMergeCommit":false,"messageTitle":"Simple implementation of DM3","messageBody":"","fileTypesAndContributionMap":{"functional-code":{"insertions":244,"deletions":21},"docs":{"insertions":6,"deletions":0},"test-code":{"insertions":117,"deletions":12}}},{"hash":"d5d9e1db7a9555fa4944bcbb0cf0f2cf34aa52ee","isMergeCommit":true,"messageTitle":"Merge branch \u0027master\u0027 into dm3-init after resolving Duke.java conflict","messageBody":"","fileTypesAndContributionMap":{}},{"hash":"1a2169940df427b648b527c88d68e8c6969b28e1","isMergeCommit":false,"messageTitle":"Try to resolve checkstyle errors","messageBody":"","fileTypesAndContributionMap":{"functional-code":{"insertions":16,"deletions":8}}},{"hash":"0dc0bed4e63b50beb08ad4291a6846ad51c1876a","isMergeCommit":false,"messageTitle":"Impelement DM3","messageBody":"","fileTypesAndContributionMap":{"functional-code":{"insertions":6,"deletions":7},"test-code":{"insertions":11,"deletions":6}}},{"hash":"eede6a5934f956311fb42bf98d41fc590034c1e2","isMergeCommit":false,"messageTitle":"another modificiation about checkstyle","messageBody":"","fileTypesAndContributionMap":{"functional-code":{"insertions":2,"deletions":1},"test-code":{"insertions":5,"deletions":1}}}]},{"date":"2025-10-15T00:00:00","commitResults":[{"hash":"ce28ccd07f1e33de8f7f67fbbb90e44305e8d814","isMergeCommit":false,"messageTitle":"Fix: Try to integrate codes and create two view commands","messageBody":"","fileTypesAndContributionMap":{"functional-code":{"insertions":333,"deletions":279},"test-code":{"insertions":0,"deletions":126}}},{"hash":"82f4d1c8e89e0a34b80b55025efc299d1bb96a0a","isMergeCommit":true,"messageTitle":"Merge branch \u0027master\u0027 into dm3-implementation","messageBody":"","fileTypesAndContributionMap":{}},{"hash":"14c120032c7d4868f1b91265a81d3a02b5ad8e65","isMergeCommit":false,"messageTitle":"adding newlines and corrent indentation","messageBody":"","fileTypesAndContributionMap":{"functional-code":{"insertions":7,"deletions":5}}},{"hash":"291ddc46df04a87b765906527312f9c176ab0147","isMergeCommit":true,"messageTitle":"Merge branch \u0027dm3-implementation\u0027 of https://github.com/Amanda-HUANG88/tp into dm3-implementation","messageBody":"","fileTypesAndContributionMap":{}},{"hash":"e2ed3030be3602c22eb751eff7e19bde3de0e160","isMergeCommit":false,"messageTitle":"correct the test file","messageBody":"","fileTypesAndContributionMap":{"test-code":{"insertions":10,"deletions":12}}},{"hash":"3f56ceb0c683d262eaee59b2772c52a836e4da46","isMergeCommit":false,"messageTitle":"add a newline","messageBody":"","fileTypesAndContributionMap":{"test-code":{"insertions":2,"deletions":1}}}]},{"date":"2025-10-17T00:00:00","commitResults":[{"hash":"8acb94ac75979d9cdb08cad7a393ea6a3e1ee169","isMergeCommit":false,"messageTitle":"use assertion and logging","messageBody":"","fileTypesAndContributionMap":{"functional-code":{"insertions":13,"deletions":7},"test-code":{"insertions":54,"deletions":34}}}]},{"date":"2025-10-21T00:00:00","commitResults":[{"hash":"217ec494c5e86fe1008d758ab9c9abd00e3dfb94","isMergeCommit":false,"messageTitle":"Add assertions","messageBody":"","fileTypesAndContributionMap":{"functional-code":{"insertions":10,"deletions":0},"test-code":{"insertions":0,"deletions":34}}},{"hash":"d79663597064f455fcfa08e39025cdf6abf80286","isMergeCommit":true,"messageTitle":"Merge branch \u0027add-Assertion\u0027","messageBody":"","fileTypesAndContributionMap":{}}]},{"date":"2025-10-24T00:00:00","commitResults":[{"hash":"8f21d616cbcf59ae09d3da3f42d95cc6a527bc20","isMergeCommit":false,"messageTitle":"update the developer guide","messageBody":"","fileTypesAndContributionMap":{"other":{"insertions":0,"deletions":0},"docs":{"insertions":90,"deletions":21}}},{"hash":"47bfc4e7c2d55105b7a6de0e4798c5992c4452ae","isMergeCommit":false,"messageTitle":"Update StudyPlan.java","messageBody":"","fileTypesAndContributionMap":{"functional-code":{"insertions":0,"deletions":2}}},{"hash":"040058c068a4e2a85fd5c489312480c3d1bfbb50","isMergeCommit":false,"messageTitle":"Update DeveloperGuide.md","messageBody":"","fileTypesAndContributionMap":{"docs":{"insertions":3,"deletions":1}}}]},{"date":"2025-10-28T00:00:00","commitResults":[{"hash":"83689e8e12ca1471a184dd19419a4358a272165c","isMergeCommit":false,"messageTitle":"Add progress view and add-completed/exempted commands","messageBody":"","fileTypesAndContributionMap":{"functional-code":{"insertions":396,"deletions":25}}},{"hash":"296340bfffc588b0e5affd0369cd185b6b84fc23","isMergeCommit":false,"messageTitle":"Add progress view and add-completed/exempted commands","messageBody":"","fileTypesAndContributionMap":{"other":{"insertions":2,"deletions":0},"test-code":{"insertions":0,"deletions":175}}},{"hash":"3364610c6a7d17d12a51f38f600d3fc87601fd3e","isMergeCommit":true,"messageTitle":"resolving merging conflicts","messageBody":"","fileTypesAndContributionMap":{}},{"hash":"5f38ea00de732597ea9accd08bbd6a1b9a28ca3c","isMergeCommit":true,"messageTitle":"Merge branch \u0027master\u0027 into v2-features","messageBody":"","fileTypesAndContributionMap":{}},{"hash":"7bcd3ac0ee6ebd9f17f162f1b65550222acf30c6","isMergeCommit":false,"messageTitle":"Add a newline","messageBody":"","fileTypesAndContributionMap":{"functional-code":{"insertions":2,"deletions":1}}},{"hash":"9bb14a364ca1f6ab1b925545b4c8e1ddc5447d7c","isMergeCommit":false,"messageTitle":"Add a newline","messageBody":"","fileTypesAndContributionMap":{"functional-code":{"insertions":2,"deletions":1}}},{"hash":"934dca7c1e2d04afa1846eba08e6bf43db4310ad","isMergeCommit":false,"messageTitle":"Checkstyle update","messageBody":"","fileTypesAndContributionMap":{"functional-code":{"insertions":2,"deletions":1}}},{"hash":"15430acbcba2932fbee487771127134fab17dc99","isMergeCommit":false,"messageTitle":"Add a newline","messageBody":"","fileTypesAndContributionMap":{"functional-code":{"insertions":2,"deletions":1}}},{"hash":"a3226076edbd591932f729f253b90296989c6e97","isMergeCommit":false,"messageTitle":"Add a newline","messageBody":"","fileTypesAndContributionMap":{"functional-code":{"insertions":2,"deletions":1}}},{"hash":"cc4850874c6fd8d8b2f6015b9a9c4376e88347b4","isMergeCommit":false,"messageTitle":"Add a newline","messageBody":"","fileTypesAndContributionMap":{"functional-code":{"insertions":2,"deletions":1}}},{"hash":"7bac26f6392b60ad53b2bc4661959f51591314bc","isMergeCommit":false,"messageTitle":"Update HelpCommand.java","messageBody":"","fileTypesAndContributionMap":{"functional-code":{"insertions":4,"deletions":2}}},{"hash":"e9e2211f910c4437d3bf888d128577370bb43867","isMergeCommit":false,"messageTitle":"Update Parser.java","messageBody":"","fileTypesAndContributionMap":{"functional-code":{"insertions":2,"deletions":1}}},{"hash":"9f1c12163a6a2ebaf2053ebd5a731ca777582be2","isMergeCommit":false,"messageTitle":"Update Parser.java","messageBody":"","fileTypesAndContributionMap":{"functional-code":{"insertions":3,"deletions":3}}},{"hash":"aa4124bef491e3008af26e3e3a095358725c0afb","isMergeCommit":false,"messageTitle":"Update ModuleHandler.java","messageBody":"","fileTypesAndContributionMap":{"functional-code":{"insertions":0,"deletions":1}}}]},{"date":"2025-10-29T00:00:00","commitResults":[{"hash":"97af7b5f41deeea8b32c0ed5749548a2433495b4","isMergeCommit":true,"messageTitle":"Merge pull request #67 from ashpasa/Dev-and-user-guide","messageBody":"Update developer and user guide","fileTypesAndContributionMap":{}},{"hash":"333062d8da25b8045897c7b31be90de816586bdb","isMergeCommit":true,"messageTitle":"Merge pull request #69 from Yeoh-Soo-Leong/master","messageBody":"Update Soo Leong PPP","fileTypesAndContributionMap":{}},{"hash":"fa3eac98d3f261162112d6bda557e2d11354b71a","isMergeCommit":false,"messageTitle":"updated ppp, developer guide and user guide","messageBody":"","fileTypesAndContributionMap":{"docs":{"insertions":107,"deletions":21}}}]}],"darshhs":[{"date":"2025-10-02T00:00:00","commitResults":[{"hash":"765c319f78c18795e8043c6652d4a5bbe7cbd0b8","isMergeCommit":false,"messageTitle":"Modify AboutUs.md","messageBody":"","fileTypesAndContributionMap":{"docs":{"insertions":10,"deletions":7}}},{"hash":"cb452ae947b7f60e0f5844d071de5168d00f4db1","isMergeCommit":false,"messageTitle":"Modify darshhs.md","messageBody":"","fileTypesAndContributionMap":{"docs":{"insertions":1,"deletions":1}}},{"hash":"b48ac197138a09d7c65dd10c98fb5e4ec283a253","isMergeCommit":true,"messageTitle":"Merge branch \u0027master\u0027 into Darshana-AboutUs","messageBody":"","fileTypesAndContributionMap":{}},{"hash":"431a4ad0a709ed120d8e2e20ab234f410e196c19","isMergeCommit":true,"messageTitle":"Merge pull request #20 from darshhs/Darshana-AboutUs","messageBody":"Darshana about us","fileTypesAndContributionMap":{}}]},{"date":"2025-10-08T00:00:00","commitResults":[{"hash":"a3d6527e7cb6a86c980a3640e042eb30398a68d6","isMergeCommit":false,"messageTitle":"Create draft parser","messageBody":"","fileTypesAndContributionMap":{"functional-code":{"insertions":130,"deletions":21}}},{"hash":"1241888cc8479836c2be8f7ee63e16e45e35e954","isMergeCommit":true,"messageTitle":"Merge branch \u0027Darshana-AboutUs\u0027","messageBody":"","fileTypesAndContributionMap":{}},{"hash":"6c87bcf168a49817a1b445715ab942de6dc965d7","isMergeCommit":false,"messageTitle":"Complete parser methods","messageBody":"","fileTypesAndContributionMap":{"functional-code":{"insertions":136,"deletions":25}}}]},{"date":"2025-10-13T00:00:00","commitResults":[{"hash":"ea41f51d5151547648a4118ffd028da710b27cac","isMergeCommit":false,"messageTitle":"Modify information in help command","messageBody":"","fileTypesAndContributionMap":{"functional-code":{"insertions":6,"deletions":6},"other":{"insertions":1,"deletions":1}}},{"hash":"ae8c90925535b734476c249d1379a9100fbf8800","isMergeCommit":false,"messageTitle":"Delete method for confirm command","messageBody":"","fileTypesAndContributionMap":{"functional-code":{"insertions":0,"deletions":1}}},{"hash":"be08557e34750feca6ab0098303dd4dfb4496adc","isMergeCommit":true,"messageTitle":"Merge branch \u0027master\u0027 into master","messageBody":"","fileTypesAndContributionMap":{}},{"hash":"cf4c88bd7373d8a45ba2300dadd27fd0d484a002","isMergeCommit":false,"messageTitle":"Fix checkstyle rule violation","messageBody":"","fileTypesAndContributionMap":{"functional-code":{"insertions":2,"deletions":2},"other":{"insertions":13,"deletions":16}}},{"hash":"6e36b0993bbc1b1f0fde7c9885f929415c0697af","isMergeCommit":false,"messageTitle":"Delete NUSmodsfetcher from fork","messageBody":"","fileTypesAndContributionMap":{"functional-code":{"insertions":0,"deletions":60}}},{"hash":"a37f78af96b3b7549c41bd5e7dc336a4d55c5fb0","isMergeCommit":false,"messageTitle":"Modify length to align with Checkstyle rules","messageBody":"","fileTypesAndContributionMap":{"functional-code":{"insertions":49,"deletions":34}}},{"hash":"e4ce26b0af9b183a6ac1267873eb207e3a38020e","isMergeCommit":false,"messageTitle":"Modify expected text","messageBody":"","fileTypesAndContributionMap":{"functional-code":{"insertions":1,"deletions":1}}},{"hash":"86dddf963887eaaf457f313a809fc5c4e52df2aa","isMergeCommit":false,"messageTitle":"Remove logo from output","messageBody":"","fileTypesAndContributionMap":{"functional-code":{"insertions":26,"deletions":24}}},{"hash":"042b42cf17f67599ae80790e0af3a7b9f7a0b962","isMergeCommit":false,"messageTitle":"Fix indentation in main","messageBody":"","fileTypesAndContributionMap":{"functional-code":{"insertions":20,"deletions":20}}}]},{"date":"2025-10-15T00:00:00","commitResults":[{"hash":"e9b53b2b8ef0d08ab9df624353d09d22afb8370c","isMergeCommit":false,"messageTitle":"Implement basic JUnit tests","messageBody":"","fileTypesAndContributionMap":{"functional-code":{"insertions":9,"deletions":9},"test-code":{"insertions":134,"deletions":0}}},{"hash":"3a741e93a27caa62e62d5288b2e93a63c320dd19","isMergeCommit":false,"messageTitle":"Delete dummy test file","messageBody":"","fileTypesAndContributionMap":{"test-code":{"insertions":0,"deletions":18}}},{"hash":"c1e993985e94295de21a209bb162301480e1bac4","isMergeCommit":true,"messageTitle":"Merge branch \u0027j-unit-branch\u0027","messageBody":"","fileTypesAndContributionMap":{}},{"hash":"02fd50270de54e5f71932a0622c97d4f4b6dc172","isMergeCommit":false,"messageTitle":"Modify files to fit checkstyle","messageBody":"","fileTypesAndContributionMap":{"functional-code":{"insertions":5,"deletions":5}}},{"hash":"ca1d6a67d78ed068afb657a6b03ef6700a31ddcd","isMergeCommit":false,"messageTitle":"Fix checkstyle and build errors","messageBody":"","fileTypesAndContributionMap":{"functional-code":{"insertions":9,"deletions":9},"other":{"insertions":0,"deletions":0}}},{"hash":"53b73aa02f3a28b943aa1803785a9932aa79848b","isMergeCommit":false,"messageTitle":"Create add and delete commands","messageBody":"","fileTypesAndContributionMap":{"functional-code":{"insertions":70,"deletions":25}}},{"hash":"ba565d06fe5aa9c7ccdc9ca808d7439857b7a974","isMergeCommit":false,"messageTitle":"Modify JUnit tests","messageBody":"","fileTypesAndContributionMap":{"test-code":{"insertions":63,"deletions":58}}},{"hash":"34b129ccc36faa6cf1506edb00796fee90bbc776","isMergeCommit":true,"messageTitle":"Merge branch \u0027upstream-master\u0027 into darshhs-master","messageBody":"","fileTypesAndContributionMap":{}},{"hash":"a895a049b70b2fc604ddb18ac44888c7d0215897","isMergeCommit":false,"messageTitle":"Modify files for merge","messageBody":"","fileTypesAndContributionMap":{"functional-code":{"insertions":16,"deletions":10}}},{"hash":"5ad8c166ab51b4f40c9dd90e3bdcdd2f762e96dd","isMergeCommit":false,"messageTitle":"Fix checkstyle errors","messageBody":"","fileTypesAndContributionMap":{"functional-code":{"insertions":3,"deletions":7},"test-code":{"insertions":2,"deletions":0}}},{"hash":"b3c5df7ab0c0baaecdf638802a078cc105be812d","isMergeCommit":false,"messageTitle":"Create draft user guide","messageBody":"","fileTypesAndContributionMap":{"docs":{"insertions":67,"deletions":20}}}]},{"date":"2025-10-26T00:00:00","commitResults":[{"hash":"70ea1f91fbedbd5829267540d05cef26ac651971","isMergeCommit":false,"messageTitle":"Update master to upstream","messageBody":"","fileTypesAndContributionMap":{"functional-code":{"insertions":2,"deletions":1},"test-code":{"insertions":5,"deletions":5}}}]},{"date":"2025-10-27T00:00:00","commitResults":[{"hash":"225f283c7a955fe410a32368412481b8b565746c","isMergeCommit":false,"messageTitle":"Add feature to store studyplan to text file","messageBody":"","fileTypesAndContributionMap":{"functional-code":{"insertions":156,"deletions":19},"test-code":{"insertions":6,"deletions":4}}},{"hash":"79b2e6633b263a937ffc14e0e3a1e8f74ae92f73","isMergeCommit":false,"messageTitle":"Extract code to separate methods","messageBody":"","fileTypesAndContributionMap":{"functional-code":{"insertions":142,"deletions":75},"other":{"insertions":1,"deletions":0},"test-code":{"insertions":49,"deletions":51}}},{"hash":"cfc358d2a10dcf69aeb57533f14fc50d8a8a1a8a","isMergeCommit":true,"messageTitle":"Merge branch \u0027storage-branch\u0027","messageBody":"","fileTypesAndContributionMap":{}},{"hash":"de6701369b5c15b6b653681e170ff119907d904a","isMergeCommit":false,"messageTitle":"Add JavaDoc comments to all non-trivial methods","messageBody":"","fileTypesAndContributionMap":{"functional-code":{"insertions":270,"deletions":37}}},{"hash":"0d839e214018c5dadc31ee1720f92fcddabeb56d","isMergeCommit":true,"messageTitle":"Merge branch \u0027java-doc-branch\u0027","messageBody":"","fileTypesAndContributionMap":{}},{"hash":"555b03f08811b922f78644eb8c90d23372f42f54","isMergeCommit":false,"messageTitle":"Fix checkstyle error","messageBody":"","fileTypesAndContributionMap":{"functional-code":{"insertions":1,"deletions":1}}},{"hash":"391edfdea356561c3123316393c817306da8b088","isMergeCommit":false,"messageTitle":"Add logging and assertions","messageBody":"","fileTypesAndContributionMap":{"functional-code":{"insertions":16,"deletions":5}}},{"hash":"5ec0f2f430b9ac8c7fcec143f3ee3737fe50d52c","isMergeCommit":false,"messageTitle":"Add JUnit test for storage class","messageBody":"","fileTypesAndContributionMap":{"test-code":{"insertions":72,"deletions":5}}},{"hash":"0ff2e0e8cc2baf473680d75c5428559cc76df551","isMergeCommit":true,"messageTitle":"Merge upstream-master into storage-test-branch","messageBody":"","fileTypesAndContributionMap":{}},{"hash":"998d3a260cddc70ebc7261ed35021341c30e576d","isMergeCommit":false,"messageTitle":"Fix checkstyle errors","messageBody":"","fileTypesAndContributionMap":{"functional-code":{"insertions":7,"deletions":4},"test-code":{"insertions":0,"deletions":0}}}]},{"date":"2025-10-28T00:00:00","commitResults":[{"hash":"25c0f71b345b8ec7552aedae5433528b5574ee87","isMergeCommit":true,"messageTitle":"Merge branch \u0027master\u0027 into storage-test-branch","messageBody":"","fileTypesAndContributionMap":{}},{"hash":"c51cb96700ee6d842aeb2237b0fde9108bfda368","isMergeCommit":true,"messageTitle":"Merge pull request #55 from darshhs/storage-test-branch","messageBody":"Store previously added modules to a text file","fileTypesAndContributionMap":{}},{"hash":"27da610515b171f0736ae48b992fc2697d4e029d","isMergeCommit":false,"messageTitle":"Add tests to increase coverage","messageBody":"","fileTypesAndContributionMap":{"functional-code":{"insertions":1,"deletions":15},"other":{"insertions":38,"deletions":12},"test-code":{"insertions":117,"deletions":42}}},{"hash":"32d6853907a1874849ec35e4fae6a383ff95696b","isMergeCommit":true,"messageTitle":"Merge branch \u0027test-enhance-branch\u0027","messageBody":"","fileTypesAndContributionMap":{}},{"hash":"1dba7a5949baba36513909b35fdfca2031ff337f","isMergeCommit":true,"messageTitle":"Merge pull request #61 from seantankj/master","messageBody":"Update UG","fileTypesAndContributionMap":{}}]},{"date":"2025-10-29T00:00:00","commitResults":[{"hash":"c4886c3f48e82167f3b42cb5226baf1c06cf0932","isMergeCommit":false,"messageTitle":"Fix import errors","messageBody":"","fileTypesAndContributionMap":{"test-code":{"insertions":18,"deletions":6}}},{"hash":"a0a8e3e5ce1e059cc6425dd7fc929e6239bc580a","isMergeCommit":false,"messageTitle":"Create draft developer guide","messageBody":"","fileTypesAndContributionMap":{"functional-code":{"insertions":1,"deletions":1},"docs":{"insertions":31,"deletions":0}}},{"hash":"6867397dde95d4500935a658877abebe10426b77","isMergeCommit":false,"messageTitle":"Add documenation for storage","messageBody":"","fileTypesAndContributionMap":{"docs":{"insertions":41,"deletions":6}}},{"hash":"e83a2b09612d2db4865e04c7bd38a83d1a3d3952","isMergeCommit":false,"messageTitle":"Fix format errors","messageBody":"","fileTypesAndContributionMap":{"functional-code":{"insertions":52,"deletions":46},"test-code":{"insertions":2,"deletions":3}}},{"hash":"447efab3bf7379239a060b708e14ca6125a73d80","isMergeCommit":true,"messageTitle":"Merge upstream-master into dev-doc-branch","messageBody":"","fileTypesAndContributionMap":{}},{"hash":"37e611e2d321ca496527593dd484cacf71857caa","isMergeCommit":false,"messageTitle":"Fix test cases","messageBody":"","fileTypesAndContributionMap":{"test-code":{"insertions":2,"deletions":9}}},{"hash":"40434ba01c7a4059d467fe1a0c537c4bbc24a6fc","isMergeCommit":true,"messageTitle":"Merge branch \u0027upstream-master\u0027 into dev-doc-branch","messageBody":"","fileTypesAndContributionMap":{}}]},{"date":"2025-10-30T00:00:00","commitResults":[{"hash":"f19d9e43546b70767546f5c53b9cab90e18d3a4b","isMergeCommit":false,"messageTitle":"Fix parser bugs and modify help output","messageBody":"","fileTypesAndContributionMap":{"functional-code":{"insertions":44,"deletions":42}}},{"hash":"91debab17c89175228d7984dbf2f56c75ba39a8e","isMergeCommit":true,"messageTitle":"Merge pull request #70 from Amanda-HUANG88/documentation-update","messageBody":"updated ppp, developer guide and user guide","fileTypesAndContributionMap":{}},{"hash":"c6a48181569115af02c64ac1a1c84a473ef8c7e4","isMergeCommit":false,"messageTitle":"Create plantuml sequence for add, prereq and viewCurrent","messageBody":"","fileTypesAndContributionMap":{"functional-code":{"insertions":3,"deletions":6},"docs":{"insertions":124,"deletions":4}}},{"hash":"c2c303dce65e6ee89b5325f749d3882a89b7562a","isMergeCommit":true,"messageTitle":"Merge upstream master to plant-uml-branch","messageBody":"","fileTypesAndContributionMap":{}},{"hash":"53138460afa99ef808498834cd98b27378c754f2","isMergeCommit":false,"messageTitle":"Fix checkstyle errors","messageBody":"","fileTypesAndContributionMap":{"functional-code":{"insertions":14,"deletions":17}}},{"hash":"c49c0ceabc5c26b161a4a77cbdb9bf9cc75451e2","isMergeCommit":true,"messageTitle":"Merge pull request #78 from ashpasa/test-implementation","messageBody":"Test implementation","fileTypesAndContributionMap":{}},{"hash":"96eacfafdfdf4b97ccdde16103435dd77b1cd92b","isMergeCommit":false,"messageTitle":"Create draft PPP","messageBody":"","fileTypesAndContributionMap":{"docs":{"insertions":31,"deletions":8}}},{"hash":"b37777ffcc2973659247fe951f1e84e09590d1c2","isMergeCommit":true,"messageTitle":"Merge branch \u0027upstream-master\u0027 into plant-uml-branch","messageBody":"","fileTypesAndContributionMap":{}},{"hash":"2108d103263eca6596d367657fa3cae8e6366c92","isMergeCommit":false,"messageTitle":"Update developer guide","messageBody":"","fileTypesAndContributionMap":{"docs":{"insertions":30,"deletions":9}}},{"hash":"b9361b55d35135c447285b90839fa85791414507","isMergeCommit":false,"messageTitle":"Fix image source","messageBody":"","fileTypesAndContributionMap":{"docs":{"insertions":5,"deletions":4}}}]}],"seantankj":[{"date":"2025-10-02T00:00:00","commitResults":[{"hash":"3f48cb18041769604ea762b3f57005ab032bda1f","isMergeCommit":false,"messageTitle":"Update AboutUs, add seantankj.md","messageBody":"","fileTypesAndContributionMap":{"docs":{"insertions":9,"deletions":7}}},{"hash":"856df4bccc0b8932146045d23b500d946c9ed40c","isMergeCommit":true,"messageTitle":"Merge branch \u0027master\u0027 of https://github.com/AY2526S1-CS2113-T10-2/tp into seanTan-AboutUs","messageBody":"# Conflicts:\n#\tdocs/AboutUs.md\n","fileTypesAndContributionMap":{}},{"hash":"b6f132166e1b7f162dac85d52d44f73cd7c05ba0","isMergeCommit":true,"messageTitle":"Merge pull request #18 from seantankj/seanTan-AboutUs","messageBody":"Update AboutUs, add seantankj.md","fileTypesAndContributionMap":{}}]},{"date":"2025-10-13T00:00:00","commitResults":[{"hash":"148d2ff67b2a93304eac803bc60ece28b402cdbe","isMergeCommit":true,"messageTitle":"Merge pull request #22 from ashpasa/data-fetcher-from-api","messageBody":"Implement data fetcher class to retrieve data from api","fileTypesAndContributionMap":{}},{"hash":"10eb6e289c34fa5e6b176372ca58703152785ef9","isMergeCommit":true,"messageTitle":"Merge branch \u0027seanTan-AboutUs\u0027","messageBody":"","fileTypesAndContributionMap":{}},{"hash":"3b211dbfe685685f89b2dd2c0686441b25f9713e","isMergeCommit":true,"messageTitle":"Merge branch \u0027master\u0027 of https://github.com/AY2526S1-CS2113-T10-2/tp","messageBody":"","fileTypesAndContributionMap":{}},{"hash":"b2381ca6bbab9653f2229659bf5dd23b10b56a51","isMergeCommit":false,"messageTitle":"Implement Ui, List, Study and Grad classes","messageBody":"","fileTypesAndContributionMap":{"functional-code":{"insertions":62,"deletions":0}}},{"hash":"556a9361fbac44e566cc8fdd48cb76f9fc24e462","isMergeCommit":false,"messageTitle":"Refactor code","messageBody":"","fileTypesAndContributionMap":{"functional-code":{"insertions":30,"deletions":30}}},{"hash":"3bd24a229dbefd80aaf81d8f96223b343bbde0e6","isMergeCommit":true,"messageTitle":"Merge pull request #24 from darshhs/master","messageBody":"Add parser for all commands","fileTypesAndContributionMap":{}},{"hash":"7e753d6ee81bb646eec05832aebad707f9e000c5","isMergeCommit":true,"messageTitle":"Merge pull request #25 from seantankj/master","messageBody":"Implement Display functions and classes","fileTypesAndContributionMap":{}},{"hash":"b423150edf710eb021817f2b85a6c9f8465f3012","isMergeCommit":true,"messageTitle":"Merge pull request #27 from Amanda-HUANG88/dm3-init","messageBody":" Implementation of DM3 to store graduation requirements and sample study plans","fileTypesAndContributionMap":{}}]},{"date":"2025-10-14T00:00:00","commitResults":[{"hash":"f56355a4d8b8b3757dafa2b12c6452c921e8446f","isMergeCommit":true,"messageTitle":"Merge pull request #30 from Yeoh-Soo-Leong/master","messageBody":"JUnit tests","fileTypesAndContributionMap":{}}]},{"date":"2025-10-15T00:00:00","commitResults":[{"hash":"6928b0b6dbe45a04ea6496b94930b02b305877cd","isMergeCommit":true,"messageTitle":"Merge pull request #31 from Amanda-HUANG88/dm3-implementation","messageBody":"Fix: Try to integrate codes and create two view commands","fileTypesAndContributionMap":{}},{"hash":"d4e110e3c41e234a94b20a53e1b7cc28e9746ac8","isMergeCommit":false,"messageTitle":"Refactor code","messageBody":"","fileTypesAndContributionMap":{"functional-code":{"insertions":2,"deletions":53},"other":{"insertions":1,"deletions":5}}},{"hash":"b81eba368d37a2fd572cf0c32bbb9a22420cbafc","isMergeCommit":true,"messageTitle":"Merge pull request #33 from seantankj/master","messageBody":"Refactor code","fileTypesAndContributionMap":{}},{"hash":"d6eb8289835977f09cca28b3ff554887f771acbb","isMergeCommit":true,"messageTitle":"Merge pull request #34 from darshhs/darshhs-master","messageBody":"Solved merge conflicts for parser commands","fileTypesAndContributionMap":{}},{"hash":"26a1558358860da77c804f180a3ff118d50b4f66","isMergeCommit":true,"messageTitle":"Merge pull request #35 from ashpasa/Integration","messageBody":"Implement command to add modules to study plan","fileTypesAndContributionMap":{}},{"hash":"2ac13a838365176ebf63cbb0a2b900169802c9e6","isMergeCommit":true,"messageTitle":"Merge pull request #37 from ashpasa/Fixing-delete","messageBody":"Fix delete command to correctly remove from ArrayList","fileTypesAndContributionMap":{}},{"hash":"de6b5a605cd21a5bcbe901959788a13dbd930142","isMergeCommit":false,"messageTitle":"Replace all instances of Duke with Classcraft and refactor code","messageBody":"","fileTypesAndContributionMap":{"other":{"insertions":60,"deletions":63},"docs":{"insertions":0,"deletions":6}}},{"hash":"cd44ed0f5d5a4d5611fe5671a40edddaeb1bd857","isMergeCommit":false,"messageTitle":"Refactor code","messageBody":"","fileTypesAndContributionMap":{"functional-code":{"insertions":3,"deletions":4}}},{"hash":"d6ff1c5257e489f32cee5047cc2ace5463fcd9db","isMergeCommit":false,"messageTitle":"Update build.gradle to comply with new application name","messageBody":"","fileTypesAndContributionMap":{"other":{"insertions":2,"deletions":2}}},{"hash":"6981486e8e15761fc1f4d2bb8a79cb509ab88819","isMergeCommit":true,"messageTitle":"Merge pull request #38 from seantankj/master","messageBody":"Refactor code","fileTypesAndContributionMap":{}},{"hash":"def535914d8154ef4050213cf59e396bfb3c7f86","isMergeCommit":false,"messageTitle":"Edit help message","messageBody":"","fileTypesAndContributionMap":{"functional-code":{"insertions":1,"deletions":1}}},{"hash":"7c65de6d466cededa88b6e2cf9b304f3495c298b","isMergeCommit":true,"messageTitle":"Merge pull request #39 from seantankj/seanTan-Ui","messageBody":"Edit help message","tags":["v1.0"],"fileTypesAndContributionMap":{}}]},{"date":"2025-10-27T00:00:00","commitResults":[{"hash":"944cd8cb94423e4d9bc3db747cbe776011251282","isMergeCommit":true,"messageTitle":"Merge branch \u0027seanTan-Ui\u0027","messageBody":"","fileTypesAndContributionMap":{}},{"hash":"0fb156d222f4516336e59a959c680156fd63caba","isMergeCommit":true,"messageTitle":"Merge pull request #53 from ashpasa/calculate-credits","messageBody":"Implement MC calculation","fileTypesAndContributionMap":{}},{"hash":"aa7358259604e9f968ab4435ad30f4292f8ae053","isMergeCommit":true,"messageTitle":"Merge branch \u0027master\u0027 of https://github.com/AY2526S1-CS2113-T10-2/tp","messageBody":"","fileTypesAndContributionMap":{}},{"hash":"3392e223b337b8ad439ce24736452a65c850e302","isMergeCommit":false,"messageTitle":"Implement prereq command and add Pre-Requisite checks for add command","messageBody":"","fileTypesAndContributionMap":{"functional-code":{"insertions":520,"deletions":28}}},{"hash":"e8a5eba64874e2de301a9cb7676ca0be8940f7cc","isMergeCommit":false,"messageTitle":"Refactor code to reduce single line length","messageBody":"","fileTypesAndContributionMap":{"functional-code":{"insertions":4,"deletions":2}}}]},{"date":"2025-10-28T00:00:00","commitResults":[{"hash":"83af38d7a67a6244b7f7ecb32b418b317946aec1","isMergeCommit":false,"messageTitle":"Refactor code to reduce arrowhead code","messageBody":"","fileTypesAndContributionMap":{"functional-code":{"insertions":74,"deletions":77}}},{"hash":"3ee814a96b5c4e86c987537582955aad9d23b486","isMergeCommit":false,"messageTitle":"Add JUnit tests, logging and assertions for PrerequisiteChecker, PrereqCommand and Ui","messageBody":"","fileTypesAndContributionMap":{"functional-code":{"insertions":97,"deletions":21},"test-code":{"insertions":1168,"deletions":0}}},{"hash":"758e502ae2834d9f6ffc6ec043ab36fa1ee66745","isMergeCommit":true,"messageTitle":"Merge branch \u0027master\u0027 of https://github.com/AY2526S1-CS2113-T10-2/tp","messageBody":"","fileTypesAndContributionMap":{}},{"hash":"8cbb28f8ed3ec08edaeebf88780d33bf491babb4","isMergeCommit":false,"messageTitle":"Edit prereq function to incorporate data storage","messageBody":"","fileTypesAndContributionMap":{"functional-code":{"insertions":8,"deletions":4},"test-code":{"insertions":17,"deletions":15}}},{"hash":"400210c57f0c235a4a0fbd0df264bfaf1695424d","isMergeCommit":false,"messageTitle":"Fix indentation","messageBody":"","fileTypesAndContributionMap":{"functional-code":{"insertions":9,"deletions":7}}},{"hash":"6d7194eee07603a81b857c0d85863e532e95ab94","isMergeCommit":true,"messageTitle":"Merge pull request #60 from Yeoh-Soo-Leong/UG-update","messageBody":"Ug update","fileTypesAndContributionMap":{}},{"hash":"4f6747a51335b5ebf3537057d174c202fb5df0e0","isMergeCommit":false,"messageTitle":"Update UG","messageBody":"","fileTypesAndContributionMap":{"docs":{"insertions":9,"deletions":2}}}]},{"date":"2025-10-29T00:00:00","commitResults":[{"hash":"d10378d90acab1e53bef88acd21364921d9a67c9","isMergeCommit":true,"messageTitle":"Merge pull request #62 from ashpasa/documentation","messageBody":"Update DG with architecture diagram","fileTypesAndContributionMap":{}},{"hash":"6b2601cdbc72a429cf24f988929887f2c507e3ed","isMergeCommit":true,"messageTitle":"Merge pull request #63 from darshhs/dev-doc-branch","messageBody":"Update developer guide and add test cases","fileTypesAndContributionMap":{}},{"hash":"b687fcb86b0f316b2ba03065c288f4661149b734","isMergeCommit":false,"messageTitle":"Fix error messages causing pop-up","messageBody":"","fileTypesAndContributionMap":{"functional-code":{"insertions":3,"deletions":3}}},{"hash":"da6a8e91ddf91d5a46cd8c7092683f306bb5faf2","isMergeCommit":false,"messageTitle":"Refactor code to reduce arrowhead code","messageBody":"","fileTypesAndContributionMap":{"functional-code":{"insertions":32,"deletions":47}}},{"hash":"0939f08b4af644c3d20a745c41416247b6f46db9","isMergeCommit":true,"messageTitle":"Merge pull request #65 from Yeoh-Soo-Leong/master","messageBody":"fix progress command bug","fileTypesAndContributionMap":{}},{"hash":"97b67ea40b7c7485259ecc06c93bbe8d73f199f6","isMergeCommit":false,"messageTitle":"Update Sean PPP","messageBody":"","fileTypesAndContributionMap":{"docs":{"insertions":36,"deletions":1}}},{"hash":"d4fd077ab3586f38813d59ff805c9784f38a5b57","isMergeCommit":true,"messageTitle":"Merge pull request #68 from Yeoh-Soo-Leong/master","messageBody":"Add front part of the sequence diagram","fileTypesAndContributionMap":{}}]},{"date":"2025-10-30T00:00:00","commitResults":[{"hash":"51bd5df4a0babb2f0159e7fd3c25ea75b0313aa7","isMergeCommit":true,"messageTitle":"Merge pull request #72 from Yeoh-Soo-Leong/master","messageBody":"fix issue when balance command is called without parameters","fileTypesAndContributionMap":{}},{"hash":"c8b2fe9e2bbbd9e0a9ec30553d4443f795a7b0bd","isMergeCommit":false,"messageTitle":"Fix DG image","messageBody":"","fileTypesAndContributionMap":{"docs":{"insertions":2,"deletions":2}}},{"hash":"8531347466dadff680366a12a69c497aedd38355","isMergeCommit":true,"messageTitle":"Merge pull request #73 from seantankj/master","messageBody":"Fix DG image","fileTypesAndContributionMap":{}},{"hash":"a96229874ef7f0f15d583c9f204250fb0e27be4b","isMergeCommit":true,"messageTitle":"Merge pull request #77 from ashpasa/DG-update","messageBody":"Standardise comments and make changes based on code feedback","fileTypesAndContributionMap":{}}]}]},"authorFileTypeContributionMap":{"Yeoh-Soo-Leong":{"docs":79,"functional-code":209,"test-code":52,"other":1},"ashpasa":{"docs":96,"functional-code":368,"test-code":124,"other":3},"Amanda-HUANG88":{"docs":161,"functional-code":647,"test-code":0,"other":2},"darshhs":{"docs":309,"functional-code":548,"test-code":289},"seantankj":{"docs":51,"functional-code":628,"test-code":1170,"other":2}},"authorContributionVariance":{"Yeoh-Soo-Leong":1891.4855,"ashpasa":3224.9907,"Amanda-HUANG88":27017.74,"darshhs":31783.371,"seantankj":59522.555},"authorDisplayNameMap":{"Yeoh-Soo-Leong":"CS2113-T10-2 YEOH..EONG","ashpasa":"CS2113-T10-2 PANG..SHER","Amanda-HUANG88":"CS2113-T10-2 HUAN..NGRU","darshhs":"CS2113-T10-2 DARS..RESH","seantankj":"CS2113-T10-2 SEAN.. JIE"}}
