{"authorDailyContributionsMap":{"Yeoh-Soo-Leong":[{"date":"2025-10-02T00:00:00","commitResults":[{"hash":"941200fdb28f55cdf751b334c8c4c1f42e79de9c","isMergeCommit":false,"messageTitle":"Add member details for Soo Leong","messageBody":"","fileTypesAndContributionMap":{"docs":{"insertions":11,"deletions":7}}},{"hash":"8cee403b4f408d06842766b1658d9a046d2ff2fd","isMergeCommit":false,"messageTitle":"Remove jon doe","messageBody":"","fileTypesAndContributionMap":{"docs":{"insertions":0,"deletions":1}}},{"hash":"6f1ce5de67e95570dc0318a9d420acdc7de76100","isMergeCommit":true,"messageTitle":"Merge branch \u0027master\u0027 of https://github.com/AY2526S1-CS2113-T10-2/tp into yeohSooLeong-AboutUs","messageBody":"# Conflicts:\n#\tdocs/AboutUs.md\n","fileTypesAndContributionMap":{}}]},{"date":"2025-10-10T00:00:00","commitResults":[{"hash":"e51bccc0ed6f5d4110abf308f91a56d5896aaf61","isMergeCommit":false,"messageTitle":"Add Module and ModuleHandler class","messageBody":"","fileTypesAndContributionMap":{"functional-code":{"insertions":106,"deletions":0}}}]},{"date":"2025-10-13T00:00:00","commitResults":[{"hash":"ae9a6f214e842598fbb8f47c366d516c90113343","isMergeCommit":false,"messageTitle":"Integrate ModuleHandler and StudyPlan with NUSmodsFetcher","messageBody":"","fileTypesAndContributionMap":{"functional-code":{"insertions":46,"deletions":1}}},{"hash":"1b0d5155e5c35de89a1b7abb148c8ee09ee28e78","isMergeCommit":true,"messageTitle":"Merge remote-tracking branch \u0027upstream/master\u0027 into modules","messageBody":"","fileTypesAndContributionMap":{}},{"hash":"079121835249d4b2bd7499ee6d6662f10294f8a5","isMergeCommit":false,"messageTitle":"Package StudyPlan and ModuleHandler","messageBody":"","fileTypesAndContributionMap":{"other":{"insertions":3,"deletions":3}}},{"hash":"5ac175e4af4aa5324c5c5f13d0651be0b89f4cb0","isMergeCommit":true,"messageTitle":"Merge pull request #23 from Yeoh-Soo-Leong/master","messageBody":"Add StudyPlan and ModuleHandler class","fileTypesAndContributionMap":{}},{"hash":"c6a131608f8fd24cc7ff325cda1d64493a57232b","isMergeCommit":false,"messageTitle":"Add NUSmodsFetcher class","messageBody":"","fileTypesAndContributionMap":{"functional-code":{"insertions":60,"deletions":0}}},{"hash":"0f27537ca1748e3141fddf80a0ac1372d877f548","isMergeCommit":true,"messageTitle":"Merge pull request #28 from Yeoh-Soo-Leong/master","messageBody":"Add NUSmodsFetcher class","fileTypesAndContributionMap":{}},{"hash":"638a8d30f0a8ba1bacaba00a2f5e6a1086cdc0a9","isMergeCommit":false,"messageTitle":"Add missing newline","messageBody":"","fileTypesAndContributionMap":{"functional-code":{"insertions":1,"deletions":1}}}]},{"date":"2025-10-14T00:00:00","commitResults":[{"hash":"76288fdb68e540f52847a454d04529c3d7d7624d","isMergeCommit":false,"messageTitle":"create template JUnit test","messageBody":"","fileTypesAndContributionMap":{"test-code":{"insertions":14,"deletions":0}}},{"hash":"39bce9ed7bb977af558dd61c6222ce0de055505c","isMergeCommit":false,"messageTitle":"create JUnit test for StudyPlan class","messageBody":"","fileTypesAndContributionMap":{"test-code":{"insertions":21,"deletions":2}}},{"hash":"15c99703e6b5056cddd09dd002f2f6c3021332c9","isMergeCommit":false,"messageTitle":"create JUnit test for StudyPlan class","messageBody":"","fileTypesAndContributionMap":{"test-code":{"insertions":2,"deletions":2}}},{"hash":"96774d8104ce3f3549efa029aafd059d0b6897c6","isMergeCommit":false,"messageTitle":"create JUnit test for StudyPlan class","messageBody":"","fileTypesAndContributionMap":{"test-code":{"insertions":1,"deletions":1}}},{"hash":"ee18e657eb420b524b4ecc571221c589523cc280","isMergeCommit":true,"messageTitle":"Merge branch \u0027junit-tests\u0027","messageBody":"","fileTypesAndContributionMap":{}},{"hash":"4a3b86ed7fd02acd6cb3a4b78d63b9ef3aad3252","isMergeCommit":false,"messageTitle":"create JUnit test for StudyPlan class","messageBody":"","fileTypesAndContributionMap":{"test-code":{"insertions":1,"deletions":1}}},{"hash":"c2d76d13813095a622a3325e4f1674a044eb1e69","isMergeCommit":true,"messageTitle":"Merge branch \u0027junit-tests\u0027","messageBody":"","fileTypesAndContributionMap":{}},{"hash":"d0f1c64f0322a6a3247aa75f71416dfb446795a9","isMergeCommit":false,"messageTitle":"create exceptions for StudyPlan","messageBody":"","fileTypesAndContributionMap":{"functional-code":{"insertions":23,"deletions":4}}},{"hash":"fa6289e2fc0c2ea3d2d70c446b841bde24d9933d","isMergeCommit":false,"messageTitle":"fix JUnit test naming convention","messageBody":"","fileTypesAndContributionMap":{"test-code":{"insertions":1,"deletions":1}}},{"hash":"277f0b6f23a851bc1029c4d4d78660a5bf5fffd7","isMergeCommit":true,"messageTitle":"Merge branch \u0027junit-tests\u0027","messageBody":"","fileTypesAndContributionMap":{}},{"hash":"96e2490786bb2f385130ac4f6444aa78dcbdcdf4","isMergeCommit":false,"messageTitle":"add exception handling for addModule method in StudyPlan","messageBody":"","fileTypesAndContributionMap":{"functional-code":{"insertions":24,"deletions":6}}},{"hash":"d876b1546ae1fe158ef337f91768b9a4f6231764","isMergeCommit":false,"messageTitle":"add exception handling for removeModule method in StudyPlan","messageBody":"","fileTypesAndContributionMap":{"functional-code":{"insertions":15,"deletions":5}}},{"hash":"65bd0ca1758ee299548edd5ad8a225fafafa4a82","isMergeCommit":true,"messageTitle":"Merge branch \u0027junit-tests\u0027","messageBody":"","fileTypesAndContributionMap":{}}]},{"date":"2025-10-15T00:00:00","commitResults":[{"hash":"f9ac1c9e445870b6da47e294d1b19097a24c6543","isMergeCommit":true,"messageTitle":"Merge pull request #40 from darshhs/user-guide-branch","messageBody":"Create a draft user guide","fileTypesAndContributionMap":{}}]},{"date":"2025-10-22T00:00:00","commitResults":[{"hash":"c002c93f83052004689a16006333828a6416046d","isMergeCommit":false,"messageTitle":"enable assertions in gradle","messageBody":"","fileTypesAndContributionMap":{"other":{"insertions":1,"deletions":0}}}]},{"date":"2025-10-25T00:00:00","commitResults":[{"hash":"07b1a5e6b4c4ae4bd746ba17f15a8a4786b51c80","isMergeCommit":true,"messageTitle":"Merge pull request #51 from ashpasa/modify-getMCs","messageBody":"Modify getModuleCredits function to return integer","fileTypesAndContributionMap":{}},{"hash":"77fcea53129d80f02b7842e6c6a0c044cb5f03b3","isMergeCommit":false,"messageTitle":"add spec command in parser and update help command","messageBody":"","fileTypesAndContributionMap":{"functional-code":{"insertions":34,"deletions":2}}},{"hash":"069ef9d7f0f3d96a26bdbdba83ee42c2ba2cb5be","isMergeCommit":false,"messageTitle":"add spec command in parser and update help command","messageBody":"","fileTypesAndContributionMap":{"functional-code":{"insertions":8,"deletions":13}}},{"hash":"25b362baef5869a26da93ad1c220928730dabf4f","isMergeCommit":false,"messageTitle":"fix issues with parser not being able to run spec command","messageBody":"","fileTypesAndContributionMap":{"functional-code":{"insertions":5,"deletions":4}}},{"hash":"e5ecc4e952cbba557d77283e785963cc6f62d353","isMergeCommit":false,"messageTitle":"add SpecCommand function","messageBody":"","fileTypesAndContributionMap":{"functional-code":{"insertions":57,"deletions":0}}},{"hash":"c015e557deae190d0e3631f1b8b79c10aa083ab3","isMergeCommit":false,"messageTitle":"fix switch case indentation issue for github actions","messageBody":"","fileTypesAndContributionMap":{"functional-code":{"insertions":2,"deletions":1}}},{"hash":"2cc82a8f0ee749bcf32a1b8c452f75f3d1b905fc","isMergeCommit":false,"messageTitle":"fix switch case indentation issue for github actions","messageBody":"","fileTypesAndContributionMap":{"functional-code":{"insertions":13,"deletions":9}}},{"hash":"2bcc7567db3df3db2f6cb22a041d21d6f81c9daf","isMergeCommit":false,"messageTitle":"fix static variable declaration order issue for github actions","messageBody":"","fileTypesAndContributionMap":{"functional-code":{"insertions":1,"deletions":1}}},{"hash":"75bf218217732ab5bced0e525ebe31816e4a0b43","isMergeCommit":false,"messageTitle":"fix static variable declaration order issue for github actions","messageBody":"","fileTypesAndContributionMap":{"functional-code":{"insertions":1,"deletions":1}}},{"hash":"3953856ac027d707c8bc4e29d7fe4be1832c02c0","isMergeCommit":false,"messageTitle":"fix static variable declaration order issue for github actions","messageBody":"","fileTypesAndContributionMap":{"functional-code":{"insertions":1,"deletions":1}}}]}],"ashpasa":[{"date":"2025-10-02T00:00:00","commitResults":[{"hash":"5eb828be3ef7dd264d81cb0c5e4bb8799f3fe166","isMergeCommit":false,"messageTitle":"Add member details for Asher","messageBody":"","fileTypesAndContributionMap":{"docs":{"insertions":9,"deletions":7}}},{"hash":"b0717614925e51fec004637e2859aea1154e1afc","isMergeCommit":true,"messageTitle":"Merge pull request #17 from ashpasa/asherPang-AboutUs","messageBody":"Add member details for Asher","fileTypesAndContributionMap":{}},{"hash":"c799d73defe284657e8e495cb15fbf57db37c244","isMergeCommit":true,"messageTitle":"Merge pull request #19 from Yeoh-Soo-Leong/yeohSooLeong-AboutUs","messageBody":"Add member details for Soo Leong","fileTypesAndContributionMap":{}}]},{"date":"2025-10-10T00:00:00","commitResults":[{"hash":"309d43fe2d3e62d3c67e58556d137c76a0a3e889","isMergeCommit":true,"messageTitle":"Merge branch \u0027master\u0027 of https://github.com/AY2526S1-CS2113-T10-2/tp","messageBody":"","fileTypesAndContributionMap":{}},{"hash":"1d6eb22afcf1d89bac46a7412b66bb68cda6ded6","isMergeCommit":false,"messageTitle":"Implement data fetcher from api","messageBody":"","fileTypesAndContributionMap":{"functional-code":{"insertions":60,"deletions":0},"other":{"insertions":3,"deletions":0}}},{"hash":"cbad11a10ee04882d76a466fdb44ea7c6a15bdf3","isMergeCommit":false,"messageTitle":"Implement checking of faculty and prerequisites in string form","messageBody":"","fileTypesAndContributionMap":{"functional-code":{"insertions":13,"deletions":12}}}]},{"date":"2025-10-13T00:00:00","commitResults":[{"hash":"fbfc55d241bb3b8c91a615b26c8a4d9034c4b9a6","isMergeCommit":true,"messageTitle":"Merge remote-tracking branch \u0027upstream/master\u0027","messageBody":"","fileTypesAndContributionMap":{}},{"hash":"1a076e3fe72e5db554b2edab92416adeb10b309a","isMergeCommit":true,"messageTitle":"Merge pull request #29 from Yeoh-Soo-Leong/master","messageBody":"Fix github actions issues","fileTypesAndContributionMap":{}}]},{"date":"2025-10-14T00:00:00","commitResults":[{"hash":"1441024c0c57b594cb0e7bd173b6dde756b109a2","isMergeCommit":true,"messageTitle":"Merge remote-tracking branch \u0027upstream/master\u0027","messageBody":"","fileTypesAndContributionMap":{}}]},{"date":"2025-10-15T00:00:00","commitResults":[{"hash":"a5161d15ca5b3366511fb69978306e8dcc7e3586","isMergeCommit":true,"messageTitle":"Merge remote-tracking branch \u0027upstream/master\u0027","messageBody":"","fileTypesAndContributionMap":{}},{"hash":"7eac603f63e6d2379a63112b91c925e92b94e6f7","isMergeCommit":true,"messageTitle":"Merge remote-tracking branch \u0027upstream/master\u0027","messageBody":"","fileTypesAndContributionMap":{}},{"hash":"49538d2ae962314182bee7b450712633177e3e38","isMergeCommit":false,"messageTitle":"Fix package and import format issue","messageBody":"","fileTypesAndContributionMap":{"functional-code":{"insertions":2,"deletions":2}}},{"hash":"200e0c78bc11c8d1504fc2fc8713a3b5a4eb0110","isMergeCommit":false,"messageTitle":"Uncomment AddCommand","messageBody":"","fileTypesAndContributionMap":{"functional-code":{"insertions":11,"deletions":11}}},{"hash":"2b0f417932b2f2de6f5366272da9b1b22900d254","isMergeCommit":false,"messageTitle":"Integrate add command to study plan","messageBody":"","fileTypesAndContributionMap":{"functional-code":{"insertions":22,"deletions":2}}},{"hash":"270d0edce116773027ca71336bb4d32fdba8656e","isMergeCommit":false,"messageTitle":"Change delete command parsing","messageBody":"","fileTypesAndContributionMap":{"functional-code":{"insertions":3,"deletions":3}}},{"hash":"0830d885cf0b56196bd270b8c61517c79078d787","isMergeCommit":false,"messageTitle":"Modify folder names to comply with checks","messageBody":"","fileTypesAndContributionMap":{"functional-code":{"insertions":3,"deletions":3}}},{"hash":"6d4e89710e151168767ac9c226006d8759ff87b6","isMergeCommit":false,"messageTitle":"Modify test and comments to comply with stylechecks","messageBody":"","fileTypesAndContributionMap":{"functional-code":{"insertions":1,"deletions":1},"test-code":{"insertions":3,"deletions":3}}},{"hash":"558d38a177d086c0f09b7d4bca968bb2fd2bd8a5","isMergeCommit":false,"messageTitle":"Disable test temporarily","messageBody":"","fileTypesAndContributionMap":{"test-code":{"insertions":4,"deletions":4}}},{"hash":"ebb10dd4256eb7162b551f02a35aa9aa7eee7c88","isMergeCommit":true,"messageTitle":"Merge remote-tracking branch \u0027upstream/master\u0027","messageBody":"","fileTypesAndContributionMap":{}},{"hash":"b6068515f3172b30c17c1da019e787a5c5e1498b","isMergeCommit":false,"messageTitle":"Fix delete command in parser","messageBody":"","fileTypesAndContributionMap":{"functional-code":{"insertions":1,"deletions":1}}},{"hash":"275df08bbbd36dc1bfcd9afdd290c9ecbea70190","isMergeCommit":false,"messageTitle":"Fix deletion command","messageBody":"","fileTypesAndContributionMap":{"functional-code":{"insertions":10,"deletions":6}}},{"hash":"25c1313176cf3a40f6b0e5d65caab8dd1e425724","isMergeCommit":true,"messageTitle":"Merge remote-tracking branch \u0027upstream/master\u0027","messageBody":"","fileTypesAndContributionMap":{}}]},{"date":"2025-10-22T00:00:00","commitResults":[{"hash":"f2381bc3a34abb0105a10ead975109d1ba8664cd","isMergeCommit":false,"messageTitle":"Update fetcher to fetch most recent module data","messageBody":"","fileTypesAndContributionMap":{"functional-code":{"insertions":1,"deletions":1}}},{"hash":"2e51a08ffa43df6ff11d814270aa718426616f0d","isMergeCommit":false,"messageTitle":"Close scanner","messageBody":"","fileTypesAndContributionMap":{"functional-code":{"insertions":1,"deletions":2}}},{"hash":"c8841fa0737f94902f333a6690bc6b8188446b5d","isMergeCommit":true,"messageTitle":"Merge pull request #41 from Yeoh-Soo-Leong/master","messageBody":"enable assertions in gradle","fileTypesAndContributionMap":{}}]},{"date":"2025-10-24T00:00:00","commitResults":[{"hash":"0bb2213d0c4d71322611dd94b19622d6073c02ff","isMergeCommit":false,"messageTitle":"Write more tests and javadoc comments","messageBody":"","fileTypesAndContributionMap":{"functional-code":{"insertions":51,"deletions":13},"test-code":{"insertions":69,"deletions":0}}},{"hash":"081b2c4fdeeda13bda8a914f9a1a489dcf252947","isMergeCommit":true,"messageTitle":"Merge branch \u0027tests-and-documentation\u0027","messageBody":"","fileTypesAndContributionMap":{}},{"hash":"07ea2614ec363856d291801ad1eec69eb64ca981","isMergeCommit":false,"messageTitle":"Modify getMCs to return integer for implementation of calculations","messageBody":"","fileTypesAndContributionMap":{"functional-code":{"insertions":4,"deletions":2},"test-code":{"insertions":2,"deletions":2}}},{"hash":"bcda790c2f38a83d36f5e203f080faf09beaa6dd","isMergeCommit":true,"messageTitle":"Merge pull request #50 from Amanda-HUANG88/master","messageBody":"Update Developer Guide","fileTypesAndContributionMap":{}},{"hash":"a7b947167be42ca04605ce4552a9f6a1e59968f2","isMergeCommit":true,"messageTitle":"Merge branch \u0027master\u0027 into modify-getMCs","messageBody":"","fileTypesAndContributionMap":{}},{"hash":"2e235d42d96d2d12f0b9b4bf70f6028effc984e4","isMergeCommit":false,"messageTitle":"Fix JUnit tests \u0026 checkstyle errors","messageBody":"","fileTypesAndContributionMap":{"test-code":{"insertions":8,"deletions":5}}},{"hash":"dcf9018b2fc537831d95bb519a31ff3f32250ec9","isMergeCommit":true,"messageTitle":"Merge branch \u0027modify-getMCs\u0027 of https://github.com/ashpasa/tp into modify-getMCs","messageBody":"","fileTypesAndContributionMap":{}},{"hash":"9c898405596ba1ecc6e3ae94021c5910601c9889","isMergeCommit":false,"messageTitle":"Fix test for getPrerequisite","messageBody":"","fileTypesAndContributionMap":{"test-code":{"insertions":3,"deletions":1}}}]},{"date":"2025-10-26T00:00:00","commitResults":[{"hash":"fdb042a0b2084da55297d9af55d9dc4492f96e69","isMergeCommit":true,"messageTitle":"Merge pull request #52 from Yeoh-Soo-Leong/prereq-command","messageBody":"Prereq command","fileTypesAndContributionMap":{}},{"hash":"f78a7b314106fbb1c53ffa6d1d5a2c65e6bcc6e3","isMergeCommit":true,"messageTitle":"Merge remote-tracking branch \u0027upstream/master\u0027","messageBody":"","fileTypesAndContributionMap":{}},{"hash":"f96b13f68272525abc3b1fe89fc5cd4cc0fdf162","isMergeCommit":false,"messageTitle":"Implement module credit calculation","messageBody":"","fileTypesAndContributionMap":{"functional-code":{"insertions":148,"deletions":20},"test-code":{"insertions":20,"deletions":1}}}]},{"date":"2025-10-27T00:00:00","commitResults":[{"hash":"ec6094c2e5c7c4aa41106652be3fee4d362d628a","isMergeCommit":true,"messageTitle":"Merge pull request #54 from seantankj/master","messageBody":"Implement prereq command and check for Pre-requisites in add command","fileTypesAndContributionMap":{}}]},{"date":"2025-10-28T00:00:00","commitResults":[{"hash":"deed968e2a3703a5f77ff0bce22aacafe48f9076","isMergeCommit":true,"messageTitle":"Merge pull request #57 from seantankj/master","messageBody":"Reduced arrowhead code, added JUnit tests, logging and assertions","fileTypesAndContributionMap":{}}]}],"Amanda-HUANG88":[{"date":"2025-10-02T00:00:00","commitResults":[{"hash":"e7997909a637794d062b1bef98f22ac52da2a020","isMergeCommit":false,"messageTitle":"Add info","messageBody":"","fileTypesAndContributionMap":{"docs":{"insertions":3,"deletions":7}}},{"hash":"58bc639092c4b870c8e1e0adb4dec31840f83281","isMergeCommit":true,"messageTitle":"Merge branch \u0027master\u0027 into add-HUANGLingru-info","messageBody":"","fileTypesAndContributionMap":{}},{"hash":"95a266db0ec46f14f4979a901418fbe0a0a05df1","isMergeCommit":true,"messageTitle":"Merge branch \u0027master\u0027 into add-HUANGLingru-info","messageBody":"","fileTypesAndContributionMap":{}},{"hash":"379b7fed5a073fe4eb558994b172de8586fed0cb","isMergeCommit":true,"messageTitle":"Merge pull request #21 from Amanda-HUANG88/add-HUANGLingru-info","messageBody":"Add info","fileTypesAndContributionMap":{}}]},{"date":"2025-10-13T00:00:00","commitResults":[{"hash":"bbc77ec600363d313f90dd49a14c88124e7c0e39","isMergeCommit":false,"messageTitle":"Simple implementation of DM3","messageBody":"","fileTypesAndContributionMap":{"functional-code":{"insertions":244,"deletions":21},"docs":{"insertions":6,"deletions":0},"test-code":{"insertions":117,"deletions":12}}},{"hash":"d5d9e1db7a9555fa4944bcbb0cf0f2cf34aa52ee","isMergeCommit":true,"messageTitle":"Merge branch \u0027master\u0027 into dm3-init after resolving Duke.java conflict","messageBody":"","fileTypesAndContributionMap":{}},{"hash":"1a2169940df427b648b527c88d68e8c6969b28e1","isMergeCommit":false,"messageTitle":"Try to resolve checkstyle errors","messageBody":"","fileTypesAndContributionMap":{"functional-code":{"insertions":16,"deletions":8}}},{"hash":"0dc0bed4e63b50beb08ad4291a6846ad51c1876a","isMergeCommit":false,"messageTitle":"Impelement DM3","messageBody":"","fileTypesAndContributionMap":{"functional-code":{"insertions":6,"deletions":7},"test-code":{"insertions":11,"deletions":6}}},{"hash":"eede6a5934f956311fb42bf98d41fc590034c1e2","isMergeCommit":false,"messageTitle":"another modificiation about checkstyle","messageBody":"","fileTypesAndContributionMap":{"functional-code":{"insertions":2,"deletions":1},"test-code":{"insertions":5,"deletions":1}}}]},{"date":"2025-10-15T00:00:00","commitResults":[{"hash":"ce28ccd07f1e33de8f7f67fbbb90e44305e8d814","isMergeCommit":false,"messageTitle":"Fix: Try to integrate codes and create two view commands","messageBody":"","fileTypesAndContributionMap":{"functional-code":{"insertions":333,"deletions":279},"test-code":{"insertions":0,"deletions":126}}},{"hash":"82f4d1c8e89e0a34b80b55025efc299d1bb96a0a","isMergeCommit":true,"messageTitle":"Merge branch \u0027master\u0027 into dm3-implementation","messageBody":"","fileTypesAndContributionMap":{}},{"hash":"14c120032c7d4868f1b91265a81d3a02b5ad8e65","isMergeCommit":false,"messageTitle":"adding newlines and corrent indentation","messageBody":"","fileTypesAndContributionMap":{"functional-code":{"insertions":7,"deletions":5}}},{"hash":"291ddc46df04a87b765906527312f9c176ab0147","isMergeCommit":true,"messageTitle":"Merge branch \u0027dm3-implementation\u0027 of https://github.com/Amanda-HUANG88/tp into dm3-implementation","messageBody":"","fileTypesAndContributionMap":{}},{"hash":"e2ed3030be3602c22eb751eff7e19bde3de0e160","isMergeCommit":false,"messageTitle":"correct the test file","messageBody":"","fileTypesAndContributionMap":{"test-code":{"insertions":10,"deletions":12}}},{"hash":"3f56ceb0c683d262eaee59b2772c52a836e4da46","isMergeCommit":false,"messageTitle":"add a newline","messageBody":"","fileTypesAndContributionMap":{"test-code":{"insertions":2,"deletions":1}}}]},{"date":"2025-10-17T00:00:00","commitResults":[{"hash":"8acb94ac75979d9cdb08cad7a393ea6a3e1ee169","isMergeCommit":false,"messageTitle":"use assertion and logging","messageBody":"","fileTypesAndContributionMap":{"functional-code":{"insertions":13,"deletions":7},"test-code":{"insertions":54,"deletions":34}}}]},{"date":"2025-10-21T00:00:00","commitResults":[{"hash":"217ec494c5e86fe1008d758ab9c9abd00e3dfb94","isMergeCommit":false,"messageTitle":"Add assertions","messageBody":"","fileTypesAndContributionMap":{"functional-code":{"insertions":10,"deletions":0},"test-code":{"insertions":0,"deletions":34}}},{"hash":"d79663597064f455fcfa08e39025cdf6abf80286","isMergeCommit":true,"messageTitle":"Merge branch \u0027add-Assertion\u0027","messageBody":"","fileTypesAndContributionMap":{}}]},{"date":"2025-10-24T00:00:00","commitResults":[{"hash":"8f21d616cbcf59ae09d3da3f42d95cc6a527bc20","isMergeCommit":false,"messageTitle":"update the developer guide","messageBody":"","fileTypesAndContributionMap":{"other":{"insertions":0,"deletions":0},"docs":{"insertions":90,"deletions":21}}},{"hash":"47bfc4e7c2d55105b7a6de0e4798c5992c4452ae","isMergeCommit":false,"messageTitle":"Update StudyPlan.java","messageBody":"","fileTypesAndContributionMap":{"functional-code":{"insertions":0,"deletions":2}}},{"hash":"040058c068a4e2a85fd5c489312480c3d1bfbb50","isMergeCommit":false,"messageTitle":"Update DeveloperGuide.md","messageBody":"","fileTypesAndContributionMap":{"docs":{"insertions":3,"deletions":1}}}]}],"darshhs":[{"date":"2025-10-02T00:00:00","commitResults":[{"hash":"765c319f78c18795e8043c6652d4a5bbe7cbd0b8","isMergeCommit":false,"messageTitle":"Modify AboutUs.md","messageBody":"","fileTypesAndContributionMap":{"docs":{"insertions":10,"deletions":7}}},{"hash":"cb452ae947b7f60e0f5844d071de5168d00f4db1","isMergeCommit":false,"messageTitle":"Modify darshhs.md","messageBody":"","fileTypesAndContributionMap":{"docs":{"insertions":1,"deletions":1}}},{"hash":"b48ac197138a09d7c65dd10c98fb5e4ec283a253","isMergeCommit":true,"messageTitle":"Merge branch \u0027master\u0027 into Darshana-AboutUs","messageBody":"","fileTypesAndContributionMap":{}},{"hash":"431a4ad0a709ed120d8e2e20ab234f410e196c19","isMergeCommit":true,"messageTitle":"Merge pull request #20 from darshhs/Darshana-AboutUs","messageBody":"Darshana about us","fileTypesAndContributionMap":{}}]},{"date":"2025-10-08T00:00:00","commitResults":[{"hash":"a3d6527e7cb6a86c980a3640e042eb30398a68d6","isMergeCommit":false,"messageTitle":"Create draft parser","messageBody":"","fileTypesAndContributionMap":{"functional-code":{"insertions":130,"deletions":21}}},{"hash":"1241888cc8479836c2be8f7ee63e16e45e35e954","isMergeCommit":true,"messageTitle":"Merge branch \u0027Darshana-AboutUs\u0027","messageBody":"","fileTypesAndContributionMap":{}},{"hash":"6c87bcf168a49817a1b445715ab942de6dc965d7","isMergeCommit":false,"messageTitle":"Complete parser methods","messageBody":"","fileTypesAndContributionMap":{"functional-code":{"insertions":136,"deletions":25}}}]},{"date":"2025-10-13T00:00:00","commitResults":[{"hash":"ea41f51d5151547648a4118ffd028da710b27cac","isMergeCommit":false,"messageTitle":"Modify information in help command","messageBody":"","fileTypesAndContributionMap":{"functional-code":{"insertions":6,"deletions":6},"other":{"insertions":1,"deletions":1}}},{"hash":"ae8c90925535b734476c249d1379a9100fbf8800","isMergeCommit":false,"messageTitle":"Delete method for confirm command","messageBody":"","fileTypesAndContributionMap":{"functional-code":{"insertions":0,"deletions":1}}},{"hash":"be08557e34750feca6ab0098303dd4dfb4496adc","isMergeCommit":true,"messageTitle":"Merge branch \u0027master\u0027 into master","messageBody":"","fileTypesAndContributionMap":{}},{"hash":"cf4c88bd7373d8a45ba2300dadd27fd0d484a002","isMergeCommit":false,"messageTitle":"Fix checkstyle rule violation","messageBody":"","fileTypesAndContributionMap":{"functional-code":{"insertions":2,"deletions":2},"other":{"insertions":13,"deletions":16}}},{"hash":"6e36b0993bbc1b1f0fde7c9885f929415c0697af","isMergeCommit":false,"messageTitle":"Delete NUSmodsfetcher from fork","messageBody":"","fileTypesAndContributionMap":{"functional-code":{"insertions":0,"deletions":60}}},{"hash":"a37f78af96b3b7549c41bd5e7dc336a4d55c5fb0","isMergeCommit":false,"messageTitle":"Modify length to align with Checkstyle rules","messageBody":"","fileTypesAndContributionMap":{"functional-code":{"insertions":49,"deletions":34}}},{"hash":"e4ce26b0af9b183a6ac1267873eb207e3a38020e","isMergeCommit":false,"messageTitle":"Modify expected text","messageBody":"","fileTypesAndContributionMap":{"functional-code":{"insertions":1,"deletions":1}}},{"hash":"86dddf963887eaaf457f313a809fc5c4e52df2aa","isMergeCommit":false,"messageTitle":"Remove logo from output","messageBody":"","fileTypesAndContributionMap":{"functional-code":{"insertions":26,"deletions":24}}},{"hash":"042b42cf17f67599ae80790e0af3a7b9f7a0b962","isMergeCommit":false,"messageTitle":"Fix indentation in main","messageBody":"","fileTypesAndContributionMap":{"functional-code":{"insertions":20,"deletions":20}}}]},{"date":"2025-10-15T00:00:00","commitResults":[{"hash":"e9b53b2b8ef0d08ab9df624353d09d22afb8370c","isMergeCommit":false,"messageTitle":"Implement basic JUnit tests","messageBody":"","fileTypesAndContributionMap":{"functional-code":{"insertions":9,"deletions":9},"test-code":{"insertions":134,"deletions":0}}},{"hash":"3a741e93a27caa62e62d5288b2e93a63c320dd19","isMergeCommit":false,"messageTitle":"Delete dummy test file","messageBody":"","fileTypesAndContributionMap":{"test-code":{"insertions":0,"deletions":18}}},{"hash":"c1e993985e94295de21a209bb162301480e1bac4","isMergeCommit":true,"messageTitle":"Merge branch \u0027j-unit-branch\u0027","messageBody":"","fileTypesAndContributionMap":{}},{"hash":"02fd50270de54e5f71932a0622c97d4f4b6dc172","isMergeCommit":false,"messageTitle":"Modify files to fit checkstyle","messageBody":"","fileTypesAndContributionMap":{"functional-code":{"insertions":5,"deletions":5}}},{"hash":"ca1d6a67d78ed068afb657a6b03ef6700a31ddcd","isMergeCommit":false,"messageTitle":"Fix checkstyle and build errors","messageBody":"","fileTypesAndContributionMap":{"functional-code":{"insertions":9,"deletions":9},"other":{"insertions":0,"deletions":0}}},{"hash":"53b73aa02f3a28b943aa1803785a9932aa79848b","isMergeCommit":false,"messageTitle":"Create add and delete commands","messageBody":"","fileTypesAndContributionMap":{"functional-code":{"insertions":70,"deletions":25}}},{"hash":"ba565d06fe5aa9c7ccdc9ca808d7439857b7a974","isMergeCommit":false,"messageTitle":"Modify JUnit tests","messageBody":"","fileTypesAndContributionMap":{"test-code":{"insertions":63,"deletions":58}}},{"hash":"34b129ccc36faa6cf1506edb00796fee90bbc776","isMergeCommit":true,"messageTitle":"Merge branch \u0027upstream-master\u0027 into darshhs-master","messageBody":"","fileTypesAndContributionMap":{}},{"hash":"a895a049b70b2fc604ddb18ac44888c7d0215897","isMergeCommit":false,"messageTitle":"Modify files for merge","messageBody":"","fileTypesAndContributionMap":{"functional-code":{"insertions":16,"deletions":10}}},{"hash":"5ad8c166ab51b4f40c9dd90e3bdcdd2f762e96dd","isMergeCommit":false,"messageTitle":"Fix checkstyle errors","messageBody":"","fileTypesAndContributionMap":{"functional-code":{"insertions":3,"deletions":7},"test-code":{"insertions":2,"deletions":0}}},{"hash":"b3c5df7ab0c0baaecdf638802a078cc105be812d","isMergeCommit":false,"messageTitle":"Create draft user guide","messageBody":"","fileTypesAndContributionMap":{"docs":{"insertions":67,"deletions":20}}}]},{"date":"2025-10-26T00:00:00","commitResults":[{"hash":"70ea1f91fbedbd5829267540d05cef26ac651971","isMergeCommit":false,"messageTitle":"Update master to upstream","messageBody":"","fileTypesAndContributionMap":{"functional-code":{"insertions":2,"deletions":1},"test-code":{"insertions":5,"deletions":5}}}]},{"date":"2025-10-27T00:00:00","commitResults":[{"hash":"225f283c7a955fe410a32368412481b8b565746c","isMergeCommit":false,"messageTitle":"Add feature to store studyplan to text file","messageBody":"","fileTypesAndContributionMap":{"functional-code":{"insertions":156,"deletions":19},"test-code":{"insertions":6,"deletions":4}}},{"hash":"79b2e6633b263a937ffc14e0e3a1e8f74ae92f73","isMergeCommit":false,"messageTitle":"Extract code to separate methods","messageBody":"","fileTypesAndContributionMap":{"functional-code":{"insertions":142,"deletions":75},"other":{"insertions":1,"deletions":0},"test-code":{"insertions":49,"deletions":51}}},{"hash":"cfc358d2a10dcf69aeb57533f14fc50d8a8a1a8a","isMergeCommit":true,"messageTitle":"Merge branch \u0027storage-branch\u0027","messageBody":"","fileTypesAndContributionMap":{}},{"hash":"de6701369b5c15b6b653681e170ff119907d904a","isMergeCommit":false,"messageTitle":"Add JavaDoc comments to all non-trivial methods","messageBody":"","fileTypesAndContributionMap":{"functional-code":{"insertions":270,"deletions":37}}},{"hash":"0d839e214018c5dadc31ee1720f92fcddabeb56d","isMergeCommit":true,"messageTitle":"Merge branch \u0027java-doc-branch\u0027","messageBody":"","fileTypesAndContributionMap":{}},{"hash":"555b03f08811b922f78644eb8c90d23372f42f54","isMergeCommit":false,"messageTitle":"Fix checkstyle error","messageBody":"","fileTypesAndContributionMap":{"functional-code":{"insertions":1,"deletions":1}}},{"hash":"391edfdea356561c3123316393c817306da8b088","isMergeCommit":false,"messageTitle":"Add logging and assertions","messageBody":"","fileTypesAndContributionMap":{"functional-code":{"insertions":16,"deletions":5}}},{"hash":"5ec0f2f430b9ac8c7fcec143f3ee3737fe50d52c","isMergeCommit":false,"messageTitle":"Add JUnit test for storage class","messageBody":"","fileTypesAndContributionMap":{"test-code":{"insertions":72,"deletions":5}}},{"hash":"0ff2e0e8cc2baf473680d75c5428559cc76df551","isMergeCommit":true,"messageTitle":"Merge upstream-master into storage-test-branch","messageBody":"","fileTypesAndContributionMap":{}},{"hash":"998d3a260cddc70ebc7261ed35021341c30e576d","isMergeCommit":false,"messageTitle":"Fix checkstyle errors","messageBody":"","fileTypesAndContributionMap":{"functional-code":{"insertions":7,"deletions":4},"test-code":{"insertions":0,"deletions":0}}}]},{"date":"2025-10-28T00:00:00","commitResults":[{"hash":"25c0f71b345b8ec7552aedae5433528b5574ee87","isMergeCommit":true,"messageTitle":"Merge branch \u0027master\u0027 into storage-test-branch","messageBody":"","fileTypesAndContributionMap":{}},{"hash":"c51cb96700ee6d842aeb2237b0fde9108bfda368","isMergeCommit":true,"messageTitle":"Merge pull request #55 from darshhs/storage-test-branch","messageBody":"Store previously added modules to a text file","fileTypesAndContributionMap":{}}]}],"seantankj":[{"date":"2025-10-02T00:00:00","commitResults":[{"hash":"3f48cb18041769604ea762b3f57005ab032bda1f","isMergeCommit":false,"messageTitle":"Update AboutUs, add seantankj.md","messageBody":"","fileTypesAndContributionMap":{"docs":{"insertions":9,"deletions":7}}},{"hash":"856df4bccc0b8932146045d23b500d946c9ed40c","isMergeCommit":true,"messageTitle":"Merge branch \u0027master\u0027 of https://github.com/AY2526S1-CS2113-T10-2/tp into seanTan-AboutUs","messageBody":"# Conflicts:\n#\tdocs/AboutUs.md\n","fileTypesAndContributionMap":{}},{"hash":"b6f132166e1b7f162dac85d52d44f73cd7c05ba0","isMergeCommit":true,"messageTitle":"Merge pull request #18 from seantankj/seanTan-AboutUs","messageBody":"Update AboutUs, add seantankj.md","fileTypesAndContributionMap":{}}]},{"date":"2025-10-13T00:00:00","commitResults":[{"hash":"148d2ff67b2a93304eac803bc60ece28b402cdbe","isMergeCommit":true,"messageTitle":"Merge pull request #22 from ashpasa/data-fetcher-from-api","messageBody":"Implement data fetcher class to retrieve data from api","fileTypesAndContributionMap":{}},{"hash":"10eb6e289c34fa5e6b176372ca58703152785ef9","isMergeCommit":true,"messageTitle":"Merge branch \u0027seanTan-AboutUs\u0027","messageBody":"","fileTypesAndContributionMap":{}},{"hash":"3b211dbfe685685f89b2dd2c0686441b25f9713e","isMergeCommit":true,"messageTitle":"Merge branch \u0027master\u0027 of https://github.com/AY2526S1-CS2113-T10-2/tp","messageBody":"","fileTypesAndContributionMap":{}},{"hash":"b2381ca6bbab9653f2229659bf5dd23b10b56a51","isMergeCommit":false,"messageTitle":"Implement Ui, List, Study and Grad classes","messageBody":"","fileTypesAndContributionMap":{"functional-code":{"insertions":62,"deletions":0}}},{"hash":"556a9361fbac44e566cc8fdd48cb76f9fc24e462","isMergeCommit":false,"messageTitle":"Refactor code","messageBody":"","fileTypesAndContributionMap":{"functional-code":{"insertions":30,"deletions":30}}},{"hash":"3bd24a229dbefd80aaf81d8f96223b343bbde0e6","isMergeCommit":true,"messageTitle":"Merge pull request #24 from darshhs/master","messageBody":"Add parser for all commands","fileTypesAndContributionMap":{}},{"hash":"7e753d6ee81bb646eec05832aebad707f9e000c5","isMergeCommit":true,"messageTitle":"Merge pull request #25 from seantankj/master","messageBody":"Implement Display functions and classes","fileTypesAndContributionMap":{}},{"hash":"b423150edf710eb021817f2b85a6c9f8465f3012","isMergeCommit":true,"messageTitle":"Merge pull request #27 from Amanda-HUANG88/dm3-init","messageBody":" Implementation of DM3 to store graduation requirements and sample study plans","fileTypesAndContributionMap":{}}]},{"date":"2025-10-14T00:00:00","commitResults":[{"hash":"f56355a4d8b8b3757dafa2b12c6452c921e8446f","isMergeCommit":true,"messageTitle":"Merge pull request #30 from Yeoh-Soo-Leong/master","messageBody":"JUnit tests","fileTypesAndContributionMap":{}}]},{"date":"2025-10-15T00:00:00","commitResults":[{"hash":"6928b0b6dbe45a04ea6496b94930b02b305877cd","isMergeCommit":true,"messageTitle":"Merge pull request #31 from Amanda-HUANG88/dm3-implementation","messageBody":"Fix: Try to integrate codes and create two view commands","fileTypesAndContributionMap":{}},{"hash":"d4e110e3c41e234a94b20a53e1b7cc28e9746ac8","isMergeCommit":false,"messageTitle":"Refactor code","messageBody":"","fileTypesAndContributionMap":{"functional-code":{"insertions":2,"deletions":53},"other":{"insertions":1,"deletions":5}}},{"hash":"b81eba368d37a2fd572cf0c32bbb9a22420cbafc","isMergeCommit":true,"messageTitle":"Merge pull request #33 from seantankj/master","messageBody":"Refactor code","fileTypesAndContributionMap":{}},{"hash":"d6eb8289835977f09cca28b3ff554887f771acbb","isMergeCommit":true,"messageTitle":"Merge pull request #34 from darshhs/darshhs-master","messageBody":"Solved merge conflicts for parser commands","fileTypesAndContributionMap":{}},{"hash":"26a1558358860da77c804f180a3ff118d50b4f66","isMergeCommit":true,"messageTitle":"Merge pull request #35 from ashpasa/Integration","messageBody":"Implement command to add modules to study plan","fileTypesAndContributionMap":{}},{"hash":"2ac13a838365176ebf63cbb0a2b900169802c9e6","isMergeCommit":true,"messageTitle":"Merge pull request #37 from ashpasa/Fixing-delete","messageBody":"Fix delete command to correctly remove from ArrayList","fileTypesAndContributionMap":{}},{"hash":"de6b5a605cd21a5bcbe901959788a13dbd930142","isMergeCommit":false,"messageTitle":"Replace all instances of Duke with Classcraft and refactor code","messageBody":"","fileTypesAndContributionMap":{"other":{"insertions":60,"deletions":63},"docs":{"insertions":0,"deletions":6}}},{"hash":"cd44ed0f5d5a4d5611fe5671a40edddaeb1bd857","isMergeCommit":false,"messageTitle":"Refactor code","messageBody":"","fileTypesAndContributionMap":{"functional-code":{"insertions":3,"deletions":4}}},{"hash":"d6ff1c5257e489f32cee5047cc2ace5463fcd9db","isMergeCommit":false,"messageTitle":"Update build.gradle to comply with new application name","messageBody":"","fileTypesAndContributionMap":{"other":{"insertions":2,"deletions":2}}},{"hash":"6981486e8e15761fc1f4d2bb8a79cb509ab88819","isMergeCommit":true,"messageTitle":"Merge pull request #38 from seantankj/master","messageBody":"Refactor code","fileTypesAndContributionMap":{}},{"hash":"def535914d8154ef4050213cf59e396bfb3c7f86","isMergeCommit":false,"messageTitle":"Edit help message","messageBody":"","fileTypesAndContributionMap":{"functional-code":{"insertions":1,"deletions":1}}},{"hash":"7c65de6d466cededa88b6e2cf9b304f3495c298b","isMergeCommit":true,"messageTitle":"Merge pull request #39 from seantankj/seanTan-Ui","messageBody":"Edit help message","tags":["v1.0"],"fileTypesAndContributionMap":{}}]},{"date":"2025-10-27T00:00:00","commitResults":[{"hash":"944cd8cb94423e4d9bc3db747cbe776011251282","isMergeCommit":true,"messageTitle":"Merge branch \u0027seanTan-Ui\u0027","messageBody":"","fileTypesAndContributionMap":{}},{"hash":"0fb156d222f4516336e59a959c680156fd63caba","isMergeCommit":true,"messageTitle":"Merge pull request #53 from ashpasa/calculate-credits","messageBody":"Implement MC calculation","fileTypesAndContributionMap":{}},{"hash":"aa7358259604e9f968ab4435ad30f4292f8ae053","isMergeCommit":true,"messageTitle":"Merge branch \u0027master\u0027 of https://github.com/AY2526S1-CS2113-T10-2/tp","messageBody":"","fileTypesAndContributionMap":{}},{"hash":"3392e223b337b8ad439ce24736452a65c850e302","isMergeCommit":false,"messageTitle":"Implement prereq command and add Pre-Requisite checks for add command","messageBody":"","fileTypesAndContributionMap":{"functional-code":{"insertions":520,"deletions":28}}},{"hash":"e8a5eba64874e2de301a9cb7676ca0be8940f7cc","isMergeCommit":false,"messageTitle":"Refactor code to reduce single line length","messageBody":"","fileTypesAndContributionMap":{"functional-code":{"insertions":4,"deletions":2}}}]},{"date":"2025-10-28T00:00:00","commitResults":[{"hash":"83af38d7a67a6244b7f7ecb32b418b317946aec1","isMergeCommit":false,"messageTitle":"Refactor code to reduce arrowhead code","messageBody":"","fileTypesAndContributionMap":{"functional-code":{"insertions":74,"deletions":77}}},{"hash":"3ee814a96b5c4e86c987537582955aad9d23b486","isMergeCommit":false,"messageTitle":"Add JUnit tests, logging and assertions for PrerequisiteChecker, PrereqCommand and Ui","messageBody":"","fileTypesAndContributionMap":{"functional-code":{"insertions":97,"deletions":21},"test-code":{"insertions":1168,"deletions":0}}},{"hash":"758e502ae2834d9f6ffc6ec043ab36fa1ee66745","isMergeCommit":true,"messageTitle":"Merge branch \u0027master\u0027 of https://github.com/AY2526S1-CS2113-T10-2/tp","messageBody":"","fileTypesAndContributionMap":{}},{"hash":"8cbb28f8ed3ec08edaeebf88780d33bf491babb4","isMergeCommit":false,"messageTitle":"Edit prereq function to incorporate data storage","messageBody":"","fileTypesAndContributionMap":{"functional-code":{"insertions":8,"deletions":4},"test-code":{"insertions":17,"deletions":15}}},{"hash":"400210c57f0c235a4a0fbd0df264bfaf1695424d","isMergeCommit":false,"messageTitle":"Fix indentation","messageBody":"","fileTypesAndContributionMap":{"functional-code":{"insertions":9,"deletions":7}}}]}]},"authorFileTypeContributionMap":{"Yeoh-Soo-Leong":{"docs":7,"functional-code":245,"test-code":0,"other":1},"ashpasa":{"docs":7,"functional-code":251,"test-code":75,"other":3},"Amanda-HUANG88":{"docs":88,"functional-code":279,"test-code":0},"darshhs":{"docs":73,"functional-code":739,"test-code":184},"seantankj":{"docs":2,"functional-code":664,"test-code":1170,"other":2}},"authorContributionVariance":{"Yeoh-Soo-Leong":1429.5247,"ashpasa":1772.2273,"Amanda-HUANG88":19621.271,"darshhs":30195.895,"seantankj":61530.805},"authorDisplayNameMap":{"Yeoh-Soo-Leong":"CS2113-T10-2 YEOH..EONG","ashpasa":"CS2113-T10-2 PANG..SHER","Amanda-HUANG88":"CS2113-T10-2 HUAN..NGRU","darshhs":"CS2113-T10-2 DARS..RESH","seantankj":"CS2113-T10-2 SEAN.. JIE"}}
