{"authorDailyContributionsMap":{"Yeoh-Soo-Leong":[{"date":"2025-10-02T00:00:00","commitResults":[{"hash":"941200fdb28f55cdf751b334c8c4c1f42e79de9c","isMergeCommit":false,"messageTitle":"Add member details for Soo Leong","messageBody":"","fileTypesAndContributionMap":{"docs":{"insertions":11,"deletions":7}}},{"hash":"8cee403b4f408d06842766b1658d9a046d2ff2fd","isMergeCommit":false,"messageTitle":"Remove jon doe","messageBody":"","fileTypesAndContributionMap":{"docs":{"insertions":0,"deletions":1}}},{"hash":"6f1ce5de67e95570dc0318a9d420acdc7de76100","isMergeCommit":true,"messageTitle":"Merge branch \u0027master\u0027 of https://github.com/AY2526S1-CS2113-T10-2/tp into yeohSooLeong-AboutUs","messageBody":"# Conflicts:\n#\tdocs/AboutUs.md\n","fileTypesAndContributionMap":{}}]},{"date":"2025-10-10T00:00:00","commitResults":[{"hash":"e51bccc0ed6f5d4110abf308f91a56d5896aaf61","isMergeCommit":false,"messageTitle":"Add Module and ModuleHandler class","messageBody":"","fileTypesAndContributionMap":{"functional-code":{"insertions":106,"deletions":0}}}]},{"date":"2025-10-13T00:00:00","commitResults":[{"hash":"ae9a6f214e842598fbb8f47c366d516c90113343","isMergeCommit":false,"messageTitle":"Integrate ModuleHandler and StudyPlan with NUSmodsFetcher","messageBody":"","fileTypesAndContributionMap":{"functional-code":{"insertions":46,"deletions":1}}},{"hash":"1b0d5155e5c35de89a1b7abb148c8ee09ee28e78","isMergeCommit":true,"messageTitle":"Merge remote-tracking branch \u0027upstream/master\u0027 into modules","messageBody":"","fileTypesAndContributionMap":{}},{"hash":"079121835249d4b2bd7499ee6d6662f10294f8a5","isMergeCommit":false,"messageTitle":"Package StudyPlan and ModuleHandler","messageBody":"","fileTypesAndContributionMap":{"other":{"insertions":3,"deletions":3}}},{"hash":"5ac175e4af4aa5324c5c5f13d0651be0b89f4cb0","isMergeCommit":true,"messageTitle":"Merge pull request #23 from Yeoh-Soo-Leong/master","messageBody":"Add StudyPlan and ModuleHandler class","fileTypesAndContributionMap":{}},{"hash":"c6a131608f8fd24cc7ff325cda1d64493a57232b","isMergeCommit":false,"messageTitle":"Add NUSmodsFetcher class","messageBody":"","fileTypesAndContributionMap":{"functional-code":{"insertions":60,"deletions":0}}},{"hash":"0f27537ca1748e3141fddf80a0ac1372d877f548","isMergeCommit":true,"messageTitle":"Merge pull request #28 from Yeoh-Soo-Leong/master","messageBody":"Add NUSmodsFetcher class","fileTypesAndContributionMap":{}},{"hash":"638a8d30f0a8ba1bacaba00a2f5e6a1086cdc0a9","isMergeCommit":false,"messageTitle":"Add missing newline","messageBody":"","fileTypesAndContributionMap":{"functional-code":{"insertions":1,"deletions":1}}}]},{"date":"2025-10-14T00:00:00","commitResults":[{"hash":"76288fdb68e540f52847a454d04529c3d7d7624d","isMergeCommit":false,"messageTitle":"create template JUnit test","messageBody":"","fileTypesAndContributionMap":{"test-code":{"insertions":14,"deletions":0}}},{"hash":"39bce9ed7bb977af558dd61c6222ce0de055505c","isMergeCommit":false,"messageTitle":"create JUnit test for StudyPlan class","messageBody":"","fileTypesAndContributionMap":{"test-code":{"insertions":21,"deletions":2}}},{"hash":"15c99703e6b5056cddd09dd002f2f6c3021332c9","isMergeCommit":false,"messageTitle":"create JUnit test for StudyPlan class","messageBody":"","fileTypesAndContributionMap":{"test-code":{"insertions":2,"deletions":2}}},{"hash":"96774d8104ce3f3549efa029aafd059d0b6897c6","isMergeCommit":false,"messageTitle":"create JUnit test for StudyPlan class","messageBody":"","fileTypesAndContributionMap":{"test-code":{"insertions":1,"deletions":1}}},{"hash":"ee18e657eb420b524b4ecc571221c589523cc280","isMergeCommit":true,"messageTitle":"Merge branch \u0027junit-tests\u0027","messageBody":"","fileTypesAndContributionMap":{}},{"hash":"4a3b86ed7fd02acd6cb3a4b78d63b9ef3aad3252","isMergeCommit":false,"messageTitle":"create JUnit test for StudyPlan class","messageBody":"","fileTypesAndContributionMap":{"test-code":{"insertions":1,"deletions":1}}},{"hash":"c2d76d13813095a622a3325e4f1674a044eb1e69","isMergeCommit":true,"messageTitle":"Merge branch \u0027junit-tests\u0027","messageBody":"","fileTypesAndContributionMap":{}},{"hash":"d0f1c64f0322a6a3247aa75f71416dfb446795a9","isMergeCommit":false,"messageTitle":"create exceptions for StudyPlan","messageBody":"","fileTypesAndContributionMap":{"functional-code":{"insertions":23,"deletions":4}}},{"hash":"fa6289e2fc0c2ea3d2d70c446b841bde24d9933d","isMergeCommit":false,"messageTitle":"fix JUnit test naming convention","messageBody":"","fileTypesAndContributionMap":{"test-code":{"insertions":1,"deletions":1}}},{"hash":"277f0b6f23a851bc1029c4d4d78660a5bf5fffd7","isMergeCommit":true,"messageTitle":"Merge branch \u0027junit-tests\u0027","messageBody":"","fileTypesAndContributionMap":{}},{"hash":"96e2490786bb2f385130ac4f6444aa78dcbdcdf4","isMergeCommit":false,"messageTitle":"add exception handling for addModule method in StudyPlan","messageBody":"","fileTypesAndContributionMap":{"functional-code":{"insertions":24,"deletions":6}}},{"hash":"d876b1546ae1fe158ef337f91768b9a4f6231764","isMergeCommit":false,"messageTitle":"add exception handling for removeModule method in StudyPlan","messageBody":"","fileTypesAndContributionMap":{"functional-code":{"insertions":15,"deletions":5}}},{"hash":"65bd0ca1758ee299548edd5ad8a225fafafa4a82","isMergeCommit":true,"messageTitle":"Merge branch \u0027junit-tests\u0027","messageBody":"","fileTypesAndContributionMap":{}}]}],"ashpasa":[{"date":"2025-10-02T00:00:00","commitResults":[{"hash":"5eb828be3ef7dd264d81cb0c5e4bb8799f3fe166","isMergeCommit":false,"messageTitle":"Add member details for Asher","messageBody":"","fileTypesAndContributionMap":{"docs":{"insertions":9,"deletions":7}}},{"hash":"b0717614925e51fec004637e2859aea1154e1afc","isMergeCommit":true,"messageTitle":"Merge pull request #17 from ashpasa/asherPang-AboutUs","messageBody":"Add member details for Asher","fileTypesAndContributionMap":{}},{"hash":"c799d73defe284657e8e495cb15fbf57db37c244","isMergeCommit":true,"messageTitle":"Merge pull request #19 from Yeoh-Soo-Leong/yeohSooLeong-AboutUs","messageBody":"Add member details for Soo Leong","fileTypesAndContributionMap":{}}]},{"date":"2025-10-10T00:00:00","commitResults":[{"hash":"309d43fe2d3e62d3c67e58556d137c76a0a3e889","isMergeCommit":true,"messageTitle":"Merge branch \u0027master\u0027 of https://github.com/AY2526S1-CS2113-T10-2/tp","messageBody":"","fileTypesAndContributionMap":{}},{"hash":"1d6eb22afcf1d89bac46a7412b66bb68cda6ded6","isMergeCommit":false,"messageTitle":"Implement data fetcher from api","messageBody":"","fileTypesAndContributionMap":{"functional-code":{"insertions":60,"deletions":0},"other":{"insertions":3,"deletions":0}}},{"hash":"cbad11a10ee04882d76a466fdb44ea7c6a15bdf3","isMergeCommit":false,"messageTitle":"Implement checking of faculty and prerequisites in string form","messageBody":"","fileTypesAndContributionMap":{"functional-code":{"insertions":13,"deletions":12}}}]},{"date":"2025-10-13T00:00:00","commitResults":[{"hash":"1a076e3fe72e5db554b2edab92416adeb10b309a","isMergeCommit":true,"messageTitle":"Merge pull request #29 from Yeoh-Soo-Leong/master","messageBody":"Fix github actions issues","fileTypesAndContributionMap":{}}]}],"Amanda-HUANG88":[{"date":"2025-10-02T00:00:00","commitResults":[{"hash":"e7997909a637794d062b1bef98f22ac52da2a020","isMergeCommit":false,"messageTitle":"Add info","messageBody":"","fileTypesAndContributionMap":{"docs":{"insertions":3,"deletions":7}}},{"hash":"58bc639092c4b870c8e1e0adb4dec31840f83281","isMergeCommit":true,"messageTitle":"Merge branch \u0027master\u0027 into add-HUANGLingru-info","messageBody":"","fileTypesAndContributionMap":{}},{"hash":"95a266db0ec46f14f4979a901418fbe0a0a05df1","isMergeCommit":true,"messageTitle":"Merge branch \u0027master\u0027 into add-HUANGLingru-info","messageBody":"","fileTypesAndContributionMap":{}},{"hash":"379b7fed5a073fe4eb558994b172de8586fed0cb","isMergeCommit":true,"messageTitle":"Merge pull request #21 from Amanda-HUANG88/add-HUANGLingru-info","messageBody":"Add info","fileTypesAndContributionMap":{}}]},{"date":"2025-10-13T00:00:00","commitResults":[{"hash":"bbc77ec600363d313f90dd49a14c88124e7c0e39","isMergeCommit":false,"messageTitle":"Simple implementation of DM3","messageBody":"","fileTypesAndContributionMap":{"functional-code":{"insertions":244,"deletions":21},"docs":{"insertions":6,"deletions":0},"test-code":{"insertions":117,"deletions":12}}},{"hash":"d5d9e1db7a9555fa4944bcbb0cf0f2cf34aa52ee","isMergeCommit":true,"messageTitle":"Merge branch \u0027master\u0027 into dm3-init after resolving Duke.java conflict","messageBody":"","fileTypesAndContributionMap":{}},{"hash":"1a2169940df427b648b527c88d68e8c6969b28e1","isMergeCommit":false,"messageTitle":"Try to resolve checkstyle errors","messageBody":"","fileTypesAndContributionMap":{"functional-code":{"insertions":16,"deletions":8}}},{"hash":"0dc0bed4e63b50beb08ad4291a6846ad51c1876a","isMergeCommit":false,"messageTitle":"Impelement DM3","messageBody":"","fileTypesAndContributionMap":{"functional-code":{"insertions":6,"deletions":7},"test-code":{"insertions":11,"deletions":6}}},{"hash":"eede6a5934f956311fb42bf98d41fc590034c1e2","isMergeCommit":false,"messageTitle":"another modificiation about checkstyle","messageBody":"","fileTypesAndContributionMap":{"functional-code":{"insertions":2,"deletions":1},"test-code":{"insertions":5,"deletions":1}}}]},{"date":"2025-10-15T00:00:00","commitResults":[{"hash":"ce28ccd07f1e33de8f7f67fbbb90e44305e8d814","isMergeCommit":false,"messageTitle":"Fix: Try to integrate codes and create two view commands","messageBody":"","fileTypesAndContributionMap":{"functional-code":{"insertions":333,"deletions":279},"test-code":{"insertions":0,"deletions":126}}},{"hash":"82f4d1c8e89e0a34b80b55025efc299d1bb96a0a","isMergeCommit":true,"messageTitle":"Merge branch \u0027master\u0027 into dm3-implementation","messageBody":"","fileTypesAndContributionMap":{}},{"hash":"14c120032c7d4868f1b91265a81d3a02b5ad8e65","isMergeCommit":false,"messageTitle":"adding newlines and corrent indentation","messageBody":"","fileTypesAndContributionMap":{"functional-code":{"insertions":7,"deletions":5}}},{"hash":"291ddc46df04a87b765906527312f9c176ab0147","isMergeCommit":true,"messageTitle":"Merge branch \u0027dm3-implementation\u0027 of https://github.com/Amanda-HUANG88/tp into dm3-implementation","messageBody":"","fileTypesAndContributionMap":{}},{"hash":"e2ed3030be3602c22eb751eff7e19bde3de0e160","isMergeCommit":false,"messageTitle":"correct the test file","messageBody":"","fileTypesAndContributionMap":{"test-code":{"insertions":10,"deletions":12}}},{"hash":"3f56ceb0c683d262eaee59b2772c52a836e4da46","isMergeCommit":false,"messageTitle":"add a newline","messageBody":"","fileTypesAndContributionMap":{"test-code":{"insertions":2,"deletions":1}}}]}],"darshhs":[{"date":"2025-10-02T00:00:00","commitResults":[{"hash":"765c319f78c18795e8043c6652d4a5bbe7cbd0b8","isMergeCommit":false,"messageTitle":"Modify AboutUs.md","messageBody":"","fileTypesAndContributionMap":{"docs":{"insertions":10,"deletions":7}}},{"hash":"cb452ae947b7f60e0f5844d071de5168d00f4db1","isMergeCommit":false,"messageTitle":"Modify darshhs.md","messageBody":"","fileTypesAndContributionMap":{"docs":{"insertions":1,"deletions":1}}},{"hash":"b48ac197138a09d7c65dd10c98fb5e4ec283a253","isMergeCommit":true,"messageTitle":"Merge branch \u0027master\u0027 into Darshana-AboutUs","messageBody":"","fileTypesAndContributionMap":{}},{"hash":"431a4ad0a709ed120d8e2e20ab234f410e196c19","isMergeCommit":true,"messageTitle":"Merge pull request #20 from darshhs/Darshana-AboutUs","messageBody":"Darshana about us","fileTypesAndContributionMap":{}}]},{"date":"2025-10-08T00:00:00","commitResults":[{"hash":"a3d6527e7cb6a86c980a3640e042eb30398a68d6","isMergeCommit":false,"messageTitle":"Create draft parser","messageBody":"","fileTypesAndContributionMap":{"functional-code":{"insertions":130,"deletions":21}}},{"hash":"1241888cc8479836c2be8f7ee63e16e45e35e954","isMergeCommit":true,"messageTitle":"Merge branch \u0027Darshana-AboutUs\u0027","messageBody":"","fileTypesAndContributionMap":{}},{"hash":"6c87bcf168a49817a1b445715ab942de6dc965d7","isMergeCommit":false,"messageTitle":"Complete parser methods","messageBody":"","fileTypesAndContributionMap":{"functional-code":{"insertions":136,"deletions":25}}}]},{"date":"2025-10-13T00:00:00","commitResults":[{"hash":"ea41f51d5151547648a4118ffd028da710b27cac","isMergeCommit":false,"messageTitle":"Modify information in help command","messageBody":"","fileTypesAndContributionMap":{"functional-code":{"insertions":6,"deletions":6},"other":{"insertions":1,"deletions":1}}},{"hash":"ae8c90925535b734476c249d1379a9100fbf8800","isMergeCommit":false,"messageTitle":"Delete method for confirm command","messageBody":"","fileTypesAndContributionMap":{"functional-code":{"insertions":0,"deletions":1}}},{"hash":"be08557e34750feca6ab0098303dd4dfb4496adc","isMergeCommit":true,"messageTitle":"Merge branch \u0027master\u0027 into master","messageBody":"","fileTypesAndContributionMap":{}},{"hash":"cf4c88bd7373d8a45ba2300dadd27fd0d484a002","isMergeCommit":false,"messageTitle":"Fix checkstyle rule violation","messageBody":"","fileTypesAndContributionMap":{"functional-code":{"insertions":2,"deletions":2},"other":{"insertions":13,"deletions":16}}},{"hash":"6e36b0993bbc1b1f0fde7c9885f929415c0697af","isMergeCommit":false,"messageTitle":"Delete NUSmodsfetcher from fork","messageBody":"","fileTypesAndContributionMap":{"functional-code":{"insertions":0,"deletions":60}}},{"hash":"a37f78af96b3b7549c41bd5e7dc336a4d55c5fb0","isMergeCommit":false,"messageTitle":"Modify length to align with Checkstyle rules","messageBody":"","fileTypesAndContributionMap":{"functional-code":{"insertions":49,"deletions":34}}},{"hash":"e4ce26b0af9b183a6ac1267873eb207e3a38020e","isMergeCommit":false,"messageTitle":"Modify expected text","messageBody":"","fileTypesAndContributionMap":{"functional-code":{"insertions":1,"deletions":1}}},{"hash":"86dddf963887eaaf457f313a809fc5c4e52df2aa","isMergeCommit":false,"messageTitle":"Remove logo from output","messageBody":"","fileTypesAndContributionMap":{"functional-code":{"insertions":26,"deletions":24}}},{"hash":"042b42cf17f67599ae80790e0af3a7b9f7a0b962","isMergeCommit":false,"messageTitle":"Fix indentation in main","messageBody":"","fileTypesAndContributionMap":{"functional-code":{"insertions":20,"deletions":20}}}]}],"seantankj":[{"date":"2025-10-02T00:00:00","commitResults":[{"hash":"3f48cb18041769604ea762b3f57005ab032bda1f","isMergeCommit":false,"messageTitle":"Update AboutUs, add seantankj.md","messageBody":"","fileTypesAndContributionMap":{"docs":{"insertions":9,"deletions":7}}},{"hash":"856df4bccc0b8932146045d23b500d946c9ed40c","isMergeCommit":true,"messageTitle":"Merge branch \u0027master\u0027 of https://github.com/AY2526S1-CS2113-T10-2/tp into seanTan-AboutUs","messageBody":"# Conflicts:\n#\tdocs/AboutUs.md\n","fileTypesAndContributionMap":{}},{"hash":"b6f132166e1b7f162dac85d52d44f73cd7c05ba0","isMergeCommit":true,"messageTitle":"Merge pull request #18 from seantankj/seanTan-AboutUs","messageBody":"Update AboutUs, add seantankj.md","fileTypesAndContributionMap":{}}]},{"date":"2025-10-13T00:00:00","commitResults":[{"hash":"148d2ff67b2a93304eac803bc60ece28b402cdbe","isMergeCommit":true,"messageTitle":"Merge pull request #22 from ashpasa/data-fetcher-from-api","messageBody":"Implement data fetcher class to retrieve data from api","fileTypesAndContributionMap":{}},{"hash":"10eb6e289c34fa5e6b176372ca58703152785ef9","isMergeCommit":true,"messageTitle":"Merge branch \u0027seanTan-AboutUs\u0027","messageBody":"","fileTypesAndContributionMap":{}},{"hash":"3b211dbfe685685f89b2dd2c0686441b25f9713e","isMergeCommit":true,"messageTitle":"Merge branch \u0027master\u0027 of https://github.com/AY2526S1-CS2113-T10-2/tp","messageBody":"","fileTypesAndContributionMap":{}},{"hash":"b2381ca6bbab9653f2229659bf5dd23b10b56a51","isMergeCommit":false,"messageTitle":"Implement Ui, List, Study and Grad classes","messageBody":"","fileTypesAndContributionMap":{"functional-code":{"insertions":62,"deletions":0}}},{"hash":"556a9361fbac44e566cc8fdd48cb76f9fc24e462","isMergeCommit":false,"messageTitle":"Refactor code","messageBody":"","fileTypesAndContributionMap":{"functional-code":{"insertions":30,"deletions":30}}},{"hash":"3bd24a229dbefd80aaf81d8f96223b343bbde0e6","isMergeCommit":true,"messageTitle":"Merge pull request #24 from darshhs/master","messageBody":"Add parser for all commands","fileTypesAndContributionMap":{}},{"hash":"7e753d6ee81bb646eec05832aebad707f9e000c5","isMergeCommit":true,"messageTitle":"Merge pull request #25 from seantankj/master","messageBody":"Implement Display functions and classes","fileTypesAndContributionMap":{}},{"hash":"b423150edf710eb021817f2b85a6c9f8465f3012","isMergeCommit":true,"messageTitle":"Merge pull request #27 from Amanda-HUANG88/dm3-init","messageBody":" Implementation of DM3 to store graduation requirements and sample study plans","fileTypesAndContributionMap":{}}]},{"date":"2025-10-14T00:00:00","commitResults":[{"hash":"f56355a4d8b8b3757dafa2b12c6452c921e8446f","isMergeCommit":true,"messageTitle":"Merge pull request #30 from Yeoh-Soo-Leong/master","messageBody":"JUnit tests","fileTypesAndContributionMap":{}}]},{"date":"2025-10-15T00:00:00","commitResults":[{"hash":"6928b0b6dbe45a04ea6496b94930b02b305877cd","isMergeCommit":true,"messageTitle":"Merge pull request #31 from Amanda-HUANG88/dm3-implementation","messageBody":"Fix: Try to integrate codes and create two view commands","fileTypesAndContributionMap":{}},{"hash":"d4e110e3c41e234a94b20a53e1b7cc28e9746ac8","isMergeCommit":false,"messageTitle":"Refactor code","messageBody":"","fileTypesAndContributionMap":{"functional-code":{"insertions":2,"deletions":53},"other":{"insertions":1,"deletions":5}}},{"hash":"b81eba368d37a2fd572cf0c32bbb9a22420cbafc","isMergeCommit":true,"messageTitle":"Merge pull request #33 from seantankj/master","messageBody":"Refactor code","fileTypesAndContributionMap":{}}]}]},"authorFileTypeContributionMap":{"Yeoh-Soo-Leong":{"docs":7,"functional-code":219,"test-code":26},"ashpasa":{"docs":7,"functional-code":0,"test-code":0,"other":3},"Amanda-HUANG88":{"docs":8,"functional-code":323,"test-code":6},"darshhs":{"docs":7,"functional-code":238,"test-code":0},"seantankj":{"docs":7,"functional-code":11,"test-code":0}},"authorContributionVariance":{"Yeoh-Soo-Leong":1307.0643,"ashpasa":281.45956,"Amanda-HUANG88":28052.172,"darshhs":6067.8213,"seantankj":644.2332},"authorDisplayNameMap":{"Yeoh-Soo-Leong":"CS2113-T10-2 YEOH..EONG","ashpasa":"CS2113-T10-2 PANG..SHER","Amanda-HUANG88":"CS2113-T10-2 HUAN..NGRU","darshhs":"CS2113-T10-2 DARS..RESH","seantankj":"CS2113-T10-2 SEAN.. JIE"}}
