[{"path":"docs/AboutUs.md","fileType":"docs","lines":[{"lineNumber":1,"author":{"gitId":"-"},"content":"# About us","lastModifiedDate":"2020-05-24T00:51:04","isFullCredit":false},{"lineNumber":2,"author":{"gitId":"-"},"content":"","lastModifiedDate":"2020-05-24T00:51:04","isFullCredit":false},{"lineNumber":3,"author":{"gitId":"Yxiang-828"},"content":"| Display              |   Name    |              Github Profile              | Portfolio  |","lastModifiedDate":"2025-10-01T17:13:55","isFullCredit":false},{"lineNumber":4,"author":{"gitId":"Zhenzha0"},"content":"| -------------------- | :-------: |:----------------------------------------:| :--------: |","lastModifiedDate":"2025-10-01T20:45:06","isFullCredit":false},{"lineNumber":5,"author":{"gitId":"Zhenzha0"},"content":" ![](images/jojo.png) | Yao Xiang | [Github](https://github.com/yxiang-828) | [Portfolio](team/yaoxiang.md)","lastModifiedDate":"2025-10-01T20:01:34","isFullCredit":false},{"lineNumber":6,"author":{"gitId":"Zhenzha0"},"content":"![](https://via.placeholder.com/100.png?text\u003dPhoto) | Yang Zhenzhao | [Github](https://github.com/zhenzha0) | [Portfolio](team/zhenzhao.md)","lastModifiedDate":"2025-10-01T20:01:34","isFullCredit":false},{"lineNumber":7,"author":{"gitId":"Zhenzha0"},"content":"![](https://via.placeholder.com/100.png?text\u003dPhoto) | Chew Zing Jen | [Github](https://github.com/zeeeing) | [Portfolio](team/zingjen.md)","lastModifiedDate":"2025-10-01T20:04:24","isFullCredit":false},{"lineNumber":8,"author":{"gitId":"sean6369"},"content":"![](https://via.placeholder.com/100.png?text\u003dPhoto) | Sean Lee | [Github](https://github.com/sean6369) | [Portfolio](team/seanlee.md)","lastModifiedDate":"2025-10-01T13:34:20","isFullCredit":false},{"lineNumber":9,"author":{"gitId":"Zhenzha0"},"content":"![](https://via.placeholder.com/100.png?text\u003dPhoto) | Xylon Chan | [Github](https://github.com/xylonc) | [Portfolio](team/xylonchan.md)","lastModifiedDate":"2025-10-01T20:09:37","isFullCredit":false}],"authorContributionMap":{"sean6369":1,"Yxiang-828":1,"Zhenzha0":5,"-":2}},{"path":"docs/team/seanlee.md","fileType":"docs","lines":[{"lineNumber":1,"author":{"gitId":"sean6369"},"content":"# Sean Lee - Project Portfolio Page","lastModifiedDate":"2025-10-01T13:19:21","isFullCredit":false},{"lineNumber":2,"author":{"gitId":"-"},"content":"","lastModifiedDate":"2020-05-24T00:51:04","isFullCredit":false},{"lineNumber":3,"author":{"gitId":"-"},"content":"## Overview","lastModifiedDate":"2020-05-24T00:51:04","isFullCredit":false},{"lineNumber":4,"author":{"gitId":"-"},"content":"","lastModifiedDate":"2020-05-24T00:51:04","isFullCredit":false},{"lineNumber":5,"author":{"gitId":"-"},"content":"","lastModifiedDate":"2020-05-24T00:51:04","isFullCredit":false},{"lineNumber":6,"author":{"gitId":"-"},"content":"### Summary of Contributions","lastModifiedDate":"2020-05-24T00:51:04","isFullCredit":false}],"authorContributionMap":{"sean6369":1,"-":5}},{"path":"docs/team/xylonchan.md","fileType":"docs","lines":[{"lineNumber":1,"author":{"gitId":"xylonc"},"content":"# Xylon Chan - Project Portfolio Page","lastModifiedDate":"2025-10-01T13:20:49","isFullCredit":false},{"lineNumber":2,"author":{"gitId":"-"},"content":"","lastModifiedDate":"2020-05-24T00:51:04","isFullCredit":false},{"lineNumber":3,"author":{"gitId":"-"},"content":"## Overview","lastModifiedDate":"2020-05-24T00:51:04","isFullCredit":false},{"lineNumber":4,"author":{"gitId":"-"},"content":"","lastModifiedDate":"2020-05-24T00:51:04","isFullCredit":false},{"lineNumber":5,"author":{"gitId":"-"},"content":"","lastModifiedDate":"2020-05-24T00:51:04","isFullCredit":false},{"lineNumber":6,"author":{"gitId":"-"},"content":"### Summary of Contributions","lastModifiedDate":"2020-05-24T00:51:04","isFullCredit":false}],"authorContributionMap":{"xylonc":1,"-":5}},{"path":"docs/team/yaoxiang.md","fileType":"docs","lines":[{"lineNumber":1,"author":{"gitId":"Zhenzha0"},"content":"# Yao Xiang - Project Portfolio Page","lastModifiedDate":"2025-10-01T20:01:34","isFullCredit":false},{"lineNumber":2,"author":{"gitId":"-"},"content":"","lastModifiedDate":"2020-05-24T00:51:04","isFullCredit":false},{"lineNumber":3,"author":{"gitId":"-"},"content":"## Overview","lastModifiedDate":"2020-05-24T00:51:04","isFullCredit":false},{"lineNumber":4,"author":{"gitId":"-"},"content":"","lastModifiedDate":"2020-05-24T00:51:04","isFullCredit":false},{"lineNumber":5,"author":{"gitId":"-"},"content":"","lastModifiedDate":"2020-05-24T00:51:04","isFullCredit":false},{"lineNumber":6,"author":{"gitId":"-"},"content":"### Summary of Contributions","lastModifiedDate":"2020-05-24T00:51:04","isFullCredit":false}],"authorContributionMap":{"Zhenzha0":1,"-":5}},{"path":"docs/team/zhenzhao.md","fileType":"docs","lines":[{"lineNumber":1,"author":{"gitId":"Zhenzha0"},"content":"# Yang Zhenzhao - Project Portfolio Page","lastModifiedDate":"2025-10-01T13:21:10","isFullCredit":false},{"lineNumber":2,"author":{"gitId":"-"},"content":"","lastModifiedDate":"2020-05-24T00:51:04","isFullCredit":false},{"lineNumber":3,"author":{"gitId":"-"},"content":"## Overview","lastModifiedDate":"2020-05-24T00:51:04","isFullCredit":false},{"lineNumber":4,"author":{"gitId":"-"},"content":"","lastModifiedDate":"2020-05-24T00:51:04","isFullCredit":false},{"lineNumber":5,"author":{"gitId":"-"},"content":"","lastModifiedDate":"2020-05-24T00:51:04","isFullCredit":false},{"lineNumber":6,"author":{"gitId":"-"},"content":"### Summary of Contributions","lastModifiedDate":"2020-05-24T00:51:04","isFullCredit":false}],"authorContributionMap":{"Zhenzha0":1,"-":5}},{"path":"docs/team/zingjen.md","fileType":"docs","lines":[{"lineNumber":1,"author":{"gitId":"zeeeing"},"content":"# Zing Jen - Project Portfolio Page","lastModifiedDate":"2025-10-01T13:17:48","isFullCredit":false},{"lineNumber":2,"author":{"gitId":"-"},"content":"","lastModifiedDate":"2020-05-24T00:51:04","isFullCredit":false},{"lineNumber":3,"author":{"gitId":"-"},"content":"## Overview","lastModifiedDate":"2020-05-24T00:51:04","isFullCredit":false},{"lineNumber":4,"author":{"gitId":"-"},"content":"","lastModifiedDate":"2020-05-24T00:51:04","isFullCredit":false},{"lineNumber":5,"author":{"gitId":"-"},"content":"","lastModifiedDate":"2020-05-24T00:51:04","isFullCredit":false},{"lineNumber":6,"author":{"gitId":"-"},"content":"### Summary of Contributions","lastModifiedDate":"2020-05-24T00:51:04","isFullCredit":false}],"authorContributionMap":{"zeeeing":1,"-":5}}]
