{"authorDailyContributionsMap":{"sean6369":[{"date":"2025-10-01T00:00:00","commitResults":[{"hash":"1a460c37b118cd76a6f711a345b902ad681ac4a4","isMergeCommit":false,"messageTitle":"Update AboutUs SeanLee","messageBody":"","fileTypesAndContributionMap":{"docs":{"insertions":4,"deletions":8}}},{"hash":"882137f69c6bacde205acf4e5f716ca68eec263d","isMergeCommit":false,"messageTitle":"Update portfolio link","messageBody":"","fileTypesAndContributionMap":{"docs":{"insertions":1,"deletions":1}}},{"hash":"9abb808d4b983fbff49ae2c272db10f1e7fafd28","isMergeCommit":true,"messageTitle":"Merge branch \u0027seanLee-AboutUs\u0027","messageBody":"# Conflicts:\n#\tdocs/AboutUs.md\n#\tdocs/team/johndoe.md\n#\tdocs/team/seanlee.md\n#\tdocs/team/zingjen.md\n","fileTypesAndContributionMap":{}},{"hash":"810005a75341cd5f47c747b7d9aa25e225c6bafa","isMergeCommit":true,"messageTitle":"Merge pull request #2 from sean6369/seanLee-AboutUs","messageBody":"Update AboutUs SeanLee","fileTypesAndContributionMap":{}}]},{"date":"2025-10-12T00:00:00","commitResults":[{"hash":"a523ea380ae256c0a9699edf463b9ee020e8134b","isMergeCommit":false,"messageTitle":"Implement exporting of tasks to .txt file","messageBody":"","fileTypesAndContributionMap":{"functional-code":{"insertions":380,"deletions":4},"docs":{"insertions":20,"deletions":1}}},{"hash":"18adc22b3bf21bb226ed6f4369eb906d5e3bfcfa","isMergeCommit":false,"messageTitle":"Clean up and refactor code","messageBody":"Remove unused methods and refactor export command handler into separate class\n","fileTypesAndContributionMap":{"functional-code":{"insertions":271,"deletions":277}}},{"hash":"c942941159a4ea13e7ada5ec7d792f09257276f4","isMergeCommit":false,"messageTitle":"Add more error handling","messageBody":"","fileTypesAndContributionMap":{"functional-code":{"insertions":64,"deletions":2}}},{"hash":"69430f45bc42cb9fdd83149acf85a8a0b36405f2","isMergeCommit":false,"messageTitle":"Refactor code with TaskWithProject Class","messageBody":"Create TaskWithProject Class to replace ExportableTask, FilteredTask and SortedTask\n","fileTypesAndContributionMap":{"functional-code":{"insertions":86,"deletions":184},"test-code":{"insertions":23,"deletions":21}}},{"hash":"93fcb4ab07181ed023743ec9a4e47bb0eee1cc36","isMergeCommit":false,"messageTitle":"Further refactor code to extract validation logic","messageBody":"Create ValidationConstants and CommandValidator for validation logic\nCreate TaskCollector to collect all tasks from a project\n","fileTypesAndContributionMap":{"functional-code":{"insertions":320,"deletions":162}}},{"hash":"fb243379b49f916b2a33b63eb3adf6ac445e7385","isMergeCommit":false,"messageTitle":"Add TaskCollector.getTasksFromProject() to eliminate duplicate task collection logic","messageBody":"","fileTypesAndContributionMap":{"functional-code":{"insertions":151,"deletions":37}}},{"hash":"79adafe93e31e734ecb6f308cd9f32f58d4816c1","isMergeCommit":false,"messageTitle":"Edit TaskFilterTest to pass the CI checks","messageBody":"","fileTypesAndContributionMap":{"test-code":{"insertions":1,"deletions":1}}},{"hash":"55901abba086321f3998b45fa9d2b6b514b7eea5","isMergeCommit":false,"messageTitle":"Edit code to comply to checkstyle checks","messageBody":"","fileTypesAndContributionMap":{"functional-code":{"insertions":4,"deletions":3}}}]},{"date":"2025-10-17T00:00:00","commitResults":[{"hash":"160a14ea0185eb027784e3f4260bcfde2ee54afb","isMergeCommit":true,"messageTitle":"Merge pull request #36 from Zhenzha0/LogginAndAssertion","messageBody":"add assertion and loggin for MarkCommand","fileTypesAndContributionMap":{}}]},{"date":"2025-10-26T00:00:00","commitResults":[{"hash":"5dc4378f2540107c8e97d587d29b16448d8911c9","isMergeCommit":true,"messageTitle":"Merge pull request #58 from zeeeing/add/logging","messageBody":"Add logging to `update` command","fileTypesAndContributionMap":{}},{"hash":"038c58adc7890b03ff796b63c91400338008ad85","isMergeCommit":false,"messageTitle":"Add error handling and input validation","messageBody":"- Add bounds checking to TaskList and ProjectList collections\n- Standardise error handling across all command classes\n- Improve integer parsing with proper exception handling\n- Centralize project validation in ArgumentParser\n","fileTypesAndContributionMap":{"functional-code":{"insertions":50,"deletions":73},"test-code":{"insertions":12,"deletions":11}}},{"hash":"d7f503fb317981fbf2e839c393314e2cf403730d","isMergeCommit":false,"messageTitle":"Remove duplicate validation logic and standardise error handling","messageBody":"- Remove duplicate project validation in AddCommand, use ArgumentParser.validateProjectIndex()\n- Refactor ListCommand to use ArgumentParser instead of manual parsing\n- Standardise date validation in InteractivePromptHandler using CommandValidator\n- Clean up unused imports\n","fileTypesAndContributionMap":{"functional-code":{"insertions":65,"deletions":59}}},{"hash":"e62036bedefb1af576c4504c210a08013beeae61","isMergeCommit":false,"messageTitle":"Standardise index error handling with custom exception","messageBody":"Changed IndexOutOfBoundsException to IndexOutOfRangeException across all data access methods to ensure consistent error handling and better error messages.\n- Update ProjectList and TaskList to throw IndexOutOfRangeException\n- Update Project class methods (deleteTask, updateTask) to propagate exception\n- Add exception handling in ConsoleUi for display methods\n- Refactor loops to use iterators where appropriate (ProjectStatusAnalyzer, ConsoleUi, InteractivePromptHandler)\n- Update ArgumentParser to handle new exception type\n","fileTypesAndContributionMap":{"functional-code":{"insertions":54,"deletions":35}}},{"hash":"05d53f7f25592f943e0e40b3fafec2753935f587","isMergeCommit":false,"messageTitle":"Add file export error handling","messageBody":"- Add specific error messages for permission denied, directory not found, disk space, file locked\n- Move filename validation to ExportCommandHandler for better error ordering\n- Validate invalid characters and reserved Windows names before .txt extension check\n","fileTypesAndContributionMap":{"functional-code":{"insertions":116,"deletions":4},"test-code":{"insertions":10,"deletions":9}}},{"hash":"d2a33f9401b70be6b87bd4a43899bcd617cd80f1","isMergeCommit":false,"messageTitle":"Implement unused exceptions and add specific exception types for better error handling","messageBody":"Create 4 new specific exception types to split up InvalidArgumentException:\n- InvalidCommandSyntaxException - command syntax/format errors\n- InvalidParameterException - invalid parameter values\n- InvalidIndexFormatException - non-numeric index inputs\n- InvalidFilenameException - invalid export filenames\n\nRemove InvalidParameterException, standardise all to use InvalidArgumentException instead\n","fileTypesAndContributionMap":{"functional-code":{"insertions":139,"deletions":61},"test-code":{"insertions":4,"deletions":3}}}]},{"date":"2025-10-27T00:00:00","commitResults":[{"hash":"bf9ca8fa18561fb33ecc888f1e4e54fc979651c6","isMergeCommit":false,"messageTitle":"Update InvalidIndexFormatException error output","messageBody":"","fileTypesAndContributionMap":{"functional-code":{"insertions":1,"deletions":1}}},{"hash":"1403ce2988bfb2a84af635db39204b25b9c225a3","isMergeCommit":false,"messageTitle":"Improve error handling in CommandHandler, ConsoleUi, and Project classes","messageBody":"- Add exception differentiation in CommandHandler (FlowCLIException vs unexpected)\n- Replace exception catching with bounds validation in ConsoleUi\n- Add constructor validation in Project to prevent Null Pointer Exception\n- Improve error messages and add logging for debugging\n","fileTypesAndContributionMap":{"functional-code":{"insertions":31,"deletions":16}}},{"hash":"352a49e559bdd1051ae9d049c4f224ef724c2199","isMergeCommit":false,"messageTitle":"Remove redundant exception handling and standardise error output","messageBody":"- Remove redundant NumberFormatException catch in DeleteProjectCommand\n- Replace broad Exception catches with InvalidDateException in InteractivePromptHandler\n- Remove redundant try-catch-rethrow in UpdateCommand\n- Standardise error output via UI layer in CommandHandler\n  * Add showError() and showUnexpectedError() to ConsoleUi\n  * Replace printStackTrace() with Logger.log()\n","fileTypesAndContributionMap":{"functional-code":{"insertions":53,"deletions":36}}},{"hash":"4a79c17a81cf6535657eb924612ed1960ddb8316","isMergeCommit":false,"messageTitle":"Update showError output message","messageBody":"","fileTypesAndContributionMap":{"functional-code":{"insertions":1,"deletions":1}}},{"hash":"a9cf3d239e0127d9e4cc104c5498340a8e428684","isMergeCommit":false,"messageTitle":"Remove printLine in showError","messageBody":"","fileTypesAndContributionMap":{"functional-code":{"insertions":0,"deletions":1}}}]},{"date":"2025-10-28T00:00:00","commitResults":[{"hash":"3d34ae2ea3e98c4db1a1f318b5e32e6c87687afe","isMergeCommit":false,"messageTitle":"Updated to fix PR comments","messageBody":"","fileTypesAndContributionMap":{"functional-code":{"insertions":17,"deletions":31}}},{"hash":"8ed4c7d653d00ee07a5b7caa1289d81647a0b911","isMergeCommit":false,"messageTitle":"Exclude unused package from compilation in build.gradle","messageBody":"","fileTypesAndContributionMap":{"other":{"insertions":8,"deletions":0}}},{"hash":"6dd837a2a375dc88c25c2d0bbf38d6ed9b6dafec","isMergeCommit":false,"messageTitle":"Revert back AddCommandTest to previous version","messageBody":"Exclude unused test package from compilation in build.gradle\n","fileTypesAndContributionMap":{"other":{"insertions":5,"deletions":0},"test-code":{"insertions":3,"deletions":4}}},{"hash":"beaac4ca7bcef14fc784c5a2b8d7b9061d13d7d8","isMergeCommit":true,"messageTitle":"Merge origin/master into error-handling","messageBody":"- Resolved conflicts in InteractivePromptHandler.java\n- Combined best practices from both branches:\n  - Used enhanced for-loops and .isEmpty() from master\n  - Kept task status indicators [x]/[ ] from error-handling\n  - Maintained exception-based validation from error-handling\n  - Preserved improved error messages from master\n- All functionality from both branches preserved\n","fileTypesAndContributionMap":{}},{"hash":"6e138b12bbdef4b6e427ba1ab8ea281e6dedb0f0","isMergeCommit":false,"messageTitle":"Fix IndexOutOfRangeException handling in InteractivePromptHandler","messageBody":"- Added import for IndexOutOfRangeException\n- Wrapped task.get() call in try-catch block\n- Maintains consistent error handling with other parts of the codebase\n","fileTypesAndContributionMap":{"functional-code":{"insertions":9,"deletions":3}}},{"hash":"e9125edc1805413240e0b8824d3317afe6386d48","isMergeCommit":false,"messageTitle":"Add missing new line at the end of legacy files","messageBody":"","fileTypesAndContributionMap":{"functional-code":{"insertions":1,"deletions":1},"test-code":{"insertions":1,"deletions":1}}},{"hash":"8c1f6d2b1168bbf4cc14cb0df7b84d1f330b12fc","isMergeCommit":false,"messageTitle":"Add export section in the DG","messageBody":"","fileTypesAndContributionMap":{"docs":{"insertions":33,"deletions":2}}}]},{"date":"2025-10-29T00:00:00","commitResults":[{"hash":"672f843f5389150e81a4a698233fd51b3cb64e61","isMergeCommit":false,"messageTitle":"Add acknowledgements section","messageBody":"","fileTypesAndContributionMap":{"docs":{"insertions":7,"deletions":1}}}]}],"zeeeing":[{"date":"2025-10-01T00:00:00","commitResults":[{"hash":"e02d9c1e33d280e8e6bd65b1d282888d8e988c7d","isMergeCommit":false,"messageTitle":"Update AboutUs ZingJen","messageBody":"","fileTypesAndContributionMap":{"docs":{"insertions":2,"deletions":6}}},{"hash":"0f9e910018472745a043e3000dd3208554779b41","isMergeCommit":true,"messageTitle":"Merge pull request #1 from zeeeing/ZingJen-AboutUs","messageBody":"Update AboutUs ZingJen","fileTypesAndContributionMap":{}},{"hash":"d3d674661f2600e1eb9d186f14af9c2dcb969f8c","isMergeCommit":true,"messageTitle":"Merge pull request #1 from zeeeing/master","messageBody":"Update AboutUs.md [Zing Jen]","fileTypesAndContributionMap":{}},{"hash":"4b26038b984d866dd5ff184aefb94d164ec3c07c","isMergeCommit":true,"messageTitle":"Merge pull request #3 from xylonc/master","messageBody":"Update AboutUs.md [Xylon Chan]","fileTypesAndContributionMap":{}},{"hash":"1626d24fb04f5d71e7a96e46441e617548cfb22f","isMergeCommit":false,"messageTitle":"Update README.md","messageBody":"","fileTypesAndContributionMap":{"docs":{"insertions":1,"deletions":1}}}]},{"date":"2025-10-14T00:00:00","commitResults":[{"hash":"0c9d8af13249c6c9c6f5ceecd04889192c2e49fb","isMergeCommit":false,"messageTitle":"Format AboutUs.md","messageBody":"","fileTypesAndContributionMap":{"docs":{"insertions":7,"deletions":7}}},{"hash":"50a136ac49c59df94e8c2ebd8e8d689ed0ec52ac","isMergeCommit":false,"messageTitle":"Update readme","messageBody":"","fileTypesAndContributionMap":{"docs":{"insertions":5,"deletions":518}}},{"hash":"51addb389300636cbc35ce3c14c77f33f2d1e222","isMergeCommit":false,"messageTitle":"Refactor project structure","messageBody":"","fileTypesAndContributionMap":{"functional-code":{"insertions":686,"deletions":476},"other":{"insertions":245,"deletions":278},"test-code":{"insertions":225,"deletions":215}}},{"hash":"25497392c677b63856b498acb1bab03060899fda","isMergeCommit":false,"messageTitle":"Remove redundant import in command validator","messageBody":"","fileTypesAndContributionMap":{"functional-code":{"insertions":0,"deletions":1}}},{"hash":"1554c502721fdea7fcaa354e1154402a15440569","isMergeCommit":false,"messageTitle":"Fix indentation issue","messageBody":"","fileTypesAndContributionMap":{"functional-code":{"insertions":40,"deletions":43},"test-code":{"insertions":87,"deletions":105}}},{"hash":"31fb646fea1a36510fb7fe7ab00e29f535984161","isMergeCommit":false,"messageTitle":"Update UI variables","messageBody":"","fileTypesAndContributionMap":{"functional-code":{"insertions":15,"deletions":39}}},{"hash":"eca477db5e9d3b6b89f7014ab178e1b581e32e5d","isMergeCommit":false,"messageTitle":"Fix more indentation issues","messageBody":"","fileTypesAndContributionMap":{"functional-code":{"insertions":18,"deletions":18},"test-code":{"insertions":7,"deletions":22}}},{"hash":"75c3df66aacbaf8df40cae6a1df42de7592a1bdf","isMergeCommit":false,"messageTitle":"Update text ui test scripts","messageBody":"","fileTypesAndContributionMap":{"functional-code":{"insertions":1,"deletions":1}}},{"hash":"7a7ccd97336dec5d4ebc2998ad54fa1c85681922","isMergeCommit":false,"messageTitle":"Rollback readme, update user guide","messageBody":"","fileTypesAndContributionMap":{"docs":{"insertions":142,"deletions":124}}},{"hash":"29c3019c606097ab80e75e486e455ddf39ec9876","isMergeCommit":false,"messageTitle":"Update help command","messageBody":"","fileTypesAndContributionMap":{"functional-code":{"insertions":21,"deletions":21}}},{"hash":"324196def3f0b31bd5394b251c81df9ad8bd6560","isMergeCommit":true,"messageTitle":"Merge pull request #22 from zeeeing/update/project-structure","messageBody":"Update project structure","fileTypesAndContributionMap":{}},{"hash":"f1fb816e4a10c154ffab61d363df2ddf3299ff2f","isMergeCommit":false,"messageTitle":"Implement update task feature","messageBody":"","fileTypesAndContributionMap":{"functional-code":{"insertions":203,"deletions":28},"docs":{"insertions":14,"deletions":0}}},{"hash":"101292505eb47859dd83f2c5453e6c7d8a263c5d","isMergeCommit":false,"messageTitle":"Fix update command issue","messageBody":"","fileTypesAndContributionMap":{"functional-code":{"insertions":43,"deletions":29}}},{"hash":"b191c6803ce225f6f495fedd3828cb779476b2cd","isMergeCommit":false,"messageTitle":"Fix incorrect UI display for unmark command","messageBody":"","fileTypesAndContributionMap":{"functional-code":{"insertions":1,"deletions":1}}},{"hash":"a04a8374b7c5f7d5241d930be598d3d6cf37852b","isMergeCommit":false,"messageTitle":"Add double quote compatibility for multi-word project names","messageBody":"","fileTypesAndContributionMap":{"functional-code":{"insertions":161,"deletions":90},"docs":{"insertions":18,"deletions":18}}},{"hash":"48a9a1cc5234266508aebafe35dcc5dd8fef6a59","isMergeCommit":false,"messageTitle":"Fix long char line issue","messageBody":"","fileTypesAndContributionMap":{"functional-code":{"insertions":1,"deletions":3}}},{"hash":"14bf8293039c4338481dd5d8522b30c8a2906d64","isMergeCommit":true,"messageTitle":"Merge pull request #23 from zeeeing/feat/update-task","messageBody":"Implement update task feature","fileTypesAndContributionMap":{}},{"hash":"7b40b0699214426700b76fcc72dacbb74fd785d8","isMergeCommit":false,"messageTitle":"Enable assertions","messageBody":"","fileTypesAndContributionMap":{"other":{"insertions":2,"deletions":1}}},{"hash":"06fd6e803dfe26c3426280d2e8744151970de126","isMergeCommit":true,"messageTitle":"Merge pull request #26 from zeeeing/update/enable-assertions","messageBody":"Enable assertions","fileTypesAndContributionMap":{}},{"hash":"390dafea5ce6ed394578717aa782c9a6c181b0d9","isMergeCommit":true,"messageTitle":"Merge branch \u0027master\u0027 into PR","messageBody":"","fileTypesAndContributionMap":{}},{"hash":"0dee93df972858609437921ebf25813b3e5fc210","isMergeCommit":true,"messageTitle":"Merge pull request #25 from xylonc/PR","messageBody":"Replace `add` command for projects to `create` command","tags":["v1.0"],"fileTypesAndContributionMap":{}}]},{"date":"2025-10-15T00:00:00","commitResults":[{"hash":"5ea8f367e19eefb6647e53598080d7350a403c1a","isMergeCommit":false,"messageTitle":"Update readme and gitignore","messageBody":"","fileTypesAndContributionMap":{"docs":{"insertions":3,"deletions":2}}},{"hash":"b89c370d806eb8f4be76339c0dc78d766c6641b0","isMergeCommit":true,"messageTitle":"Merge pull request #27 from zeeeing/update/readme","messageBody":"Update readme with jar link","fileTypesAndContributionMap":{}}]},{"date":"2025-10-17T00:00:00","commitResults":[{"hash":"5f8078ac3977fa329a0979d3f24b7f5bf237fa5d","isMergeCommit":false,"messageTitle":"Add JUnit tests for task commands","messageBody":"","fileTypesAndContributionMap":{"test-code":{"insertions":173,"deletions":0}}},{"hash":"8ecc87a2a7f3239b2e5ad613753b3f8dcabc827c","isMergeCommit":true,"messageTitle":"Merge pull request #34 from zeeeing/junit-tests/task-commands","messageBody":"Add JUnit tests for class `Task` commands","fileTypesAndContributionMap":{}}]},{"date":"2025-10-20T00:00:00","commitResults":[{"hash":"983090b764a57402d6e405e1a477a06ca573683a","isMergeCommit":true,"messageTitle":"Merge pull request #40 from xylonc/assertion","messageBody":"adding assertions to CreateCommand","fileTypesAndContributionMap":{}}]},{"date":"2025-10-24T00:00:00","commitResults":[{"hash":"1df03fbd1d21efac6a0e4bc342dedb1620f8d5bb","isMergeCommit":false,"messageTitle":"Refactor all inline commands","messageBody":"","fileTypesAndContributionMap":{"functional-code":{"insertions":759,"deletions":515},"test-code":{"insertions":134,"deletions":223}}},{"hash":"950bdfc1e9619bfb3f23daf5e181ad5bdab08409","isMergeCommit":false,"messageTitle":"update sort and filter commands","messageBody":"","fileTypesAndContributionMap":{"functional-code":{"insertions":46,"deletions":59}}},{"hash":"466ae7f66183e6aedc3c4f3719036d65ee74bb04","isMergeCommit":false,"messageTitle":"remove projectName as arguments and refactor export codebase","messageBody":"","fileTypesAndContributionMap":{"functional-code":{"insertions":310,"deletions":253},"test-code":{"insertions":15,"deletions":7}}},{"hash":"5febf76fb29e951e8bcb19a4cf96fd56b2c82140","isMergeCommit":false,"messageTitle":"fix incorrect comment indentation","messageBody":"","fileTypesAndContributionMap":{"functional-code":{"insertions":9,"deletions":7}}},{"hash":"a79451eba98e9f39d174a2b522033de7f93dec82","isMergeCommit":false,"messageTitle":"remove redundant variables in interactive prompt handler","messageBody":"","fileTypesAndContributionMap":{"functional-code":{"insertions":5,"deletions":15}}},{"hash":"c53add145e826b37d04916f398ad771ca9b5beaf","isMergeCommit":false,"messageTitle":"shorten line length","messageBody":"","fileTypesAndContributionMap":{"functional-code":{"insertions":26,"deletions":22}}},{"hash":"5967087fae7724b3397915056627cea8f2550923","isMergeCommit":false,"messageTitle":"fix empty catch block error","messageBody":"","fileTypesAndContributionMap":{"functional-code":{"insertions":8,"deletions":20},"test-code":{"insertions":19,"deletions":31}}},{"hash":"c029fbce9fe3f63cdf361f9a53bb5ff23da1f991","isMergeCommit":false,"messageTitle":"shorten line length","messageBody":"","fileTypesAndContributionMap":{"functional-code":{"insertions":4,"deletions":2}}},{"hash":"8b1eb1ae17f903fac7d0853adaaeccc2dedfb96f","isMergeCommit":true,"messageTitle":"Merge remote-tracking branch \u0027upstream/master\u0027 into update/command-functionalities","messageBody":"","fileTypesAndContributionMap":{}},{"hash":"e7166cac64a38614e524292570d60a3b4d6e6558","isMergeCommit":false,"messageTitle":"add authorship for unused code","messageBody":"","fileTypesAndContributionMap":{"functional-code":{"insertions":1,"deletions":0},"other":{"insertions":11,"deletions":3}}},{"hash":"007e55c5a1e71250dd45e1698990be2581dbf82a","isMergeCommit":false,"messageTitle":"fix build errors","messageBody":"","fileTypesAndContributionMap":{"test-code":{"insertions":13,"deletions":24}}}]},{"date":"2025-10-25T00:00:00","commitResults":[{"hash":"6cabdbf93d3755b120eb49c57d2abd832a8b94b6","isMergeCommit":false,"messageTitle":"fix failing text ui tests","messageBody":"","fileTypesAndContributionMap":{"functional-code":{"insertions":2,"deletions":2}}},{"hash":"fb6e37c95a76226f1787882003199455755c0c0a","isMergeCommit":false,"messageTitle":"add logging to update command","messageBody":"","fileTypesAndContributionMap":{"functional-code":{"insertions":33,"deletions":0}}}]},{"date":"2025-10-26T00:00:00","commitResults":[{"hash":"c6c409c75a6d1bd5e64cecfd0d0576f1011df4d4","isMergeCommit":true,"messageTitle":"Merge pull request #57 from zeeeing/update/command-functionalities","messageBody":"Refactor all inline commands","fileTypesAndContributionMap":{}},{"hash":"31c91c0648a08b727404e2dade0b42ead412bdc5","isMergeCommit":true,"messageTitle":"Merge branch \u0027master\u0027 into add/logging","messageBody":"","fileTypesAndContributionMap":{}},{"hash":"06954648cef06c2e14a6aca755bdf4cfbb00e4c4","isMergeCommit":false,"messageTitle":"add authorship for status command","messageBody":"","fileTypesAndContributionMap":{"functional-code":{"insertions":3,"deletions":8}}}]},{"date":"2025-10-28T00:00:00","commitResults":[{"hash":"5aac9fdbf2a9b4f767b604a7813a0715d42145b9","isMergeCommit":false,"messageTitle":"update readme description","messageBody":"","fileTypesAndContributionMap":{"docs":{"insertions":1,"deletions":1}}},{"hash":"f02c0a94f2e9acc3fa32876e5fa1e219bb164c96","isMergeCommit":false,"messageTitle":"update userguide to v2.0","messageBody":"","fileTypesAndContributionMap":{"docs":{"insertions":63,"deletions":55}}},{"hash":"11990bd206bc48f0d0f6f6471b9a7060b20aff81","isMergeCommit":false,"messageTitle":"remove out of scope folder (shld be gitignored)","messageBody":"","fileTypesAndContributionMap":{"docs":{"insertions":0,"deletions":559}}},{"hash":"880fc136d5f2bf6ea4c9ad54838f379571192f81","isMergeCommit":false,"messageTitle":"standardise product intro in readme","messageBody":"","fileTypesAndContributionMap":{"docs":{"insertions":1,"deletions":1}}},{"hash":"fb0168002076ef617abaac5b26dde8dcc33aa771","isMergeCommit":false,"messageTitle":"add draft of update task design to DG","messageBody":"","fileTypesAndContributionMap":{"docs":{"insertions":55,"deletions":2}}},{"hash":"33b7b9f592a451c6ebed580c4e781d4ec8279ce9","isMergeCommit":true,"messageTitle":"Merge branch \u0027master\u0027 into update/dg-task-mgmt","messageBody":"","fileTypesAndContributionMap":{}},{"hash":"9a9b223a83db635ec15228e475ddbd649d8462a7","isMergeCommit":false,"messageTitle":"enhance DG and add UML Diagrams for task mgmt features","messageBody":"","fileTypesAndContributionMap":{"docs":{"insertions":497,"deletions":35}}}]}],"xylonc":[{"date":"2025-10-01T00:00:00","commitResults":[{"hash":"fe76c438ba171625d8f3e96630f7e64fea47bed8","isMergeCommit":false,"messageTitle":"Update AboutUs xylonchan","messageBody":"","fileTypesAndContributionMap":{"docs":{"insertions":4,"deletions":8}}},{"hash":"e15dd51fa58a20b20fc89749f1b641e4d6e47a00","isMergeCommit":true,"messageTitle":"Merge pull request #1 from xylonc/xylon-AboutUs","messageBody":"Update AboutUs","fileTypesAndContributionMap":{}},{"hash":"031ea0750be3a1b34ec181e09be6fb96e0b754af","isMergeCommit":true,"messageTitle":"Merge branch \u0027master\u0027 into master","messageBody":"","fileTypesAndContributionMap":{}}]},{"date":"2025-10-13T00:00:00","commitResults":[{"hash":"c0d742c1897a7a92e47dfcc0f7b2ea4d7b727346","isMergeCommit":true,"messageTitle":"Merge pull request #20 from sean6369/exporting","messageBody":"Implement exporting task into .txt #14","fileTypesAndContributionMap":{}},{"hash":"6462f0f4422151f2dba0210f194650cf68e4b4e7","isMergeCommit":false,"messageTitle":"Implementing description feature in project management","messageBody":"","fileTypesAndContributionMap":{"functional-code":{"insertions":34,"deletions":3}}},{"hash":"bbdbe2599f212e2eb2d81f33442c8b51487ee4a4","isMergeCommit":false,"messageTitle":"fixed issue of diff bewteen exp and actual","messageBody":"","fileTypesAndContributionMap":{"functional-code":{"insertions":1,"deletions":1}}}]},{"date":"2025-10-14T00:00:00","commitResults":[{"hash":"ef7a213805ebc582bd600ffb886471aa82272b83","isMergeCommit":true,"messageTitle":"merging updated project structure","messageBody":"","fileTypesAndContributionMap":{}},{"hash":"bbe817c1adf96270625e77619920ef0e9d0ffb24","isMergeCommit":false,"messageTitle":"implemented descCommand with new structure","messageBody":"","fileTypesAndContributionMap":{"functional-code":{"insertions":57,"deletions":26}}},{"hash":"fa7b90ef95ade1770a5b532b7c957544882a6e50","isMergeCommit":false,"messageTitle":"adjusting projects.java line 49 to fit max length","messageBody":"","fileTypesAndContributionMap":{"functional-code":{"insertions":3,"deletions":1}}},{"hash":"d401b7127dfae2210ca1c6a59afbcbecd1878da0","isMergeCommit":false,"messageTitle":"edited consoleUi line 122 to fit max length","messageBody":"","fileTypesAndContributionMap":{"functional-code":{"insertions":2,"deletions":1}}},{"hash":"205ae2125267113e1889f56437c15433fa339d8e","isMergeCommit":false,"messageTitle":"fixing indentation of line 122","messageBody":"","fileTypesAndContributionMap":{"functional-code":{"insertions":1,"deletions":1}}},{"hash":"3a41a14ea9cc4c869d008b96776aefd2a96ee570","isMergeCommit":false,"messageTitle":"had to change the expected.txt help part","messageBody":"","fileTypesAndContributionMap":{"functional-code":{"insertions":1,"deletions":1}}},{"hash":"cd306d3a8c6d54de6d48c6d25d645d64d5256a7b","isMergeCommit":false,"messageTitle":"adjusting the extra space in render","messageBody":"","fileTypesAndContributionMap":{"functional-code":{"insertions":1,"deletions":1}}},{"hash":"a130b6119cb8037ac31dd3ef77d10d935dbcd9cc","isMergeCommit":false,"messageTitle":"settling input and output txt issues","messageBody":"","fileTypesAndContributionMap":{"functional-code":{"insertions":1,"deletions":1}}},{"hash":"0d99386223c6d6d686dd31a1ce0147c439095f7a","isMergeCommit":false,"messageTitle":"implementing create command for projects","messageBody":"","fileTypesAndContributionMap":{"functional-code":{"insertions":49,"deletions":7}}},{"hash":"542b7d1d06d424d2346e4ce46025fd5d27cc18f0","isMergeCommit":false,"messageTitle":"expected file altered","messageBody":"","fileTypesAndContributionMap":{"functional-code":{"insertions":2,"deletions":2},"docs":{"insertions":8,"deletions":3}}},{"hash":"878d3afdba3597194def82e48fb6a3859a47a254","isMergeCommit":false,"messageTitle":"build error some fixed but lost track","messageBody":"","fileTypesAndContributionMap":{"functional-code":{"insertions":2,"deletions":8}}},{"hash":"73c3c828178a13471cd9a956f61defb08b3e209d","isMergeCommit":false,"messageTitle":"fixed indentation","messageBody":"","fileTypesAndContributionMap":{"functional-code":{"insertions":5,"deletions":5}}},{"hash":"6903812b7030937f8ecfa960663473d4ee64ec07","isMergeCommit":true,"messageTitle":"Merge remote-tracking branch \u0027upstream/master\u0027 into PR","messageBody":"","fileTypesAndContributionMap":{}},{"hash":"98281e97f14a925be6380072279733aa7cc4ad38","isMergeCommit":false,"messageTitle":"removed description feature","messageBody":"","fileTypesAndContributionMap":{"functional-code":{"insertions":22,"deletions":26},"docs":{"insertions":0,"deletions":6}}},{"hash":"59161aff0c577293d560eadfeff23cc73e18b2e7","isMergeCommit":false,"messageTitle":"removing remaning project description","messageBody":"","fileTypesAndContributionMap":{"functional-code":{"insertions":0,"deletions":41}}},{"hash":"590110b79b0681b021574c88c8893a27f8d8abc1","isMergeCommit":false,"messageTitle":"remove project description from userguide","messageBody":"","fileTypesAndContributionMap":{"docs":{"insertions":1,"deletions":1}}}]},{"date":"2025-10-15T00:00:00","commitResults":[{"hash":"582d7b9e3b24f3bbbef41aa8ebd569293ef30b5a","isMergeCommit":false,"messageTitle":"adding Junit and logging","messageBody":"","fileTypesAndContributionMap":{"functional-code":{"insertions":17,"deletions":4},"other":{"insertions":3,"deletions":0},"test-code":{"insertions":134,"deletions":0}}},{"hash":"e4efd93bb6c90e3ef2db9ac77d7ac8144ded04be","isMergeCommit":true,"messageTitle":"Merge branch \u0027master\u0027 of https://github.com/AY2526S1-CS2113-W13-2/tp into PR","messageBody":"","fileTypesAndContributionMap":{}}]},{"date":"2025-10-16T00:00:00","commitResults":[{"hash":"a1cea772f2eaf2b4240bd0f9f2699bb4e2ce9566","isMergeCommit":false,"messageTitle":"Junit without Mockito","messageBody":"","fileTypesAndContributionMap":{"test-code":{"insertions":78,"deletions":101}}},{"hash":"dff2236e4e393988b4f885ea6fc5fb169e57b83f","isMergeCommit":false,"messageTitle":"fixing build errors","messageBody":"","fileTypesAndContributionMap":{"test-code":{"insertions":5,"deletions":2}}},{"hash":"857bbc239fa5d9c6ba7eca2bad0b7b210202667d","isMergeCommit":false,"messageTitle":"missing assert false-\u003eadded","messageBody":"","fileTypesAndContributionMap":{"test-code":{"insertions":2,"deletions":0}}},{"hash":"1ba8da0fab5ca74b3b8c24a60e7086fc958e6e34","isMergeCommit":false,"messageTitle":"fixed naming build error","messageBody":"","fileTypesAndContributionMap":{"test-code":{"insertions":1,"deletions":1}}}]},{"date":"2025-10-17T00:00:00","commitResults":[{"hash":"0a91d3ae5537c73f00d9341b9a79bf1c3d55f305","isMergeCommit":false,"messageTitle":"removing mockito from gradle","messageBody":"","fileTypesAndContributionMap":{"other":{"insertions":0,"deletions":3}}},{"hash":"3ec75c87587d75e57439f80a102875cbec48f141","isMergeCommit":false,"messageTitle":"added assertion for CreateCommand","messageBody":"","fileTypesAndContributionMap":{"functional-code":{"insertions":4,"deletions":0}}},{"hash":"dcc450830f58eede7174b392562c655fe84ea507","isMergeCommit":false,"messageTitle":"Revert \"added assertion for CreateCommand\"","messageBody":"This reverts commit 3ec75c87587d75e57439f80a102875cbec48f141.\n","fileTypesAndContributionMap":{"functional-code":{"insertions":0,"deletions":4}}},{"hash":"7adc19c809e401584efd09149473873047f9c839","isMergeCommit":false,"messageTitle":"adding assertions to CreateCommand","messageBody":"","fileTypesAndContributionMap":{"functional-code":{"insertions":2,"deletions":0}}},{"hash":"d7176809326cece18be33c970c2804bfc9a44b20","isMergeCommit":true,"messageTitle":"Merge pull request #37 from xylonc/assertion","messageBody":"Added assertion to CreateCommand","fileTypesAndContributionMap":{}},{"hash":"6c6db6a95a3ee7aee58af0a095fac0e319599e71","isMergeCommit":true,"messageTitle":"Merging","messageBody":"","fileTypesAndContributionMap":{}}]},{"date":"2025-10-21T00:00:00","commitResults":[{"hash":"8ff6b7d3fc5552f102d5b1b701f716844f32df5f","isMergeCommit":false,"messageTitle":"renaming commands list,add and create","messageBody":"","fileTypesAndContributionMap":{"functional-code":{"insertions":14,"deletions":5}}},{"hash":"2f44cc2725a7b5a00d2836f82f75cebdb2226a04","isMergeCommit":false,"messageTitle":"fixed build error","messageBody":"","fileTypesAndContributionMap":{"functional-code":{"insertions":6,"deletions":2}}},{"hash":"1613ce9fbe1d873b2a795e1a85e36a5b4800cb9a","isMergeCommit":false,"messageTitle":"Separating delete to delproj and deltask","messageBody":"","fileTypesAndContributionMap":{"functional-code":{"insertions":71,"deletions":8},"test-code":{"insertions":1,"deletions":1}}},{"hash":"44aaf0cd2ebf5e1495cc756afc8750e34c8fbcb8","isMergeCommit":false,"messageTitle":"commiting changes in renamingcommandnames branch","messageBody":"","fileTypesAndContributionMap":{"functional-code":{"insertions":1204,"deletions":44}}},{"hash":"6d00fce2ce7e7e3d770c3b4713ac73dfa0e4dec6","isMergeCommit":false,"messageTitle":"fixing expected files to fix build","messageBody":"","fileTypesAndContributionMap":{"functional-code":{"insertions":1,"deletions":1}}},{"hash":"c37a8b31b1251ea99d2373eece7fe2f3cf8dacbd","isMergeCommit":true,"messageTitle":"Merge branch \u0027master\u0027 of https://github.com/AY2526S1-CS2113-W13-2/tp into renamingcommandnames","messageBody":"","fileTypesAndContributionMap":{}},{"hash":"05b61157356c39d7e2f20d89a08e38c92f4bf82b","isMergeCommit":false,"messageTitle":"fixing checkstyle error","messageBody":"","fileTypesAndContributionMap":{"functional-code":{"insertions":4,"deletions":4}}}]},{"date":"2025-10-22T00:00:00","commitResults":[{"hash":"b3eb594379c53f2a2d74d3f05203e4dadefaf7cb","isMergeCommit":false,"messageTitle":"fixing the parsercommandtest issue","messageBody":"","fileTypesAndContributionMap":{"functional-code":{"insertions":2,"deletions":0},"test-code":{"insertions":4,"deletions":2}}},{"hash":"abf4ae6462287f1925196e10e96592c37f141fe2","isMergeCommit":false,"messageTitle":"re adding delete command in commandfactory","messageBody":"","fileTypesAndContributionMap":{"functional-code":{"insertions":3,"deletions":0}}}]},{"date":"2025-10-23T00:00:00","commitResults":[{"hash":"28ddd7f777f24128913d723b0cdddaa4797a3ef3","isMergeCommit":false,"messageTitle":"Added Junit tests for ByeCommand","messageBody":"","fileTypesAndContributionMap":{"other":{"insertions":1,"deletions":2},"test-code":{"insertions":120,"deletions":0}}},{"hash":"df42d27fcbba45989198f86f138f27454e33b6ce","isMergeCommit":false,"messageTitle":"Adding Junit tests for add command","messageBody":"","fileTypesAndContributionMap":{"functional-code":{"insertions":5,"deletions":0},"test-code":{"insertions":192,"deletions":0}}},{"hash":"1fb9d93c24d6999ec3750c8262217b1f0f4489c4","isMergeCommit":false,"messageTitle":"changed the JunitTest to not have to alter addcommand","messageBody":"","fileTypesAndContributionMap":{"functional-code":{"insertions":0,"deletions":5},"test-code":{"insertions":1,"deletions":3}}}]},{"date":"2025-10-24T00:00:00","commitResults":[{"hash":"ceb8efbfa633f53b57b1edf4640057ce0e35e203","isMergeCommit":true,"messageTitle":"Merge pull request #54 from xylonc/JunitTests","messageBody":"Added Junit tests for ByeCommand and AddCommand","fileTypesAndContributionMap":{}}]},{"date":"2025-10-28T00:00:00","commitResults":[{"hash":"6b1d79765cab5ae671bf190260a8d26565219c9e","isMergeCommit":true,"messageTitle":"Merge pull request #62 from zeeeing/update/user-guide-v2","messageBody":"Update `UserGuide.md` to v2","fileTypesAndContributionMap":{}},{"hash":"d3627988527967ee203564b4ad3d809cbad9452f","isMergeCommit":false,"messageTitle":"CreateCommand DG draft","messageBody":"","fileTypesAndContributionMap":{"docs":{"insertions":34,"deletions":0}}},{"hash":"68be627da651fd212fa299f4cae7b669e59d3519","isMergeCommit":true,"messageTitle":"Merge branch \u0027master\u0027 into UML","messageBody":"","fileTypesAndContributionMap":{}},{"hash":"e2b361cb14d0764a350a952529bcbd654b2d5c84","isMergeCommit":false,"messageTitle":"adding the images and project an projectlist","messageBody":"","fileTypesAndContributionMap":{"docs":{"insertions":196,"deletions":3}}},{"hash":"6f290c2c18092e9ac31aea7f73ee6603d7fa717e","isMergeCommit":true,"messageTitle":"Merge branch \u0027master\u0027 of https://github.com/AY2526S1-CS2113-W13-2/tp into UML","messageBody":"","fileTypesAndContributionMap":{}},{"hash":"0fb3a98b82d5de3a7dfa09e64b87238582868ba1","isMergeCommit":false,"messageTitle":"added template by yx","messageBody":"","fileTypesAndContributionMap":{"docs":{"insertions":18,"deletions":1}}},{"hash":"106a6e2ccd093e52dda79ddd264e9ae27202ff8c","isMergeCommit":false,"messageTitle":"changing font size of project","messageBody":"","fileTypesAndContributionMap":{"docs":{"insertions":4,"deletions":4}}},{"hash":"177c87719b55c8fa3677035faa0702df11abf0ae","isMergeCommit":false,"messageTitle":"adjusting font sizes","messageBody":"","fileTypesAndContributionMap":{"docs":{"insertions":12,"deletions":12}}},{"hash":"f7c482ed15e3297456f2aee11f2d0e4a34a073b0","isMergeCommit":true,"messageTitle":"Merge branch \u0027master\u0027 of https://github.com/AY2526S1-CS2113-W13-2/tp into UML","messageBody":"","fileTypesAndContributionMap":{}},{"hash":"d4d421b9556534663553c9694c4d5deb340caff8","isMergeCommit":false,"messageTitle":"resolved merge conflict","messageBody":"","fileTypesAndContributionMap":{"docs":{"insertions":96,"deletions":119}}},{"hash":"65ed22e0a6b1490408117fe8f1a79294c9222fd8","isMergeCommit":true,"messageTitle":"Merge pull request #70 from xylonc/UML","messageBody":"Adding CreateCommand , Project and ProjectList sections into the DG","fileTypesAndContributionMap":{}}]}],"Yxiang-828":[{"date":"2025-10-01T00:00:00","commitResults":[{"hash":"862e82ddc3b3edd88047819193b4f9d5d43efda6","isMergeCommit":false,"messageTitle":"Update AboutUs Yao Xiang","messageBody":"Update AboutUs Yao Xiang\n","fileTypesAndContributionMap":{"docs":{"insertions":3,"deletions":7}}},{"hash":"fd6fae4f4fbf616f410018ee05bbec5adc187a45","isMergeCommit":true,"messageTitle":"fixed merge conflict: Yao Xiang","messageBody":"","fileTypesAndContributionMap":{}}]},{"date":"2025-10-09T00:00:00","commitResults":[{"hash":"a726f4163220f103ed16a28870dcce87b226acd4","isMergeCommit":true,"messageTitle":"Merge pull request #15 from Zhenzha0/Zhenzhao-CodeSkeleton","messageBody":"implemented code skeleton and basic functions","fileTypesAndContributionMap":{}},{"hash":"a59e4a82d4e914fd1ebbc57b14143659995d3e73","isMergeCommit":false,"messageTitle":"feat: add help command and improve error messages","messageBody":"- Add HELP command that displays all available commands\n- Update UnknownInputException to suggest typing \u0027help\u0027\n- Add HELP case to CommandHandler and CommandParser\n- Add showHelp() method to ConsoleUi with command reference\n","fileTypesAndContributionMap":{"functional-code":{"insertions":27,"deletions":5},"docs":{"insertions":696,"deletions":0}}}]},{"date":"2025-10-10T00:00:00","commitResults":[{"hash":"776564c7c335790ecd7b976f19ecbbd3ac861c28","isMergeCommit":false,"messageTitle":"feat: implement global task sorting and filtering","messageBody":"- Add TaskSorter class for sorting tasks by deadline (asc/desc) and priority (asc/desc)\n- Add TaskFilter class for filtering tasks by priority level and project ID\n- Update CommandHandler to parse sort and filter commands\n- Update CommandParser to handle new command arguments\n- Add priority and deadline options to add command\n- Update UI help text and README with new commands\n- Add comprehensive JUnit tests for all sorting and filtering functionality\n- Handle null deadlines appropriately in sorting (last in asc, first in desc)\n","fileTypesAndContributionMap":{"functional-code":{"insertions":441,"deletions":56},"other":{"insertions":2,"deletions":0},"docs":{"insertions":277,"deletions":34},"test-code":{"insertions":187,"deletions":0}}},{"hash":"1fd3c43d01fa668aee5e941f46dd0dbe24be29c8","isMergeCommit":true,"messageTitle":"Merge pull request #16 from Yxiang-828/help-template","messageBody":"Yao Xiang: add help command and improve error messages","fileTypesAndContributionMap":{}},{"hash":"4fd690630c978f3e80eab11050418fb07bbf8e77","isMergeCommit":true,"messageTitle":"Merge branch \u0027AY2526S1-CS2113-W13-2:master\u0027 into sorting-filtering","messageBody":"","fileTypesAndContributionMap":{}},{"hash":"ab5d9e208ce5634f219b92d351f50e020206d6d3","isMergeCommit":false,"messageTitle":"Implement global task sorting and filtering","messageBody":"- Add TaskSorter class for sorting tasks by deadline or priority (asc/desc)\n- Add TaskFilter class for filtering tasks by priority level and/or project name\n- Update CommandHandler to parse sort and filter commands\n- Add comprehensive JUnit tests for all sorting and filtering scenarios\n- Update ConsoleUi with display methods for sorted/filtered results\n- Update README with correct command syntax using project names\n- Fix error messages to reflect project name filtering instead of ID\n","fileTypesAndContributionMap":{"functional-code":{"insertions":12,"deletions":18},"other":{"insertions":0,"deletions":2},"docs":{"insertions":36,"deletions":463},"test-code":{"insertions":7,"deletions":10}}},{"hash":"43fe23d01a3b9ce6318ee53e8eab78e3b5283aa5","isMergeCommit":false,"messageTitle":"removed unnecessary md files","messageBody":"","fileTypesAndContributionMap":{"docs":{"insertions":0,"deletions":30}}},{"hash":"87e7111c0539460ac24bf4de07d6c76959eb0cbe","isMergeCommit":true,"messageTitle":"Merge pull request #18 from Yxiang-828/sorting-filtering","messageBody":"Sorting \u0026 filtering","fileTypesAndContributionMap":{}}]},{"date":"2025-10-11T00:00:00","commitResults":[{"hash":"54c934aa2fe31e5f2794d447125bc7d4ded08bb3","isMergeCommit":false,"messageTitle":"Add assertions and logging to TaskSorter and TaskFilter","messageBody":"- Add parameter validation assertions to constructors\n- Add operation tracking with logging and performance metrics\n- Expand JUnit test coverage with 13 comprehensive tests\n- Fix case-insensitive project lookup in ProjectList\n- Update input.txt for manual testing verification\n","fileTypesAndContributionMap":{"functional-code":{"insertions":51,"deletions":3},"docs":{"insertions":132,"deletions":0},"test-code":{"insertions":334,"deletions":67}}},{"hash":"6494aa1f25029d60eb4922f177b1d2da8f60c49c","isMergeCommit":true,"messageTitle":"Merge pull request #19 from Yxiang-828/sorting-filtering","messageBody":"Added assertions and logging to TaskSorter and TaskFilter Junit tests","fileTypesAndContributionMap":{}}]},{"date":"2025-10-21T00:00:00","commitResults":[{"hash":"391e480bb3b036fc9f769b396eb1d8786fe627e1","isMergeCommit":true,"messageTitle":".gitignored planning files v2","messageBody":"","fileTypesAndContributionMap":{}},{"hash":"9abf3eb9f748bca36348fe8bacd2648d8671d695","isMergeCommit":false,"messageTitle":"Add InteractivePromptHandler class for conversational command prompting","messageBody":"- Implement InteractivePromptHandler in commands.core package\n- Add handleAddCommand() method with tsundere personality prompts\n- Include project selection, description input, priority choices, and deadline prompts\n- Add input validation and back/cancel options\n- Follow coding standards with Javadoc, assertions, and logging\n","fileTypesAndContributionMap":{"functional-code":{"insertions":256,"deletions":0}}},{"hash":"b9dd0c186c50202a9284cb93bf93214ad295f532","isMergeCommit":false,"messageTitle":"Integrate InteractivePromptHandler into CommandHandler","messageBody":"- Modify CommandHandler to detect interactive mode for main commands with minimal arguments\n- Add InteractivePromptHandler field and initialization with scanner\n- Update resolveCommand() to check shouldUseInteractiveMode() and handleInteractiveMode()\n- Add dispatcher for all interactive command types\n","fileTypesAndContributionMap":{"functional-code":{"insertions":849,"deletions":2}}},{"hash":"c539aa63622eb8fe1c892ae9a5e7f1e59512684c","isMergeCommit":false,"messageTitle":"Fix checkstyle violations in InteractivePromptHandler","messageBody":"- Remove unused import java.util.logging.Level\n- Fix line lengths exceeding 120 characters\n- Add braces to if statements missing them\n- Add newline at end of file\n- Remove empty InteractiveCommand.java file\n","fileTypesAndContributionMap":{"functional-code":{"insertions":34,"deletions":14}}},{"hash":"eef6f8caa9cce5730ba42bcbf185df251d646022","isMergeCommit":false,"messageTitle":"feat: add interactive mode note to help command","messageBody":"- Add tsundere personality message to help output informing users about interactive mode availability\n- Users can now type main commands like \u0027add\u0027, \u0027create\u0027, \u0027list\u0027 etc. for guided prompts\n- Maintains existing help format while adding interactive mode guidance\n","fileTypesAndContributionMap":{"functional-code":{"insertions":2,"deletions":0}}},{"hash":"772cf7f7917291083749e686e6c9d07bb70b01d4","isMergeCommit":false,"messageTitle":"fix: break long line in help command to comply with checkstyle","messageBody":"- Split the tsundere personality message into two lines to stay under 120 character limit\n- Maintains the same content and formatting\n","fileTypesAndContributionMap":{"functional-code":{"insertions":2,"deletions":1}}},{"hash":"1a4bc3102fd8b527111f267a74975b75059baf02","isMergeCommit":false,"messageTitle":"fix: further break long lines in help command message","messageBody":"- Split the tsundere personality message into four shorter lines\n- Each line now stays well under the 120 character limit\n- Maintains readability and original content\n","fileTypesAndContributionMap":{"functional-code":{"insertions":5,"deletions":3}}},{"hash":"e7d16cfee317668f39d8f4d71c337969a6e85e3d","isMergeCommit":false,"messageTitle":"fix: add command now creates new projects in interactive mode","messageBody":"- Modified promptForProject to show proper menu when no projects exist\n- Updated AddCommand to automatically create project if it doesn\u0027t exist\n- Added getParsedProjectName() to ArgumentParser for project name access\n- Fixed list command to always show menu format per plan.md\n- Updated plan.md with add command flow for no-projects case\n- All tests pass and build successful\n","fileTypesAndContributionMap":{"functional-code":{"insertions":39,"deletions":8}}},{"hash":"ae78c8ffe218464fbced4f9b9728456c9e873976","isMergeCommit":false,"messageTitle":"fix: validate arguments before creating projects in AddCommand","messageBody":"- Moved argument validation before project creation to prevent creating projects when deadline validation fails\n- Ensures atomic operation: either all validations pass and project/task are created, or nothing happens\n- Fixes issue where invalid deadline would still create the project\n","fileTypesAndContributionMap":{"functional-code":{"insertions":13,"deletions":12}}},{"hash":"d149c58220cfeaecc2d74e4c8efa4a5eff93e146","isMergeCommit":false,"messageTitle":"refactor: update interactive list command flow and docs","messageBody":"- Removed \u0027All projects\u0027 option from interactive list command\n- Now shows all projects and prompts user to select a project to view tasks or exit\n- Updated plan.md and issues.md to match new list command flow\n- User can press Enter to exit list command without viewing tasks\n","fileTypesAndContributionMap":{"functional-code":{"insertions":10,"deletions":6}}},{"hash":"9eab21a513ac5ababd96723bd8b0688263232b8e","isMergeCommit":false,"messageTitle":"fix: break long lines in AddCommand to comply with checkstyle","messageBody":"- Split InvalidArgumentException messages into multiple lines\n- Both lines now stay under the 120 character limit\n- Maintains same error messages and functionality\n","fileTypesAndContributionMap":{"functional-code":{"insertions":75,"deletions":27}}},{"hash":"9b9f1424f38a5af6adc6a8d9cb9af00a44e11c32","isMergeCommit":false,"messageTitle":"feat: implement comprehensive interactive mode for all commands","messageBody":"- Add interactive prompt handlers for all 10 commands (add, create, list, mark, unmark, delete, update, sort, filter, export, help)\n- Implement tsundere personality with conversational prompts and guided parameter collection\n- Add input validation and proper error handling for all interactive flows\n- Fix add command to auto-create projects when they don\u0027t exist\n- Fix list command to handle empty input as exit signal\n- Update terminology from \u0027description\u0027 to \u0027task name\u0027 for clarity\n- Remove project-based filtering from interactive mode\n- Add \u0027all tasks\u0027 option to list command\n- Fix project display formatting with proper newlines\n- Fix export command to handle quoted project names\n- Update help command with interactive mode guidance\n- Update test expectations and input files\n- Ensure all code passes checkstyle and tests\n","fileTypesAndContributionMap":{"functional-code":{"insertions":64,"deletions":83}}},{"hash":"691bd1509826577783fdcf1645960b14cb44ea58","isMergeCommit":false,"messageTitle":"fix: exported files not showing up for \u0027filtered and sorted\u0027  option in export interactive mode","messageBody":"","fileTypesAndContributionMap":{"functional-code":{"insertions":10,"deletions":3}}},{"hash":"3bba9515e3fb2a9951dee759327d444838d7aaa8","isMergeCommit":false,"messageTitle":"feat: added test inputs, expected outputs for interactive modes atop of existing ones","messageBody":"","fileTypesAndContributionMap":{"functional-code":{"insertions":2,"deletions":37}}},{"hash":"963559efa0772a2a5bbd708633c1f25a54475567","isMergeCommit":false,"messageTitle":"fix: updated help command to be more intuitive","messageBody":"","fileTypesAndContributionMap":{"functional-code":{"insertions":2,"deletions":1}}},{"hash":"0ad5775efdb6272cf68c4f397c1616da57827c4d","isMergeCommit":true,"messageTitle":"Merge pull request #51 from Yxiang-828/feature/interactive-mode","messageBody":"Feature/interactive mode + personality implemented fully","fileTypesAndContributionMap":{}}]},{"date":"2025-10-28T00:00:00","commitResults":[{"hash":"41a162d002cd9f9632bc39a0c127b92f4666775b","isMergeCommit":false,"messageTitle":"formatted design guide, ready to begin","messageBody":"","fileTypesAndContributionMap":{"docs":{"insertions":46,"deletions":4}}},{"hash":"f5eb75ddcd737a28783d09ba10d8b8435c0eb0ea","isMergeCommit":false,"messageTitle":"added list command in interactive mode","messageBody":"","fileTypesAndContributionMap":{"functional-code":{"insertions":37,"deletions":7},"docs":{"insertions":1157,"deletions":0}}},{"hash":"e26313007457c3ed30c50aa3c972854e4f4052c8","isMergeCommit":false,"messageTitle":"ignore coding standards reference files","messageBody":"","fileTypesAndContributionMap":{"docs":{"insertions":0,"deletions":546}}},{"hash":"6883a13a52f94d4f940722c9761d8a2c56070d79","isMergeCommit":false,"messageTitle":"Enhance interactive mode error handling and user experience","messageBody":"- Update error messages to include specific details (e.g., valid ranges, expected inputs)\n- Allow users to exit interactive prompts by pressing enter to return to main page\n- Prevent getting stuck in query loops by providing clear exit options\n- Improve prompt clarity with consistent messaging across all interactive commands\n","fileTypesAndContributionMap":{"functional-code":{"insertions":53,"deletions":36}}},{"hash":"f7d3a4b864a2f9fe452778ebf5d8f5f096e1b4be","isMergeCommit":false,"messageTitle":"git ignored unnecessary reference files","messageBody":"","fileTypesAndContributionMap":{"docs":{"insertions":0,"deletions":611}}},{"hash":"d3f27c8ebdfb50c1a4df7b18b58218c8e70b2370","isMergeCommit":true,"messageTitle":"Merge branch \u0027edit-interactive-mode\u0027 into docs/design-guide","messageBody":"","fileTypesAndContributionMap":{}},{"hash":"c8c3ef4c7897be6c540bf65c38d87a65637438ca","isMergeCommit":false,"messageTitle":"added a few mermaid diagrams on the interactive command flow","messageBody":"","fileTypesAndContributionMap":{"docs":{"insertions":477,"deletions":1}}},{"hash":"b831c43acd82b85337a7025fd036d7b8d125f228","isMergeCommit":true,"messageTitle":"Merge pull request #69 from Yxiang-828/edit-interactive-mode","messageBody":"Edited interactive mode","fileTypesAndContributionMap":{}},{"hash":"3331390a68e8042419b3cc5443347a131f997c31","isMergeCommit":true,"messageTitle":"Merge branch \u0027master\u0027 of https://github.com/Yxiang-828/tp into docs/design-guide","messageBody":"","fileTypesAndContributionMap":{}},{"hash":"ea5447e44110a8ba4b3abae543518c457fb04345","isMergeCommit":false,"messageTitle":"Add PlantUML diagrams for data processing and extract all diagrams to separate files","messageBody":"- Add detailed PlantUML diagrams for Task Sorting and Filtering algorithms\n- Extract all 16 PlantUML diagrams from DeveloperGuide.md to docs/plantuml/ folder\n- Create README.md in plantuml folder with usage instructions\n- Ensure AB3 compliance with professional UML notation\n- Pull latest changes from master branch\n","fileTypesAndContributionMap":{"docs":{"insertions":894,"deletions":331}}},{"hash":"60bb86f77a4cbe0865ac057653feed373d15c2b7","isMergeCommit":false,"messageTitle":"Replace all PlantUML code blocks with PNG image references","messageBody":"- Updated all 16 diagrams to reference manually created PNG files\n- Architecture, algorithms, and all command state/sequence diagrams now use images\n- Organized PNGs in docs/plantUML/ subfolders for better structure\n- Maintains AB3 compliance with professional diagram presentation\n- Diagrams are now immediately visible on GitHub\n","fileTypesAndContributionMap":{"docs":{"insertions":16,"deletions":420}}},{"hash":"e8988c0feac2f1bc58160461ebfc635ce380fb1f","isMergeCommit":false,"messageTitle":"added uml pngs","messageBody":"","fileTypesAndContributionMap":{"docs":{"insertions":0,"deletions":0}}},{"hash":"949f83390ed1bc4b7c97d5d2df8529bee03dd24a","isMergeCommit":false,"messageTitle":"fixed export png","messageBody":"","fileTypesAndContributionMap":{"docs":{"insertions":16,"deletions":3}}},{"hash":"140857436cd252b1f02b000b882de385ddb8eaae","isMergeCommit":false,"messageTitle":"added sort/filter in table of contents","messageBody":"","fileTypesAndContributionMap":{"docs":{"insertions":2,"deletions":0}}},{"hash":"bc7faf4b632e5a8ba0464d7aa03bec467cc562a3","isMergeCommit":true,"messageTitle":"Merge pull request #71 from Yxiang-828/docs/design-guide","messageBody":"added interactive flow +  rough template + sort/filter part of dev\u0027s guide","fileTypesAndContributionMap":{}},{"hash":"ae6f1352d0e5357905ba0e364e3d6a3fe9ffa994","isMergeCommit":false,"messageTitle":"Update PlantUML diagrams with proper skinparams","messageBody":"- Add skinparam classAttributeIconSize 0 to show + and - symbols instead of icons\n- Add hide stereotype to remove class stereotype indicators from diagram boxes\n- Update architecture diagram and InteractivePromptHandler class diagram\n- Regenerate PNG files with clean appearance for AB3 compliance\n","fileTypesAndContributionMap":{"docs":{"insertions":98,"deletions":27}}},{"hash":"8282655b6d5e6546b73bd5407d54e06cdd73916a","isMergeCommit":false,"messageTitle":"Add UML sequence diagrams for key workflows","messageBody":"- Add command processing sequence diagram showing user-system interaction flow\n- Add add command sequence diagram with step-by-step task creation workflow\n- Add mark/unmark command sequence diagram with task selection and update flow\n- Update DeveloperGuide.md to reference sequence diagrams instead of state diagrams\n- All diagrams use proper PlantUML skinparams for AB3 compliance (symbols, no stereotypes)\n- Sequence diagrams provide clearer workflow visualization than state diagrams\n","fileTypesAndContributionMap":{"docs":{"insertions":126,"deletions":2}}},{"hash":"a06b73bc2523239c798ddba22b7815e2b513f4ba","isMergeCommit":false,"messageTitle":"Update all sequence diagrams to follow proper UML standards","messageBody":"- Add activation bars (activate/deactivate) for method execution periods\n- Use dashed arrows (--) for return messages\n- Ensure synchronous method calls use filled arrowheads (-\u003e)\n- Add skinparam classAttributeIconSize 0 and hide stereotype to all diagrams\n- Update command processing, add command, mark/unmark, and legacy add command sequence diagrams\n- Regenerate all PNG files with proper UML notation for AB3 compliance\n","fileTypesAndContributionMap":{"docs":{"insertions":69,"deletions":31}}},{"hash":"2edeed7f875be8ad7eb87f120c00f8179a2de1f7","isMergeCommit":false,"messageTitle":"Update manual testing instructions in DeveloperGuide.md","messageBody":"- Add comprehensive setup steps (build, locate JAR, run application)\n- Include detailed sample data loading with randomized test cases\n- Provide step-by-step testing procedures for both inline and interactive commands\n- Add troubleshooting section for common issues\n- Structure testing flow: setup  data loading  help  inline commands  interactive mode  exit\n","fileTypesAndContributionMap":{"docs":{"insertions":121,"deletions":1}}},{"hash":"e64bdde65188e85cab6396c86ef1106e3cca63b4","isMergeCommit":false,"messageTitle":"Update manual testing instructions in DeveloperGuide.md","messageBody":"- Add comprehensive setup steps (build, locate JAR, run application)\n- Include detailed sample data loading with randomized test cases\n- Provide step-by-step testing procedures for both inline and interactive commands\n- Add troubleshooting section for common issues\n- Structure testing flow: setup  data loading  help  inline commands  interactive mode  exit\n","fileTypesAndContributionMap":{"docs":{"insertions":3,"deletions":18}}},{"hash":"0557f86ff5a152caad09aea7e833a09809d39210","isMergeCommit":true,"messageTitle":"Merge branch \u0027master\u0027 of https://github.com/Yxiang-828/tp into docs/design-guide","messageBody":"","fileTypesAndContributionMap":{}},{"hash":"8f36a2b41eb00e67b6833bd5989374098cdb9a3f","isMergeCommit":true,"messageTitle":"Merge pull request #60 from sean6369/error-handling","messageBody":"Error handling","fileTypesAndContributionMap":{}},{"hash":"c41871f71aef751b61c572391559780addf5e8d0","isMergeCommit":true,"messageTitle":"Merge pull request #63 from zeeeing/update/dg-task-mgmt","messageBody":"Add task management design to `DeveloperGuide.md`","fileTypesAndContributionMap":{}},{"hash":"ec8a21a7c9d607b6c6786a18297900b3bdbbd56d","isMergeCommit":true,"messageTitle":"Merge branch \u0027master\u0027 into edit-developer-guide","messageBody":"","fileTypesAndContributionMap":{}},{"hash":"91613c3cffe51f97bb836b3ab0dfe83b910f55e1","isMergeCommit":true,"messageTitle":"Merge branch \u0027master\u0027 into developer-guide","messageBody":"","fileTypesAndContributionMap":{}},{"hash":"248d3a3e26842e5592db8561a1b1bfc4846696b4","isMergeCommit":true,"messageTitle":"Merge pull request #74 from Yxiang-828/developer-guide","messageBody":"added manual test guide + updated uml diagrams","fileTypesAndContributionMap":{}}]},{"date":"2025-10-29T00:00:00","commitResults":[{"hash":"9e8a8377bd33d6129fe98067e3adfbf58dadb93d","isMergeCommit":true,"messageTitle":"Merge pull request #75 from sean6369/error-handling","messageBody":"Add export section in the DG","fileTypesAndContributionMap":{}},{"hash":"eebb2b0a6e4dbee6ecd1ea3a69667093e1132e6e","isMergeCommit":false,"messageTitle":"docs: Update UML diagrams and add project portfolio page","messageBody":"- Standardize all PlantUML diagrams to remove formatting inconsistencies\n- Add comprehensive Project Portfolio Page for Yao Xiang\n- Enable portfolio links in Developer Guide table of contents\n- Ensure AB3 compliance for documentation standards\n","fileTypesAndContributionMap":{"docs":{"insertions":113,"deletions":61}}},{"hash":"c4cdc1623d47b0c81662d78064716999a80496cc","isMergeCommit":false,"messageTitle":"docs: Explain inline vs interactive command modes in User Guide","messageBody":"- Update introduction to mention both inline and interactive modes\n- Expand General Command Format section to explain both modes clearly\n- Add FAQ entry explaining the difference between command modes\n- Ensure testing section demonstrates both modes properly\n","fileTypesAndContributionMap":{"docs":{"insertions":127,"deletions":18}}},{"hash":"20df280d6fdca0b7753c340643c9b48f62fb4e39","isMergeCommit":false,"messageTitle":"Made sure both modes: interactive and inline commands are described","messageBody":"","fileTypesAndContributionMap":{"docs":{"insertions":42,"deletions":26}}},{"hash":"c0952c5e2ceff3b161c045a90ccb7b65b078b6c7","isMergeCommit":true,"messageTitle":"Merge pull request #76 from Yxiang-828/update-uml-and-ppp","messageBody":"docs: Update UML diagrams and add project portfolio page","fileTypesAndContributionMap":{}},{"hash":"c5622e99cfd746188b7070e86a9e101521852983","isMergeCommit":false,"messageTitle":"fix: fixed path from YaoXiang.md to yxiang-828.md in dev\u0027s guide","messageBody":"","fileTypesAndContributionMap":{"docs":{"insertions":21,"deletions":21}}},{"hash":"0971241b4126903f1c118d080ce3455fdc76d4fd","isMergeCommit":false,"messageTitle":"added git username to ppp for clarity","messageBody":"","fileTypesAndContributionMap":{"docs":{"insertions":1,"deletions":0}}}]}],"Zhenzha0":[{"date":"2025-10-01T00:00:00","commitResults":[{"hash":"e2c9389a437aa20e7060f3a6a29635af71063657","isMergeCommit":false,"messageTitle":"Update AboutUs.md [Zhenzhao]","messageBody":"","fileTypesAndContributionMap":{"docs":{"insertions":5,"deletions":8}}},{"hash":"0b39eae6d0fb7d0fc412d42307f2ebec3bcdf28f","isMergeCommit":false,"messageTitle":"Update AboutUs.md [Zhenzhao]","messageBody":"","fileTypesAndContributionMap":{"docs":{"insertions":1,"deletions":1}}},{"hash":"70abc9cd1e9df53c07e73480aa7f58c4151d40db","isMergeCommit":false,"messageTitle":"Update AboutUs.md [Zhenzhao]","messageBody":"","fileTypesAndContributionMap":{"docs":{"insertions":1,"deletions":1}}},{"hash":"e42a5216c0ad0d01d5c3c9041e8e4f2c3cf497e8","isMergeCommit":true,"messageTitle":"Update AboutUs.md [Zhenzhao]","messageBody":"","fileTypesAndContributionMap":{}},{"hash":"8991b67ae5168eb42eeafa5438a5216433032623","isMergeCommit":true,"messageTitle":"Merge pull request #4 from Zhenzha0/Zhenzhao-AboutUs","messageBody":"Zhenzhao about us","fileTypesAndContributionMap":{}},{"hash":"63c4db74110b3a59b66b60e6c26e85964f7a30b2","isMergeCommit":true,"messageTitle":"Merge pull request #6 from Yxiang-828/YaoXiang-AboutUs","messageBody":"Yao Xiang\u0027s AboutUs","fileTypesAndContributionMap":{}},{"hash":"b6c8e6618b401e27c88c891a9721b2b5d1e812ad","isMergeCommit":false,"messageTitle":"Update and format AboutUs.md","messageBody":"","fileTypesAndContributionMap":{"docs":{"insertions":7,"deletions":7}}},{"hash":"99f35e5eb80e388cc01c4e992e93da97540961b9","isMergeCommit":false,"messageTitle":"Update and format AboutUs.md","messageBody":"","fileTypesAndContributionMap":{"docs":{"insertions":1,"deletions":1}}},{"hash":"a146eb22a8c4be48cf73103140c5fbfb49706bb9","isMergeCommit":false,"messageTitle":"Update and format AboutUs.md","messageBody":"","fileTypesAndContributionMap":{"docs":{"insertions":1,"deletions":1}}},{"hash":"4e45991add9fae3d198da91cd3118957596b509f","isMergeCommit":true,"messageTitle":"Merge pull request #7 from Zhenzha0/Zhenzhao-AboutUs","messageBody":"Zhenzhao about us","fileTypesAndContributionMap":{}},{"hash":"d46a8a93bbb5dd912c94781885b90babf9e6cb1a","isMergeCommit":false,"messageTitle":"Update and format AboutUs.md","messageBody":"","fileTypesAndContributionMap":{"docs":{"insertions":1,"deletions":1}}},{"hash":"c296d23c996ec12d6a3f82d6e36d36034070e21e","isMergeCommit":true,"messageTitle":"Merge branch \u0027master\u0027 into Zhenzhao-AboutUs","messageBody":"","fileTypesAndContributionMap":{}},{"hash":"102f29718dfc07e854150a5367e156a368dc7833","isMergeCommit":true,"messageTitle":"Merge pull request #8 from Zhenzha0/Zhenzhao-AboutUs","messageBody":"Fixed mistakes on link formats","fileTypesAndContributionMap":{}},{"hash":"f0486b0437854d7e8592f4f78cb8a98aa6d51d1d","isMergeCommit":false,"messageTitle":"Fixed portfolio format error for seasnlee.md and zhenzhao.md","messageBody":"","fileTypesAndContributionMap":{"docs":{"insertions":0,"deletions":8}}},{"hash":"ac781bd5f70b1a6a3b0848db5c61972f3d61a117","isMergeCommit":false,"messageTitle":"removed whitespaces in AboutUs.md","messageBody":"","fileTypesAndContributionMap":{"docs":{"insertions":7,"deletions":7}}},{"hash":"acf98039bcbcd0e691c1368b84211d9d3eaa2ae1","isMergeCommit":false,"messageTitle":"removed more whitespaces in AboutUs.md","messageBody":"","fileTypesAndContributionMap":{"docs":{"insertions":5,"deletions":5}}},{"hash":"b93da7344b709fb4acba2995ee7caf333bbaee04","isMergeCommit":true,"messageTitle":"Merge pull request #9 from Zhenzha0/Zhenzhao-AboutUs","messageBody":"Fixed portfolio format error for seasnlee.md and zhenzhao.md","fileTypesAndContributionMap":{}}]},{"date":"2025-10-08T00:00:00","commitResults":[{"hash":"01c4d60656eae63cfa960157e83717cb14d25e5c","isMergeCommit":false,"messageTitle":"implemented code skeleton and basic functions","messageBody":"added commandhandler and commandparser\nadded argumentparser\nadded classes in task and project\nadded a exception package with incomplete implementation\nadded ui package with incomplete implementation\n","fileTypesAndContributionMap":{"functional-code":{"insertions":728,"deletions":21},"other":{"insertions":1,"deletions":1}}}]},{"date":"2025-10-09T00:00:00","commitResults":[{"hash":"448312d735b367fce1145ff583caea3e6383f8ab","isMergeCommit":false,"messageTitle":"changed naming for method deleting projects from project list","messageBody":"","fileTypesAndContributionMap":{"functional-code":{"insertions":2,"deletions":2}}},{"hash":"261cec8ce73c1a5e2001d6fd8b773d6d5da346ea","isMergeCommit":false,"messageTitle":"Update README.md","messageBody":"descriptions for code skeleton and current added tasks\u0027 functions","fileTypesAndContributionMap":{"docs":{"insertions":568,"deletions":1}}},{"hash":"5d3ece17b6c935448c9e95ce8b836d5a7b1de354","isMergeCommit":false,"messageTitle":"Update README.md","messageBody":"","fileTypesAndContributionMap":{"docs":{"insertions":0,"deletions":53}}},{"hash":"c94c6c7251c8b5c419f7b165e71c4fc33f7e07cc","isMergeCommit":false,"messageTitle":"move and refractor all packages and classes under seedu/FlowCLI","messageBody":"","fileTypesAndContributionMap":{"other":{"insertions":35,"deletions":45}}},{"hash":"c630a28d89ee348ce206f322e534d3008857c275","isMergeCommit":true,"messageTitle":"Merge branch \u0027Zhenzhao-CodeSkeleton\u0027 of https://github.com/Zhenzha0/tp into Zhenzhao-CodeSkeleton to update readme changes","messageBody":"","fileTypesAndContributionMap":{}},{"hash":"8af54573cd7b461330131c5f5964e1a61c14e9bd","isMergeCommit":false,"messageTitle":"change FlowcliExceptions class name to FlowCLIExceptions","messageBody":"","fileTypesAndContributionMap":{"functional-code":{"insertions":6,"deletions":6},"other":{"insertions":1,"deletions":1}}},{"hash":"2e2286e51c23362ef805fc3d569457ba891e44b8","isMergeCommit":false,"messageTitle":"change ui format for showTaskList","messageBody":"","fileTypesAndContributionMap":{"functional-code":{"insertions":6,"deletions":2}}},{"hash":"e737c62fc844a56758f5dd136e715bd4ef97fb69","isMergeCommit":false,"messageTitle":"change FlowCLI directory name to flowcli","messageBody":"","fileTypesAndContributionMap":{"other":{"insertions":36,"deletions":36}}},{"hash":"b4f7e7bb88fd689286c5cef103eb6e5b778e3f10","isMergeCommit":false,"messageTitle":"change project logo","messageBody":"","fileTypesAndContributionMap":{"functional-code":{"insertions":10,"deletions":21}}},{"hash":"f278a59808790d1da1fec24e9c17cb39f2d02b94","isMergeCommit":false,"messageTitle":"change formating of code to avoid build failure","messageBody":"","fileTypesAndContributionMap":{"functional-code":{"insertions":41,"deletions":35}}},{"hash":"a9913695f388b878e1031b6814ffcecfb5a4f2ed","isMergeCommit":false,"messageTitle":"changed instance variable definition order to pass build failure","messageBody":"","fileTypesAndContributionMap":{"functional-code":{"insertions":24,"deletions":16}}},{"hash":"40d5b8200cbac56ed3ade88f4861b468990a4aea","isMergeCommit":false,"messageTitle":"changed constructor order to pass build failure","messageBody":"","fileTypesAndContributionMap":{"functional-code":{"insertions":6,"deletions":5}}},{"hash":"fa0b2470d06789750628f7cf93b012d4f16a61ab","isMergeCommit":false,"messageTitle":"changed build.gradle file\u0027s application main class name to correct names","messageBody":"","fileTypesAndContributionMap":{"other":{"insertions":3,"deletions":3}}},{"hash":"7d61122877fceeac6d211b2bafa5c8b4b795d172","isMergeCommit":false,"messageTitle":"changed logo","messageBody":"","fileTypesAndContributionMap":{"functional-code":{"insertions":7,"deletions":0}}},{"hash":"8e64d9742eb7bbed8664d490e703197fa026a6ed","isMergeCommit":false,"messageTitle":"change attribute instantiation order","messageBody":"","fileTypesAndContributionMap":{"functional-code":{"insertions":2,"deletions":1}}}]},{"date":"2025-10-16T00:00:00","commitResults":[{"hash":"a61561bef7de792c718e527dd059378678791149","isMergeCommit":false,"messageTitle":"implement JUnit Test for Argumentp Parser and CommandParser","messageBody":"","fileTypesAndContributionMap":{"test-code":{"insertions":228,"deletions":0}}},{"hash":"1811838d0f35d67c12ef192207bf23fc8e0f6880","isMergeCommit":false,"messageTitle":"implement loggin in parser tests","messageBody":"","fileTypesAndContributionMap":{"test-code":{"insertions":103,"deletions":1}}},{"hash":"d0eacd56b4a70bc54dedf24b1b03d742ed2e4447","isMergeCommit":false,"messageTitle":"add new line to end of parser test files","messageBody":"","fileTypesAndContributionMap":{"test-code":{"insertions":2,"deletions":2}}}]},{"date":"2025-10-17T00:00:00","commitResults":[{"hash":"fcb24cf9b33c51f389b26fb38fdc34621df755b9","isMergeCommit":true,"messageTitle":"Merge pull request #31 from Zhenzha0/test/parser-tests","messageBody":"","fileTypesAndContributionMap":{}},{"hash":"4a172060e28b4fdb34fe496182349ef34f69b2ae","isMergeCommit":false,"messageTitle":"add assertion and loggin for MarkCommand","messageBody":"","fileTypesAndContributionMap":{"functional-code":{"insertions":16,"deletions":0}}}]},{"date":"2025-10-22T00:00:00","commitResults":[{"hash":"21f94214246adb0d850e39b46e08efaef8f21b81","isMergeCommit":true,"messageTitle":"Merge pull request #53 from xylonc/renamingcommandnames","messageBody":"Renaming command names","fileTypesAndContributionMap":{}}]},{"date":"2025-10-23T00:00:00","commitResults":[{"hash":"b3ca9e08cd2e50fa26bb225e538a18325c4f27d2","isMergeCommit":false,"messageTitle":"implement project status","messageBody":"","fileTypesAndContributionMap":{"functional-code":{"insertions":286,"deletions":3}}},{"hash":"964a2170b89861c9c5191ad0654c3fbc3e9ba4dd","isMergeCommit":false,"messageTitle":"add text ui tests","messageBody":"","fileTypesAndContributionMap":{"functional-code":{"insertions":3,"deletions":3}}},{"hash":"a66d4ba3a7f1b7af32afc31cf5b19ed4a8842107","isMergeCommit":true,"messageTitle":"Merge pull request #56 from Zhenzha0/feature/add-project-status","messageBody":"Implement project status","fileTypesAndContributionMap":{}}]},{"date":"2025-10-28T00:00:00","commitResults":[{"hash":"ecafd62ecb698665f011a21cad07711ecb31318c","isMergeCommit":false,"messageTitle":"docs: add comprehensive non-functional requirements to Developer Guide","messageBody":"","fileTypesAndContributionMap":{"docs":{"insertions":38,"deletions":1}}},{"hash":"878792ce82d0c03b05fff0c25b690e3f92a94603","isMergeCommit":false,"messageTitle":"docs: update TOC for Implementation \u0026 Design section and add author credits","messageBody":"","fileTypesAndContributionMap":{"docs":{"insertions":8,"deletions":2}}},{"hash":"199bdd95986ab220f6e0892083c2f273bc27bafe","isMergeCommit":true,"messageTitle":"Merge pull request #73 from Zhenzha0/edit-developer-guide","messageBody":"Add non-functional requirements","fileTypesAndContributionMap":{}}]},{"date":"2025-10-29T00:00:00","commitResults":[{"hash":"3aa48574917546cf1b8c7fe7b894c92afe2423ee","isMergeCommit":true,"messageTitle":"Merge pull request #79 from Yxiang-828/update-user-guide","messageBody":"Update user guide","fileTypesAndContributionMap":{}}]}]},"authorFileTypeContributionMap":{"sean6369":{"docs":38,"functional-code":996,"test-code":27,"other":13},"zeeeing":{"docs":600,"functional-code":1432,"test-code":489,"other":1},"xylonc":{"docs":225,"functional-code":109,"test-code":415},"Yxiang-828":{"docs":1213,"functional-code":1214,"test-code":173},"Zhenzha0":{"docs":41,"functional-code":594,"test-code":168,"other":2}},"authorContributionVariance":{"sean6369":106344.06,"zeeeing":545609.7,"xylonc":52743.086,"Yxiang-828":733344.94,"Zhenzha0":38263.285},"authorDisplayNameMap":{"sean6369":"CS2113-W13-2 LEE ..SEAN","zeeeing":"CS2113-W13-2 CHEW.. JEN","xylonc":"CS2113-W13-2 XYLO..HONG","Yxiang-828":"CS2113-W13-2 YAO ..IANG","Zhenzha0":"CS2113-W13-2 YANG..ZHAO"}}
