{"authorDailyContributionsMap":{"Rayan-Wong":[{"date":"2025-09-22T00:00:00","commitResults":[{"hash":"c16d66a692ff7078aeac5a675588ab492a149bea","isMergeCommit":false,"messageTitle":"Added github workflows to notify tele channel of PRs and commits to master branch made","messageBody":"","fileTypesAndContributionMap":{"other":{"insertions":59,"deletions":0}}},{"hash":"0fc2f01571a28b6757357096d53a90889a57e855","isMergeCommit":true,"messageTitle":"Merge pull request #1 from Rayan-Wong/create-notification-workflows","messageBody":"Added github workflows to notify tele channel of PRs and commits to master branch made","fileTypesAndContributionMap":{}},{"hash":"55ab7f1173b500dccb7dcdc3a875d416ac23ac84","isMergeCommit":false,"messageTitle":"Fully renamed everything to StudyMate","messageBody":"","fileTypesAndContributionMap":{"functional-code":{"insertions":16,"deletions":21},"other":{"insertions":4,"deletions":4}}},{"hash":"7e68168adc45b838816f54fdeffb0edf33860068","isMergeCommit":false,"messageTitle":"Fixed pull request workflow","messageBody":"","fileTypesAndContributionMap":{"other":{"insertions":1,"deletions":1}}},{"hash":"c0b6f8010f5e8b1a18a9438365bc810cfa8fe295","isMergeCommit":false,"messageTitle":"Fixed tests","messageBody":"","fileTypesAndContributionMap":{"functional-code":{"insertions":1,"deletions":1}}},{"hash":"518b33b76135441867b4ab766d80e099b9d003e5","isMergeCommit":true,"messageTitle":"Merge pull request #2 from Rayan-Wong/rename-to-studymate","messageBody":"Fully renamed everything to StudyMate","fileTypesAndContributionMap":{}},{"hash":"67a9f11dc7751ec63937db01ec8a2a1fce025f84","isMergeCommit":false,"messageTitle":"Added CommandType enums and Command skeleton, created parser skeleton and main loop skeleton, fixed tests a bit","messageBody":"","fileTypesAndContributionMap":{"functional-code":{"insertions":64,"deletions":4}}}]},{"date":"2025-09-23T00:00:00","commitResults":[{"hash":"3b32192a244d5f3447ee22d1c380ce7460aff559","isMergeCommit":true,"messageTitle":"Merge pull request #3 from Rayan-Wong/setup-commands","messageBody":"Added CommandType enums and Command skeleton, created parser skeleton and main loop skeleton, fixed tests a bit","fileTypesAndContributionMap":{}}]},{"date":"2025-09-28T00:00:00","commitResults":[{"hash":"9495449f4107ee6dd07af4a8a83acc4a88e52e42","isMergeCommit":true,"messageTitle":"Merge pull request #4 from ry-koh/master","messageBody":"Add basic functions","fileTypesAndContributionMap":{}}]},{"date":"2025-09-29T00:00:00","commitResults":[{"hash":"32176bdb0c701d826d55d5c6bb93f4b5be55e970","isMergeCommit":false,"messageTitle":"Parser is now a non-static class, so it is instantiated at StudyMate.java. Added parseIndexRange() for INDEX_SPEC syntax support.","messageBody":"","fileTypesAndContributionMap":{"functional-code":{"insertions":94,"deletions":25}}},{"hash":"302a3d4e5b0a1873f48040c8582f199efc47fa63","isMergeCommit":false,"messageTitle":"Parser is now a non-static class, so it is instantiated at StudyMate.java. Added parseIndexRange() for INDEX_SPEC syntax support.","messageBody":"","fileTypesAndContributionMap":{"functional-code":{"insertions":1,"deletions":1}}},{"hash":"118e4b47a48c929324274b9cbb2f578c7d24540c","isMergeCommit":false,"messageTitle":"Parser is now a non-static class, so it is instantiated at StudyMate.java. Added parseIndexRange() for INDEX_SPEC syntax support.","messageBody":"","fileTypesAndContributionMap":{"functional-code":{"insertions":2,"deletions":2}}}]},{"date":"2025-10-01T00:00:00","commitResults":[{"hash":"c8298c2d9aa41b5cba57c8fa84aa0a24525702a0","isMergeCommit":false,"messageTitle":"Updated AboutUs.md","messageBody":"","fileTypesAndContributionMap":{"docs":{"insertions":4,"deletions":7}}}]},{"date":"2025-10-03T00:00:00","commitResults":[{"hash":"f2f70a30143e5acaa94c676a051739130eab5320","isMergeCommit":false,"messageTitle":"- Replace string-based date handling with DateTimeArg class - Add index parsing supporting the multiple formats:   * Single numbers: \"5\" → index 4   * Comma-separated: \"1,3,5\" → indices 0,2,4   * Range notation: \"2...5\" → indices 1,2,3,4   * Mixed formats: \"1,3...5,7\" - Update Command constructors to accept DateTimeArg parameters - Enhance TaskList operations (mark/unmark/delete) for bulk operations - Add validation for index ranges and duplicate prevention - Maintain order with LinkedHashSet for consistent task operations","messageBody":"","fileTypesAndContributionMap":{"functional-code":{"insertions":119,"deletions":86}}}]},{"date":"2025-10-04T00:00:00","commitResults":[{"hash":"0eb1a30976134cbf506fc018afb7739978b6fcc9","isMergeCommit":true,"messageTitle":"Merge pull request #14 from m-xrtin/feat/saving","messageBody":"Storage v2","fileTypesAndContributionMap":{}}]},{"date":"2025-10-05T00:00:00","commitResults":[{"hash":"108f3a68f4249d79d9e575f9bd2500762e3735fc","isMergeCommit":false,"messageTitle":"Fixed tests, fixed datetime parsing, fixed style guide deviations","messageBody":"","fileTypesAndContributionMap":{"functional-code":{"insertions":36,"deletions":22}}}]},{"date":"2025-10-07T00:00:00","commitResults":[{"hash":"8e3de67655b878a6499e5aaf2b479bde4ff816e6","isMergeCommit":true,"messageTitle":"Merge pull request #17 from Rayan-Wong/feat/fix-gradle","messageBody":"Fixed tests, fixed datetime parsing, fixed style guide deviations","fileTypesAndContributionMap":{}}]},{"date":"2025-10-08T00:00:00","commitResults":[{"hash":"4552505acfbfe0d59505ee8c5b6cf55f76021dd6","isMergeCommit":false,"messageTitle":"Fixed parser logic and regex for index ranges, added basic tests for parser","messageBody":"","fileTypesAndContributionMap":{"functional-code":{"insertions":5,"deletions":5},"test-code":{"insertions":165,"deletions":0}}}]},{"date":"2025-10-09T00:00:00","commitResults":[{"hash":"6418ace948ffd71dbfceecabc7c19bddd20aaa1b","isMergeCommit":true,"messageTitle":"Merge pull request #20 from ry-koh/branch-AddTaskListTest","messageBody":"Add TaskListTest for testing","fileTypesAndContributionMap":{}}]},{"date":"2025-10-11T00:00:00","commitResults":[{"hash":"2662df6ab099eae78b92f2f79b9d90505f2847a5","isMergeCommit":true,"messageTitle":"Merge pull request #21 from chongyaoo/Rem","messageBody":"Create Reminder (Rem) class and Reminder operations","fileTypesAndContributionMap":{}},{"hash":"f31d911d405d006f02475c7411ff9384397714d0","isMergeCommit":true,"messageTitle":"Merge pull request #24 from ry-koh/branch-Timer","messageBody":"Add timer","fileTypesAndContributionMap":{}},{"hash":"dddd35941944de5a6e590f89a40c4a34c1afb71a","isMergeCommit":false,"messageTitle":"Separated IndexValidator to be its own static class, fixed style issues","messageBody":"","fileTypesAndContributionMap":{"functional-code":{"insertions":43,"deletions":42},"test-code":{"insertions":142,"deletions":1}}}]}],"chongyaoo":[{"date":"2025-10-01T00:00:00","commitResults":[{"hash":"1fa33714e4f4c085f6d97ca661ad6cfde0d820e5","isMergeCommit":false,"messageTitle":"Change README","messageBody":"","fileTypesAndContributionMap":{"docs":{"insertions":1,"deletions":5}}},{"hash":"d9bbc883be94a25fa173f4b8ce9339549682dfae","isMergeCommit":false,"messageTitle":"Change name","messageBody":"","fileTypesAndContributionMap":{"docs":{"insertions":3,"deletions":3}}},{"hash":"ab10d2711bcbedd470095ca7f341dfb37e99c7ee","isMergeCommit":true,"messageTitle":"Merge branch \u0027master\u0027 into Ryan-AboutUs","messageBody":"","fileTypesAndContributionMap":{}},{"hash":"137c0289f0d1f64e82175e9eed8add10a10ec866","isMergeCommit":true,"messageTitle":"Merge pull request #6 from ry-koh/Ryan-AboutUs","messageBody":"Edit About Us to my name","fileTypesAndContributionMap":{}}]},{"date":"2025-10-11T00:00:00","commitResults":[{"hash":"9e3e664ad898a0918e421e2c23a6ac1d8c5bb5c3","isMergeCommit":false,"messageTitle":"Create Rem class, Rem operations","messageBody":"Create Rem class, and deal\n","fileTypesAndContributionMap":{"functional-code":{"insertions":253,"deletions":11}}}]}],"ry-koh":[{"date":"2025-09-28T00:00:00","commitResults":[{"hash":"b74f1e6f0d2d0ca8ad60623e661916290493ea5e","isMergeCommit":false,"messageTitle":"Add basic todo and deadline commands","messageBody":"","fileTypesAndContributionMap":{"functional-code":{"insertions":496,"deletions":15}}},{"hash":"a65b579e87c9b199cd2d1adf07119450da2ac067","isMergeCommit":false,"messageTitle":"Add mark, unmark and delete commands","messageBody":"","fileTypesAndContributionMap":{"functional-code":{"insertions":142,"deletions":38}}},{"hash":"6344c222b24b09a23c3597f22c25b402c62be7a0","isMergeCommit":true,"messageTitle":"Merge branch \u0027branch-Tasks\u0027","messageBody":"* branch-Tasks:\n  Add mark, unmark and delete commands\n  Add basic todo and deadline commands\n","fileTypesAndContributionMap":{}}]},{"date":"2025-09-29T00:00:00","commitResults":[{"hash":"b159f23f1207ba2367f215640d3b31b07378af49","isMergeCommit":true,"messageTitle":"Merge pull request #5 from Rayan-Wong/Update-index-parsing","messageBody":"","fileTypesAndContributionMap":{}}]},{"date":"2025-10-01T00:00:00","commitResults":[{"hash":"136a4b8dbe774e91cc76c301f3f58e6f6e098ec2","isMergeCommit":false,"messageTitle":"Edit About Us to my name","messageBody":"","fileTypesAndContributionMap":{"docs":{"insertions":3,"deletions":7}}},{"hash":"7f2c6fd54a907202c4f340709a3570d09d0364ea","isMergeCommit":false,"messageTitle":"Edit my portfolio project page to my name","messageBody":"","fileTypesAndContributionMap":{"docs":{"insertions":1,"deletions":1}}},{"hash":"2a01cf6f199be69601cf35c7b2a0de21b3e23f8c","isMergeCommit":true,"messageTitle":"Merge pull request #7 from chongyaoo/ChongYao-AboutUs","messageBody":"Edit ABOUTUS","fileTypesAndContributionMap":{}},{"hash":"a32ac373be90de6bb9b55de82e130642deb3438f","isMergeCommit":true,"messageTitle":"Merge branch \u0027master\u0027 into Hanyang-AboutUs","messageBody":"","fileTypesAndContributionMap":{}},{"hash":"f9aebc6abaf677235d3e1bf10d6962a22388e1f0","isMergeCommit":true,"messageTitle":"Merge pull request #8 from m-xrtin/Hanyang-AboutUs","messageBody":"Updated AboutUs.md and Johndoe.md","fileTypesAndContributionMap":{}}]},{"date":"2025-10-04T00:00:00","commitResults":[{"hash":"0c7fd7b1f6eb7d0060ed0ec08333d41411737a7a","isMergeCommit":true,"messageTitle":"Merge pull request #10 from Rayan-Wong/feat/integrate-datearg","messageBody":"","fileTypesAndContributionMap":{}}]},{"date":"2025-10-09T00:00:00","commitResults":[{"hash":"ec535b2ede4126eaf9fcd7f6997d2fcab1dcf25d","isMergeCommit":true,"messageTitle":"Merge pull request #18 from Rayan-Wong/feat/parser-tests","messageBody":"Fixed parser logic and regex for index ranges, added basic tests for parser","fileTypesAndContributionMap":{}},{"hash":"321f93b2f07422e7ce993944f5483a1c8c068dd5","isMergeCommit":false,"messageTitle":"Add TaskListTest for testing","messageBody":"","fileTypesAndContributionMap":{"functional-code":{"insertions":16,"deletions":1},"test-code":{"insertions":176,"deletions":0}}}]},{"date":"2025-10-11T00:00:00","commitResults":[{"hash":"d2cde8a48997ec2d92f101a56273bbc99d425214","isMergeCommit":false,"messageTitle":"Add timer","messageBody":"","fileTypesAndContributionMap":{"functional-code":{"insertions":419,"deletions":17},"test-code":{"insertions":3,"deletions":1}}},{"hash":"9b822ba72ea83bbac655ba3161a27cf1a3692f79","isMergeCommit":true,"messageTitle":"Merge pull request #25 from Rayan-Wong/feat/separate-index-parser","messageBody":"","fileTypesAndContributionMap":{}}]}],"m-xrtin":[{"date":"2025-10-01T00:00:00","commitResults":[{"hash":"dfb0ddfe718c99df083d9cbf076a77560e34c9a0","isMergeCommit":false,"messageTitle":"Updated AboutUs.md and Johndoe.md","messageBody":"","fileTypesAndContributionMap":{"docs":{"insertions":4,"deletions":7}}},{"hash":"2e446af77c7bb757049fa18f4570033f8b5ab033","isMergeCommit":true,"messageTitle":"Merge branch \u0027master\u0027 into Rayan-AboutUs","messageBody":"","fileTypesAndContributionMap":{}},{"hash":"4c76b9c2895b77cc06221ef161b39f988fabe5b5","isMergeCommit":true,"messageTitle":"Merge pull request #9 from Rayan-Wong/Rayan-AboutUs","messageBody":"Updated AboutUs.md","fileTypesAndContributionMap":{}}]},{"date":"2025-10-04T00:00:00","commitResults":[{"hash":"9124573ceaefef33a9d122b7c4a754daad5d9d40","isMergeCommit":false,"messageTitle":"Preliminary version of the task saving mechanic, now tasks are saved to a txt file, and read everytime the user reopens the app.","messageBody":"","fileTypesAndContributionMap":{"functional-code":{"insertions":123,"deletions":1}}},{"hash":"fe1bc51f6819e9f0b6aa8839eab56bd9770f54e2","isMergeCommit":false,"messageTitle":"Update: Now takes care of Deadline and Todo as separate objects","messageBody":"","fileTypesAndContributionMap":{"functional-code":{"insertions":31,"deletions":34}}}]}]},"authorFileTypeContributionMap":{"Rayan-Wong":{"docs":1,"functional-code":275,"test-code":308,"other":61},"chongyaoo":{"docs":1,"functional-code":226,"test-code":0},"ry-koh":{"docs":3,"functional-code":944,"test-code":178},"m-xrtin":{"docs":1,"functional-code":111,"test-code":0}},"authorContributionVariance":{"Rayan-Wong":5788.424,"chongyaoo":2892.5217,"ry-koh":27429.123,"m-xrtin":1482.7332},"authorDisplayNameMap":{"Rayan-Wong":"CS2113-W12-3 RAYA..WONG","chongyaoo":"CS2113-W12-3 ONG .. YAO","ry-koh":"CS2113-W12-3 RYAN.. HAO","m-xrtin":"CS2113-W12-3 MA H..YANG"}}
