{"authorDailyContributionsMap":{"Rayan-Wong":[{"date":"2025-09-22T00:00:00","commitResults":[{"hash":"c16d66a692ff7078aeac5a675588ab492a149bea","isMergeCommit":false,"messageTitle":"Added github workflows to notify tele channel of PRs and commits to master branch made","messageBody":"","fileTypesAndContributionMap":{"other":{"insertions":59,"deletions":0}}},{"hash":"0fc2f01571a28b6757357096d53a90889a57e855","isMergeCommit":true,"messageTitle":"Merge pull request #1 from Rayan-Wong/create-notification-workflows","messageBody":"Added github workflows to notify tele channel of PRs and commits to master branch made","fileTypesAndContributionMap":{}},{"hash":"55ab7f1173b500dccb7dcdc3a875d416ac23ac84","isMergeCommit":false,"messageTitle":"Fully renamed everything to StudyMate","messageBody":"","fileTypesAndContributionMap":{"functional-code":{"insertions":16,"deletions":21},"other":{"insertions":4,"deletions":4}}},{"hash":"7e68168adc45b838816f54fdeffb0edf33860068","isMergeCommit":false,"messageTitle":"Fixed pull request workflow","messageBody":"","fileTypesAndContributionMap":{"other":{"insertions":1,"deletions":1}}},{"hash":"c0b6f8010f5e8b1a18a9438365bc810cfa8fe295","isMergeCommit":false,"messageTitle":"Fixed tests","messageBody":"","fileTypesAndContributionMap":{"functional-code":{"insertions":1,"deletions":1}}},{"hash":"518b33b76135441867b4ab766d80e099b9d003e5","isMergeCommit":true,"messageTitle":"Merge pull request #2 from Rayan-Wong/rename-to-studymate","messageBody":"Fully renamed everything to StudyMate","fileTypesAndContributionMap":{}},{"hash":"67a9f11dc7751ec63937db01ec8a2a1fce025f84","isMergeCommit":false,"messageTitle":"Added CommandType enums and Command skeleton, created parser skeleton and main loop skeleton, fixed tests a bit","messageBody":"","fileTypesAndContributionMap":{"functional-code":{"insertions":64,"deletions":4}}}]},{"date":"2025-09-23T00:00:00","commitResults":[{"hash":"3b32192a244d5f3447ee22d1c380ce7460aff559","isMergeCommit":true,"messageTitle":"Merge pull request #3 from Rayan-Wong/setup-commands","messageBody":"Added CommandType enums and Command skeleton, created parser skeleton and main loop skeleton, fixed tests a bit","fileTypesAndContributionMap":{}}]},{"date":"2025-09-28T00:00:00","commitResults":[{"hash":"9495449f4107ee6dd07af4a8a83acc4a88e52e42","isMergeCommit":true,"messageTitle":"Merge pull request #4 from ry-koh/master","messageBody":"Add basic functions","fileTypesAndContributionMap":{}}]},{"date":"2025-09-29T00:00:00","commitResults":[{"hash":"32176bdb0c701d826d55d5c6bb93f4b5be55e970","isMergeCommit":false,"messageTitle":"Parser is now a non-static class, so it is instantiated at StudyMate.java. Added parseIndexRange() for INDEX_SPEC syntax support.","messageBody":"","fileTypesAndContributionMap":{"functional-code":{"insertions":94,"deletions":25}}},{"hash":"302a3d4e5b0a1873f48040c8582f199efc47fa63","isMergeCommit":false,"messageTitle":"Parser is now a non-static class, so it is instantiated at StudyMate.java. Added parseIndexRange() for INDEX_SPEC syntax support.","messageBody":"","fileTypesAndContributionMap":{"functional-code":{"insertions":1,"deletions":1}}},{"hash":"118e4b47a48c929324274b9cbb2f578c7d24540c","isMergeCommit":false,"messageTitle":"Parser is now a non-static class, so it is instantiated at StudyMate.java. Added parseIndexRange() for INDEX_SPEC syntax support.","messageBody":"","fileTypesAndContributionMap":{"functional-code":{"insertions":2,"deletions":2}}}]},{"date":"2025-10-01T00:00:00","commitResults":[{"hash":"c8298c2d9aa41b5cba57c8fa84aa0a24525702a0","isMergeCommit":false,"messageTitle":"Updated AboutUs.md","messageBody":"","fileTypesAndContributionMap":{"docs":{"insertions":4,"deletions":7}}}]},{"date":"2025-10-03T00:00:00","commitResults":[{"hash":"f2f70a30143e5acaa94c676a051739130eab5320","isMergeCommit":false,"messageTitle":"- Replace string-based date handling with DateTimeArg class - Add index parsing supporting the multiple formats:   * Single numbers: \"5\" → index 4   * Comma-separated: \"1,3,5\" → indices 0,2,4   * Range notation: \"2...5\" → indices 1,2,3,4   * Mixed formats: \"1,3...5,7\" - Update Command constructors to accept DateTimeArg parameters - Enhance TaskList operations (mark/unmark/delete) for bulk operations - Add validation for index ranges and duplicate prevention - Maintain order with LinkedHashSet for consistent task operations","messageBody":"","fileTypesAndContributionMap":{"functional-code":{"insertions":119,"deletions":86}}}]},{"date":"2025-10-04T00:00:00","commitResults":[{"hash":"0eb1a30976134cbf506fc018afb7739978b6fcc9","isMergeCommit":true,"messageTitle":"Merge pull request #14 from m-xrtin/feat/saving","messageBody":"Storage v2","fileTypesAndContributionMap":{}}]},{"date":"2025-10-05T00:00:00","commitResults":[{"hash":"108f3a68f4249d79d9e575f9bd2500762e3735fc","isMergeCommit":false,"messageTitle":"Fixed tests, fixed datetime parsing, fixed style guide deviations","messageBody":"","fileTypesAndContributionMap":{"functional-code":{"insertions":36,"deletions":22}}}]},{"date":"2025-10-07T00:00:00","commitResults":[{"hash":"8e3de67655b878a6499e5aaf2b479bde4ff816e6","isMergeCommit":true,"messageTitle":"Merge pull request #17 from Rayan-Wong/feat/fix-gradle","messageBody":"Fixed tests, fixed datetime parsing, fixed style guide deviations","fileTypesAndContributionMap":{}}]},{"date":"2025-10-08T00:00:00","commitResults":[{"hash":"4552505acfbfe0d59505ee8c5b6cf55f76021dd6","isMergeCommit":false,"messageTitle":"Fixed parser logic and regex for index ranges, added basic tests for parser","messageBody":"","fileTypesAndContributionMap":{"functional-code":{"insertions":5,"deletions":5},"test-code":{"insertions":165,"deletions":0}}}]},{"date":"2025-10-09T00:00:00","commitResults":[{"hash":"6418ace948ffd71dbfceecabc7c19bddd20aaa1b","isMergeCommit":true,"messageTitle":"Merge pull request #20 from ry-koh/branch-AddTaskListTest","messageBody":"Add TaskListTest for testing","fileTypesAndContributionMap":{}}]},{"date":"2025-10-11T00:00:00","commitResults":[{"hash":"2662df6ab099eae78b92f2f79b9d90505f2847a5","isMergeCommit":true,"messageTitle":"Merge pull request #21 from chongyaoo/Rem","messageBody":"Create Reminder (Rem) class and Reminder operations","fileTypesAndContributionMap":{}},{"hash":"f31d911d405d006f02475c7411ff9384397714d0","isMergeCommit":true,"messageTitle":"Merge pull request #24 from ry-koh/branch-Timer","messageBody":"Add timer","fileTypesAndContributionMap":{}},{"hash":"dddd35941944de5a6e590f89a40c4a34c1afb71a","isMergeCommit":false,"messageTitle":"Separated IndexValidator to be its own static class, fixed style issues","messageBody":"","fileTypesAndContributionMap":{"functional-code":{"insertions":43,"deletions":42},"test-code":{"insertions":142,"deletions":1}}}]},{"date":"2025-10-12T00:00:00","commitResults":[{"hash":"1104ab1a4d6b7eb03d22020a92f6d32147f2e061","isMergeCommit":true,"messageTitle":"Merge pull request #26 from ry-koh/branch-Timer-2","messageBody":"Add UI messages for Timer and add JUnit tests for Timer","fileTypesAndContributionMap":{}}]},{"date":"2025-10-13T00:00:00","commitResults":[{"hash":"0eedbe2b8ba9deac02c6af66275438f949f3c4d6","isMergeCommit":true,"messageTitle":"Merge pull request #28 from chongyaoo/Rem-Functionalities","messageBody":"Add JUnit tests for Rem","fileTypesAndContributionMap":{}},{"hash":"dbbcead4f9a05556169169d08ca36413facd7815","isMergeCommit":true,"messageTitle":"Merge pull request #29 from m-xrtin/feat/saving2","messageBody":"Feat/saving2","fileTypesAndContributionMap":{}},{"hash":"cf6a5beb8372709ccb5663145c7825b6642dd09c","isMergeCommit":false,"messageTitle":"Fixed DateTimeArg toString to now not have T if no time arg is given, fixed code style issues, fixed storage parsing issues","messageBody":"","fileTypesAndContributionMap":{"functional-code":{"insertions":7,"deletions":9},"test-code":{"insertions":33,"deletions":27}}},{"hash":"156384ffaed4f05779641c395cb767a007b91a19","isMergeCommit":false,"messageTitle":"Updated integration test, fixed parser to properly throw exception if no indexes given","messageBody":"","fileTypesAndContributionMap":{"functional-code":{"insertions":1,"deletions":1},"other":{"insertions":6,"deletions":1}}},{"hash":"bea8250c81b10d372d6657aea529c79c64c81c2c","isMergeCommit":false,"messageTitle":"Made timer format consistent for start, pause, resume","messageBody":"","fileTypesAndContributionMap":{"functional-code":{"insertions":8,"deletions":9}}},{"hash":"d71549122273a41d55897de95f42ccfbcd8d28a5","isMergeCommit":false,"messageTitle":"Fixed toString for DateTimeArg by removing space char if either arg is empty","messageBody":"","fileTypesAndContributionMap":{"functional-code":{"insertions":35,"deletions":21}}},{"hash":"a7af7fea1bc96326f093e48e79a0a86215c41bfa","isMergeCommit":false,"messageTitle":"Fixed integration test and spacing on reminders","messageBody":"","fileTypesAndContributionMap":{"functional-code":{"insertions":2,"deletions":2}}},{"hash":"f151caf1b7ae75e5ef13bfeea403f57652cf6054","isMergeCommit":false,"messageTitle":"Updated build.gradle to show code coverage in terminal (for github actions to see etc)","messageBody":"","fileTypesAndContributionMap":{"other":{"insertions":67,"deletions":0}}},{"hash":"ccba844affeeae161620d03208ccb566c5f6cbaf","isMergeCommit":false,"messageTitle":"Updated build.gradle to show code coverage in terminal (for github actions to see etc)","messageBody":"","fileTypesAndContributionMap":{"other":{"insertions":17,"deletions":5}}},{"hash":"0ef6e679fd913851d0be821a089d7972e3cdcae4","isMergeCommit":false,"messageTitle":"Increased testing coverage for Parser","messageBody":"","fileTypesAndContributionMap":{"functional-code":{"insertions":1,"deletions":1},"test-code":{"insertions":185,"deletions":0}}},{"hash":"0c13145f6079c38b883919169646435fa1167844","isMergeCommit":false,"messageTitle":"Added more constructors for Command for timer, added timer parsing tests","messageBody":"","fileTypesAndContributionMap":{"functional-code":{"insertions":15,"deletions":7},"test-code":{"insertions":328,"deletions":0}}}]},{"date":"2025-10-14T00:00:00","commitResults":[{"hash":"0b8d78edb843a14e9a8b963dbca971e41f655806","isMergeCommit":false,"messageTitle":"Added logging and assertions for parser","messageBody":"","fileTypesAndContributionMap":{"functional-code":{"insertions":15,"deletions":2}}},{"hash":"d5c917d5fe86998c26fc377a7090aa570ff517b6","isMergeCommit":true,"messageTitle":"Merge pull request #37 from chongyaoo/Rem-Functionalities","messageBody":"Add Schedule Interface, Scheduler class","fileTypesAndContributionMap":{}},{"hash":"b5fc65d4c3ad2e30c642be485531d70465cccab3","isMergeCommit":false,"messageTitle":"Added logging and assertions for parser","messageBody":"","fileTypesAndContributionMap":{"functional-code":{"insertions":15,"deletions":2}}},{"hash":"5db5c9ca421387d1b19d0f4c7a82bc3d5c159ab9","isMergeCommit":true,"messageTitle":"Merge remote-tracking branch \u0027origin/feat/logging-assertions-parsing\u0027 into feat/logging-assertions-parsing","messageBody":"","fileTypesAndContributionMap":{}},{"hash":"0c77fd57c771732b00e48820786827c5666eb09b","isMergeCommit":false,"messageTitle":"Fixed imports","messageBody":"","fileTypesAndContributionMap":{"test-code":{"insertions":2,"deletions":2}}}]},{"date":"2025-10-15T00:00:00","commitResults":[{"hash":"efd49070b5f30a6dfdf39ea5b18ce46a6279685e","isMergeCommit":true,"messageTitle":"Merge pull request #40 from m-xrtin/feat/saving3","messageBody":"Added a few preliminary assertions","fileTypesAndContributionMap":{}},{"hash":"dde6bc638e02127b72d41f1843d2f0840e0ded3f","isMergeCommit":true,"messageTitle":"Merge pull request #39 from chongyaoo/Rem-Functionalities","messageBody":"Update Command, Parser, Schedule, Reminder for Reminders","fileTypesAndContributionMap":{}},{"hash":"b505033e4daaca30c76ddd8ea1c1315bda594b45","isMergeCommit":true,"messageTitle":"Merge pull request #38 from ry-koh/branch-TaskMessaging","messageBody":"Add hello message and shift message sending to command handler","fileTypesAndContributionMap":{}}]},{"date":"2025-10-16T00:00:00","commitResults":[{"hash":"b6204ae92fb13fbc08d7a393e2fc753ef1d06d07","isMergeCommit":false,"messageTitle":"Added per-class instruction and branch coverage, improved code style, updated E2E tests, simplified hello message","messageBody":"","fileTypesAndContributionMap":{"functional-code":{"insertions":49,"deletions":50},"other":{"insertions":59,"deletions":1},"test-code":{"insertions":6,"deletions":6}}},{"hash":"cb0b5a79fab037bf69424550a52a3d1dcf2df4e2","isMergeCommit":true,"messageTitle":"Merge pull request #42 from ry-koh/branch-AddAssertionsAndLogging","messageBody":"Added Assertions and Logging to TaskList and Timer","fileTypesAndContributionMap":{}}]},{"date":"2025-10-17T00:00:00","commitResults":[{"hash":"b2d3a2bf607b2aeb0764354c05455a79898daab3","isMergeCommit":true,"messageTitle":"Merge pull request #43 from chongyaoo/Rem-Functionalities","messageBody":"Update ReminderList.java","fileTypesAndContributionMap":{}}]},{"date":"2025-10-18T00:00:00","commitResults":[{"hash":"eacb446c57eb78b6e72b2667f469ee4f99ac77be","isMergeCommit":true,"messageTitle":"Merge pull request #44 from ry-koh/branch-TaskAbstractClass","messageBody":"Change Task Class to Abstract Class","fileTypesAndContributionMap":{}}]},{"date":"2025-10-19T00:00:00","commitResults":[{"hash":"6950a006d2b26cb926e18e71fd17a701f66af39d","isMergeCommit":false,"messageTitle":"Updated time formatting to only show up to seconds, fixed scheduler functionality to periodically check reminders","messageBody":"","fileTypesAndContributionMap":{"functional-code":{"insertions":68,"deletions":9},"test-code":{"insertions":389,"deletions":0}}},{"hash":"f6d3885f69d6c537ccf111d793b563d64a1021af","isMergeCommit":false,"messageTitle":"Updated DeveloperGuide.md","messageBody":"","fileTypesAndContributionMap":{"docs":{"insertions":130,"deletions":0}}},{"hash":"044df2fb2de63f6acad4047bbdc9eb26939c32cc","isMergeCommit":false,"messageTitle":"Enabled assertions in build.gradle for test and run","messageBody":"","fileTypesAndContributionMap":{"other":{"insertions":3,"deletions":2}}},{"hash":"33667da0b4fac0fe97ac84e1bed7ca96a38a5b0e","isMergeCommit":false,"messageTitle":"Added event, added loading and saving reminders, changed delimiters for loading and saving to better guard against bad input","messageBody":"","fileTypesAndContributionMap":{"functional-code":{"insertions":230,"deletions":57},"test-code":{"insertions":302,"deletions":6}}}]},{"date":"2025-10-20T00:00:00","commitResults":[{"hash":"6268a383448a974a7a78f2a1c891e5ef3bee5158","isMergeCommit":false,"messageTitle":"Added synchronization to tick() and reminderList operations to prevent data races","messageBody":"","fileTypesAndContributionMap":{"functional-code":{"insertions":7,"deletions":7}}}]},{"date":"2025-10-21T00:00:00","commitResults":[{"hash":"3ec36e2c9307ecd8c87d7be9bdb180618d0f01e2","isMergeCommit":false,"messageTitle":"Fixed logging logic for delete()","messageBody":"","fileTypesAndContributionMap":{"functional-code":{"insertions":3,"deletions":5}}},{"hash":"a6352f516c0a35f396274e838507d9e9f8749b9c","isMergeCommit":true,"messageTitle":"Merge pull request #46 from Rayan-Wong/feat/invoke_scheduler","messageBody":"Updated time formatting to only show up to seconds, fixed scheduler functionality to periodically check reminders, updated DG for parser, enabled assertions in build.gradle, added events, added loading and saving of reminders, changed delimiter for saving to and loading from file to better protect against bad inputs","fileTypesAndContributionMap":{}}]}],"chongyaoo":[{"date":"2025-10-01T00:00:00","commitResults":[{"hash":"1fa33714e4f4c085f6d97ca661ad6cfde0d820e5","isMergeCommit":false,"messageTitle":"Change README","messageBody":"","fileTypesAndContributionMap":{"docs":{"insertions":1,"deletions":5}}},{"hash":"d9bbc883be94a25fa173f4b8ce9339549682dfae","isMergeCommit":false,"messageTitle":"Change name","messageBody":"","fileTypesAndContributionMap":{"docs":{"insertions":3,"deletions":3}}},{"hash":"ab10d2711bcbedd470095ca7f341dfb37e99c7ee","isMergeCommit":true,"messageTitle":"Merge branch \u0027master\u0027 into Ryan-AboutUs","messageBody":"","fileTypesAndContributionMap":{}},{"hash":"137c0289f0d1f64e82175e9eed8add10a10ec866","isMergeCommit":true,"messageTitle":"Merge pull request #6 from ry-koh/Ryan-AboutUs","messageBody":"Edit About Us to my name","fileTypesAndContributionMap":{}}]},{"date":"2025-10-11T00:00:00","commitResults":[{"hash":"9e3e664ad898a0918e421e2c23a6ac1d8c5bb5c3","isMergeCommit":false,"messageTitle":"Create Rem class, Rem operations","messageBody":"Create Rem class, and deal\n","fileTypesAndContributionMap":{"functional-code":{"insertions":253,"deletions":11}}}]},{"date":"2025-10-12T00:00:00","commitResults":[{"hash":"b439ea89adf86303310fb3749ddaa1917991fecd","isMergeCommit":false,"messageTitle":"Add JUnit tests for Rem","messageBody":"Add JUnit tests for Rem Delete and Rem Add\n","fileTypesAndContributionMap":{"functional-code":{"insertions":16,"deletions":11},"test-code":{"insertions":92,"deletions":0}}}]},{"date":"2025-10-14T00:00:00","commitResults":[{"hash":"6bfc74a6f9cdde222c13c6e9876646222bf9ecea","isMergeCommit":false,"messageTitle":"Add Schedule Interface, Scheduler class","messageBody":"OneTimeSchedule and RecurringSchedule implement Schedule Interface, dealing with both types of Reminder differently\n\nScheduler triggers each Reminder to be reminded\n","fileTypesAndContributionMap":{"functional-code":{"insertions":187,"deletions":12},"other":{"insertions":15,"deletions":3},"test-code":{"insertions":0,"deletions":2}}}]},{"date":"2025-10-15T00:00:00","commitResults":[{"hash":"d3c8bee88d0e8eb351a0d20d66b86234df762906","isMergeCommit":false,"messageTitle":"Update Command, Parser, Schedule, Reminder for Reminders","messageBody":"Update parsing process for rem. Command uses -r flag for recurring, and requires an input of reminderInterval.\nUpdate Reminder, OneTimeSchedule, and RecurringSchedule classes\n","fileTypesAndContributionMap":{"functional-code":{"insertions":186,"deletions":28}}}]},{"date":"2025-10-17T00:00:00","commitResults":[{"hash":"22f0a9359f8d26fd81b65bfa9f84f7320abcee12","isMergeCommit":false,"messageTitle":"Update ReminderList.java","messageBody":"Add assertions for reminderList\n","fileTypesAndContributionMap":{"functional-code":{"insertions":11,"deletions":1}}}]}],"ry-koh":[{"date":"2025-09-28T00:00:00","commitResults":[{"hash":"b74f1e6f0d2d0ca8ad60623e661916290493ea5e","isMergeCommit":false,"messageTitle":"Add basic todo and deadline commands","messageBody":"","fileTypesAndContributionMap":{"functional-code":{"insertions":496,"deletions":15}}},{"hash":"a65b579e87c9b199cd2d1adf07119450da2ac067","isMergeCommit":false,"messageTitle":"Add mark, unmark and delete commands","messageBody":"","fileTypesAndContributionMap":{"functional-code":{"insertions":142,"deletions":38}}},{"hash":"6344c222b24b09a23c3597f22c25b402c62be7a0","isMergeCommit":true,"messageTitle":"Merge branch \u0027branch-Tasks\u0027","messageBody":"* branch-Tasks:\n  Add mark, unmark and delete commands\n  Add basic todo and deadline commands\n","fileTypesAndContributionMap":{}}]},{"date":"2025-09-29T00:00:00","commitResults":[{"hash":"b159f23f1207ba2367f215640d3b31b07378af49","isMergeCommit":true,"messageTitle":"Merge pull request #5 from Rayan-Wong/Update-index-parsing","messageBody":"","fileTypesAndContributionMap":{}}]},{"date":"2025-10-01T00:00:00","commitResults":[{"hash":"136a4b8dbe774e91cc76c301f3f58e6f6e098ec2","isMergeCommit":false,"messageTitle":"Edit About Us to my name","messageBody":"","fileTypesAndContributionMap":{"docs":{"insertions":3,"deletions":7}}},{"hash":"7f2c6fd54a907202c4f340709a3570d09d0364ea","isMergeCommit":false,"messageTitle":"Edit my portfolio project page to my name","messageBody":"","fileTypesAndContributionMap":{"docs":{"insertions":1,"deletions":1}}},{"hash":"2a01cf6f199be69601cf35c7b2a0de21b3e23f8c","isMergeCommit":true,"messageTitle":"Merge pull request #7 from chongyaoo/ChongYao-AboutUs","messageBody":"Edit ABOUTUS","fileTypesAndContributionMap":{}},{"hash":"a32ac373be90de6bb9b55de82e130642deb3438f","isMergeCommit":true,"messageTitle":"Merge branch \u0027master\u0027 into Hanyang-AboutUs","messageBody":"","fileTypesAndContributionMap":{}},{"hash":"f9aebc6abaf677235d3e1bf10d6962a22388e1f0","isMergeCommit":true,"messageTitle":"Merge pull request #8 from m-xrtin/Hanyang-AboutUs","messageBody":"Updated AboutUs.md and Johndoe.md","fileTypesAndContributionMap":{}}]},{"date":"2025-10-04T00:00:00","commitResults":[{"hash":"0c7fd7b1f6eb7d0060ed0ec08333d41411737a7a","isMergeCommit":true,"messageTitle":"Merge pull request #10 from Rayan-Wong/feat/integrate-datearg","messageBody":"","fileTypesAndContributionMap":{}}]},{"date":"2025-10-09T00:00:00","commitResults":[{"hash":"ec535b2ede4126eaf9fcd7f6997d2fcab1dcf25d","isMergeCommit":true,"messageTitle":"Merge pull request #18 from Rayan-Wong/feat/parser-tests","messageBody":"Fixed parser logic and regex for index ranges, added basic tests for parser","fileTypesAndContributionMap":{}},{"hash":"321f93b2f07422e7ce993944f5483a1c8c068dd5","isMergeCommit":false,"messageTitle":"Add TaskListTest for testing","messageBody":"","fileTypesAndContributionMap":{"functional-code":{"insertions":16,"deletions":1},"test-code":{"insertions":176,"deletions":0}}}]},{"date":"2025-10-11T00:00:00","commitResults":[{"hash":"d2cde8a48997ec2d92f101a56273bbc99d425214","isMergeCommit":false,"messageTitle":"Add timer","messageBody":"","fileTypesAndContributionMap":{"functional-code":{"insertions":419,"deletions":17},"test-code":{"insertions":3,"deletions":1}}},{"hash":"9b822ba72ea83bbac655ba3161a27cf1a3692f79","isMergeCommit":true,"messageTitle":"Merge pull request #25 from Rayan-Wong/feat/separate-index-parser","messageBody":"","fileTypesAndContributionMap":{}}]},{"date":"2025-10-12T00:00:00","commitResults":[{"hash":"83ece706514111d22b217529827c4a415b8b588a","isMergeCommit":false,"messageTitle":"Add UI messages for timer","messageBody":"","fileTypesAndContributionMap":{"functional-code":{"insertions":75,"deletions":46}}},{"hash":"0b5fa97ac98130242450f1496be8611f9e9acec3","isMergeCommit":false,"messageTitle":"Add JUnit tests for Timer","messageBody":"","fileTypesAndContributionMap":{"functional-code":{"insertions":7,"deletions":1},"test-code":{"insertions":258,"deletions":0}}},{"hash":"71f050fbccbf172f96590c93da344f944bf3c1cb","isMergeCommit":false,"messageTitle":"Small formatting edits","messageBody":"","fileTypesAndContributionMap":{"functional-code":{"insertions":0,"deletions":1},"test-code":{"insertions":5,"deletions":5}}},{"hash":"e72ed71730bfa26ae150522a8c9c2e028564f28c","isMergeCommit":false,"messageTitle":"Small formatting edit","messageBody":"","fileTypesAndContributionMap":{"test-code":{"insertions":4,"deletions":8}}},{"hash":"66bfffb068a7db75b0c9f55a8b776614c2259ef9","isMergeCommit":false,"messageTitle":"Another small formatting edit","messageBody":"","fileTypesAndContributionMap":{"test-code":{"insertions":4,"deletions":3}}},{"hash":"80b4dba7e60f1388534d9d661870d16ef45f0ea5","isMergeCommit":false,"messageTitle":"One more small formatting edit","messageBody":"","fileTypesAndContributionMap":{"test-code":{"insertions":1,"deletions":1}}}]},{"date":"2025-10-13T00:00:00","commitResults":[{"hash":"a03fb61a2e7314c1d70c9d355e9e461a33e4feca","isMergeCommit":true,"messageTitle":"Merge pull request #30 from Rayan-Wong/feat/compile-fixes","messageBody":"","fileTypesAndContributionMap":{}},{"hash":"52ee1223b19c41ce8722cfae0e11b368ed8ec7c4","isMergeCommit":true,"messageTitle":"Merge pull request #31 from Rayan-Wong/feat/integration-test-v1","messageBody":"","fileTypesAndContributionMap":{}}]},{"date":"2025-10-14T00:00:00","commitResults":[{"hash":"c44327cc135c52899751f3b5229e574dbe8409f1","isMergeCommit":true,"messageTitle":"Merge pull request #32 from Rayan-Wong/feat/more-bugfixes-v1","messageBody":"","tags":["v1"],"fileTypesAndContributionMap":{}},{"hash":"8c945e21ee36c422e93d848b208e774dc8ba2057","isMergeCommit":true,"messageTitle":"Merge pull request #36 from Rayan-Wong/feat/logging-assertions-parsing","messageBody":"","fileTypesAndContributionMap":{}}]},{"date":"2025-10-15T00:00:00","commitResults":[{"hash":"b9a890f650d6f8b3d5aa40e5a32fe9634ce80412","isMergeCommit":false,"messageTitle":"Add hello message and shift message sending to command handler","messageBody":"","fileTypesAndContributionMap":{"functional-code":{"insertions":16,"deletions":3}}}]},{"date":"2025-10-16T00:00:00","commitResults":[{"hash":"9a18f2c61e8ce0fa43776f7bb490831d2a8ef581","isMergeCommit":true,"messageTitle":"Merge pull request #41 from Rayan-Wong/feat/update-gradle","messageBody":"Added per-class instruction and branch coverage, improved code style, updated E2E tests, simplified hello message","fileTypesAndContributionMap":{}},{"hash":"da55c17996019a77b827ba7bd48eda2115d6f604","isMergeCommit":false,"messageTitle":"Added Assertions and Logging to TaskList and Timer","messageBody":"","fileTypesAndContributionMap":{"functional-code":{"insertions":65,"deletions":18}}},{"hash":"82269517be5b7624119610c5f4649943baa96a62","isMergeCommit":false,"messageTitle":"Update test cases to use getDone","messageBody":"","fileTypesAndContributionMap":{"test-code":{"insertions":13,"deletions":13}}},{"hash":"1bfbc67a3a7f039f5efff91ef1b7b7db1cc690ad","isMergeCommit":false,"messageTitle":"Debug timer test cases","messageBody":"","fileTypesAndContributionMap":{"functional-code":{"insertions":11,"deletions":6},"test-code":{"insertions":4,"deletions":3}}},{"hash":"2bf1e59fdb7bee7922c402d65b8516cdb74da546","isMergeCommit":false,"messageTitle":"Small formatting edit","messageBody":"","fileTypesAndContributionMap":{"functional-code":{"insertions":2,"deletions":2}}},{"hash":"b83693f0891661029b3d2f49fc94a5d04f8fe581","isMergeCommit":false,"messageTitle":"Small formatting edit","messageBody":"","fileTypesAndContributionMap":{"functional-code":{"insertions":2,"deletions":3}}},{"hash":"e7db208db6b5d50e0ef4d5a6ff554eed2521063e","isMergeCommit":false,"messageTitle":"Small debug","messageBody":"","fileTypesAndContributionMap":{"functional-code":{"insertions":1,"deletions":0}}},{"hash":"6a5d181446c892294ea9a88eb2413acd6f55ec9a","isMergeCommit":false,"messageTitle":"Debug timer reset and scheduler logic","messageBody":"","fileTypesAndContributionMap":{"functional-code":{"insertions":12,"deletions":4}}}]},{"date":"2025-10-18T00:00:00","commitResults":[{"hash":"4ca6d2461f51d33a88af1853c1510e2b36358ac1","isMergeCommit":false,"messageTitle":"Change Task Class to Abstract Class","messageBody":"","fileTypesAndContributionMap":{"functional-code":{"insertions":2,"deletions":4}}}]}],"m-xrtin":[{"date":"2025-10-01T00:00:00","commitResults":[{"hash":"dfb0ddfe718c99df083d9cbf076a77560e34c9a0","isMergeCommit":false,"messageTitle":"Updated AboutUs.md and Johndoe.md","messageBody":"","fileTypesAndContributionMap":{"docs":{"insertions":4,"deletions":7}}},{"hash":"2e446af77c7bb757049fa18f4570033f8b5ab033","isMergeCommit":true,"messageTitle":"Merge branch \u0027master\u0027 into Rayan-AboutUs","messageBody":"","fileTypesAndContributionMap":{}},{"hash":"4c76b9c2895b77cc06221ef161b39f988fabe5b5","isMergeCommit":true,"messageTitle":"Merge pull request #9 from Rayan-Wong/Rayan-AboutUs","messageBody":"Updated AboutUs.md","fileTypesAndContributionMap":{}}]},{"date":"2025-10-04T00:00:00","commitResults":[{"hash":"9124573ceaefef33a9d122b7c4a754daad5d9d40","isMergeCommit":false,"messageTitle":"Preliminary version of the task saving mechanic, now tasks are saved to a txt file, and read everytime the user reopens the app.","messageBody":"","fileTypesAndContributionMap":{"functional-code":{"insertions":123,"deletions":1}}},{"hash":"fe1bc51f6819e9f0b6aa8839eab56bd9770f54e2","isMergeCommit":false,"messageTitle":"Update: Now takes care of Deadline and Todo as separate objects","messageBody":"","fileTypesAndContributionMap":{"functional-code":{"insertions":31,"deletions":34}}}]},{"date":"2025-10-12T00:00:00","commitResults":[{"hash":"fdd8200e0417a7d1f68777689e6ba85a1334a97d","isMergeCommit":false,"messageTitle":"Provided some basic JUnit tests for the storage class","messageBody":"","fileTypesAndContributionMap":{"test-code":{"insertions":94,"deletions":0}}}]},{"date":"2025-10-13T00:00:00","commitResults":[{"hash":"4afc7d5dda229f8a964b6b50bfdc4e7dfe457c3a","isMergeCommit":false,"messageTitle":"Amended storage so that it can save a reminder","messageBody":"","fileTypesAndContributionMap":{"functional-code":{"insertions":90,"deletions":12}}}]},{"date":"2025-10-15T00:00:00","commitResults":[{"hash":"bb73bc4dcd631ba08bd18a3ebef4265e4e802b85","isMergeCommit":false,"messageTitle":"Added a few preliminary assertions","messageBody":"","fileTypesAndContributionMap":{"functional-code":{"insertions":2,"deletions":0}}}]}]},"authorFileTypeContributionMap":{"Rayan-Wong":{"docs":131,"functional-code":658,"test-code":1545,"other":206},"chongyaoo":{"docs":1,"functional-code":540,"test-code":82},"ry-koh":{"docs":3,"functional-code":1008,"test-code":436},"m-xrtin":{"docs":1,"functional-code":156,"test-code":67}},"authorContributionVariance":{"Rayan-Wong":59032.668,"chongyaoo":4743.0366,"ry-koh":24114.604,"m-xrtin":1523.814},"authorDisplayNameMap":{"Rayan-Wong":"CS2113-W12-3 RAYA..WONG","chongyaoo":"CS2113-W12-3 ONG .. YAO","ry-koh":"CS2113-W12-3 RYAN.. HAO","m-xrtin":"CS2113-W12-3 MA H..YANG"}}
