{"authorDailyContributionsMap":{"Rayan-Wong":[{"date":"2025-09-22T00:00:00","commitResults":[{"hash":"c16d66a692ff7078aeac5a675588ab492a149bea","isMergeCommit":false,"messageTitle":"Added github workflows to notify tele channel of PRs and commits to master branch made","messageBody":"","fileTypesAndContributionMap":{"other":{"insertions":59,"deletions":0}}},{"hash":"0fc2f01571a28b6757357096d53a90889a57e855","isMergeCommit":true,"messageTitle":"Merge pull request #1 from Rayan-Wong/create-notification-workflows","messageBody":"Added github workflows to notify tele channel of PRs and commits to master branch made","fileTypesAndContributionMap":{}},{"hash":"55ab7f1173b500dccb7dcdc3a875d416ac23ac84","isMergeCommit":false,"messageTitle":"Fully renamed everything to StudyMate","messageBody":"","fileTypesAndContributionMap":{"functional-code":{"insertions":16,"deletions":21},"other":{"insertions":4,"deletions":4}}},{"hash":"7e68168adc45b838816f54fdeffb0edf33860068","isMergeCommit":false,"messageTitle":"Fixed pull request workflow","messageBody":"","fileTypesAndContributionMap":{"other":{"insertions":1,"deletions":1}}},{"hash":"c0b6f8010f5e8b1a18a9438365bc810cfa8fe295","isMergeCommit":false,"messageTitle":"Fixed tests","messageBody":"","fileTypesAndContributionMap":{"functional-code":{"insertions":1,"deletions":1}}},{"hash":"518b33b76135441867b4ab766d80e099b9d003e5","isMergeCommit":true,"messageTitle":"Merge pull request #2 from Rayan-Wong/rename-to-studymate","messageBody":"Fully renamed everything to StudyMate","fileTypesAndContributionMap":{}},{"hash":"67a9f11dc7751ec63937db01ec8a2a1fce025f84","isMergeCommit":false,"messageTitle":"Added CommandType enums and Command skeleton, created parser skeleton and main loop skeleton, fixed tests a bit","messageBody":"","fileTypesAndContributionMap":{"functional-code":{"insertions":64,"deletions":4}}}]},{"date":"2025-09-23T00:00:00","commitResults":[{"hash":"3b32192a244d5f3447ee22d1c380ce7460aff559","isMergeCommit":true,"messageTitle":"Merge pull request #3 from Rayan-Wong/setup-commands","messageBody":"Added CommandType enums and Command skeleton, created parser skeleton and main loop skeleton, fixed tests a bit","fileTypesAndContributionMap":{}}]},{"date":"2025-09-28T00:00:00","commitResults":[{"hash":"9495449f4107ee6dd07af4a8a83acc4a88e52e42","isMergeCommit":true,"messageTitle":"Merge pull request #4 from ry-koh/master","messageBody":"Add basic functions","fileTypesAndContributionMap":{}}]},{"date":"2025-09-29T00:00:00","commitResults":[{"hash":"32176bdb0c701d826d55d5c6bb93f4b5be55e970","isMergeCommit":false,"messageTitle":"Parser is now a non-static class, so it is instantiated at StudyMate.java. Added parseIndexRange() for INDEX_SPEC syntax support.","messageBody":"","fileTypesAndContributionMap":{"functional-code":{"insertions":94,"deletions":25}}},{"hash":"302a3d4e5b0a1873f48040c8582f199efc47fa63","isMergeCommit":false,"messageTitle":"Parser is now a non-static class, so it is instantiated at StudyMate.java. Added parseIndexRange() for INDEX_SPEC syntax support.","messageBody":"","fileTypesAndContributionMap":{"functional-code":{"insertions":1,"deletions":1}}},{"hash":"118e4b47a48c929324274b9cbb2f578c7d24540c","isMergeCommit":false,"messageTitle":"Parser is now a non-static class, so it is instantiated at StudyMate.java. Added parseIndexRange() for INDEX_SPEC syntax support.","messageBody":"","fileTypesAndContributionMap":{"functional-code":{"insertions":2,"deletions":2}}}]},{"date":"2025-10-01T00:00:00","commitResults":[{"hash":"c8298c2d9aa41b5cba57c8fa84aa0a24525702a0","isMergeCommit":false,"messageTitle":"Updated AboutUs.md","messageBody":"","fileTypesAndContributionMap":{"docs":{"insertions":4,"deletions":7}}}]},{"date":"2025-10-03T00:00:00","commitResults":[{"hash":"f2f70a30143e5acaa94c676a051739130eab5320","isMergeCommit":false,"messageTitle":"- Replace string-based date handling with DateTimeArg class - Add index parsing supporting the multiple formats:   * Single numbers: \"5\" → index 4   * Comma-separated: \"1,3,5\" → indices 0,2,4   * Range notation: \"2...5\" → indices 1,2,3,4   * Mixed formats: \"1,3...5,7\" - Update Command constructors to accept DateTimeArg parameters - Enhance TaskList operations (mark/unmark/delete) for bulk operations - Add validation for index ranges and duplicate prevention - Maintain order with LinkedHashSet for consistent task operations","messageBody":"","fileTypesAndContributionMap":{"functional-code":{"insertions":119,"deletions":86}}}]},{"date":"2025-10-04T00:00:00","commitResults":[{"hash":"0eb1a30976134cbf506fc018afb7739978b6fcc9","isMergeCommit":true,"messageTitle":"Merge pull request #14 from m-xrtin/feat/saving","messageBody":"Storage v2","fileTypesAndContributionMap":{}}]},{"date":"2025-10-05T00:00:00","commitResults":[{"hash":"108f3a68f4249d79d9e575f9bd2500762e3735fc","isMergeCommit":false,"messageTitle":"Fixed tests, fixed datetime parsing, fixed style guide deviations","messageBody":"","fileTypesAndContributionMap":{"functional-code":{"insertions":36,"deletions":22}}}]},{"date":"2025-10-07T00:00:00","commitResults":[{"hash":"8e3de67655b878a6499e5aaf2b479bde4ff816e6","isMergeCommit":true,"messageTitle":"Merge pull request #17 from Rayan-Wong/feat/fix-gradle","messageBody":"Fixed tests, fixed datetime parsing, fixed style guide deviations","fileTypesAndContributionMap":{}}]},{"date":"2025-10-08T00:00:00","commitResults":[{"hash":"4552505acfbfe0d59505ee8c5b6cf55f76021dd6","isMergeCommit":false,"messageTitle":"Fixed parser logic and regex for index ranges, added basic tests for parser","messageBody":"","fileTypesAndContributionMap":{"functional-code":{"insertions":5,"deletions":5},"test-code":{"insertions":165,"deletions":0}}}]},{"date":"2025-10-09T00:00:00","commitResults":[{"hash":"6418ace948ffd71dbfceecabc7c19bddd20aaa1b","isMergeCommit":true,"messageTitle":"Merge pull request #20 from ry-koh/branch-AddTaskListTest","messageBody":"Add TaskListTest for testing","fileTypesAndContributionMap":{}}]},{"date":"2025-10-11T00:00:00","commitResults":[{"hash":"2662df6ab099eae78b92f2f79b9d90505f2847a5","isMergeCommit":true,"messageTitle":"Merge pull request #21 from chongyaoo/Rem","messageBody":"Create Reminder (Rem) class and Reminder operations","fileTypesAndContributionMap":{}},{"hash":"f31d911d405d006f02475c7411ff9384397714d0","isMergeCommit":true,"messageTitle":"Merge pull request #24 from ry-koh/branch-Timer","messageBody":"Add timer","fileTypesAndContributionMap":{}},{"hash":"dddd35941944de5a6e590f89a40c4a34c1afb71a","isMergeCommit":false,"messageTitle":"Separated IndexValidator to be its own static class, fixed style issues","messageBody":"","fileTypesAndContributionMap":{"functional-code":{"insertions":43,"deletions":42},"test-code":{"insertions":142,"deletions":1}}}]},{"date":"2025-10-12T00:00:00","commitResults":[{"hash":"1104ab1a4d6b7eb03d22020a92f6d32147f2e061","isMergeCommit":true,"messageTitle":"Merge pull request #26 from ry-koh/branch-Timer-2","messageBody":"Add UI messages for Timer and add JUnit tests for Timer","fileTypesAndContributionMap":{}}]},{"date":"2025-10-13T00:00:00","commitResults":[{"hash":"0eedbe2b8ba9deac02c6af66275438f949f3c4d6","isMergeCommit":true,"messageTitle":"Merge pull request #28 from chongyaoo/Rem-Functionalities","messageBody":"Add JUnit tests for Rem","fileTypesAndContributionMap":{}},{"hash":"dbbcead4f9a05556169169d08ca36413facd7815","isMergeCommit":true,"messageTitle":"Merge pull request #29 from m-xrtin/feat/saving2","messageBody":"Feat/saving2","fileTypesAndContributionMap":{}},{"hash":"cf6a5beb8372709ccb5663145c7825b6642dd09c","isMergeCommit":false,"messageTitle":"Fixed DateTimeArg toString to now not have T if no time arg is given, fixed code style issues, fixed storage parsing issues","messageBody":"","fileTypesAndContributionMap":{"functional-code":{"insertions":7,"deletions":9},"test-code":{"insertions":33,"deletions":27}}},{"hash":"156384ffaed4f05779641c395cb767a007b91a19","isMergeCommit":false,"messageTitle":"Updated integration test, fixed parser to properly throw exception if no indexes given","messageBody":"","fileTypesAndContributionMap":{"functional-code":{"insertions":1,"deletions":1},"other":{"insertions":6,"deletions":1}}},{"hash":"bea8250c81b10d372d6657aea529c79c64c81c2c","isMergeCommit":false,"messageTitle":"Made timer format consistent for start, pause, resume","messageBody":"","fileTypesAndContributionMap":{"functional-code":{"insertions":8,"deletions":9}}},{"hash":"d71549122273a41d55897de95f42ccfbcd8d28a5","isMergeCommit":false,"messageTitle":"Fixed toString for DateTimeArg by removing space char if either arg is empty","messageBody":"","fileTypesAndContributionMap":{"functional-code":{"insertions":35,"deletions":21}}},{"hash":"a7af7fea1bc96326f093e48e79a0a86215c41bfa","isMergeCommit":false,"messageTitle":"Fixed integration test and spacing on reminders","messageBody":"","fileTypesAndContributionMap":{"functional-code":{"insertions":2,"deletions":2}}},{"hash":"f151caf1b7ae75e5ef13bfeea403f57652cf6054","isMergeCommit":false,"messageTitle":"Updated build.gradle to show code coverage in terminal (for github actions to see etc)","messageBody":"","fileTypesAndContributionMap":{"other":{"insertions":67,"deletions":0}}},{"hash":"ccba844affeeae161620d03208ccb566c5f6cbaf","isMergeCommit":false,"messageTitle":"Updated build.gradle to show code coverage in terminal (for github actions to see etc)","messageBody":"","fileTypesAndContributionMap":{"other":{"insertions":17,"deletions":5}}},{"hash":"0ef6e679fd913851d0be821a089d7972e3cdcae4","isMergeCommit":false,"messageTitle":"Increased testing coverage for Parser","messageBody":"","fileTypesAndContributionMap":{"functional-code":{"insertions":1,"deletions":1},"test-code":{"insertions":185,"deletions":0}}},{"hash":"0c13145f6079c38b883919169646435fa1167844","isMergeCommit":false,"messageTitle":"Added more constructors for Command for timer, added timer parsing tests","messageBody":"","fileTypesAndContributionMap":{"functional-code":{"insertions":15,"deletions":7},"test-code":{"insertions":328,"deletions":0}}}]},{"date":"2025-10-14T00:00:00","commitResults":[{"hash":"0b8d78edb843a14e9a8b963dbca971e41f655806","isMergeCommit":false,"messageTitle":"Added logging and assertions for parser","messageBody":"","fileTypesAndContributionMap":{"functional-code":{"insertions":15,"deletions":2}}},{"hash":"d5c917d5fe86998c26fc377a7090aa570ff517b6","isMergeCommit":true,"messageTitle":"Merge pull request #37 from chongyaoo/Rem-Functionalities","messageBody":"Add Schedule Interface, Scheduler class","fileTypesAndContributionMap":{}},{"hash":"b5fc65d4c3ad2e30c642be485531d70465cccab3","isMergeCommit":false,"messageTitle":"Added logging and assertions for parser","messageBody":"","fileTypesAndContributionMap":{"functional-code":{"insertions":15,"deletions":2}}},{"hash":"5db5c9ca421387d1b19d0f4c7a82bc3d5c159ab9","isMergeCommit":true,"messageTitle":"Merge remote-tracking branch \u0027origin/feat/logging-assertions-parsing\u0027 into feat/logging-assertions-parsing","messageBody":"","fileTypesAndContributionMap":{}},{"hash":"0c77fd57c771732b00e48820786827c5666eb09b","isMergeCommit":false,"messageTitle":"Fixed imports","messageBody":"","fileTypesAndContributionMap":{"test-code":{"insertions":2,"deletions":2}}}]},{"date":"2025-10-15T00:00:00","commitResults":[{"hash":"efd49070b5f30a6dfdf39ea5b18ce46a6279685e","isMergeCommit":true,"messageTitle":"Merge pull request #40 from m-xrtin/feat/saving3","messageBody":"Added a few preliminary assertions","fileTypesAndContributionMap":{}},{"hash":"dde6bc638e02127b72d41f1843d2f0840e0ded3f","isMergeCommit":true,"messageTitle":"Merge pull request #39 from chongyaoo/Rem-Functionalities","messageBody":"Update Command, Parser, Schedule, Reminder for Reminders","fileTypesAndContributionMap":{}},{"hash":"b505033e4daaca30c76ddd8ea1c1315bda594b45","isMergeCommit":true,"messageTitle":"Merge pull request #38 from ry-koh/branch-TaskMessaging","messageBody":"Add hello message and shift message sending to command handler","fileTypesAndContributionMap":{}}]},{"date":"2025-10-16T00:00:00","commitResults":[{"hash":"b6204ae92fb13fbc08d7a393e2fc753ef1d06d07","isMergeCommit":false,"messageTitle":"Added per-class instruction and branch coverage, improved code style, updated E2E tests, simplified hello message","messageBody":"","fileTypesAndContributionMap":{"functional-code":{"insertions":49,"deletions":50},"other":{"insertions":59,"deletions":1},"test-code":{"insertions":6,"deletions":6}}},{"hash":"cb0b5a79fab037bf69424550a52a3d1dcf2df4e2","isMergeCommit":true,"messageTitle":"Merge pull request #42 from ry-koh/branch-AddAssertionsAndLogging","messageBody":"Added Assertions and Logging to TaskList and Timer","fileTypesAndContributionMap":{}}]},{"date":"2025-10-17T00:00:00","commitResults":[{"hash":"b2d3a2bf607b2aeb0764354c05455a79898daab3","isMergeCommit":true,"messageTitle":"Merge pull request #43 from chongyaoo/Rem-Functionalities","messageBody":"Update ReminderList.java","fileTypesAndContributionMap":{}}]},{"date":"2025-10-18T00:00:00","commitResults":[{"hash":"eacb446c57eb78b6e72b2667f469ee4f99ac77be","isMergeCommit":true,"messageTitle":"Merge pull request #44 from ry-koh/branch-TaskAbstractClass","messageBody":"Change Task Class to Abstract Class","fileTypesAndContributionMap":{}}]},{"date":"2025-10-19T00:00:00","commitResults":[{"hash":"6950a006d2b26cb926e18e71fd17a701f66af39d","isMergeCommit":false,"messageTitle":"Updated time formatting to only show up to seconds, fixed scheduler functionality to periodically check reminders","messageBody":"","fileTypesAndContributionMap":{"functional-code":{"insertions":68,"deletions":9},"test-code":{"insertions":389,"deletions":0}}},{"hash":"f6d3885f69d6c537ccf111d793b563d64a1021af","isMergeCommit":false,"messageTitle":"Updated DeveloperGuide.md","messageBody":"","fileTypesAndContributionMap":{"docs":{"insertions":130,"deletions":0}}},{"hash":"044df2fb2de63f6acad4047bbdc9eb26939c32cc","isMergeCommit":false,"messageTitle":"Enabled assertions in build.gradle for test and run","messageBody":"","fileTypesAndContributionMap":{"other":{"insertions":3,"deletions":2}}},{"hash":"33667da0b4fac0fe97ac84e1bed7ca96a38a5b0e","isMergeCommit":false,"messageTitle":"Added event, added loading and saving reminders, changed delimiters for loading and saving to better guard against bad input","messageBody":"","fileTypesAndContributionMap":{"functional-code":{"insertions":230,"deletions":57},"test-code":{"insertions":302,"deletions":6}}}]},{"date":"2025-10-20T00:00:00","commitResults":[{"hash":"6268a383448a974a7a78f2a1c891e5ef3bee5158","isMergeCommit":false,"messageTitle":"Added synchronization to tick() and reminderList operations to prevent data races","messageBody":"","fileTypesAndContributionMap":{"functional-code":{"insertions":7,"deletions":7}}}]},{"date":"2025-10-21T00:00:00","commitResults":[{"hash":"3ec36e2c9307ecd8c87d7be9bdb180618d0f01e2","isMergeCommit":false,"messageTitle":"Fixed logging logic for delete()","messageBody":"","fileTypesAndContributionMap":{"functional-code":{"insertions":3,"deletions":5}}},{"hash":"a6352f516c0a35f396274e838507d9e9f8749b9c","isMergeCommit":true,"messageTitle":"Merge pull request #46 from Rayan-Wong/feat/invoke_scheduler","messageBody":"Updated time formatting to only show up to seconds, fixed scheduler functionality to periodically check reminders, updated DG for parser, enabled assertions in build.gradle, added events, added loading and saving of reminders, changed delimiter for saving to and loading from file to better protect against bad inputs","fileTypesAndContributionMap":{}},{"hash":"023620f62c91cd73edf370532d1084d069fa356c","isMergeCommit":false,"messageTitle":"Added edit description for tasks, deadline for deadlines, from and to dates for events, fixed scheduler bug, added find tasks by substring, moved message handling for adding reminders to CommandHandler, made DateTimeArg comparable to itself, updated Parser section for DG and added CommandHandler section, updated E2E tests, added view tasklist sorted in closest to further deadline/event","messageBody":"","fileTypesAndContributionMap":{"functional-code":{"insertions":425,"deletions":23},"docs":{"insertions":212,"deletions":20},"test-code":{"insertions":687,"deletions":9}}},{"hash":"f309ee2a1fa05f56effba5a3b0b2025e8346dfe2","isMergeCommit":false,"messageTitle":"Properly imported exceptions for TaskList","messageBody":"","fileTypesAndContributionMap":{"functional-code":{"insertions":4,"deletions":3}}}]},{"date":"2025-10-22T00:00:00","commitResults":[{"hash":"9dc5127a951c0980a6553cb28f7310bd6c358e43","isMergeCommit":false,"messageTitle":"Updated comparator for DateTimeArg to handle null values for both date and time","messageBody":"","fileTypesAndContributionMap":{"functional-code":{"insertions":25,"deletions":5}}},{"hash":"bae3eed1385f182033b69802ba04ed91192ff43e","isMergeCommit":true,"messageTitle":"Merge pull request #49 from chongyaoo/Rem-Functionalities","messageBody":"Add Rem Snooze, Rem On, Rem Off functionalities. Add index listing from Rem Ls. Edit printing of Rems when scheduled for reminding. Add JUnit tests for Rem and Schedule functionalities.","fileTypesAndContributionMap":{}}]},{"date":"2025-10-23T00:00:00","commitResults":[{"hash":"84d9ebb083dfaca0221195440ba74388cae19586","isMergeCommit":true,"messageTitle":"Merge pull request #51 from ry-koh/branch-DeveloperGuideandDebug","messageBody":"Edit Developer guide, debugged and added test cases","fileTypesAndContributionMap":{}},{"hash":"5bf3eb7cf67315b5872502c00a6e8db3bc8d8b81","isMergeCommit":false,"messageTitle":"Fixed random is due console prints, used dependency injection with clock for reminders to make test not flaky","messageBody":"","fileTypesAndContributionMap":{"functional-code":{"insertions":26,"deletions":20},"test-code":{"insertions":51,"deletions":15}}},{"hash":"e9c2fe1e56d7ff30339925f00f0a6327b72bdf7e","isMergeCommit":false,"messageTitle":"Cleaned up event test for CommandHandler","messageBody":"","fileTypesAndContributionMap":{"test-code":{"insertions":1,"deletions":4}}}]},{"date":"2025-10-24T00:00:00","commitResults":[{"hash":"031c645035baf52b22df882469763bed14484694","isMergeCommit":false,"messageTitle":"Added class diagram, diagram showing how the class interacts with other classes, sequence diagram for \"todo read book\" command example for Parser and CommandHandler","messageBody":"","fileTypesAndContributionMap":{"docs":{"insertions":61,"deletions":17}}}]},{"date":"2025-10-25T00:00:00","commitResults":[{"hash":"f583c71f8479419067e2595770364fbb007f4808","isMergeCommit":false,"messageTitle":"Updated UG and PPP","messageBody":"","fileTypesAndContributionMap":{"docs":{"insertions":173,"deletions":19}}},{"hash":"b3383685b0f24b31aa4b95f9db55fab1252160bc","isMergeCommit":false,"messageTitle":"Updated PPP","messageBody":"","fileTypesAndContributionMap":{"docs":{"insertions":10,"deletions":1}}},{"hash":"c1516f08476d4b6b4a044ad63186526e23415c5c","isMergeCommit":false,"messageTitle":"Updated end-to-end test to check if adding event and loading from file works","messageBody":"","fileTypesAndContributionMap":{"other":{"insertions":38,"deletions":5}}},{"hash":"d03374306c3635fffffc7374609c5390115456e6","isMergeCommit":true,"messageTitle":"Merge pull request #53 from Rayan-Wong/feat/add-DG-images-parser-commandhandler","messageBody":"Added class diagram, diagram showing how the class interacts with other classes, sequence diagram for \"todo read book\" command example for Parser and CommandHandler","fileTypesAndContributionMap":{}},{"hash":"ac6d13162552dd860350e9ea5118b8b4ca97593d","isMergeCommit":false,"messageTitle":"Updated end-to-end test, dependency injected clock into OneTimeReminder for less flaky tests, added ability to add, remove, list and increase streak on habits, added time to deadline\u0027s deadline and event\u0027s from and to, used env var to spoof clock during end-to-end test, updated saved filename to StudyMate.txt","messageBody":"","fileTypesAndContributionMap":{"functional-code":{"insertions":532,"deletions":53},"other":{"insertions":6,"deletions":2},"test-code":{"insertions":669,"deletions":174}}},{"hash":"f910c0dd8e6e19cea1946a945af688288c24fab3","isMergeCommit":false,"messageTitle":"Fixed timer shutdown race conditions","messageBody":"","fileTypesAndContributionMap":{"functional-code":{"insertions":9,"deletions":7}}},{"hash":"f55e015a595d16f3ecb849a18a0d9520529b3f3f","isMergeCommit":false,"messageTitle":"Added more habit commands for e2e tests including invalid commands, fixed habit streaks to reset to 1 if too late","messageBody":"","fileTypesAndContributionMap":{"functional-code":{"insertions":8,"deletions":13},"other":{"insertions":4,"deletions":0}}}]},{"date":"2025-10-26T00:00:00","commitResults":[{"hash":"abdd7bdfc65a93ab25f3f941fd09589a72db95ab","isMergeCommit":false,"messageTitle":"Added JavaDoc comments for all non-private methods and non-trivial private methods for Command, CommandHandler, CommandType, DateTimeArg, Habit, IndexValidator, MessageFormatting, Parser, StreakResult, StudyMateException, updated Parser, CommandHandler sections of DG, added Habit sections of DG and UG, updated UG, updated my PPP","messageBody":"","fileTypesAndContributionMap":{"functional-code":{"insertions":541,"deletions":7},"docs":{"insertions":537,"deletions":142}}},{"hash":"780c2a338b91bd379c0dfaca041ea203eda334ea","isMergeCommit":false,"messageTitle":"Fixed AboutUs.md","messageBody":"","fileTypesAndContributionMap":{"docs":{"insertions":6,"deletions":6}}},{"hash":"88b515aaca28fa85bd2555ab808959db072a430a","isMergeCommit":false,"messageTitle":"Fixed AboutUs.md table","messageBody":"","fileTypesAndContributionMap":{"docs":{"insertions":6,"deletions":6}}},{"hash":"8340bc247e707eed6de7b716ecf8b890216ce1bf","isMergeCommit":false,"messageTitle":"Updated Storage to just skip line and continue if it fails to load","messageBody":"","fileTypesAndContributionMap":{"functional-code":{"insertions":6,"deletions":1},"test-code":{"insertions":26,"deletions":0}}},{"hash":"a2baf6c6245b76b91376699cb82d1589632abdd4","isMergeCommit":false,"messageTitle":"Added tests to check if Storage can save and load Habits","messageBody":"","fileTypesAndContributionMap":{"test-code":{"insertions":34,"deletions":0}}}]},{"date":"2025-10-27T00:00:00","commitResults":[{"hash":"05c84ea1c2043732c29c8bf08d53de579d79fe22","isMergeCommit":false,"messageTitle":"Bugfixes for zero index issues from RemSnooze, disallowd spacing between index args","messageBody":"","fileTypesAndContributionMap":{"functional-code":{"insertions":33,"deletions":26},"test-code":{"insertions":17,"deletions":42}}},{"hash":"0c2144db438447fbe1113a672cd8b4279733e687","isMergeCommit":false,"messageTitle":"Better fixed potential race conditions","messageBody":"","fileTypesAndContributionMap":{"functional-code":{"insertions":9,"deletions":7}}},{"hash":"7e6b49a8bf1a9366bc4388741cb17fc69772278e","isMergeCommit":false,"messageTitle":"Fixed potential race conditions for timer","messageBody":"","fileTypesAndContributionMap":{"functional-code":{"insertions":45,"deletions":43}}},{"hash":"bcce17a7419dfeb1420eecb06b462b0dc924d76f","isMergeCommit":false,"messageTitle":"Added Habiit List interactions","messageBody":"","fileTypesAndContributionMap":{"docs":{"insertions":6,"deletions":0}}}]},{"date":"2025-10-28T00:00:00","commitResults":[{"hash":"15389752b5cb180e9f455e91f0e053037f0efde8","isMergeCommit":false,"messageTitle":"Updated README","messageBody":"","fileTypesAndContributionMap":{"docs":{"insertions":17,"deletions":12}}},{"hash":"f732c38b96269c8c9e45d66f0590c321975365ac","isMergeCommit":true,"messageTitle":"Merge pull request #65 from ry-koh/branch-EditingGuides","messageBody":"Edit DG, UG and PPP","fileTypesAndContributionMap":{}},{"hash":"8692586dcedeb5659eb7dea26a9e9ad6f858e99b","isMergeCommit":true,"messageTitle":"Merge pull request #67 from m-xrtin/feat/saving4","messageBody":"Updated Storage UML map","fileTypesAndContributionMap":{}},{"hash":"0e0424c066f5419eb94685e9c88c3d0cb41c9204","isMergeCommit":true,"messageTitle":"Merge pull request #64 from Rayan-Wong/feat/update-readme","messageBody":"Updated README","fileTypesAndContributionMap":{}}]},{"date":"2025-10-29T00:00:00","commitResults":[{"hash":"2abd6efebdd39a2bc948b0f95b9c70b9139a347d","isMergeCommit":false,"messageTitle":"Added max allowed numeric value of 10000 for indexes, interval and timer duration","messageBody":"","fileTypesAndContributionMap":{"functional-code":{"insertions":55,"deletions":20},"test-code":{"insertions":197,"deletions":93}}},{"hash":"e233dea55b463744bd3937e62c2e7605e98cbf9f","isMergeCommit":true,"messageTitle":"Merge pull request #69 from chongyaoo/refactor-uml-update","messageBody":"Update DG for Reminders Component, create UML diagrams for Task and Reminder components","fileTypesAndContributionMap":{}},{"hash":"b865811b044c6fc666fcbdcf52b0fc0757453b28","isMergeCommit":true,"messageTitle":"Merge pull request #70 from ry-koh/branch-AdditionalChanges","messageBody":"Add Timer to UG, Add tests for UI, Edit PPP","fileTypesAndContributionMap":{}},{"hash":"aca757ea3c18a917c4dc2907ba6e55ecb2e20ffd","isMergeCommit":true,"messageTitle":"Merge pull request #71 from ry-koh/branch-AdditionalChanges","messageBody":"Add information to the documents","fileTypesAndContributionMap":{}},{"hash":"877ef26323315008e93bbe6d9da85f3b0837957b","isMergeCommit":false,"messageTitle":"Updated Parser and CommandHandler sections of DG to reflect new changes, removed standalone class diagrams, removed circles for Interaction pngs","messageBody":"","fileTypesAndContributionMap":{"docs":{"insertions":60,"deletions":7}}}]},{"date":"2025-10-30T00:00:00","commitResults":[{"hash":"80707a4d1764c393f9b0ebe1cc0e998559624891","isMergeCommit":true,"messageTitle":"Merge pull request #82 from Rayan-Wong/feat/dg-fixes","messageBody":"Feat/dg fixes","fileTypesAndContributionMap":{}},{"hash":"beb5bf0f02f0f900dbb28a8cf7c6816ed56a72d1","isMergeCommit":false,"messageTitle":"Added case insensitivity for flags and commands","messageBody":"","fileTypesAndContributionMap":{"functional-code":{"insertions":8,"deletions":6},"test-code":{"insertions":66,"deletions":0}}},{"hash":"cba5c76fdbd7253015f8972cbbb894af6fac7b5f","isMergeCommit":false,"messageTitle":"Updated E2E tests to test file corruption","messageBody":"","fileTypesAndContributionMap":{"other":{"insertions":34,"deletions":0}}},{"hash":"a69e870edcc47b78af3403923f33d32a24438c57","isMergeCommit":false,"messageTitle":"Fixed unix E2E test","messageBody":"","fileTypesAndContributionMap":{"other":{"insertions":6,"deletions":6}}},{"hash":"c29dd6728745b708666d149e93d64e5952c72aa9","isMergeCommit":false,"messageTitle":"Updated DG to include NFR and instructions for manual testing","messageBody":"","fileTypesAndContributionMap":{"docs":{"insertions":349,"deletions":7}}},{"hash":"389f12795da01d93992b6e305b0b2306df8728b0","isMergeCommit":false,"messageTitle":"Updated manual test section of DG","messageBody":"","fileTypesAndContributionMap":{"docs":{"insertions":29,"deletions":21}}},{"hash":"dadba10509eef423e9fb4ef0355a9c588a0d3516","isMergeCommit":true,"messageTitle":"Merge pull request #86 from chongyaoo/refactor-uml-update","messageBody":"Update User Guide, Update personal contributions","tags":["v2"],"fileTypesAndContributionMap":{}}]},{"date":"2025-11-01T00:00:00","commitResults":[{"hash":"b2fcab603bcf04986e1df9b2b37090ef3205ab5c","isMergeCommit":false,"messageTitle":"Added plantuml files for docs","messageBody":"","fileTypesAndContributionMap":{"docs":{"insertions":1256,"deletions":0}}},{"hash":"c6747046085748f8ad1dd9499ab67dd35661a257","isMergeCommit":true,"messageTitle":"Merge pull request #126 from Rayan-Wong/feat/add-puml-files","messageBody":"Added plantuml files for docs","fileTypesAndContributionMap":{}},{"hash":"93c7223eb97dd2b0ff82b5a8fb3d0cdfc8c4ff7d","isMergeCommit":false,"messageTitle":"Made /by, /from, /to case insensitive","messageBody":"Fixes #88\n","fileTypesAndContributionMap":{"functional-code":{"insertions":11,"deletions":10},"test-code":{"insertions":36,"deletions":0}}},{"hash":"11b2527477a2e079798063a5b6efea998391d0cc","isMergeCommit":true,"messageTitle":"Merge pull request #127 from Rayan-Wong/feat/case-insensitive-flags","messageBody":"Made /by, /from, /to case insensitive","fileTypesAndContributionMap":{}},{"hash":"50ae58110a6359443fac09ea80572e9e79b32aea","isMergeCommit":false,"messageTitle":"Fixed date format in error messages from Parser","messageBody":"Fixes #96\n","fileTypesAndContributionMap":{"functional-code":{"insertions":7,"deletions":7}}},{"hash":"5e41b7e770b5636b1121043113e3c180ce48bf03","isMergeCommit":true,"messageTitle":"Merge pull request #128 from Rayan-Wong/feat/update-syntax-messages","messageBody":"Fixed date format in error messages from Parser","fileTypesAndContributionMap":{}},{"hash":"c2612480d347ed8fce22b20e628e77d617ed295b","isMergeCommit":false,"messageTitle":"Added support for UTF-8 characters for inputs, printing to console, and saving and loading from file","messageBody":"Resolves #104\n","fileTypesAndContributionMap":{"functional-code":{"insertions":8,"deletions":3}}},{"hash":"5ef16986044b1c3f67394ac36c1d35d266c7b9cb","isMergeCommit":true,"messageTitle":"Merge pull request #130 from Rayan-Wong/feat/support-utf-8","messageBody":"Added support for UTF-8 characters for console input and output, and saving and loading from file","fileTypesAndContributionMap":{}},{"hash":"9847bd76c0091f87f8f8938fc4191679c08a11e9","isMergeCommit":false,"messageTitle":"Disabled logging when run as jar","messageBody":"Fixes #91\n","fileTypesAndContributionMap":{"functional-code":{"insertions":31,"deletions":3}}},{"hash":"96e940977a1afe3716671282a55185948eebb5d5","isMergeCommit":true,"messageTitle":"Merge pull request #131 from Rayan-Wong/feat/suppress-logging","messageBody":"Disabled logging when running as jar","fileTypesAndContributionMap":{}},{"hash":"c1a76dd2257c1a846ed7b98f4535628f494bd6a1","isMergeCommit":false,"messageTitle":"Addec integer overflow guards to interval and reminder adding","messageBody":"Fixes #108, #123\n","fileTypesAndContributionMap":{"functional-code":{"insertions":16,"deletions":13}}},{"hash":"ecd10de3426016134d9af5026eea04146c931471","isMergeCommit":true,"messageTitle":"Merge pull request #132 from Rayan-Wong/feat/fix-overflow-vals","messageBody":"Addec integer overflow guards to interval and reminder adding","fileTypesAndContributionMap":{}},{"hash":"997201a4fc82af03b4d7542bbbfb96f0661bc787","isMergeCommit":false,"messageTitle":"Fixed find command going through delimiters","messageBody":"Fixes #89\n","fileTypesAndContributionMap":{"functional-code":{"insertions":1,"deletions":1},"test-code":{"insertions":0,"deletions":53}}},{"hash":"cd484e0504669ab1c17017e5e092151f89cb18bd","isMergeCommit":true,"messageTitle":"Merge pull request #133 from Rayan-Wong/feat/fix-task-find","messageBody":"Fixed find command going through delimiters","fileTypesAndContributionMap":{}},{"hash":"bee1706faacc29240b88c315d2fe67efc7bbd7ab","isMergeCommit":false,"messageTitle":"Added checks to make sure deadline\u0027s deadlines, event to\u0027s dates and reminder\u0027s next reminders are before user\u0027s current time","messageBody":"Resolves #94, #98\n","fileTypesAndContributionMap":{"functional-code":{"insertions":25,"deletions":1},"test-code":{"insertions":74,"deletions":0}}},{"hash":"01af0128e8fde5082a6a2e60c79804c5f178697b","isMergeCommit":true,"messageTitle":"Merge pull request #134 from Rayan-Wong/feat/prevent-current_time-for-reminders-and-tasks","messageBody":"Added checks to make sure deadline\u0027s deadlines, event to\u0027s dates and reminder\u0027s next reminders are before user\u0027s current time","fileTypesAndContributionMap":{}},{"hash":"e7f7f5bc2fcd31d1ef6a02b7ea18f5dac1129318","isMergeCommit":false,"messageTitle":"Fixed one time reminders firing when loaded","messageBody":"Resolves #97\n","fileTypesAndContributionMap":{"functional-code":{"insertions":48,"deletions":27},"test-code":{"insertions":151,"deletions":8}}},{"hash":"5bc37bb8fcdc69239259dde49d25c51cb00bfa91","isMergeCommit":false,"messageTitle":"Fixed test names to follow style guide","messageBody":"","fileTypesAndContributionMap":{"functional-code":{"insertions":2,"deletions":1},"test-code":{"insertions":16,"deletions":14}}},{"hash":"e20f6ec67a4a48e1d035e545326b2e2e5274fed2","isMergeCommit":true,"messageTitle":"Merge pull request #136 from Rayan-Wong/feat/fix-one_time_reminder-on-when-load","messageBody":"Fixed one time reminders firing when loaded","fileTypesAndContributionMap":{}},{"hash":"91ae8ef43644ea20b416b65e9e66af3fad6cf1ce","isMergeCommit":false,"messageTitle":"Fixed bad formatting of datetime for edit","messageBody":"Resolves #105\n","fileTypesAndContributionMap":{"functional-code":{"insertions":6,"deletions":3},"test-code":{"insertions":7,"deletions":6}}},{"hash":"c704c1de1ffb1703ea4720b76a65a18239ef1106","isMergeCommit":true,"messageTitle":"Merge pull request #137 from Rayan-Wong/feat/fix-edit-timestamps","messageBody":"Fixed bad formatting of datetime for edit","fileTypesAndContributionMap":{}}]},{"date":"2025-11-02T00:00:00","commitResults":[{"hash":"b8eef411640bebdebd0074be6dcbd6a6fbc39259","isMergeCommit":false,"messageTitle":"Updated e2e tests to add edit, sorted list and find commands","messageBody":"","fileTypesAndContributionMap":{"functional-code":{"insertions":1,"deletions":1},"test-code":{"insertions":1,"deletions":1}}},{"hash":"fd1aaad45462473aed5f1e9fb6c07637a1cd6ebb","isMergeCommit":true,"messageTitle":"Merge pull request #138 from Rayan-Wong/feat/update-e2e-tests","messageBody":"Updated e2e tests to add edit, sorted list and find commands","fileTypesAndContributionMap":{}},{"hash":"211408ad6d5af461aab3ae8a5db598c29fd9ce40","isMergeCommit":false,"messageTitle":"Fixed inconsistent range notation examples","messageBody":"Resolves #99\n","fileTypesAndContributionMap":{"docs":{"insertions":2,"deletions":2}}},{"hash":"40908e478d5184f7b4ba97389b4f955fb4771a1f","isMergeCommit":true,"messageTitle":"Merge pull request #139 from Rayan-Wong/feat/fix-inconsistent-index-range-documentation","messageBody":"Fixed inconsistent range notation examples","fileTypesAndContributionMap":{}},{"hash":"69f358a47a35bb634b967e334d8c530465cfee70","isMergeCommit":false,"messageTitle":"Fixed inconsistent StudyMate capitalisation in documentation","messageBody":"Resolves #122\n","fileTypesAndContributionMap":{"docs":{"insertions":6,"deletions":6}}},{"hash":"a2528cc6e8b7e074af7b8319f84768dad9c16d32","isMergeCommit":true,"messageTitle":"Merge pull request #140 from Rayan-Wong/feat/standardise-studymate-name-documentation","messageBody":"Fixed inconsistent StudyMate capitalisation in documentation","fileTypesAndContributionMap":{}},{"hash":"4960a50dba1aca46d1600d5dba7e03fd57704149","isMergeCommit":false,"messageTitle":"Fixed typo in UG","messageBody":"Resolves #120\n","fileTypesAndContributionMap":{"docs":{"insertions":1,"deletions":1}}},{"hash":"27e1a5f05f9334cd88f49924eebca1d3ba3c9f04","isMergeCommit":true,"messageTitle":"Merge pull request #141 from Rayan-Wong/feat/fix-ug-typo","messageBody":"Fixed typo in UG","fileTypesAndContributionMap":{}},{"hash":"0b04f32c657342450adb849ba071244a47fe4686","isMergeCommit":false,"messageTitle":"Added no spacing allowed between commans for index args","messageBody":"Resolves #101\n","fileTypesAndContributionMap":{"docs":{"insertions":6,"deletions":0}}},{"hash":"e2dbefef5578d5b04033b5999ea62dc276c89d07","isMergeCommit":true,"messageTitle":"Merge pull request #142 from Rayan-Wong/feat/highlight-no-spacing-ug","messageBody":"Added no spacing allowed between commans for index args","fileTypesAndContributionMap":{}},{"hash":"27a894963c2a1ac4f25ae2626cb625050e46b137","isMergeCommit":false,"messageTitle":"Added explanation for why one time reminder does not fire if it is off and its reminder time has passed","messageBody":"Resolves #95\n","fileTypesAndContributionMap":{"docs":{"insertions":4,"deletions":0}}},{"hash":"80690d559c36d6f2be472da389e60fb15f143e44","isMergeCommit":true,"messageTitle":"Merge pull request #143 from Rayan-Wong/feat/answer-why-one_time_reminder-no-fire","messageBody":"Added explanation for why one time reminder does not fire if it is off and its reminder time has passed","fileTypesAndContributionMap":{}},{"hash":"6b07fab07e478020f6fdb459c2a90737d55ad5d5","isMergeCommit":false,"messageTitle":"Added explanation for how timer start works for label","messageBody":"Resolves #125\n","fileTypesAndContributionMap":{"docs":{"insertions":4,"deletions":1}}},{"hash":"daba5d202fe410824e862f44e341d34d886c7333","isMergeCommit":true,"messageTitle":"Merge pull request #144 from Rayan-Wong/feat/explain_timer_label","messageBody":"Added explanation for how timer start works for label","fileTypesAndContributionMap":{}},{"hash":"dd86d059507701fad01681c5279c40cb96342f09","isMergeCommit":false,"messageTitle":"Explain habit interval division","messageBody":"Resolves #121\n","fileTypesAndContributionMap":{"docs":{"insertions":6,"deletions":1}}},{"hash":"516b757a52c1e6b30a1475ec5bcc9951b06caf8f","isMergeCommit":true,"messageTitle":"Merge pull request #145 from Rayan-Wong/feat/explain-interval-division","messageBody":"Explain habit interval division","fileTypesAndContributionMap":{}},{"hash":"c550e56f86427b20b5c75eadf5722b65e29b3003","isMergeCommit":false,"messageTitle":"Explained how index parsing works","messageBody":"Resolves #100\n","fileTypesAndContributionMap":{"docs":{"insertions":4,"deletions":0}}},{"hash":"9fc04dc6f6b0cadb42fe9a908fe4f12ccb176c50","isMergeCommit":true,"messageTitle":"Merge pull request #146 from Rayan-Wong/feat/defend-duplicate-indexes","messageBody":"Explained how index parsing works","fileTypesAndContributionMap":{}},{"hash":"f827bd21279becb0dd78ccceee399d6175aac9c3","isMergeCommit":false,"messageTitle":"Explained why we allow duplicate task and reminder (names)","messageBody":"Resolves #92\n","fileTypesAndContributionMap":{"docs":{"insertions":10,"deletions":0}}},{"hash":"0d9bc04fa3f5327ad0215fe0af6678e388c929d1","isMergeCommit":true,"messageTitle":"Merge pull request #147 from Rayan-Wong/feat/defend-duplicate-task-names","messageBody":"Explained why we allow duplicate task and reminder (names)","fileTypesAndContributionMap":{}},{"hash":"76b92d51365f6f8868a49b073af6d1e4f1984663","isMergeCommit":false,"messageTitle":"Explained why we used that special delimiter char","messageBody":"Resolves #106\n","fileTypesAndContributionMap":{"docs":{"insertions":8,"deletions":0}}},{"hash":"331b4c7adcc7ac612875c90545a728cf650bc898","isMergeCommit":true,"messageTitle":"Merge pull request #148 from Rayan-Wong/feat/defend-delimiter","messageBody":"Explained why we used that special delimiter char","fileTypesAndContributionMap":{}},{"hash":"dd5d16e1323bd07ea0281ea109789e58c5b6ea24","isMergeCommit":false,"messageTitle":"Improved timer command examples for UG","messageBody":"Resolves #102\n","fileTypesAndContributionMap":{"docs":{"insertions":3,"deletions":1}}},{"hash":"2bb4ad3dfa127ead07c4a124fe2249652a6ddd11","isMergeCommit":true,"messageTitle":"Merge pull request #149 from Rayan-Wong/feat/justify-flexible-timer-spacing","messageBody":"Improved timer command examples for UG","fileTypesAndContributionMap":{}},{"hash":"59b59c5c32781cf5bfc6d1f2e7e64af7f5b613be","isMergeCommit":false,"messageTitle":"Added clarifications on timer states","messageBody":"Resolves #114\n","fileTypesAndContributionMap":{"docs":{"insertions":17,"deletions":5}}},{"hash":"05fe272ae0f74b4d42c009c8c1f81c8777c9024b","isMergeCommit":true,"messageTitle":"Merge pull request #150 from Rayan-Wong/feat/improve-timer-state-meaning","messageBody":"Added clarifications on timer states","fileTypesAndContributionMap":{}},{"hash":"e64d27b8ee4c669deafe80499b3f4b2c49dbd7e1","isMergeCommit":false,"messageTitle":"Added clarifications on reminder args","messageBody":"Resolves #90\n","fileTypesAndContributionMap":{"docs":{"insertions":2,"deletions":1}}},{"hash":"506a6cd064f1521b486c97814d8251dd0c22b576","isMergeCommit":true,"messageTitle":"Merge pull request #151 from Rayan-Wong/feat/clarify-timer-args","messageBody":"Added clarifications on reminder args","fileTypesAndContributionMap":{}},{"hash":"b228469ebd92735e3b6db28290c9a2b17b3796ea","isMergeCommit":false,"messageTitle":"Updated DG, added content page for UG and DG","messageBody":"Resolves #118\n","fileTypesAndContributionMap":{"docs":{"insertions":199,"deletions":36}}},{"hash":"2253f11c4bf0edd339be7f15151b84c42f98fdbc","isMergeCommit":true,"messageTitle":"Merge pull request #152 from Rayan-Wong/feat/update-dg","messageBody":"Updated DG, added content page for UG and DG","fileTypesAndContributionMap":{}},{"hash":"73d0e4606bc52d59d4c7b43e835597606b0f097c","isMergeCommit":false,"messageTitle":"Updated UI section of DG, cleaned up unused puml files","messageBody":"","fileTypesAndContributionMap":{"docs":{"insertions":0,"deletions":86}}},{"hash":"a94eccc94a138060bef55764f25616d9b2c98e63","isMergeCommit":true,"messageTitle":"Merge pull request #153 from Rayan-Wong/feat/fix-uml-diagrams","messageBody":"Updated UI section of DG, cleaned up unused puml files","fileTypesAndContributionMap":{}},{"hash":"2563b87eee3bf85a9a7326ca2ff639166769adbc","isMergeCommit":false,"messageTitle":"Updated UML sequence diagrams to include outer activation bars for method calls","messageBody":"","fileTypesAndContributionMap":{"docs":{"insertions":54,"deletions":2}}},{"hash":"e133450979b75ed180c9fe6d7947298f3df4643e","isMergeCommit":true,"messageTitle":"Merge pull request #154 from Rayan-Wong/feat/fix-uml-diagram","messageBody":"Updated UML sequence diagrams to include outer activation bars for method calls","fileTypesAndContributionMap":{}},{"hash":"ec0addf14515d07c9ae2fb300d714093294ce929","isMergeCommit":false,"messageTitle":"Fixed content page of DG","messageBody":"","fileTypesAndContributionMap":{"docs":{"insertions":1,"deletions":0}}},{"hash":"7a0e8ac4aa8c73c7ae3ea40c2313e35032b516e6","isMergeCommit":true,"messageTitle":"Merge pull request #155 from Rayan-Wong/feat/fix-dg","messageBody":"Fixed content page of DG","fileTypesAndContributionMap":{}},{"hash":"a5093105f15dc93ff501dce53b0de7805f799cf8","isMergeCommit":false,"messageTitle":"Implemented help command","messageBody":"Resolves #111\n","fileTypesAndContributionMap":{"functional-code":{"insertions":90,"deletions":0}}},{"hash":"54c2d54de7bb13a7417ff82f4a75c23e90d20247","isMergeCommit":true,"messageTitle":"Merge pull request #156 from Rayan-Wong/feat/implement-help","messageBody":"Implemented help command","fileTypesAndContributionMap":{}},{"hash":"dfb250363aae0c1d61b916b24f8ed6900f902d71","isMergeCommit":false,"messageTitle":"Added checks on invalid interval arguments for habit","messageBody":"Resolves #124\n","fileTypesAndContributionMap":{"functional-code":{"insertions":2,"deletions":2}}},{"hash":"4a6db0ee71a027fc0b472e3f538dfa7eaaec71df","isMergeCommit":true,"messageTitle":"Merge pull request #157 from Rayan-Wong/feat/fix-habit-interval","messageBody":"Added checks on invalid interval arguments for habit","fileTypesAndContributionMap":{}},{"hash":"f624b0d67e0e173687e616d730c51c1f4e52c444","isMergeCommit":false,"messageTitle":"Removed private variables in class interaction diagrams","messageBody":"Resolves #110\n","fileTypesAndContributionMap":{"docs":{"insertions":10,"deletions":137}}}]},{"date":"2025-11-03T00:00:00","commitResults":[{"hash":"082d80af919d39049e4cb58bfd3040eaefc2a41f","isMergeCommit":true,"messageTitle":"Merge pull request #159 from chongyaoo/refactor-uml-update","messageBody":"Add JavaDoc comments for Reminders component","fileTypesAndContributionMap":{}},{"hash":"5fc2ef8fbf600ca75a070fc855d32f6ba520f955","isMergeCommit":false,"messageTitle":"Added scheduler null check for shutdown, added from \u003e to checks when editing Events","messageBody":"Also updated habit messages sent, removed redundant isRecurring() method in ReminderList, updated DG and UG to reflect case sensitive search\n","fileTypesAndContributionMap":{"functional-code":{"insertions":18,"deletions":18},"docs":{"insertions":8,"deletions":8},"test-code":{"insertions":5,"deletions":5}}},{"hash":"8a9420a7654e5f84c2f4304ab76e61dc1eb6d3e5","isMergeCommit":true,"messageTitle":"Merge pull request #160 from Rayan-Wong/feat/v2.1-bugfixes-1","messageBody":"Added scheduler null check for shutdown, added from \u003e to checks when editing Events","fileTypesAndContributionMap":{}}]}],"chongyaoo":[{"date":"2025-10-01T00:00:00","commitResults":[{"hash":"1fa33714e4f4c085f6d97ca661ad6cfde0d820e5","isMergeCommit":false,"messageTitle":"Change README","messageBody":"","fileTypesAndContributionMap":{"docs":{"insertions":1,"deletions":5}}},{"hash":"d9bbc883be94a25fa173f4b8ce9339549682dfae","isMergeCommit":false,"messageTitle":"Change name","messageBody":"","fileTypesAndContributionMap":{"docs":{"insertions":3,"deletions":3}}},{"hash":"ab10d2711bcbedd470095ca7f341dfb37e99c7ee","isMergeCommit":true,"messageTitle":"Merge branch \u0027master\u0027 into Ryan-AboutUs","messageBody":"","fileTypesAndContributionMap":{}},{"hash":"137c0289f0d1f64e82175e9eed8add10a10ec866","isMergeCommit":true,"messageTitle":"Merge pull request #6 from ry-koh/Ryan-AboutUs","messageBody":"Edit About Us to my name","fileTypesAndContributionMap":{}}]},{"date":"2025-10-11T00:00:00","commitResults":[{"hash":"9e3e664ad898a0918e421e2c23a6ac1d8c5bb5c3","isMergeCommit":false,"messageTitle":"Create Rem class, Rem operations","messageBody":"Create Rem class, and deal\n","fileTypesAndContributionMap":{"functional-code":{"insertions":253,"deletions":11}}}]},{"date":"2025-10-12T00:00:00","commitResults":[{"hash":"b439ea89adf86303310fb3749ddaa1917991fecd","isMergeCommit":false,"messageTitle":"Add JUnit tests for Rem","messageBody":"Add JUnit tests for Rem Delete and Rem Add\n","fileTypesAndContributionMap":{"functional-code":{"insertions":16,"deletions":11},"test-code":{"insertions":92,"deletions":0}}}]},{"date":"2025-10-14T00:00:00","commitResults":[{"hash":"6bfc74a6f9cdde222c13c6e9876646222bf9ecea","isMergeCommit":false,"messageTitle":"Add Schedule Interface, Scheduler class","messageBody":"OneTimeSchedule and RecurringSchedule implement Schedule Interface, dealing with both types of Reminder differently\n\nScheduler triggers each Reminder to be reminded\n","fileTypesAndContributionMap":{"functional-code":{"insertions":187,"deletions":12},"other":{"insertions":15,"deletions":3},"test-code":{"insertions":0,"deletions":2}}}]},{"date":"2025-10-15T00:00:00","commitResults":[{"hash":"d3c8bee88d0e8eb351a0d20d66b86234df762906","isMergeCommit":false,"messageTitle":"Update Command, Parser, Schedule, Reminder for Reminders","messageBody":"Update parsing process for rem. Command uses -r flag for recurring, and requires an input of reminderInterval.\nUpdate Reminder, OneTimeSchedule, and RecurringSchedule classes\n","fileTypesAndContributionMap":{"functional-code":{"insertions":186,"deletions":28}}}]},{"date":"2025-10-17T00:00:00","commitResults":[{"hash":"22f0a9359f8d26fd81b65bfa9f84f7320abcee12","isMergeCommit":false,"messageTitle":"Update ReminderList.java","messageBody":"Add assertions for reminderList\n","fileTypesAndContributionMap":{"functional-code":{"insertions":11,"deletions":1}}}]},{"date":"2025-10-21T00:00:00","commitResults":[{"hash":"d7feac0fdf5ec76b8cd98aabdb68aab90e76bc1a","isMergeCommit":true,"messageTitle":"Merge pull request #47 from Rayan-Wong/feat/clear_backlog","messageBody":"Added edit description for tasks, deadline for deadlines, from and to dates for events, fixed scheduler bug, added find tasks by substring, moved message handling for adding reminders to CommandHandler, made DateTimeArg comparable to itself, updated Parser section for DG and added CommandHandler section, updated E2E tests, added view tasklist sorted in closest to further deadline/event","fileTypesAndContributionMap":{}}]},{"date":"2025-10-22T00:00:00","commitResults":[{"hash":"a56a7968e629f4b07908d200b45b67e7d9ab7150","isMergeCommit":false,"messageTitle":"Add Rem Snooze, Rem On, Rem Off functionalities. Add index listing from Rem Ls. Edit printing of Rems when scheduled for reminding. Add JUnit tests for Rem and Schedule functionalities.","messageBody":"","fileTypesAndContributionMap":{"functional-code":{"insertions":297,"deletions":47},"test-code":{"insertions":135,"deletions":25}}}]},{"date":"2025-10-23T00:00:00","commitResults":[{"hash":"0a29d68580d34fb0a870893d1b82d71e386a0846","isMergeCommit":false,"messageTitle":"Fix Test Cases, Add info for DG","messageBody":"","fileTypesAndContributionMap":{"docs":{"insertions":16,"deletions":3},"test-code":{"insertions":17,"deletions":15}}}]},{"date":"2025-10-29T00:00:00","commitResults":[{"hash":"603d2743f0a3fac3a7c53de7a35f08677b31aa5b","isMergeCommit":false,"messageTitle":"Update DG for Reminders Component, create UML diagrams for Task and Reminder components","messageBody":"","fileTypesAndContributionMap":{"docs":{"insertions":243,"deletions":2}}}]},{"date":"2025-10-30T00:00:00","commitResults":[{"hash":"fad378e14f7ec8f3751372f0480495683658718d","isMergeCommit":true,"messageTitle":"Merge pull request #85 from Rayan-Wong/feat/manual-test-dg-fix","messageBody":"Updated manual test section of DG","fileTypesAndContributionMap":{}},{"hash":"22c68277790f77251a1eeb09619702ff431ed1aa","isMergeCommit":false,"messageTitle":"Update User Guide, Update personal contributions","messageBody":"","fileTypesAndContributionMap":{"docs":{"insertions":376,"deletions":2}}}]},{"date":"2025-11-03T00:00:00","commitResults":[{"hash":"f9d6ae06f313a26c596a988ab5e1070530549e91","isMergeCommit":false,"messageTitle":"Add JavaDoc comments for Reminders component","messageBody":"JavaDoc comments for the classes in Reminders component\n","fileTypesAndContributionMap":{"functional-code":{"insertions":477,"deletions":65}}},{"hash":"dfde22683dd43093d8f986c39b82d0911de50459","isMergeCommit":true,"messageTitle":"Merge pull request #158 from Rayan-Wong/feat/remove-private-attrs-uml","messageBody":"Removed private variables in class interaction diagrams","fileTypesAndContributionMap":{}},{"hash":"a9fb97af4e55d39397ff150067ec55969a2c49a8","isMergeCommit":false,"messageTitle":"Fix isRecurring() function in RecurringSchedule","messageBody":"","fileTypesAndContributionMap":{"functional-code":{"insertions":9,"deletions":0}}},{"hash":"0ad8138f02329c1b5c6409ee67b5cfba40b9eb59","isMergeCommit":false,"messageTitle":"Fix formatting errors","messageBody":"","fileTypesAndContributionMap":{"functional-code":{"insertions":10,"deletions":10}}}]}],"ry-koh":[{"date":"2025-09-28T00:00:00","commitResults":[{"hash":"b74f1e6f0d2d0ca8ad60623e661916290493ea5e","isMergeCommit":false,"messageTitle":"Add basic todo and deadline commands","messageBody":"","fileTypesAndContributionMap":{"functional-code":{"insertions":496,"deletions":15}}},{"hash":"a65b579e87c9b199cd2d1adf07119450da2ac067","isMergeCommit":false,"messageTitle":"Add mark, unmark and delete commands","messageBody":"","fileTypesAndContributionMap":{"functional-code":{"insertions":142,"deletions":38}}},{"hash":"6344c222b24b09a23c3597f22c25b402c62be7a0","isMergeCommit":true,"messageTitle":"Merge branch \u0027branch-Tasks\u0027","messageBody":"* branch-Tasks:\n  Add mark, unmark and delete commands\n  Add basic todo and deadline commands\n","fileTypesAndContributionMap":{}}]},{"date":"2025-09-29T00:00:00","commitResults":[{"hash":"b159f23f1207ba2367f215640d3b31b07378af49","isMergeCommit":true,"messageTitle":"Merge pull request #5 from Rayan-Wong/Update-index-parsing","messageBody":"","fileTypesAndContributionMap":{}}]},{"date":"2025-10-01T00:00:00","commitResults":[{"hash":"136a4b8dbe774e91cc76c301f3f58e6f6e098ec2","isMergeCommit":false,"messageTitle":"Edit About Us to my name","messageBody":"","fileTypesAndContributionMap":{"docs":{"insertions":3,"deletions":7}}},{"hash":"7f2c6fd54a907202c4f340709a3570d09d0364ea","isMergeCommit":false,"messageTitle":"Edit my portfolio project page to my name","messageBody":"","fileTypesAndContributionMap":{"docs":{"insertions":1,"deletions":1}}},{"hash":"2a01cf6f199be69601cf35c7b2a0de21b3e23f8c","isMergeCommit":true,"messageTitle":"Merge pull request #7 from chongyaoo/ChongYao-AboutUs","messageBody":"Edit ABOUTUS","fileTypesAndContributionMap":{}},{"hash":"a32ac373be90de6bb9b55de82e130642deb3438f","isMergeCommit":true,"messageTitle":"Merge branch \u0027master\u0027 into Hanyang-AboutUs","messageBody":"","fileTypesAndContributionMap":{}},{"hash":"f9aebc6abaf677235d3e1bf10d6962a22388e1f0","isMergeCommit":true,"messageTitle":"Merge pull request #8 from m-xrtin/Hanyang-AboutUs","messageBody":"Updated AboutUs.md and Johndoe.md","fileTypesAndContributionMap":{}}]},{"date":"2025-10-04T00:00:00","commitResults":[{"hash":"0c7fd7b1f6eb7d0060ed0ec08333d41411737a7a","isMergeCommit":true,"messageTitle":"Merge pull request #10 from Rayan-Wong/feat/integrate-datearg","messageBody":"","fileTypesAndContributionMap":{}}]},{"date":"2025-10-09T00:00:00","commitResults":[{"hash":"ec535b2ede4126eaf9fcd7f6997d2fcab1dcf25d","isMergeCommit":true,"messageTitle":"Merge pull request #18 from Rayan-Wong/feat/parser-tests","messageBody":"Fixed parser logic and regex for index ranges, added basic tests for parser","fileTypesAndContributionMap":{}},{"hash":"321f93b2f07422e7ce993944f5483a1c8c068dd5","isMergeCommit":false,"messageTitle":"Add TaskListTest for testing","messageBody":"","fileTypesAndContributionMap":{"functional-code":{"insertions":16,"deletions":1},"test-code":{"insertions":176,"deletions":0}}}]},{"date":"2025-10-11T00:00:00","commitResults":[{"hash":"d2cde8a48997ec2d92f101a56273bbc99d425214","isMergeCommit":false,"messageTitle":"Add timer","messageBody":"","fileTypesAndContributionMap":{"functional-code":{"insertions":419,"deletions":17},"test-code":{"insertions":3,"deletions":1}}},{"hash":"9b822ba72ea83bbac655ba3161a27cf1a3692f79","isMergeCommit":true,"messageTitle":"Merge pull request #25 from Rayan-Wong/feat/separate-index-parser","messageBody":"","fileTypesAndContributionMap":{}}]},{"date":"2025-10-12T00:00:00","commitResults":[{"hash":"83ece706514111d22b217529827c4a415b8b588a","isMergeCommit":false,"messageTitle":"Add UI messages for timer","messageBody":"","fileTypesAndContributionMap":{"functional-code":{"insertions":75,"deletions":46}}},{"hash":"0b5fa97ac98130242450f1496be8611f9e9acec3","isMergeCommit":false,"messageTitle":"Add JUnit tests for Timer","messageBody":"","fileTypesAndContributionMap":{"functional-code":{"insertions":7,"deletions":1},"test-code":{"insertions":258,"deletions":0}}},{"hash":"71f050fbccbf172f96590c93da344f944bf3c1cb","isMergeCommit":false,"messageTitle":"Small formatting edits","messageBody":"","fileTypesAndContributionMap":{"functional-code":{"insertions":0,"deletions":1},"test-code":{"insertions":5,"deletions":5}}},{"hash":"e72ed71730bfa26ae150522a8c9c2e028564f28c","isMergeCommit":false,"messageTitle":"Small formatting edit","messageBody":"","fileTypesAndContributionMap":{"test-code":{"insertions":4,"deletions":8}}},{"hash":"66bfffb068a7db75b0c9f55a8b776614c2259ef9","isMergeCommit":false,"messageTitle":"Another small formatting edit","messageBody":"","fileTypesAndContributionMap":{"test-code":{"insertions":4,"deletions":3}}},{"hash":"80b4dba7e60f1388534d9d661870d16ef45f0ea5","isMergeCommit":false,"messageTitle":"One more small formatting edit","messageBody":"","fileTypesAndContributionMap":{"test-code":{"insertions":1,"deletions":1}}}]},{"date":"2025-10-13T00:00:00","commitResults":[{"hash":"a03fb61a2e7314c1d70c9d355e9e461a33e4feca","isMergeCommit":true,"messageTitle":"Merge pull request #30 from Rayan-Wong/feat/compile-fixes","messageBody":"","fileTypesAndContributionMap":{}},{"hash":"52ee1223b19c41ce8722cfae0e11b368ed8ec7c4","isMergeCommit":true,"messageTitle":"Merge pull request #31 from Rayan-Wong/feat/integration-test-v1","messageBody":"","fileTypesAndContributionMap":{}}]},{"date":"2025-10-14T00:00:00","commitResults":[{"hash":"c44327cc135c52899751f3b5229e574dbe8409f1","isMergeCommit":true,"messageTitle":"Merge pull request #32 from Rayan-Wong/feat/more-bugfixes-v1","messageBody":"","tags":["v1"],"fileTypesAndContributionMap":{}},{"hash":"8c945e21ee36c422e93d848b208e774dc8ba2057","isMergeCommit":true,"messageTitle":"Merge pull request #36 from Rayan-Wong/feat/logging-assertions-parsing","messageBody":"","fileTypesAndContributionMap":{}}]},{"date":"2025-10-15T00:00:00","commitResults":[{"hash":"b9a890f650d6f8b3d5aa40e5a32fe9634ce80412","isMergeCommit":false,"messageTitle":"Add hello message and shift message sending to command handler","messageBody":"","fileTypesAndContributionMap":{"functional-code":{"insertions":16,"deletions":3}}}]},{"date":"2025-10-16T00:00:00","commitResults":[{"hash":"9a18f2c61e8ce0fa43776f7bb490831d2a8ef581","isMergeCommit":true,"messageTitle":"Merge pull request #41 from Rayan-Wong/feat/update-gradle","messageBody":"Added per-class instruction and branch coverage, improved code style, updated E2E tests, simplified hello message","fileTypesAndContributionMap":{}},{"hash":"da55c17996019a77b827ba7bd48eda2115d6f604","isMergeCommit":false,"messageTitle":"Added Assertions and Logging to TaskList and Timer","messageBody":"","fileTypesAndContributionMap":{"functional-code":{"insertions":65,"deletions":18}}},{"hash":"82269517be5b7624119610c5f4649943baa96a62","isMergeCommit":false,"messageTitle":"Update test cases to use getDone","messageBody":"","fileTypesAndContributionMap":{"test-code":{"insertions":13,"deletions":13}}},{"hash":"1bfbc67a3a7f039f5efff91ef1b7b7db1cc690ad","isMergeCommit":false,"messageTitle":"Debug timer test cases","messageBody":"","fileTypesAndContributionMap":{"functional-code":{"insertions":11,"deletions":6},"test-code":{"insertions":4,"deletions":3}}},{"hash":"2bf1e59fdb7bee7922c402d65b8516cdb74da546","isMergeCommit":false,"messageTitle":"Small formatting edit","messageBody":"","fileTypesAndContributionMap":{"functional-code":{"insertions":2,"deletions":2}}},{"hash":"b83693f0891661029b3d2f49fc94a5d04f8fe581","isMergeCommit":false,"messageTitle":"Small formatting edit","messageBody":"","fileTypesAndContributionMap":{"functional-code":{"insertions":2,"deletions":3}}},{"hash":"e7db208db6b5d50e0ef4d5a6ff554eed2521063e","isMergeCommit":false,"messageTitle":"Small debug","messageBody":"","fileTypesAndContributionMap":{"functional-code":{"insertions":1,"deletions":0}}},{"hash":"6a5d181446c892294ea9a88eb2413acd6f55ec9a","isMergeCommit":false,"messageTitle":"Debug timer reset and scheduler logic","messageBody":"","fileTypesAndContributionMap":{"functional-code":{"insertions":12,"deletions":4}}}]},{"date":"2025-10-18T00:00:00","commitResults":[{"hash":"4ca6d2461f51d33a88af1853c1510e2b36358ac1","isMergeCommit":false,"messageTitle":"Change Task Class to Abstract Class","messageBody":"","fileTypesAndContributionMap":{"functional-code":{"insertions":2,"deletions":4}}}]},{"date":"2025-10-23T00:00:00","commitResults":[{"hash":"9069dc0da0ee34abd1a81bee646c4a87f82979d8","isMergeCommit":true,"messageTitle":"Merge pull request #50 from chongyaoo/Rem-TestCases","messageBody":"Fix Test Cases, Add info for DG","fileTypesAndContributionMap":{}},{"hash":"d632231ab6a96f41528eb1dc76eed99adc768705","isMergeCommit":true,"messageTitle":"Merge pull request #48 from Rayan-Wong/feat/fix_exceptions","messageBody":"Fix exceptions used in TaskList, update comparator for DateTimeArg to handle both null time and null dates","fileTypesAndContributionMap":{}},{"hash":"b5b1441dd6c17b7dbbcac95668f981ac25672dea","isMergeCommit":false,"messageTitle":"Add User Stories to Developer Guide","messageBody":"","fileTypesAndContributionMap":{"docs":{"insertions":31,"deletions":4}}},{"hash":"8dadea2c0d33856442fbf93d44f9f15711160e49","isMergeCommit":false,"messageTitle":"Debug checkstyle errors","messageBody":"","fileTypesAndContributionMap":{"functional-code":{"insertions":36,"deletions":29}}},{"hash":"69a96881a9b426f739356bebe97f75acc590ec36","isMergeCommit":false,"messageTitle":"Add test cases","messageBody":"","fileTypesAndContributionMap":{"test-code":{"insertions":87,"deletions":2}}},{"hash":"76eb1d0a6907af8a399dbd8a64cdd1394341d0a5","isMergeCommit":false,"messageTitle":"Small formatting change","messageBody":"","fileTypesAndContributionMap":{"functional-code":{"insertions":6,"deletions":6}}}]},{"date":"2025-10-24T00:00:00","commitResults":[{"hash":"4046c86a276c79699f47e25d35fe41016e5decde","isMergeCommit":true,"messageTitle":"Merge pull request #52 from Rayan-Wong/feat/fix-scheduler-and-remlisttest","messageBody":"Fixed random is due console prints, used dependency injection with clock for reminders to make test not flaky","fileTypesAndContributionMap":{}}]},{"date":"2025-10-26T00:00:00","commitResults":[{"hash":"b5a75f4e2b5580fb09b721c03351dc46ff8660ab","isMergeCommit":true,"messageTitle":"Merge pull request #56 from Rayan-Wong/feat/habits","messageBody":"","fileTypesAndContributionMap":{}},{"hash":"21fd31beba5e1683ea42e72902489d255b0e841e","isMergeCommit":true,"messageTitle":"Merge pull request #57 from Rayan-Wong/feat/javadocs-and-dg-and-ug","messageBody":"","fileTypesAndContributionMap":{}}]},{"date":"2025-10-27T00:00:00","commitResults":[{"hash":"4ae91eb6d9ce45cba3c6cf3b43a46691160cf736","isMergeCommit":true,"messageTitle":"Merge pull request #62 from Rayan-Wong/feat/bugfixes","messageBody":"Feat/bugfixes","fileTypesAndContributionMap":{}}]},{"date":"2025-10-28T00:00:00","commitResults":[{"hash":"218513aee78dd46ac4913e0f6d8f115cd37f70c8","isMergeCommit":true,"messageTitle":"Merge pull request #63 from Rayan-Wong/feat/update-dg-habits","messageBody":"","fileTypesAndContributionMap":{}},{"hash":"c8ab06e82135963b01d75d8dd62c34a02fe5d5cc","isMergeCommit":false,"messageTitle":"Update Developer Guide and User Guide with Task methods","messageBody":"","fileTypesAndContributionMap":{"docs":{"insertions":820,"deletions":66}}},{"hash":"b04c28a703e32b26bb52ce5d844dbb0387c3d5c4","isMergeCommit":false,"messageTitle":"Add contribution page","messageBody":"","fileTypesAndContributionMap":{"docs":{"insertions":148,"deletions":1}}},{"hash":"8e67fa6b3320024bf914b0a4f62bbbd516471397","isMergeCommit":false,"messageTitle":"Edit PPP to github username","messageBody":"","fileTypesAndContributionMap":{"docs":{"insertions":1,"deletions":1}}}]},{"date":"2025-10-29T00:00:00","commitResults":[{"hash":"0f740e80d96cfa41eecc22a1d174d4985ea1e13a","isMergeCommit":false,"messageTitle":"Add timer to user guide and made small debug changes in Timer","messageBody":"","fileTypesAndContributionMap":{"functional-code":{"insertions":16,"deletions":4},"docs":{"insertions":146,"deletions":2}}},{"hash":"254767195831400e3b235e411b12041c25587c6d","isMergeCommit":false,"messageTitle":"Added tests for Message Handling and Message Formatting","messageBody":"","fileTypesAndContributionMap":{"functional-code":{"insertions":4,"deletions":4},"test-code":{"insertions":491,"deletions":0}}},{"hash":"85ad4bd592923db5bacbb163231706f5196ce347","isMergeCommit":true,"messageTitle":"Merge pull request #68 from Rayan-Wong/feat/cap_numbers","messageBody":"Added max allowed numeric value for indexes, interval and timer duration","fileTypesAndContributionMap":{}},{"hash":"2a384f36e05cfb81177f878a61392f13716cf4c6","isMergeCommit":false,"messageTitle":"Edit PPP","messageBody":"","fileTypesAndContributionMap":{"docs":{"insertions":23,"deletions":1}}},{"hash":"6833e7900ded9d649c4586d0605a2ef36ede0c7a","isMergeCommit":false,"messageTitle":"Edit formatting changes","messageBody":"","fileTypesAndContributionMap":{"test-code":{"insertions":242,"deletions":74}}},{"hash":"9c4e35f4c6ceb11c8fc5a8b78b01ac685e46cfd8","isMergeCommit":false,"messageTitle":"More small formatting changes","messageBody":"","fileTypesAndContributionMap":{"test-code":{"insertions":74,"deletions":50}}},{"hash":"f36c2c74777bdc971093e51837912e3761fc75c2","isMergeCommit":false,"messageTitle":"Add newline at end of file","messageBody":"","fileTypesAndContributionMap":{"test-code":{"insertions":1,"deletions":1}}},{"hash":"f7f67351b386a4f9f7badc7b865d11422b0cc19b","isMergeCommit":false,"messageTitle":"Added information to the documents","messageBody":"","fileTypesAndContributionMap":{"docs":{"insertions":115,"deletions":31}}}]},{"date":"2025-10-30T00:00:00","commitResults":[{"hash":"6f9583e84debd670f481c041b9d2a22c5062e680","isMergeCommit":true,"messageTitle":"Merge pull request #83 from Rayan-Wong/feat/case-insensitive-commands","messageBody":"","fileTypesAndContributionMap":{}},{"hash":"a089722a062f66fa5d81b60782e2653950d59a89","isMergeCommit":true,"messageTitle":"Merge pull request #84 from Rayan-Wong/feat/more-dg-fixes","messageBody":"DG image fixes","fileTypesAndContributionMap":{}}]}],"m-xrtin":[{"date":"2025-10-01T00:00:00","commitResults":[{"hash":"dfb0ddfe718c99df083d9cbf076a77560e34c9a0","isMergeCommit":false,"messageTitle":"Updated AboutUs.md and Johndoe.md","messageBody":"","fileTypesAndContributionMap":{"docs":{"insertions":4,"deletions":7}}},{"hash":"2e446af77c7bb757049fa18f4570033f8b5ab033","isMergeCommit":true,"messageTitle":"Merge branch \u0027master\u0027 into Rayan-AboutUs","messageBody":"","fileTypesAndContributionMap":{}},{"hash":"4c76b9c2895b77cc06221ef161b39f988fabe5b5","isMergeCommit":true,"messageTitle":"Merge pull request #9 from Rayan-Wong/Rayan-AboutUs","messageBody":"Updated AboutUs.md","fileTypesAndContributionMap":{}}]},{"date":"2025-10-04T00:00:00","commitResults":[{"hash":"9124573ceaefef33a9d122b7c4a754daad5d9d40","isMergeCommit":false,"messageTitle":"Preliminary version of the task saving mechanic, now tasks are saved to a txt file, and read everytime the user reopens the app.","messageBody":"","fileTypesAndContributionMap":{"functional-code":{"insertions":123,"deletions":1}}},{"hash":"fe1bc51f6819e9f0b6aa8839eab56bd9770f54e2","isMergeCommit":false,"messageTitle":"Update: Now takes care of Deadline and Todo as separate objects","messageBody":"","fileTypesAndContributionMap":{"functional-code":{"insertions":31,"deletions":34}}}]},{"date":"2025-10-12T00:00:00","commitResults":[{"hash":"fdd8200e0417a7d1f68777689e6ba85a1334a97d","isMergeCommit":false,"messageTitle":"Provided some basic JUnit tests for the storage class","messageBody":"","fileTypesAndContributionMap":{"test-code":{"insertions":94,"deletions":0}}}]},{"date":"2025-10-13T00:00:00","commitResults":[{"hash":"4afc7d5dda229f8a964b6b50bfdc4e7dfe457c3a","isMergeCommit":false,"messageTitle":"Amended storage so that it can save a reminder","messageBody":"","fileTypesAndContributionMap":{"functional-code":{"insertions":90,"deletions":12}}}]},{"date":"2025-10-15T00:00:00","commitResults":[{"hash":"bb73bc4dcd631ba08bd18a3ebef4265e4e802b85","isMergeCommit":false,"messageTitle":"Added a few preliminary assertions","messageBody":"","fileTypesAndContributionMap":{"functional-code":{"insertions":2,"deletions":0}}}]},{"date":"2025-10-28T00:00:00","commitResults":[{"hash":"731cfd84462718edd7b46286850bb3e2972aa2be","isMergeCommit":false,"messageTitle":"Made a Developer Guide for the Storage Component","messageBody":"","fileTypesAndContributionMap":{"docs":{"insertions":130,"deletions":0}}},{"hash":"ac336dafb437492d95955e0dba9dd187aa57791f","isMergeCommit":false,"messageTitle":"Changed names for storage picture","messageBody":"","fileTypesAndContributionMap":{"docs":{"insertions":1,"deletions":1}}},{"hash":"bc2359539cbb1408a6563f6ea411a4eea559dfe7","isMergeCommit":false,"messageTitle":"Updated once again","messageBody":"","fileTypesAndContributionMap":{"docs":{"insertions":1,"deletions":1}}}]}]},"authorFileTypeContributionMap":{"Rayan-Wong":{"docs":2647,"functional-code":2441,"test-code":3171,"other":282},"chongyaoo":{"docs":627,"functional-code":1142,"test-code":201},"ry-koh":{"docs":1232,"functional-code":997,"test-code":1187},"m-xrtin":{"docs":117,"functional-code":140,"test-code":67}},"authorContributionVariance":{"Rayan-Wong":225886.3,"chongyaoo":17777.248,"ry-koh":70210.28,"m-xrtin":1454.1155},"authorDisplayNameMap":{"Rayan-Wong":"CS2113-W12-3 RAYA..WONG","chongyaoo":"CS2113-W12-3 ONG .. YAO","ry-koh":"CS2113-W12-3 RYAN.. HAO","m-xrtin":"CS2113-W12-3 MA H..YANG"}}
