{"authorDailyContributionsMap":{"LJQ2001":[{"date":"2025-09-30T00:00:00","commitResults":[{"hash":"75cd8f32d250e0e653688ff1c79dbbed47a5b72f","isMergeCommit":false,"messageTitle":"Added the ShowQuoteCommand , works functionally (Just need to fix Alignment)","messageBody":"","fileTypesAndContributionMap":{"functional-code":{"insertions":95,"deletions":2}}}]},{"date":"2025-10-01T00:00:00","commitResults":[{"hash":"4b731af8066347f70a7bee4e8276ef0d97de37d9","isMergeCommit":false,"messageTitle":"Jiaquan_AboutUs","messageBody":"","fileTypesAndContributionMap":{"docs":{"insertions":2,"deletions":7}}},{"hash":"0038b619a89f1bbef97d0bcf4b66c2139f847429","isMergeCommit":true,"messageTitle":"Merge branch \u0027master\u0027 into Jiaquan-AboutUs","messageBody":"","fileTypesAndContributionMap":{}},{"hash":"823614d2d2c1f5660db4e984ce475edb0cecde70","isMergeCommit":false,"messageTitle":"Jiaquan_AboutUs","messageBody":"","fileTypesAndContributionMap":{"docs":{"insertions":2,"deletions":1}}},{"hash":"9009f4773ba88101ec1ae94919bb0dd8746c064b","isMergeCommit":true,"messageTitle":"Merge branch \u0027master\u0027 into Jiaquan-AboutUs","messageBody":"","fileTypesAndContributionMap":{}},{"hash":"70dd008378d71b58571d14b2434c16c614e690c1","isMergeCommit":false,"messageTitle":"Jiaquan_AboutUs","messageBody":"","fileTypesAndContributionMap":{"functional-code":{"insertions":33,"deletions":31}}},{"hash":"900df2918610a1ad07671f2711ecf0ba2888fcfa","isMergeCommit":true,"messageTitle":"Merge remote-tracking branch \u0027origin/Jiaquan-AboutUs\u0027 into Jiaquan-AboutUs","messageBody":"","fileTypesAndContributionMap":{}}]},{"date":"2025-10-17T00:00:00","commitResults":[{"hash":"d9899117ddad26740e5f26e1b27d7a70e8205c3f","isMergeCommit":false,"messageTitle":"Add CalculateTotalCommandTest JUnit test","messageBody":"","fileTypesAndContributionMap":{"test-code":{"insertions":63,"deletions":0}}}]}],"jyx0615":[{"date":"2025-09-19T00:00:00","commitResults":[{"hash":"fde205d79d6ca064c8322e19576b145b2cce19ee","isMergeCommit":false,"messageTitle":"Refactor project structure to implement Quotely application, replacing Duke with new command handling and UI components","messageBody":"","fileTypesAndContributionMap":{"functional-code":{"insertions":401,"deletions":21},"other":{"insertions":2,"deletions":2}}},{"hash":"7a8a87fc73fc68f6e0f652f5c1bfaf890510437a","isMergeCommit":false,"messageTitle":"Refactor command parsing in Parser class to use regex for improved readability and maintainability","messageBody":"","fileTypesAndContributionMap":{"functional-code":{"insertions":50,"deletions":37}}},{"hash":"e7cb00c4019ab8e71f4cd897a8904eee0de29cf8","isMergeCommit":false,"messageTitle":"Refactor command error handling and logging for improved clarity and consistency","messageBody":"","fileTypesAndContributionMap":{"functional-code":{"insertions":23,"deletions":9}}},{"hash":"038f07a092ed172a81d5df5f1e291ac99f506e15","isMergeCommit":false,"messageTitle":"Update User Guide and configuration for Quotely application","messageBody":"","fileTypesAndContributionMap":{"other":{"insertions":6,"deletions":0},"docs":{"insertions":111,"deletions":11}}}]},{"date":"2025-09-22T00:00:00","commitResults":[{"hash":"a4aaa29e6ab83f3d58ccf850c3b686d936f507f1","isMergeCommit":false,"messageTitle":"Refactor command patterns in Parser class","messageBody":"","fileTypesAndContributionMap":{"functional-code":{"insertions":13,"deletions":7}}}]},{"date":"2025-09-23T00:00:00","commitResults":[{"hash":"dd6e9dd321a6b80783b7e7bd37b4b812594e6946","isMergeCommit":true,"messageTitle":"Merge pull request #2 from jyx0615/master","messageBody":"Implement Parser, Ui, Command, and QuotelyException classes","fileTypesAndContributionMap":{}},{"hash":"a2cf8dbad100dd17206ef092b1343f6ef002eaaf","isMergeCommit":true,"messageTitle":"Merge pull request #3 from jyx0615/update-doc","messageBody":"Update doc","fileTypesAndContributionMap":{}}]},{"date":"2025-09-24T00:00:00","commitResults":[{"hash":"0391ec68ec423c5bb7a13dee154ceb65ffeeb844","isMergeCommit":true,"messageTitle":"Merge pull request #4 from Tanjy55/master","messageBody":"Implement QuoteList, Quote, Item and CompanyName classes","fileTypesAndContributionMap":{}},{"hash":"350a68b2aa7ae1616d412b939b8caca69e01001e","isMergeCommit":true,"messageTitle":"Merge pull request #11 from Tanjy55/master","messageBody":"Updated data, command classes and parser. Parser does not handle data…","fileTypesAndContributionMap":{}}]},{"date":"2025-10-01T00:00:00","commitResults":[{"hash":"3d2deed4394fffb6c9301f6a48e1fc3363a0c754","isMergeCommit":false,"messageTitle":"update about us doc","messageBody":"","fileTypesAndContributionMap":{"docs":{"insertions":1,"deletions":5}}},{"hash":"c9c7ec53affb6ad21068895e103abdfab8d715b8","isMergeCommit":true,"messageTitle":"Merge pull request #14 from Tanjy55/junyi-AboutUs","messageBody":"Updated first line in docs/AboutUs.md","fileTypesAndContributionMap":{}},{"hash":"d61e6e4303d24a175dc23fd82afc6a1073ee133b","isMergeCommit":true,"messageTitle":"Merge pull request #16 from irw9n/Irwan-AboutUs","messageBody":"Update first line in AboutUs.md","fileTypesAndContributionMap":{}},{"hash":"7e0d922755eb2c8b9c6cd6d7a143d685f57c2fca","isMergeCommit":true,"messageTitle":"Merge pull request #15 from LJQ2001/Jiaquan-AboutUs","messageBody":"Jiaquan about us","fileTypesAndContributionMap":{}},{"hash":"10e556651cc11fe3369eac71a143b94fc915d902","isMergeCommit":true,"messageTitle":"Merge remote-tracking branch \u0027upstream/master\u0027 into jyx-AboutUs","messageBody":"","fileTypesAndContributionMap":{}},{"hash":"8885ab8ccde3d941b6fd39512c23f6185ecdb58e","isMergeCommit":true,"messageTitle":"Merge pull request #13 from jyx0615/jyx-AboutUs","messageBody":"update about us doc","fileTypesAndContributionMap":{}},{"hash":"63a4fc50f6da1fa09250cfcabb2dea05d911f878","isMergeCommit":true,"messageTitle":"Merge pull request #12 from irw9n/v1.0---Calculate-Total","messageBody":"Implemented CalculateTotalCommand to calculate basic total cost of a Quote","fileTypesAndContributionMap":{}},{"hash":"0fe3b455f84c18f233d2822af1ba5e4b0f326e86","isMergeCommit":false,"messageTitle":"update show command ui layout","messageBody":"","fileTypesAndContributionMap":{"functional-code":{"insertions":7,"deletions":7}}},{"hash":"067cc61faf3643b65104b824e27d18fad121c103","isMergeCommit":true,"messageTitle":"Merge pull request #18 from jyx0615/fix/show-layout","messageBody":"update the ui of show command","fileTypesAndContributionMap":{}}]},{"date":"2025-10-03T00:00:00","commitResults":[{"hash":"f88adfe0e94d923e5906ddf9c7a85fb2a1453f5a","isMergeCommit":true,"messageTitle":"Merge pull request #25 from Tanjy55/master","messageBody":"Added state class and logic to Quotely, Parser, Command, Exception","fileTypesAndContributionMap":{}},{"hash":"e2b78e4b672136573e0e917520dff2f4c8b4c7f8","isMergeCommit":false,"messageTitle":"Implement state management for quotes and update command parsing to utilize state","messageBody":"","fileTypesAndContributionMap":{"functional-code":{"insertions":97,"deletions":74}}},{"hash":"4a7d141ffd5f2345f5b2e4d907613a14a5696168","isMergeCommit":false,"messageTitle":"Refactor command execution to incorporate state management and update command parsing for quote operations","messageBody":"","fileTypesAndContributionMap":{"functional-code":{"insertions":104,"deletions":56}}},{"hash":"872416d3176a2b7cb7b09e086b238746884a68b4","isMergeCommit":false,"messageTitle":"Update user guide and command messages for clarity and consistency","messageBody":"","fileTypesAndContributionMap":{"functional-code":{"insertions":3,"deletions":3},"docs":{"insertions":119,"deletions":34}}},{"hash":"b78d576bd84cc457674b6339f3eef2e0712b0f46","isMergeCommit":false,"messageTitle":"Update user guide formatting for command syntax consistency","messageBody":"","fileTypesAndContributionMap":{"docs":{"insertions":24,"deletions":12}}},{"hash":"efd135d2450ebc3f2c66e568cc387e9baff8a323","isMergeCommit":false,"messageTitle":"Update user guide and command output messages for clarity and accuracy","messageBody":"","fileTypesAndContributionMap":{"functional-code":{"insertions":1,"deletions":1},"docs":{"insertions":3,"deletions":3}}},{"hash":"1e612100a167cd0c123a3a48a23551b8588a1c9d","isMergeCommit":true,"messageTitle":"Merge pull request #27 from jyx0615/feat/update-parser","messageBody":"Update parser to extract quote name from user command and current state.","fileTypesAndContributionMap":{}},{"hash":"518a9433a935b12d19c5daa4bf0d6fdaa23126fa","isMergeCommit":false,"messageTitle":"Add parser tests","messageBody":"","fileTypesAndContributionMap":{"functional-code":{"insertions":48,"deletions":51},"other":{"insertions":4,"deletions":4},"test-code":{"insertions":218,"deletions":0}}}]},{"date":"2025-10-06T00:00:00","commitResults":[{"hash":"feb0a7b4d810361e4d2a53055bd02ac81ffc8194","isMergeCommit":false,"messageTitle":"Add tests for parser.","messageBody":"","fileTypesAndContributionMap":{"functional-code":{"insertions":17,"deletions":18},"other":{"insertions":58,"deletions":99},"test-code":{"insertions":279,"deletions":0}}},{"hash":"2c4cfe55ea8f0306aaaa875de404983abde8981b","isMergeCommit":false,"messageTitle":"Fix parser test to set state outside quote before adding quote","messageBody":"","fileTypesAndContributionMap":{"test-code":{"insertions":1,"deletions":1}}}]},{"date":"2025-10-08T00:00:00","commitResults":[{"hash":"74e969f69f370ab59c327c23338898b976230eea","isMergeCommit":true,"messageTitle":"Merge pull request #28 from jyx0615/add-test","messageBody":"Add parser tests","fileTypesAndContributionMap":{}}]},{"date":"2025-10-10T00:00:00","commitResults":[{"hash":"5686d193ff1593269442bcf0774e2fd22bc64a90","isMergeCommit":false,"messageTitle":"Add tests for command execution","messageBody":"","fileTypesAndContributionMap":{"test-code":{"insertions":179,"deletions":0}}},{"hash":"2f511792ce4b028db7d03fb84283539716d3f42a","isMergeCommit":false,"messageTitle":"Refactor assertions in AddQuoteCommandTest and DeleteQuoteCommandTest for clarity","messageBody":"","fileTypesAndContributionMap":{"test-code":{"insertions":3,"deletions":2}}},{"hash":"3ae8b8c2546744ea566cc6a555eb6f1bc0940c73","isMergeCommit":true,"messageTitle":"Merge pull request #29 from jyx0615/test/command-test","messageBody":"Add tests for command execution","fileTypesAndContributionMap":{}}]},{"date":"2025-10-11T00:00:00","commitResults":[{"hash":"da17c0bc87d9ec7d640444f96d19a89063595417","isMergeCommit":false,"messageTitle":"Add centralized logging configuration and properties file","messageBody":"","fileTypesAndContributionMap":{"functional-code":{"insertions":211,"deletions":0}}},{"hash":"1ed2ffe837db0996f52b73dfa6cada768085cc42","isMergeCommit":false,"messageTitle":"Enhance logging functionality by initializing global logging in main method and improving file path handling in LoggerConfig","messageBody":"","fileTypesAndContributionMap":{"functional-code":{"insertions":17,"deletions":20}}},{"hash":"bf03509fbe4f6f7bf2f3162f1ac738b412d3fa1a","isMergeCommit":true,"messageTitle":"Merge pull request #31 from jyx0615/log/global-logger","messageBody":"Create global logger","fileTypesAndContributionMap":{}},{"hash":"6eb2b51d760cffda7d6795a11ff7eeb9b8d46ad2","isMergeCommit":false,"messageTitle":"Enhance Parser logging and update tests to use QuotelyState","messageBody":"","fileTypesAndContributionMap":{"functional-code":{"insertions":63,"deletions":21},"test-code":{"insertions":7,"deletions":4}}},{"hash":"46fe0f0afe057f9b31c8639d9a6cf4a890fb77b8","isMergeCommit":false,"messageTitle":"Improve logging details in Parser for better command parsing insights","messageBody":"","fileTypesAndContributionMap":{"functional-code":{"insertions":8,"deletions":6}}},{"hash":"588321232b5226aa61da687e7ec027e1916043ec","isMergeCommit":true,"messageTitle":"Merge pull request #32 from jyx0615/log/parser-log","messageBody":"Enhance Parser logging and update tests to use QuotelyState","fileTypesAndContributionMap":{}},{"hash":"e412e875ce21b1e65652a18140e3bd4e920593aa","isMergeCommit":false,"messageTitle":"Add assertion and enable assertions in tests and run configurations","messageBody":"","fileTypesAndContributionMap":{"functional-code":{"insertions":27,"deletions":4},"other":{"insertions":5,"deletions":0},"test-code":{"insertions":24,"deletions":12}}},{"hash":"a3b547a507ee99f113bd4499957962ae38294099","isMergeCommit":true,"messageTitle":"Merge pull request #33 from jyx0615/assert/parser-assert","messageBody":"Add assertion and enable assertions in tests and run configurations","fileTypesAndContributionMap":{}}]},{"date":"2025-10-15T00:00:00","commitResults":[{"hash":"3323c53df9a489594319a3be283b2867364f1882","isMergeCommit":true,"messageTitle":"Merge pull request #34 from irw9n/v1.0-UI-state-handling","messageBody":"UI handling for states, and addition of NavigateCommand to navigate between main menu and quotes","fileTypesAndContributionMap":{}},{"hash":"8ccb3176b04041f19e8acd9d5119d4b7c71c06f9","isMergeCommit":false,"messageTitle":"update .gitignore to ignore log files and improve test coverage of parser","messageBody":"","fileTypesAndContributionMap":{"functional-code":{"insertions":7,"deletions":8},"test-code":{"insertions":112,"deletions":3}}},{"hash":"7136307c9b02a9db36c0f39e64afd136f1965d70","isMergeCommit":true,"messageTitle":"Merge pull request #35 from jyx0615/test/command-test","messageBody":"update .gitignore to ignore log files and improve test coverage of pa…","tags":["v1.0"],"fileTypesAndContributionMap":{}}]},{"date":"2025-10-17T00:00:00","commitResults":[{"hash":"5c93f6e6def76600c9a9fbd465fa5b17d19af6e3","isMergeCommit":true,"messageTitle":"Merge pull request #47 from Tanjy55/junit_work","messageBody":"Junit test for CompanyName, Item, Quote, QuoteList, QuotelyState","fileTypesAndContributionMap":{}},{"hash":"21975101c894562d0bd0ac4afcc77704657a5ab9","isMergeCommit":true,"messageTitle":"Merge pull request #48 from Tanjy55/master","messageBody":"Updated user guide","fileTypesAndContributionMap":{}},{"hash":"1ada599875658f7227b6f825e125c357a487fb8d","isMergeCommit":true,"messageTitle":"Merge pull request #50 from irw9n/JUnit-Test-Assertions","messageBody":"Adding JUnit Test with assertions for NavigateCommand","fileTypesAndContributionMap":{}},{"hash":"9bcd3d0c4b359456ffe3c954f1f5d84de321d0cf","isMergeCommit":true,"messageTitle":"Merge pull request #52 from LJQ2001/master","messageBody":"Add CalculateTotalCommandTest JUnit test","fileTypesAndContributionMap":{}},{"hash":"6b8384ac45ce214b62571aaa79769e196cee0949","isMergeCommit":false,"messageTitle":"Refactor initialization of Ui and QuotelyState to use singleton pattern; add logging to QuoteList and create LoggerConfig tests","messageBody":"","fileTypesAndContributionMap":{"functional-code":{"insertions":38,"deletions":18},"test-code":{"insertions":168,"deletions":49}}},{"hash":"b07f792d56dcce0b0abc74177e8858b818c24290","isMergeCommit":false,"messageTitle":"Improve error handling in navigate command parsing; log success and failure cases","messageBody":"","fileTypesAndContributionMap":{"functional-code":{"insertions":5,"deletions":4}}},{"hash":"7e226efe24df9fcad95980cef6f62b85a632ab74","isMergeCommit":false,"messageTitle":"Refactor NavigateCommandTest and QuotelyStateTest to use singleton pattern for Ui and QuotelyState","messageBody":"","fileTypesAndContributionMap":{"test-code":{"insertions":15,"deletions":14}}},{"hash":"ce268ba7164b95504d141ae869d81eaa20b96e5b","isMergeCommit":false,"messageTitle":"Fix log message in getQuoteByName method for clarity","messageBody":"","fileTypesAndContributionMap":{"functional-code":{"insertions":1,"deletions":1}}},{"hash":"d691fb126f264162a9d238d0fd035959b251bcea","isMergeCommit":false,"messageTitle":"Refactor CalculateTotalCommandTest to use singleton pattern for Ui and QuotelyState","messageBody":"","fileTypesAndContributionMap":{"test-code":{"insertions":2,"deletions":2}}},{"hash":"e5e26c0c6792261b06cf658a18131e7dacc788c5","isMergeCommit":true,"messageTitle":"Merge pull request #51 from jyx0615/update/use-getInstance","messageBody":"Refactor initialization of Ui and QuotelyState to use singleton pattern","fileTypesAndContributionMap":{}}]},{"date":"2025-10-20T00:00:00","commitResults":[{"hash":"19e4d2d9566060c65630977bf0a6650ceb33054f","isMergeCommit":true,"messageTitle":"Merge pull request #55 from Tanjy55/add_logging","messageBody":"Added logging for command classes. Modified logging for Quotely class","fileTypesAndContributionMap":{}},{"hash":"331368ef57e173f5e11eeb13fa2e9bdf3077763f","isMergeCommit":false,"messageTitle":"Add UML diagrams and logging documentation for Quotely application","messageBody":"","fileTypesAndContributionMap":{"docs":{"insertions":308,"deletions":3}}},{"hash":"44b32d99f95fd158b5ffa6ec6cc5741a6803f34a","isMergeCommit":false,"messageTitle":"Fix diagram file naming and update documentation links in Developer Guide and Diagram Guide","messageBody":"","fileTypesAndContributionMap":{"docs":{"insertions":3,"deletions":3}}},{"hash":"af5cef398b6b2eb7903a9477d771d870c2339961","isMergeCommit":true,"messageTitle":"Merge pull request #57 from Tanjy55/add_assertion_no_logging","messageBody":"Redone assertion using separate branch from logging.","fileTypesAndContributionMap":{}}]},{"date":"2025-10-21T00:00:00","commitResults":[{"hash":"52d8e55fff7de204d70e21f47b986cda30663502","isMergeCommit":false,"messageTitle":"Fix typo in section header for Parser Component in Developer Guide","messageBody":"","fileTypesAndContributionMap":{"docs":{"insertions":1,"deletions":1}}},{"hash":"ca88e86a845b9841bf38d3673f6f3d6a73c4e2b1","isMergeCommit":true,"messageTitle":"Merge pull request #60 from jyx0615/feat/uml","messageBody":"Update developer guide by including uml diagrams and user stories","fileTypesAndContributionMap":{}},{"hash":"9f2de3d3047922a8751b20328e099ff633f563d4","isMergeCommit":false,"messageTitle":"Enhance navigation command handling and add parser tests for navigation commands","messageBody":"","fileTypesAndContributionMap":{"test-code":{"insertions":55,"deletions":0}}},{"hash":"60beb7463bc3aa67a1abfe52993b168321f1bdb5","isMergeCommit":false,"messageTitle":"Refactor navigation command tests to use singleton instance of QuotelyState","messageBody":"","fileTypesAndContributionMap":{"test-code":{"insertions":4,"deletions":4}}},{"hash":"086379d0fc76e62b2c6281b140aa5ebb6be90431","isMergeCommit":true,"messageTitle":"Merge pull request #61 from jyx0615/test/nav-command-test","messageBody":"Add tests for parsing navigation command","fileTypesAndContributionMap":{}}]}],"Tanjy55":[{"date":"2025-09-23T00:00:00","commitResults":[{"hash":"8600dff815dd07813f5eb6059a00f24a33667f19","isMergeCommit":false,"messageTitle":"Implemented data structure classes, CompanyName, Quote, Item, QuoteList for Quotely.","messageBody":"Modified Parser and Command subclasses to handle data.\n\nMinor updates to userguide and README.md.\n","fileTypesAndContributionMap":{"functional-code":{"insertions":250,"deletions":50},"docs":{"insertions":9,"deletions":5}}},{"hash":"4ce3f5d78bc1e28062dcbf33c16e7f36cea61869","isMergeCommit":true,"messageTitle":"Merge branch \u0027pr-branch\u0027","messageBody":"","fileTypesAndContributionMap":{}}]},{"date":"2025-09-24T00:00:00","commitResults":[{"hash":"1f7cc81e61373972653c96624cdc3b4ccbe33e43","isMergeCommit":true,"messageTitle":"Merge branch \u0027master\u0027 of https://github.com/AY2526S1-CS2113-W10-1/tp","messageBody":"# Conflicts:\n#\tsrc/main/java/seedu/quotely/Parser.java\n","fileTypesAndContributionMap":{}},{"hash":"e16907dd73e806a340efe4e9b1f540b1c003c2e9","isMergeCommit":false,"messageTitle":"Updated data, command classes and parser. Parser does not handle data, and data is instead passed to the execute methods.","messageBody":"","fileTypesAndContributionMap":{"functional-code":{"insertions":70,"deletions":49}}}]},{"date":"2025-10-01T00:00:00","commitResults":[{"hash":"7e6ef421bc64b10ee4dbd19a51ebdc82ace42072","isMergeCommit":false,"messageTitle":"Updated first line in docs/AboutUs.md","messageBody":"","fileTypesAndContributionMap":{"docs":{"insertions":4,"deletions":7}}},{"hash":"a1646472f2ba0345ce09f7875e481ef973f31e48","isMergeCommit":true,"messageTitle":"Merge branch \u0027merge-AboutUs\u0027","messageBody":"","fileTypesAndContributionMap":{}},{"hash":"77b9c545d8ee72c3330cce11094a2172936484eb","isMergeCommit":true,"messageTitle":"Merge branch \u0027latest\u0027","messageBody":"","fileTypesAndContributionMap":{}}]},{"date":"2025-10-03T00:00:00","commitResults":[{"hash":"7b0eb923081d80d83c3e90726d312c3a973ed0c4","isMergeCommit":false,"messageTitle":"Added state class to allow parser and commands to be executed based on user navigation status.","messageBody":"- Parser does not store state object, only determines which commands are available to user based on boolean\n- State object is passed into execute method to be read/mutated\n- Execute method throws exception if in wrong state (may mean error with parser logic)\n","fileTypesAndContributionMap":{"functional-code":{"insertions":138,"deletions":21}}},{"hash":"ea1d499726951f68ad401578fdcbf943543980d7","isMergeCommit":false,"messageTitle":"Modified Quotely to pass state to the parser and removed all state from command execution.","messageBody":"+ Minor comment edits to commands\n","fileTypesAndContributionMap":{"functional-code":{"insertions":32,"deletions":71}}},{"hash":"ec0878f874e0fc9f55a6b450dbbceb41dfe66a27","isMergeCommit":false,"messageTitle":"Fix gradle check style failure","messageBody":"","fileTypesAndContributionMap":{"functional-code":{"insertions":0,"deletions":1}}}]},{"date":"2025-10-15T00:00:00","commitResults":[{"hash":"3221411fb1550dc2dfaadb0d642ac308b8969975","isMergeCommit":false,"messageTitle":"Minor comment edits","messageBody":"","fileTypesAndContributionMap":{"functional-code":{"insertions":20,"deletions":3}}}]},{"date":"2025-10-16T00:00:00","commitResults":[{"hash":"31896f176487be21072e5e2a32ee65dcc2e000f6","isMergeCommit":false,"messageTitle":"Added jUnit tests for CompanyName, Item, Quote, QuoteList, QuotelyState classes","messageBody":"","fileTypesAndContributionMap":{"functional-code":{"insertions":1,"deletions":1},"test-code":{"insertions":419,"deletions":0}}}]},{"date":"2025-10-17T00:00:00","commitResults":[{"hash":"db78b1cd2e5c27b3f2cf61edffc21724dd6c464c","isMergeCommit":false,"messageTitle":"Added junit test for invalid inputs which trigger exception throw","messageBody":"","fileTypesAndContributionMap":{"functional-code":{"insertions":1,"deletions":1},"test-code":{"insertions":42,"deletions":8}}},{"hash":"423509f05eafc55de1e34e2756f12156ca340b8c","isMergeCommit":false,"messageTitle":"Resolved checkstyleTest errors and removed dummy line","messageBody":"","fileTypesAndContributionMap":{"functional-code":{"insertions":0,"deletions":1},"test-code":{"insertions":22,"deletions":8}}},{"hash":"f0b5eac138528f28ebe8ce53dbf5e873a99fa5c8","isMergeCommit":false,"messageTitle":"Resolved junit test bug","messageBody":"","fileTypesAndContributionMap":{"test-code":{"insertions":1,"deletions":1}}},{"hash":"b311c90b288fb0ea3bfa2a88f83a968d557dea66","isMergeCommit":false,"messageTitle":"Edited javadoc comments and updated userguide for v1.0.","messageBody":"","fileTypesAndContributionMap":{"functional-code":{"insertions":13,"deletions":14},"docs":{"insertions":138,"deletions":41}}}]},{"date":"2025-10-18T00:00:00","commitResults":[{"hash":"be4a02837a1b717b1c89efd92d1a2d2498134baf","isMergeCommit":false,"messageTitle":"Added logging for command classes. Modified logging for Quotely class","messageBody":"","fileTypesAndContributionMap":{"functional-code":{"insertions":114,"deletions":31}}}]},{"date":"2025-10-20T00:00:00","commitResults":[{"hash":"93febbf50635f45aaf983d9a88a5de3859d3d52e","isMergeCommit":false,"messageTitle":"Changed logging method in Quotely to maintain format","messageBody":"","fileTypesAndContributionMap":{"functional-code":{"insertions":1,"deletions":4}}},{"hash":"525f012430f4f4a4b36f8f8c7daf325d6b7cef6e","isMergeCommit":false,"messageTitle":"Redone assertion using separate branch from logging.","messageBody":"","fileTypesAndContributionMap":{"functional-code":{"insertions":6,"deletions":1},"test-code":{"insertions":1,"deletions":0}}},{"hash":"f6b174b87ac1d603eee5e38c5edab318e35b7746","isMergeCommit":true,"messageTitle":"Merge branch \u0027master\u0027 into add_assertion_no_logging","messageBody":"","fileTypesAndContributionMap":{}}]}],"irw9n":[{"date":"2025-10-01T00:00:00","commitResults":[{"hash":"fd1e3201ad5220316764e915f45f3d5a225feb3b","isMergeCommit":false,"messageTitle":"Implemented CalculateTotalCommand, to handle basic total calculation of quotes without taxes","messageBody":"","fileTypesAndContributionMap":{"functional-code":{"insertions":63,"deletions":9}}},{"hash":"2707f14b57dce314aeedd5bd8fe238e3c098e318","isMergeCommit":false,"messageTitle":"Run ./gradlew checkstyleMain to previous commit","messageBody":"","fileTypesAndContributionMap":{"functional-code":{"insertions":12,"deletions":3}}},{"hash":"0c1af141c80b72fddcdd200625423f27a075e74f","isMergeCommit":false,"messageTitle":"Update first line in AboutUs.md","messageBody":"","fileTypesAndContributionMap":{"docs":{"insertions":4,"deletions":7}}},{"hash":"0c5e35fd4b12b38418cce996b46d3ff0e7cacd04","isMergeCommit":true,"messageTitle":"Merge branch \u0027master\u0027 into Irwan-AboutUs","messageBody":"","fileTypesAndContributionMap":{}}]},{"date":"2025-10-14T00:00:00","commitResults":[{"hash":"05af10ee912e0a955add6ae8280efe6292c94100","isMergeCommit":false,"messageTitle":"UI handling for states, and addition of NavigateCommand to navigate between main and quotes","messageBody":"","fileTypesAndContributionMap":{"functional-code":{"insertions":85,"deletions":1}}}]},{"date":"2025-10-15T00:00:00","commitResults":[{"hash":"a2f173a62c08a7d0adfdc0fe04025d2aec8dbbd4","isMergeCommit":false,"messageTitle":"Changes to NavigateCommand","messageBody":"","fileTypesAndContributionMap":{"functional-code":{"insertions":12,"deletions":7}}},{"hash":"f4ae19d18333bb6af1ff3491849d24692eb076a4","isMergeCommit":false,"messageTitle":"Changes to NavigateCommand","messageBody":"","fileTypesAndContributionMap":{"functional-code":{"insertions":0,"deletions":8}}}]},{"date":"2025-10-17T00:00:00","commitResults":[{"hash":"e59745449647b15d5d180e34f812d5ab55d364d7","isMergeCommit":false,"messageTitle":"Adding JUnit Test with assertions for NavigateCommand","messageBody":"","fileTypesAndContributionMap":{"test-code":{"insertions":129,"deletions":0}}},{"hash":"52a1698012193c94d638d312f265988d29226cd7","isMergeCommit":false,"messageTitle":"Ran checkstyleMain","messageBody":"","fileTypesAndContributionMap":{"test-code":{"insertions":1,"deletions":0}}},{"hash":"8a2fac0f9afec0f6e0dcf773e703e15663b1a1a5","isMergeCommit":false,"messageTitle":"Ran checkstyleMain","messageBody":"","fileTypesAndContributionMap":{"test-code":{"insertions":1,"deletions":1}}}]}]},"authorFileTypeContributionMap":{"LJQ2001":{"docs":2,"functional-code":83,"test-code":61},"jyx0615":{"docs":505,"functional-code":866,"test-code":953,"other":12},"Tanjy55":{"docs":117,"functional-code":362,"test-code":464},"irw9n":{"docs":0,"functional-code":124,"test-code":120}},"authorContributionVariance":{"LJQ2001":529.2803,"jyx0615":45056.96,"Tanjy55":11761.099,"irw9n":957.2085},"authorDisplayNameMap":{"LJQ2001":"CS2113-W10-1 LIU ..QUAN","jyx0615":"CS2113-W10-1 JIAN..XUAN","Tanjy55":"CS2113-W10-1 TAN ..N YI","irw9n":"CS2113-W10-1 IRWA..NOOR"}}
