{"authorDailyContributionsMap":{"LJQ2001":[{"date":"2025-09-30T00:00:00","commitResults":[{"hash":"75cd8f32d250e0e653688ff1c79dbbed47a5b72f","isMergeCommit":false,"messageTitle":"Added the ShowQuoteCommand , works functionally (Just need to fix Alignment)","messageBody":"","fileTypesAndContributionMap":{"functional-code":{"insertions":95,"deletions":2}}}]},{"date":"2025-10-01T00:00:00","commitResults":[{"hash":"4b731af8066347f70a7bee4e8276ef0d97de37d9","isMergeCommit":false,"messageTitle":"Jiaquan_AboutUs","messageBody":"","fileTypesAndContributionMap":{"docs":{"insertions":2,"deletions":7}}},{"hash":"0038b619a89f1bbef97d0bcf4b66c2139f847429","isMergeCommit":true,"messageTitle":"Merge branch \u0027master\u0027 into Jiaquan-AboutUs","messageBody":"","fileTypesAndContributionMap":{}},{"hash":"823614d2d2c1f5660db4e984ce475edb0cecde70","isMergeCommit":false,"messageTitle":"Jiaquan_AboutUs","messageBody":"","fileTypesAndContributionMap":{"docs":{"insertions":2,"deletions":1}}},{"hash":"9009f4773ba88101ec1ae94919bb0dd8746c064b","isMergeCommit":true,"messageTitle":"Merge branch \u0027master\u0027 into Jiaquan-AboutUs","messageBody":"","fileTypesAndContributionMap":{}},{"hash":"70dd008378d71b58571d14b2434c16c614e690c1","isMergeCommit":false,"messageTitle":"Jiaquan_AboutUs","messageBody":"","fileTypesAndContributionMap":{"functional-code":{"insertions":33,"deletions":31}}},{"hash":"900df2918610a1ad07671f2711ecf0ba2888fcfa","isMergeCommit":true,"messageTitle":"Merge remote-tracking branch \u0027origin/Jiaquan-AboutUs\u0027 into Jiaquan-AboutUs","messageBody":"","fileTypesAndContributionMap":{}}]},{"date":"2025-10-17T00:00:00","commitResults":[{"hash":"d9899117ddad26740e5f26e1b27d7a70e8205c3f","isMergeCommit":false,"messageTitle":"Add CalculateTotalCommandTest JUnit test","messageBody":"","fileTypesAndContributionMap":{"test-code":{"insertions":63,"deletions":0}}}]},{"date":"2025-10-22T00:00:00","commitResults":[{"hash":"c544bdf44a5f42e0b6ae348929b8e8bf3a9a0c9d","isMergeCommit":false,"messageTitle":"Add UI-JUnit Test","messageBody":"","fileTypesAndContributionMap":{"other":{"insertions":1,"deletions":0},"test-code":{"insertions":200,"deletions":0}}},{"hash":"76380be5148aeef0c709cd8de49c5c5eaa1e4100","isMergeCommit":false,"messageTitle":"Change build.Gradle back","messageBody":"","fileTypesAndContributionMap":{"other":{"insertions":0,"deletions":1}}},{"hash":"4f9b39c438d986575c2e33da8e2fbbab10d9f2d5","isMergeCommit":false,"messageTitle":"Update build.gradle","messageBody":"Remove Assertion \"True\"","fileTypesAndContributionMap":{"other":{"insertions":0,"deletions":1}}}]},{"date":"2025-10-24T00:00:00","commitResults":[{"hash":"2267cd3b97e72b6e3938a16d647b4f0bd2cff1d8","isMergeCommit":false,"messageTitle":"Fix the checks in quotley","messageBody":"","fileTypesAndContributionMap":{"functional-code":{"insertions":2,"deletions":0},"test-code":{"insertions":79,"deletions":66}}},{"hash":"f41a8d121dcee672ca88a4490270b76306b9739b","isMergeCommit":false,"messageTitle":"Fix the checks in quotley","messageBody":"","fileTypesAndContributionMap":{"functional-code":{"insertions":0,"deletions":1},"test-code":{"insertions":13,"deletions":22}}},{"hash":"f22d7ef0d63e2a520163756be1c1b430c154fdcc","isMergeCommit":false,"messageTitle":"Fix the checks","messageBody":"","fileTypesAndContributionMap":{"test-code":{"insertions":12,"deletions":13}}},{"hash":"a890f478ba0cf0cd7bd0461c6a943e0ff5d1f74b","isMergeCommit":false,"messageTitle":"Remove add item as its falling the checks for now","messageBody":"","fileTypesAndContributionMap":{"test-code":{"insertions":14,"deletions":71}}}]},{"date":"2025-10-29T00:00:00","commitResults":[{"hash":"8c0f28cb99463ef1bf3489a77ed538da31b13570","isMergeCommit":false,"messageTitle":"Adding Local Storage using Json files","messageBody":"","fileTypesAndContributionMap":{"functional-code":{"insertions":165,"deletions":3},"other":{"insertions":3,"deletions":2}}},{"hash":"e50bcd868bfdc1a7bce2423e88cd9026e031f540","isMergeCommit":false,"messageTitle":"Adding Local Storage using Json files","messageBody":"","fileTypesAndContributionMap":{"functional-code":{"insertions":6,"deletions":4}}},{"hash":"f763bd00d9959beff0fa4ff2a762e94d39425265","isMergeCommit":false,"messageTitle":"Developer Guide update on UI description, added file Storage and added some future implementations on currency converter and calculator.","messageBody":"","fileTypesAndContributionMap":{"docs":{"insertions":23,"deletions":4}}}]}],"jyx0615":[{"date":"2025-09-19T00:00:00","commitResults":[{"hash":"fde205d79d6ca064c8322e19576b145b2cce19ee","isMergeCommit":false,"messageTitle":"Refactor project structure to implement Quotely application, replacing Duke with new command handling and UI components","messageBody":"","fileTypesAndContributionMap":{"functional-code":{"insertions":401,"deletions":21},"other":{"insertions":2,"deletions":2}}},{"hash":"7a8a87fc73fc68f6e0f652f5c1bfaf890510437a","isMergeCommit":false,"messageTitle":"Refactor command parsing in Parser class to use regex for improved readability and maintainability","messageBody":"","fileTypesAndContributionMap":{"functional-code":{"insertions":50,"deletions":37}}},{"hash":"e7cb00c4019ab8e71f4cd897a8904eee0de29cf8","isMergeCommit":false,"messageTitle":"Refactor command error handling and logging for improved clarity and consistency","messageBody":"","fileTypesAndContributionMap":{"functional-code":{"insertions":23,"deletions":9}}},{"hash":"038f07a092ed172a81d5df5f1e291ac99f506e15","isMergeCommit":false,"messageTitle":"Update User Guide and configuration for Quotely application","messageBody":"","fileTypesAndContributionMap":{"other":{"insertions":6,"deletions":0},"docs":{"insertions":111,"deletions":11}}}]},{"date":"2025-09-22T00:00:00","commitResults":[{"hash":"a4aaa29e6ab83f3d58ccf850c3b686d936f507f1","isMergeCommit":false,"messageTitle":"Refactor command patterns in Parser class","messageBody":"","fileTypesAndContributionMap":{"functional-code":{"insertions":13,"deletions":7}}}]},{"date":"2025-09-23T00:00:00","commitResults":[{"hash":"dd6e9dd321a6b80783b7e7bd37b4b812594e6946","isMergeCommit":true,"messageTitle":"Merge pull request #2 from jyx0615/master","messageBody":"Implement Parser, Ui, Command, and QuotelyException classes","fileTypesAndContributionMap":{}},{"hash":"a2cf8dbad100dd17206ef092b1343f6ef002eaaf","isMergeCommit":true,"messageTitle":"Merge pull request #3 from jyx0615/update-doc","messageBody":"Update doc","fileTypesAndContributionMap":{}}]},{"date":"2025-09-24T00:00:00","commitResults":[{"hash":"0391ec68ec423c5bb7a13dee154ceb65ffeeb844","isMergeCommit":true,"messageTitle":"Merge pull request #4 from Tanjy55/master","messageBody":"Implement QuoteList, Quote, Item and CompanyName classes","fileTypesAndContributionMap":{}},{"hash":"350a68b2aa7ae1616d412b939b8caca69e01001e","isMergeCommit":true,"messageTitle":"Merge pull request #11 from Tanjy55/master","messageBody":"Updated data, command classes and parser. Parser does not handle data…","fileTypesAndContributionMap":{}}]},{"date":"2025-10-01T00:00:00","commitResults":[{"hash":"3d2deed4394fffb6c9301f6a48e1fc3363a0c754","isMergeCommit":false,"messageTitle":"update about us doc","messageBody":"","fileTypesAndContributionMap":{"docs":{"insertions":1,"deletions":5}}},{"hash":"c9c7ec53affb6ad21068895e103abdfab8d715b8","isMergeCommit":true,"messageTitle":"Merge pull request #14 from Tanjy55/junyi-AboutUs","messageBody":"Updated first line in docs/AboutUs.md","fileTypesAndContributionMap":{}},{"hash":"d61e6e4303d24a175dc23fd82afc6a1073ee133b","isMergeCommit":true,"messageTitle":"Merge pull request #16 from irw9n/Irwan-AboutUs","messageBody":"Update first line in AboutUs.md","fileTypesAndContributionMap":{}},{"hash":"7e0d922755eb2c8b9c6cd6d7a143d685f57c2fca","isMergeCommit":true,"messageTitle":"Merge pull request #15 from LJQ2001/Jiaquan-AboutUs","messageBody":"Jiaquan about us","fileTypesAndContributionMap":{}},{"hash":"10e556651cc11fe3369eac71a143b94fc915d902","isMergeCommit":true,"messageTitle":"Merge remote-tracking branch \u0027upstream/master\u0027 into jyx-AboutUs","messageBody":"","fileTypesAndContributionMap":{}},{"hash":"8885ab8ccde3d941b6fd39512c23f6185ecdb58e","isMergeCommit":true,"messageTitle":"Merge pull request #13 from jyx0615/jyx-AboutUs","messageBody":"update about us doc","fileTypesAndContributionMap":{}},{"hash":"63a4fc50f6da1fa09250cfcabb2dea05d911f878","isMergeCommit":true,"messageTitle":"Merge pull request #12 from irw9n/v1.0---Calculate-Total","messageBody":"Implemented CalculateTotalCommand to calculate basic total cost of a Quote","fileTypesAndContributionMap":{}},{"hash":"0fe3b455f84c18f233d2822af1ba5e4b0f326e86","isMergeCommit":false,"messageTitle":"update show command ui layout","messageBody":"","fileTypesAndContributionMap":{"functional-code":{"insertions":7,"deletions":7}}},{"hash":"067cc61faf3643b65104b824e27d18fad121c103","isMergeCommit":true,"messageTitle":"Merge pull request #18 from jyx0615/fix/show-layout","messageBody":"update the ui of show command","fileTypesAndContributionMap":{}}]},{"date":"2025-10-03T00:00:00","commitResults":[{"hash":"f88adfe0e94d923e5906ddf9c7a85fb2a1453f5a","isMergeCommit":true,"messageTitle":"Merge pull request #25 from Tanjy55/master","messageBody":"Added state class and logic to Quotely, Parser, Command, Exception","fileTypesAndContributionMap":{}},{"hash":"e2b78e4b672136573e0e917520dff2f4c8b4c7f8","isMergeCommit":false,"messageTitle":"Implement state management for quotes and update command parsing to utilize state","messageBody":"","fileTypesAndContributionMap":{"functional-code":{"insertions":97,"deletions":74}}},{"hash":"4a7d141ffd5f2345f5b2e4d907613a14a5696168","isMergeCommit":false,"messageTitle":"Refactor command execution to incorporate state management and update command parsing for quote operations","messageBody":"","fileTypesAndContributionMap":{"functional-code":{"insertions":104,"deletions":56}}},{"hash":"872416d3176a2b7cb7b09e086b238746884a68b4","isMergeCommit":false,"messageTitle":"Update user guide and command messages for clarity and consistency","messageBody":"","fileTypesAndContributionMap":{"functional-code":{"insertions":3,"deletions":3},"docs":{"insertions":119,"deletions":34}}},{"hash":"b78d576bd84cc457674b6339f3eef2e0712b0f46","isMergeCommit":false,"messageTitle":"Update user guide formatting for command syntax consistency","messageBody":"","fileTypesAndContributionMap":{"docs":{"insertions":24,"deletions":12}}},{"hash":"efd135d2450ebc3f2c66e568cc387e9baff8a323","isMergeCommit":false,"messageTitle":"Update user guide and command output messages for clarity and accuracy","messageBody":"","fileTypesAndContributionMap":{"functional-code":{"insertions":1,"deletions":1},"docs":{"insertions":3,"deletions":3}}},{"hash":"1e612100a167cd0c123a3a48a23551b8588a1c9d","isMergeCommit":true,"messageTitle":"Merge pull request #27 from jyx0615/feat/update-parser","messageBody":"Update parser to extract quote name from user command and current state.","fileTypesAndContributionMap":{}},{"hash":"518a9433a935b12d19c5daa4bf0d6fdaa23126fa","isMergeCommit":false,"messageTitle":"Add parser tests","messageBody":"","fileTypesAndContributionMap":{"functional-code":{"insertions":48,"deletions":51},"other":{"insertions":4,"deletions":4},"test-code":{"insertions":218,"deletions":0}}}]},{"date":"2025-10-06T00:00:00","commitResults":[{"hash":"feb0a7b4d810361e4d2a53055bd02ac81ffc8194","isMergeCommit":false,"messageTitle":"Add tests for parser.","messageBody":"","fileTypesAndContributionMap":{"functional-code":{"insertions":17,"deletions":18},"other":{"insertions":58,"deletions":99},"test-code":{"insertions":279,"deletions":0}}},{"hash":"2c4cfe55ea8f0306aaaa875de404983abde8981b","isMergeCommit":false,"messageTitle":"Fix parser test to set state outside quote before adding quote","messageBody":"","fileTypesAndContributionMap":{"test-code":{"insertions":1,"deletions":1}}}]},{"date":"2025-10-08T00:00:00","commitResults":[{"hash":"74e969f69f370ab59c327c23338898b976230eea","isMergeCommit":true,"messageTitle":"Merge pull request #28 from jyx0615/add-test","messageBody":"Add parser tests","fileTypesAndContributionMap":{}}]},{"date":"2025-10-10T00:00:00","commitResults":[{"hash":"5686d193ff1593269442bcf0774e2fd22bc64a90","isMergeCommit":false,"messageTitle":"Add tests for command execution","messageBody":"","fileTypesAndContributionMap":{"test-code":{"insertions":179,"deletions":0}}},{"hash":"2f511792ce4b028db7d03fb84283539716d3f42a","isMergeCommit":false,"messageTitle":"Refactor assertions in AddQuoteCommandTest and DeleteQuoteCommandTest for clarity","messageBody":"","fileTypesAndContributionMap":{"test-code":{"insertions":3,"deletions":2}}},{"hash":"3ae8b8c2546744ea566cc6a555eb6f1bc0940c73","isMergeCommit":true,"messageTitle":"Merge pull request #29 from jyx0615/test/command-test","messageBody":"Add tests for command execution","fileTypesAndContributionMap":{}}]},{"date":"2025-10-11T00:00:00","commitResults":[{"hash":"da17c0bc87d9ec7d640444f96d19a89063595417","isMergeCommit":false,"messageTitle":"Add centralized logging configuration and properties file","messageBody":"","fileTypesAndContributionMap":{"functional-code":{"insertions":211,"deletions":0}}},{"hash":"1ed2ffe837db0996f52b73dfa6cada768085cc42","isMergeCommit":false,"messageTitle":"Enhance logging functionality by initializing global logging in main method and improving file path handling in LoggerConfig","messageBody":"","fileTypesAndContributionMap":{"functional-code":{"insertions":17,"deletions":20}}},{"hash":"bf03509fbe4f6f7bf2f3162f1ac738b412d3fa1a","isMergeCommit":true,"messageTitle":"Merge pull request #31 from jyx0615/log/global-logger","messageBody":"Create global logger","fileTypesAndContributionMap":{}},{"hash":"6eb2b51d760cffda7d6795a11ff7eeb9b8d46ad2","isMergeCommit":false,"messageTitle":"Enhance Parser logging and update tests to use QuotelyState","messageBody":"","fileTypesAndContributionMap":{"functional-code":{"insertions":63,"deletions":21},"test-code":{"insertions":7,"deletions":4}}},{"hash":"46fe0f0afe057f9b31c8639d9a6cf4a890fb77b8","isMergeCommit":false,"messageTitle":"Improve logging details in Parser for better command parsing insights","messageBody":"","fileTypesAndContributionMap":{"functional-code":{"insertions":8,"deletions":6}}},{"hash":"588321232b5226aa61da687e7ec027e1916043ec","isMergeCommit":true,"messageTitle":"Merge pull request #32 from jyx0615/log/parser-log","messageBody":"Enhance Parser logging and update tests to use QuotelyState","fileTypesAndContributionMap":{}},{"hash":"e412e875ce21b1e65652a18140e3bd4e920593aa","isMergeCommit":false,"messageTitle":"Add assertion and enable assertions in tests and run configurations","messageBody":"","fileTypesAndContributionMap":{"functional-code":{"insertions":27,"deletions":4},"other":{"insertions":5,"deletions":0},"test-code":{"insertions":24,"deletions":12}}},{"hash":"a3b547a507ee99f113bd4499957962ae38294099","isMergeCommit":true,"messageTitle":"Merge pull request #33 from jyx0615/assert/parser-assert","messageBody":"Add assertion and enable assertions in tests and run configurations","fileTypesAndContributionMap":{}}]},{"date":"2025-10-15T00:00:00","commitResults":[{"hash":"3323c53df9a489594319a3be283b2867364f1882","isMergeCommit":true,"messageTitle":"Merge pull request #34 from irw9n/v1.0-UI-state-handling","messageBody":"UI handling for states, and addition of NavigateCommand to navigate between main menu and quotes","fileTypesAndContributionMap":{}},{"hash":"8ccb3176b04041f19e8acd9d5119d4b7c71c06f9","isMergeCommit":false,"messageTitle":"update .gitignore to ignore log files and improve test coverage of parser","messageBody":"","fileTypesAndContributionMap":{"functional-code":{"insertions":7,"deletions":8},"test-code":{"insertions":112,"deletions":3}}},{"hash":"7136307c9b02a9db36c0f39e64afd136f1965d70","isMergeCommit":true,"messageTitle":"Merge pull request #35 from jyx0615/test/command-test","messageBody":"update .gitignore to ignore log files and improve test coverage of pa…","tags":["v1.0"],"fileTypesAndContributionMap":{}}]},{"date":"2025-10-17T00:00:00","commitResults":[{"hash":"5c93f6e6def76600c9a9fbd465fa5b17d19af6e3","isMergeCommit":true,"messageTitle":"Merge pull request #47 from Tanjy55/junit_work","messageBody":"Junit test for CompanyName, Item, Quote, QuoteList, QuotelyState","fileTypesAndContributionMap":{}},{"hash":"21975101c894562d0bd0ac4afcc77704657a5ab9","isMergeCommit":true,"messageTitle":"Merge pull request #48 from Tanjy55/master","messageBody":"Updated user guide","fileTypesAndContributionMap":{}},{"hash":"1ada599875658f7227b6f825e125c357a487fb8d","isMergeCommit":true,"messageTitle":"Merge pull request #50 from irw9n/JUnit-Test-Assertions","messageBody":"Adding JUnit Test with assertions for NavigateCommand","fileTypesAndContributionMap":{}},{"hash":"9bcd3d0c4b359456ffe3c954f1f5d84de321d0cf","isMergeCommit":true,"messageTitle":"Merge pull request #52 from LJQ2001/master","messageBody":"Add CalculateTotalCommandTest JUnit test","fileTypesAndContributionMap":{}},{"hash":"6b8384ac45ce214b62571aaa79769e196cee0949","isMergeCommit":false,"messageTitle":"Refactor initialization of Ui and QuotelyState to use singleton pattern; add logging to QuoteList and create LoggerConfig tests","messageBody":"","fileTypesAndContributionMap":{"functional-code":{"insertions":38,"deletions":18},"test-code":{"insertions":168,"deletions":49}}},{"hash":"b07f792d56dcce0b0abc74177e8858b818c24290","isMergeCommit":false,"messageTitle":"Improve error handling in navigate command parsing; log success and failure cases","messageBody":"","fileTypesAndContributionMap":{"functional-code":{"insertions":5,"deletions":4}}},{"hash":"7e226efe24df9fcad95980cef6f62b85a632ab74","isMergeCommit":false,"messageTitle":"Refactor NavigateCommandTest and QuotelyStateTest to use singleton pattern for Ui and QuotelyState","messageBody":"","fileTypesAndContributionMap":{"test-code":{"insertions":15,"deletions":14}}},{"hash":"ce268ba7164b95504d141ae869d81eaa20b96e5b","isMergeCommit":false,"messageTitle":"Fix log message in getQuoteByName method for clarity","messageBody":"","fileTypesAndContributionMap":{"functional-code":{"insertions":1,"deletions":1}}},{"hash":"d691fb126f264162a9d238d0fd035959b251bcea","isMergeCommit":false,"messageTitle":"Refactor CalculateTotalCommandTest to use singleton pattern for Ui and QuotelyState","messageBody":"","fileTypesAndContributionMap":{"test-code":{"insertions":2,"deletions":2}}},{"hash":"e5e26c0c6792261b06cf658a18131e7dacc788c5","isMergeCommit":true,"messageTitle":"Merge pull request #51 from jyx0615/update/use-getInstance","messageBody":"Refactor initialization of Ui and QuotelyState to use singleton pattern","fileTypesAndContributionMap":{}}]},{"date":"2025-10-20T00:00:00","commitResults":[{"hash":"19e4d2d9566060c65630977bf0a6650ceb33054f","isMergeCommit":true,"messageTitle":"Merge pull request #55 from Tanjy55/add_logging","messageBody":"Added logging for command classes. Modified logging for Quotely class","fileTypesAndContributionMap":{}},{"hash":"331368ef57e173f5e11eeb13fa2e9bdf3077763f","isMergeCommit":false,"messageTitle":"Add UML diagrams and logging documentation for Quotely application","messageBody":"","fileTypesAndContributionMap":{"docs":{"insertions":308,"deletions":3}}},{"hash":"44b32d99f95fd158b5ffa6ec6cc5741a6803f34a","isMergeCommit":false,"messageTitle":"Fix diagram file naming and update documentation links in Developer Guide and Diagram Guide","messageBody":"","fileTypesAndContributionMap":{"docs":{"insertions":3,"deletions":3}}},{"hash":"af5cef398b6b2eb7903a9477d771d870c2339961","isMergeCommit":true,"messageTitle":"Merge pull request #57 from Tanjy55/add_assertion_no_logging","messageBody":"Redone assertion using separate branch from logging.","fileTypesAndContributionMap":{}}]},{"date":"2025-10-21T00:00:00","commitResults":[{"hash":"52d8e55fff7de204d70e21f47b986cda30663502","isMergeCommit":false,"messageTitle":"Fix typo in section header for Parser Component in Developer Guide","messageBody":"","fileTypesAndContributionMap":{"docs":{"insertions":1,"deletions":1}}},{"hash":"ca88e86a845b9841bf38d3673f6f3d6a73c4e2b1","isMergeCommit":true,"messageTitle":"Merge pull request #60 from jyx0615/feat/uml","messageBody":"Update developer guide by including uml diagrams and user stories","fileTypesAndContributionMap":{}},{"hash":"9f2de3d3047922a8751b20328e099ff633f563d4","isMergeCommit":false,"messageTitle":"Enhance navigation command handling and add parser tests for navigation commands","messageBody":"","fileTypesAndContributionMap":{"test-code":{"insertions":55,"deletions":0}}},{"hash":"60beb7463bc3aa67a1abfe52993b168321f1bdb5","isMergeCommit":false,"messageTitle":"Refactor navigation command tests to use singleton instance of QuotelyState","messageBody":"","fileTypesAndContributionMap":{"test-code":{"insertions":4,"deletions":4}}},{"hash":"086379d0fc76e62b2c6281b140aa5ebb6be90431","isMergeCommit":true,"messageTitle":"Merge pull request #61 from jyx0615/test/nav-command-test","messageBody":"Add tests for parsing navigation command","fileTypesAndContributionMap":{}},{"hash":"8a31f34e56d173367bcb824e5fc775b13df880f6","isMergeCommit":true,"messageTitle":"Merge branch \u0027master\u0027 into add_isTax","messageBody":"","fileTypesAndContributionMap":{}}]},{"date":"2025-10-22T00:00:00","commitResults":[{"hash":"a6200c1d561e022e3c77ac4f3244cab7099fd296","isMergeCommit":true,"messageTitle":"Merge pull request #63 from irw9n/v2.0-calculate-total-handling-with-isTax","messageBody":"V2.0 calculate total handling with taxRate instead of isTax","fileTypesAndContributionMap":{}},{"hash":"8175b71d6d30902125c94946a76efd8ab536d592","isMergeCommit":true,"messageTitle":"Merge pull request #66 from Tanjy55/docs_updates","messageBody":"Developer guide updates","fileTypesAndContributionMap":{}},{"hash":"1ca89b8582fe9d6a72e465785b19dc30a8ecfd07","isMergeCommit":false,"messageTitle":"Add PDFWriter class and update .gitignore and build.gradle for PDF generation","messageBody":"","fileTypesAndContributionMap":{"functional-code":{"insertions":121,"deletions":0},"other":{"insertions":1,"deletions":0}}}]},{"date":"2025-10-24T00:00:00","commitResults":[{"hash":"72b4e3d5ee2803938428c6a8f8b415e083b962ce","isMergeCommit":true,"messageTitle":"Merge pull request #70 from jyx0615/feat/invoice-writer","messageBody":"Add PDFWriter class and update .gitignore and build.gradle for PDF ge…","fileTypesAndContributionMap":{}}]},{"date":"2025-10-25T00:00:00","commitResults":[{"hash":"290c5abfe8d50566e5c7ae30950bdc057a19eb69","isMergeCommit":false,"messageTitle":"Add project portfolio page for jyx0615","messageBody":"","fileTypesAndContributionMap":{"docs":{"insertions":22,"deletions":0}}},{"hash":"f683089add8f031d6869d7cbd386fd60141a398f","isMergeCommit":false,"messageTitle":"Add export quote functionality with PDF generation and update user guide","messageBody":"","fileTypesAndContributionMap":{"functional-code":{"insertions":121,"deletions":40},"docs":{"insertions":57,"deletions":15},"test-code":{"insertions":54,"deletions":0}}},{"hash":"eb546348652fbeaa6e8e12804f27a2a6516eacd5","isMergeCommit":true,"messageTitle":"Merge pull request #72 from jyx0615/doc/draft-ppp","messageBody":"Add project portfolio page for jyx0615","fileTypesAndContributionMap":{}},{"hash":"e9f3186a0f3a536ddec4a0f09fe6c00640f555ac","isMergeCommit":false,"messageTitle":"Fix logging message format in ExportQuoteCommand and update comment in PDFWriter for clarity","messageBody":"","fileTypesAndContributionMap":{"functional-code":{"insertions":2,"deletions":2}}},{"hash":"40137e323d2b9c80c7bba12a4c031c4ece038b8e","isMergeCommit":true,"messageTitle":"Merge pull request #73 from jyx0615/feat/export","messageBody":"Add export quote functionality with PDF generation and update user guide","fileTypesAndContributionMap":{}}]},{"date":"2025-10-28T00:00:00","commitResults":[{"hash":"734201afc679bbfac3ba9ed3f41b8371b1a61290","isMergeCommit":false,"messageTitle":"Enhance Developer Guide and Logging documentation; add Export feature details and update logging configuration","messageBody":"","fileTypesAndContributionMap":{"functional-code":{"insertions":1,"deletions":1},"docs":{"insertions":157,"deletions":22}}},{"hash":"1dc03f4a88313894bbed125d4df3f4300be2b436","isMergeCommit":false,"messageTitle":"Refine Developer Guide structure and enhance export feature documentation","messageBody":"","fileTypesAndContributionMap":{"docs":{"insertions":16,"deletions":16}}},{"hash":"5074dfd9477074017ed31229b8315fd5f2cf9b29","isMergeCommit":true,"messageTitle":"Merge pull request #76 from jyx0615/doc/dg-update","messageBody":"Update develop guide to include export feature","fileTypesAndContributionMap":{}},{"hash":"55de1ebc425744d66cf3b10d87f63981644602cc","isMergeCommit":false,"messageTitle":"Fix portfolio links in About Us page to use relative paths","messageBody":"","fileTypesAndContributionMap":{"docs":{"insertions":4,"deletions":4}}},{"hash":"93cb137d995c9818d95ac97fb117aab0b140a04d","isMergeCommit":true,"messageTitle":"Merge pull request #77 from jyx0615/doc/draft-ppp","messageBody":"Fix portfolio links in About Us page to use relative paths","fileTypesAndContributionMap":{}}]},{"date":"2025-10-29T00:00:00","commitResults":[{"hash":"fc988bd9596b1cf2db450f9dc58fb088bcdb2497","isMergeCommit":true,"messageTitle":"Merge pull request #79 from irw9n/Dev-guide-changes","messageBody":"Added feature to DeveloperGuide.md","fileTypesAndContributionMap":{}},{"hash":"41b5f38bc82b8b560e274d2e78eeb785512bd59b","isMergeCommit":true,"messageTitle":"Merge branch \u0027master\u0027 into Developer-Guide","messageBody":"","fileTypesAndContributionMap":{}},{"hash":"5c59cb243f9e765140ec8e3a41ce52368daec195","isMergeCommit":true,"messageTitle":"Merge pull request #80 from LJQ2001/Developer-Guide","messageBody":"Developer guide - UI and File Storage","fileTypesAndContributionMap":{}},{"hash":"eacaae8735f4d8dfb70e54d730d0a628ba112665","isMergeCommit":false,"messageTitle":"Update Developer Guide: refine feature descriptions, improve UI terminology, and remove outdated logging section","messageBody":"","fileTypesAndContributionMap":{"docs":{"insertions":17,"deletions":83}}},{"hash":"f28bd8d96a0a2fa0430026cc98c0f10c73ec187b","isMergeCommit":false,"messageTitle":"Refactor export feature: update terminology from \u0027invoice\u0027 to \u0027quotation\u0027, modify related documentation, and adjust method names for clarity","messageBody":"","fileTypesAndContributionMap":{"functional-code":{"insertions":34,"deletions":35},"docs":{"insertions":79,"deletions":16},"test-code":{"insertions":8,"deletions":10}}},{"hash":"9d71d041bc4903e6a2c455f4441126d348e7c9a3","isMergeCommit":false,"messageTitle":"Enhance export functionality: allow custom filename for PDF exports and update user guide accordingly","messageBody":"","fileTypesAndContributionMap":{"functional-code":{"insertions":65,"deletions":54},"docs":{"insertions":60,"deletions":34}}},{"hash":"9f90c4e37eb8d8d163f6f4c44af694bdc172c5b2","isMergeCommit":false,"messageTitle":"Refactor logging initialization: streamline directory creation and improve error handling for configuration loading","messageBody":"","fileTypesAndContributionMap":{"functional-code":{"insertions":17,"deletions":21}}},{"hash":"0309add74e18e8a4f1630529e9eab93450cb994a","isMergeCommit":true,"messageTitle":"Merge pull request #87 from Tanjy55/docs_updates","messageBody":"Updated comments","fileTypesAndContributionMap":{}},{"hash":"2ca79a3a3ff8f17ca4a1b25fbdd70e6d6797b6ce","isMergeCommit":true,"messageTitle":"Merge pull request #86 from jyx0615/feat/export","messageBody":"Enhance export functionality to allow custom filename and refactor logger","fileTypesAndContributionMap":{}},{"hash":"e9ef79c6047ebbf6a4733ca9b0a5ec955889b8be","isMergeCommit":false,"messageTitle":"Implement duplicate quote name check in AddQuoteCommand and update QuotelyException for better error handling","messageBody":"","fileTypesAndContributionMap":{"functional-code":{"insertions":23,"deletions":2},"test-code":{"insertions":22,"deletions":0}}},{"hash":"79f9cc0d61e876f93b92102fc9c51dfba26aa096","isMergeCommit":false,"messageTitle":"Fix assertion message in AddQuoteCommandTest for clarity on duplicate quote name handling","messageBody":"","fileTypesAndContributionMap":{"test-code":{"insertions":1,"deletions":1}}}]}],"Tanjy55":[{"date":"2025-09-23T00:00:00","commitResults":[{"hash":"8600dff815dd07813f5eb6059a00f24a33667f19","isMergeCommit":false,"messageTitle":"Implemented data structure classes, CompanyName, Quote, Item, QuoteList for Quotely.","messageBody":"Modified Parser and Command subclasses to handle data.\n\nMinor updates to userguide and README.md.\n","fileTypesAndContributionMap":{"functional-code":{"insertions":250,"deletions":50},"docs":{"insertions":9,"deletions":5}}},{"hash":"4ce3f5d78bc1e28062dcbf33c16e7f36cea61869","isMergeCommit":true,"messageTitle":"Merge branch \u0027pr-branch\u0027","messageBody":"","fileTypesAndContributionMap":{}}]},{"date":"2025-09-24T00:00:00","commitResults":[{"hash":"1f7cc81e61373972653c96624cdc3b4ccbe33e43","isMergeCommit":true,"messageTitle":"Merge branch \u0027master\u0027 of https://github.com/AY2526S1-CS2113-W10-1/tp","messageBody":"# Conflicts:\n#\tsrc/main/java/seedu/quotely/Parser.java\n","fileTypesAndContributionMap":{}},{"hash":"e16907dd73e806a340efe4e9b1f540b1c003c2e9","isMergeCommit":false,"messageTitle":"Updated data, command classes and parser. Parser does not handle data, and data is instead passed to the execute methods.","messageBody":"","fileTypesAndContributionMap":{"functional-code":{"insertions":70,"deletions":49}}}]},{"date":"2025-10-01T00:00:00","commitResults":[{"hash":"7e6ef421bc64b10ee4dbd19a51ebdc82ace42072","isMergeCommit":false,"messageTitle":"Updated first line in docs/AboutUs.md","messageBody":"","fileTypesAndContributionMap":{"docs":{"insertions":4,"deletions":7}}},{"hash":"a1646472f2ba0345ce09f7875e481ef973f31e48","isMergeCommit":true,"messageTitle":"Merge branch \u0027merge-AboutUs\u0027","messageBody":"","fileTypesAndContributionMap":{}},{"hash":"77b9c545d8ee72c3330cce11094a2172936484eb","isMergeCommit":true,"messageTitle":"Merge branch \u0027latest\u0027","messageBody":"","fileTypesAndContributionMap":{}}]},{"date":"2025-10-03T00:00:00","commitResults":[{"hash":"7b0eb923081d80d83c3e90726d312c3a973ed0c4","isMergeCommit":false,"messageTitle":"Added state class to allow parser and commands to be executed based on user navigation status.","messageBody":"- Parser does not store state object, only determines which commands are available to user based on boolean\n- State object is passed into execute method to be read/mutated\n- Execute method throws exception if in wrong state (may mean error with parser logic)\n","fileTypesAndContributionMap":{"functional-code":{"insertions":138,"deletions":21}}},{"hash":"ea1d499726951f68ad401578fdcbf943543980d7","isMergeCommit":false,"messageTitle":"Modified Quotely to pass state to the parser and removed all state from command execution.","messageBody":"+ Minor comment edits to commands\n","fileTypesAndContributionMap":{"functional-code":{"insertions":32,"deletions":71}}},{"hash":"ec0878f874e0fc9f55a6b450dbbceb41dfe66a27","isMergeCommit":false,"messageTitle":"Fix gradle check style failure","messageBody":"","fileTypesAndContributionMap":{"functional-code":{"insertions":0,"deletions":1}}}]},{"date":"2025-10-15T00:00:00","commitResults":[{"hash":"3221411fb1550dc2dfaadb0d642ac308b8969975","isMergeCommit":false,"messageTitle":"Minor comment edits","messageBody":"","fileTypesAndContributionMap":{"functional-code":{"insertions":20,"deletions":3}}}]},{"date":"2025-10-16T00:00:00","commitResults":[{"hash":"31896f176487be21072e5e2a32ee65dcc2e000f6","isMergeCommit":false,"messageTitle":"Added jUnit tests for CompanyName, Item, Quote, QuoteList, QuotelyState classes","messageBody":"","fileTypesAndContributionMap":{"functional-code":{"insertions":1,"deletions":1},"test-code":{"insertions":419,"deletions":0}}}]},{"date":"2025-10-17T00:00:00","commitResults":[{"hash":"db78b1cd2e5c27b3f2cf61edffc21724dd6c464c","isMergeCommit":false,"messageTitle":"Added junit test for invalid inputs which trigger exception throw","messageBody":"","fileTypesAndContributionMap":{"functional-code":{"insertions":1,"deletions":1},"test-code":{"insertions":42,"deletions":8}}},{"hash":"423509f05eafc55de1e34e2756f12156ca340b8c","isMergeCommit":false,"messageTitle":"Resolved checkstyleTest errors and removed dummy line","messageBody":"","fileTypesAndContributionMap":{"functional-code":{"insertions":0,"deletions":1},"test-code":{"insertions":22,"deletions":8}}},{"hash":"f0b5eac138528f28ebe8ce53dbf5e873a99fa5c8","isMergeCommit":false,"messageTitle":"Resolved junit test bug","messageBody":"","fileTypesAndContributionMap":{"test-code":{"insertions":1,"deletions":1}}},{"hash":"b311c90b288fb0ea3bfa2a88f83a968d557dea66","isMergeCommit":false,"messageTitle":"Edited javadoc comments and updated userguide for v1.0.","messageBody":"","fileTypesAndContributionMap":{"functional-code":{"insertions":13,"deletions":14},"docs":{"insertions":138,"deletions":41}}}]},{"date":"2025-10-18T00:00:00","commitResults":[{"hash":"be4a02837a1b717b1c89efd92d1a2d2498134baf","isMergeCommit":false,"messageTitle":"Added logging for command classes. Modified logging for Quotely class","messageBody":"","fileTypesAndContributionMap":{"functional-code":{"insertions":114,"deletions":31}}}]},{"date":"2025-10-20T00:00:00","commitResults":[{"hash":"93febbf50635f45aaf983d9a88a5de3859d3d52e","isMergeCommit":false,"messageTitle":"Changed logging method in Quotely to maintain format","messageBody":"","fileTypesAndContributionMap":{"functional-code":{"insertions":1,"deletions":4}}},{"hash":"525f012430f4f4a4b36f8f8c7daf325d6b7cef6e","isMergeCommit":false,"messageTitle":"Redone assertion using separate branch from logging.","messageBody":"","fileTypesAndContributionMap":{"functional-code":{"insertions":6,"deletions":1},"test-code":{"insertions":1,"deletions":0}}},{"hash":"8d2d92984bccc36024f722f3fe44dffa22a2093a","isMergeCommit":false,"messageTitle":"Added isTax attribute to Item and Junit test for isTax, getter and setter.","messageBody":"Parser and UI requires work to allow user to set isTax, and view under \"show\" command\n\nUserguide needs update after code is done.\n","fileTypesAndContributionMap":{"functional-code":{"insertions":30,"deletions":6},"test-code":{"insertions":74,"deletions":40}}},{"hash":"f6b174b87ac1d603eee5e38c5edab318e35b7746","isMergeCommit":true,"messageTitle":"Merge branch \u0027master\u0027 into add_assertion_no_logging","messageBody":"","fileTypesAndContributionMap":{}},{"hash":"1a7941e6453ac61afce8b17fb4ccc122c34a1e03","isMergeCommit":true,"messageTitle":"Merge branch \u0027master\u0027 into add_isTax","messageBody":"","fileTypesAndContributionMap":{}},{"hash":"21a3d6fa60e2398868ae9097f3320cfc64c777fa","isMergeCommit":false,"messageTitle":"Fixed merge conflict error","messageBody":"","fileTypesAndContributionMap":{"functional-code":{"insertions":0,"deletions":2}}}]},{"date":"2025-10-22T00:00:00","commitResults":[{"hash":"c4ea1697c787522fcb3035085005c0a183d34ced","isMergeCommit":false,"messageTitle":"Updated userguide for navigate command","messageBody":"","fileTypesAndContributionMap":{"docs":{"insertions":36,"deletions":0}}},{"hash":"36d4335ff544366ea8ed321a7faedda7beb0a23d","isMergeCommit":false,"messageTitle":"Minor updates to navigate userguide","messageBody":"","fileTypesAndContributionMap":{"docs":{"insertions":1,"deletions":0}}},{"hash":"b71a53d357e96c9a4d2f36fc12f4092bb79423bd","isMergeCommit":true,"messageTitle":"Merge pull request #65 from Tanjy55/docs_updates","messageBody":"Docs updates for navigateCommand","fileTypesAndContributionMap":{}},{"hash":"8a404c91f884bde620a57a91821887d075269a66","isMergeCommit":false,"messageTitle":"Update table of contents for developer guide","messageBody":"","fileTypesAndContributionMap":{"docs":{"insertions":21,"deletions":5}}},{"hash":"7273f93d0fbcbcb3d1e2c3ff39feb9af0be2d27e","isMergeCommit":false,"messageTitle":"Modified DG structure and added user stories","messageBody":"","fileTypesAndContributionMap":{"docs":{"insertions":48,"deletions":22}}},{"hash":"1f04a266609beeb1b60ec0d10f4f648b0db06047","isMergeCommit":false,"messageTitle":"Additions to developer guide","messageBody":"","fileTypesAndContributionMap":{"docs":{"insertions":63,"deletions":1}}}]},{"date":"2025-10-24T00:00:00","commitResults":[{"hash":"e1ff4ae8080f6848d9a74026f077c51b9bbac51d","isMergeCommit":true,"messageTitle":"Merge pull request #69 from LJQ2001/master","messageBody":"Add UI Junit Test ","fileTypesAndContributionMap":{}},{"hash":"98a3c9b3e66bba909cbc1c6ee114094f127931be","isMergeCommit":true,"messageTitle":"Merge pull request #71 from irw9n/Dev-guide-changes","messageBody":"Changes to DeveloperGuide.md","fileTypesAndContributionMap":{}}]},{"date":"2025-10-27T00:00:00","commitResults":[{"hash":"89f15156f1aaadc9643b737f6234cd6afcf69604","isMergeCommit":false,"messageTitle":"Updated optional component description for parser and data.","messageBody":"","fileTypesAndContributionMap":{"docs":{"insertions":37,"deletions":11}}},{"hash":"a09fe1ad6989da72daa03888d1cbb73031f77676","isMergeCommit":false,"messageTitle":"Added implementation description of QuotelyState in developer guide for week 10 participation.","messageBody":"","fileTypesAndContributionMap":{"docs":{"insertions":45,"deletions":6}}}]},{"date":"2025-10-28T00:00:00","commitResults":[{"hash":"40794f38667219ce3cbe46656d21100381e96ed5","isMergeCommit":true,"messageTitle":"Merge pull request #75 from Tanjy55/docs_updates","messageBody":"Update the DG with design details","fileTypesAndContributionMap":{}}]},{"date":"2025-10-29T00:00:00","commitResults":[{"hash":"402d88e62b8718495720733f1dc74ff8237ddd40","isMergeCommit":true,"messageTitle":"Merge pull request #83 from jyx0615/doc/dg-update","messageBody":"Update Developer Guide","fileTypesAndContributionMap":{}},{"hash":"6021790554c4d039cf3d7b4804bc0a6c11573faa","isMergeCommit":false,"messageTitle":"Updated comments","messageBody":"","fileTypesAndContributionMap":{"functional-code":{"insertions":1,"deletions":26}}},{"hash":"9b205c7023da261fd9bf003f24f5dc458ddd29c9","isMergeCommit":true,"messageTitle":"Merge pull request #88 from jyx0615/feat/duplicate-quotename","messageBody":"Implement duplicate quote name check in AddQuoteCommand","fileTypesAndContributionMap":{}}]}],"irw9n":[{"date":"2025-10-01T00:00:00","commitResults":[{"hash":"fd1e3201ad5220316764e915f45f3d5a225feb3b","isMergeCommit":false,"messageTitle":"Implemented CalculateTotalCommand, to handle basic total calculation of quotes without taxes","messageBody":"","fileTypesAndContributionMap":{"functional-code":{"insertions":63,"deletions":9}}},{"hash":"2707f14b57dce314aeedd5bd8fe238e3c098e318","isMergeCommit":false,"messageTitle":"Run ./gradlew checkstyleMain to previous commit","messageBody":"","fileTypesAndContributionMap":{"functional-code":{"insertions":12,"deletions":3}}},{"hash":"0c1af141c80b72fddcdd200625423f27a075e74f","isMergeCommit":false,"messageTitle":"Update first line in AboutUs.md","messageBody":"","fileTypesAndContributionMap":{"docs":{"insertions":4,"deletions":7}}},{"hash":"0c5e35fd4b12b38418cce996b46d3ff0e7cacd04","isMergeCommit":true,"messageTitle":"Merge branch \u0027master\u0027 into Irwan-AboutUs","messageBody":"","fileTypesAndContributionMap":{}}]},{"date":"2025-10-14T00:00:00","commitResults":[{"hash":"05af10ee912e0a955add6ae8280efe6292c94100","isMergeCommit":false,"messageTitle":"UI handling for states, and addition of NavigateCommand to navigate between main and quotes","messageBody":"","fileTypesAndContributionMap":{"functional-code":{"insertions":85,"deletions":1}}}]},{"date":"2025-10-15T00:00:00","commitResults":[{"hash":"a2f173a62c08a7d0adfdc0fe04025d2aec8dbbd4","isMergeCommit":false,"messageTitle":"Changes to NavigateCommand","messageBody":"","fileTypesAndContributionMap":{"functional-code":{"insertions":12,"deletions":7}}},{"hash":"f4ae19d18333bb6af1ff3491849d24692eb076a4","isMergeCommit":false,"messageTitle":"Changes to NavigateCommand","messageBody":"","fileTypesAndContributionMap":{"functional-code":{"insertions":0,"deletions":8}}}]},{"date":"2025-10-17T00:00:00","commitResults":[{"hash":"e59745449647b15d5d180e34f812d5ab55d364d7","isMergeCommit":false,"messageTitle":"Adding JUnit Test with assertions for NavigateCommand","messageBody":"","fileTypesAndContributionMap":{"test-code":{"insertions":129,"deletions":0}}},{"hash":"52a1698012193c94d638d312f265988d29226cd7","isMergeCommit":false,"messageTitle":"Ran checkstyleMain","messageBody":"","fileTypesAndContributionMap":{"test-code":{"insertions":1,"deletions":0}}},{"hash":"8a2fac0f9afec0f6e0dcf773e703e15663b1a1a5","isMergeCommit":false,"messageTitle":"Ran checkstyleMain","messageBody":"","fileTypesAndContributionMap":{"test-code":{"insertions":1,"deletions":1}}}]},{"date":"2025-10-21T00:00:00","commitResults":[{"hash":"c732e80df5e7c31d0aee67c9b81fbbf39a15729f","isMergeCommit":true,"messageTitle":"Merge pull request #59 from Tanjy55/add_isTax","messageBody":"Add isTax","fileTypesAndContributionMap":{}}]},{"date":"2025-10-22T00:00:00","commitResults":[{"hash":"78e7dbe179f1c34ef348345e71b2dbe600644d7a","isMergeCommit":false,"messageTitle":"Added Tax handling, but replaced isTax boolean with a taxRate double","messageBody":"","fileTypesAndContributionMap":{"functional-code":{"insertions":70,"deletions":32},"test-code":{"insertions":9,"deletions":9}}},{"hash":"d686639f6b671ecc8f3205422326799a7d3d23ab","isMergeCommit":false,"messageTitle":"Updated ItemTest and QuoteTest","messageBody":"","fileTypesAndContributionMap":{"test-code":{"insertions":74,"deletions":37}}},{"hash":"b802afb8bde4fe20dc173975964e018b49e8dc54","isMergeCommit":false,"messageTitle":"Trying to solve failed checks","messageBody":"","fileTypesAndContributionMap":{"functional-code":{"insertions":19,"deletions":3},"test-code":{"insertions":6,"deletions":1}}},{"hash":"22033b46881a6a452cdb8f2716daa69a201aae03","isMergeCommit":false,"messageTitle":"Trying to solve failed checks","messageBody":"","fileTypesAndContributionMap":{"functional-code":{"insertions":28,"deletions":8},"test-code":{"insertions":0,"deletions":1}}},{"hash":"bc4d3c5a011dd14730f3de887cfc534e185f01b0","isMergeCommit":false,"messageTitle":"Trying to solve failed checks","messageBody":"","fileTypesAndContributionMap":{"functional-code":{"insertions":6,"deletions":11}}},{"hash":"30e360582b1fdaf6c2717f42b2a278cda501185d","isMergeCommit":false,"messageTitle":"Trying to solve failed checks","messageBody":"","fileTypesAndContributionMap":{"functional-code":{"insertions":5,"deletions":1}}}]},{"date":"2025-10-24T00:00:00","commitResults":[{"hash":"456f079b6f94a3114d7939c96cba67e066e7dbf2","isMergeCommit":false,"messageTitle":"Changes to DeveloperGuide.md","messageBody":"","fileTypesAndContributionMap":{"docs":{"insertions":10,"deletions":1}}}]},{"date":"2025-10-29T00:00:00","commitResults":[{"hash":"6b121e43234f7a90718d61e86d3e04db49b747e1","isMergeCommit":false,"messageTitle":"Added feature to DeveloperGuide.md","messageBody":"","fileTypesAndContributionMap":{"docs":{"insertions":42,"deletions":1}}}]}]},"authorFileTypeContributionMap":{"LJQ2001":{"docs":21,"functional-code":248,"test-code":202,"other":1},"jyx0615":{"docs":770,"functional-code":1091,"test-code":1030,"other":14},"Tanjy55":{"docs":284,"functional-code":340,"test-code":452},"irw9n":{"docs":46,"functional-code":221,"test-code":209}},"authorContributionVariance":{"LJQ2001":4113.877,"jyx0615":44176.32,"Tanjy55":10660.285,"irw9n":3097.1768},"authorDisplayNameMap":{"LJQ2001":"CS2113-W10-1 LIU ..QUAN","jyx0615":"CS2113-W10-1 JIAN..XUAN","Tanjy55":"CS2113-W10-1 TAN ..N YI","irw9n":"CS2113-W10-1 IRWA..NOOR"}}
