{"authorDailyContributionsMap":{"AWeiBin":[{"date":"2025-09-22T00:00:00","commitResults":[{"hash":"5543facc6ef8b32dc19474b69f7c3ff39922a20a","isMergeCommit":true,"messageTitle":"Merge pull request #3 from mendax1234/master","messageBody":"Set up initial project structure for ModHero","fileTypesAndContributionMap":{}}]},{"date":"2025-09-23T00:00:00","commitResults":[{"hash":"274e02f621e4e8fab42949fa7bbccbd2580034c1","isMergeCommit":false,"messageTitle":"Add help messages for all commands","messageBody":"","fileTypesAndContributionMap":{"functional-code":{"insertions":124,"deletions":0}}},{"hash":"c7f77c0a7b79579c466ec821d171f5416d814453","isMergeCommit":true,"messageTitle":"Merge branch \u0027helpCommand\u0027","messageBody":"","fileTypesAndContributionMap":{}},{"hash":"f4842fd2120b77dfbb53193df6a895996785570a","isMergeCommit":false,"messageTitle":"Restructure command parsing logic","messageBody":"","fileTypesAndContributionMap":{"functional-code":{"insertions":52,"deletions":19}}},{"hash":"fc3fd86446668fd52fdba2d9d777894347116631","isMergeCommit":false,"messageTitle":"Implement parsing logic for MajorCommand arguments","messageBody":"","fileTypesAndContributionMap":{"functional-code":{"insertions":35,"deletions":3}}},{"hash":"c323cc52a46430cf20eb4ab5c13da77223d72b72","isMergeCommit":true,"messageTitle":"Merge branch \u0027parser\u0027","messageBody":"","fileTypesAndContributionMap":{}},{"hash":"8da26b9bd3fdad9300d93aac1bf040c4ec94c5d2","isMergeCommit":true,"messageTitle":"Merge pull request #16 from mendax1234/master","messageBody":"Fix typos in Module.java","fileTypesAndContributionMap":{}},{"hash":"a0b93e3321fe1d496b0e7513b5260800f3ff3c5e","isMergeCommit":true,"messageTitle":"Merge pull request #17 from mendax1234/code-quality-1","messageBody":"Improve ui showing result back to user","fileTypesAndContributionMap":{}},{"hash":"e962d21eae91a35e6ec6f66eb3eea7430ee35929","isMergeCommit":true,"messageTitle":"Merge pull request #20 from mendax1234/change-sem2term","messageBody":"Improve code quality","fileTypesAndContributionMap":{}},{"hash":"29910751f39dd3a49238aaa99675b8eac07bbebd","isMergeCommit":true,"messageTitle":"Merge pull request #19 from mendax1234/clearCommand","messageBody":"Implement the clearCommand to reset the TimeTable","fileTypesAndContributionMap":{}},{"hash":"15544c129c11e1d0f0ceca9ef78735aded32d893","isMergeCommit":false,"messageTitle":"Add Serialiser class","messageBody":"","fileTypesAndContributionMap":{"functional-code":{"insertions":113,"deletions":0}}}]},{"date":"2025-09-24T00:00:00","commitResults":[{"hash":"b1d1dd8a0b4a8f701dffa4b581740d31db3f022e","isMergeCommit":false,"messageTitle":"Add ModuleList class","messageBody":"","fileTypesAndContributionMap":{"functional-code":{"insertions":30,"deletions":2}}},{"hash":"80b4477ba1e4477d4dcb5922bf92bbad564c5018","isMergeCommit":false,"messageTitle":"Implement simple parse for elective command","messageBody":"","fileTypesAndContributionMap":{"functional-code":{"insertions":27,"deletions":2}}},{"hash":"f0901319f453e93eebe42275e494686dded26806","isMergeCommit":true,"messageTitle":"Merge pull request #29 from mendax1234/scheduleCommand","messageBody":"Implement scheduleCommand","fileTypesAndContributionMap":{}},{"hash":"9efd2427a25c3adac7d5c94b4459d9118f92749c","isMergeCommit":true,"messageTitle":"Merge remote-tracking branch \u0027upstream/master\u0027 into ModuleList","messageBody":"","fileTypesAndContributionMap":{}},{"hash":"a93446eff46136ee1b53abf4a2c37e0e11bdbcd3","isMergeCommit":false,"messageTitle":"Update to print elective message usage correctly","messageBody":"","fileTypesAndContributionMap":{"functional-code":{"insertions":1,"deletions":1}}},{"hash":"95cf79f2c2d9a3bd3ae87dddc14f874640bf2f65","isMergeCommit":false,"messageTitle":"Add Storage class","messageBody":"","fileTypesAndContributionMap":{"functional-code":{"insertions":85,"deletions":0}}}]},{"date":"2025-09-25T00:00:00","commitResults":[{"hash":"6f8430a82646d470b438bd46541ec58edb59566b","isMergeCommit":true,"messageTitle":"Merge pull request #38 from mendax1234/JavaDoc","messageBody":"Add Java Documentation","fileTypesAndContributionMap":{}},{"hash":"26e991c8a7d91cc74357ad3c06d475cc3e0c0feb","isMergeCommit":false,"messageTitle":"Add Planner class","messageBody":"","fileTypesAndContributionMap":{"functional-code":{"insertions":59,"deletions":1}}}]},{"date":"2025-09-27T00:00:00","commitResults":[{"hash":"fbff0fa34e86dff9d7224c3e38e0ce49161840cc","isMergeCommit":true,"messageTitle":"Merge pull request #37 from osy4477/master","messageBody":"Implement AddCommand to add module to timetable and Implement DeleteCommand to remove module from timetable","fileTypesAndContributionMap":{}},{"hash":"7407de3264f93c0f9511e01569c39a8c79324ec3","isMergeCommit":false,"messageTitle":"load data.txt contents correctly into hashmap","messageBody":"","fileTypesAndContributionMap":{"functional-code":{"insertions":40,"deletions":59}}},{"hash":"383cdb3d7a569183c1a1a76ac49613cb2b93b57c","isMergeCommit":false,"messageTitle":"Consume planner class","messageBody":"","fileTypesAndContributionMap":{"functional-code":{"insertions":6,"deletions":3}}}]},{"date":"2025-10-02T00:00:00","commitResults":[{"hash":"c9996ae645038d0735cfbdd763722211f516595a","isMergeCommit":false,"messageTitle":"update AboutUs.md","messageBody":"","fileTypesAndContributionMap":{"docs":{"insertions":2,"deletions":6}}},{"hash":"cadd3a4fb9960063b6af20c9690b7979220f7859","isMergeCommit":true,"messageTitle":"Merge pull request #43 from mendax1234/ZhuWenbo-AboutUs","messageBody":"Add Wenbo about me information","fileTypesAndContributionMap":{}},{"hash":"f51abc1ef2e84975bd488d73b597c2ae206275a2","isMergeCommit":true,"messageTitle":"Merge branch \u0027master\u0027 into AngWeiBin-AboutUs","messageBody":"# Conflicts:\n#\tdocs/AboutUs.md\n","fileTypesAndContributionMap":{}}]}],"sivanshno":[{"date":"2025-09-24T00:00:00","commitResults":[{"hash":"9dc5e2ef7dbadbe71682b5edf2abfa1a3de02ee9","isMergeCommit":false,"messageTitle":" Add more user friendly visuals to print time table command","messageBody":"","fileTypesAndContributionMap":{"functional-code":{"insertions":44,"deletions":11}}}]}],"osy4477":[{"date":"2025-09-23T00:00:00","commitResults":[{"hash":"f1d6dac143442f1e7713defcde3e9dd9aed19e29","isMergeCommit":true,"messageTitle":"Merge pull request #18 from mendax1234/timetable","messageBody":"Implement the basic TimeTable Structure","fileTypesAndContributionMap":{}}]},{"date":"2025-09-24T00:00:00","commitResults":[{"hash":"4c40b74019e5858582a495d761b157bdfe210d72","isMergeCommit":false,"messageTitle":"Add code for ElectiveCommand","messageBody":"Update Parser to parse the required arguments for adding electives\n","fileTypesAndContributionMap":{"functional-code":{"insertions":50,"deletions":7}}},{"hash":"2df4a689cbddec9b975e30f646c1c68e352fc714","isMergeCommit":false,"messageTitle":"Make minor corrections to add elective feature","messageBody":"","fileTypesAndContributionMap":{"functional-code":{"insertions":23,"deletions":17}}}]},{"date":"2025-09-25T00:00:00","commitResults":[{"hash":"add6c1e10f72ed27c4ef73cbefeb563eeb6c4f68","isMergeCommit":true,"messageTitle":"Merge branch \u0027master\u0027 of https://github.com/osy4477/tp","messageBody":"# Conflicts:\n#\tsrc/main/java/modhero/commands/ElectiveCommand.java\n#\tsrc/main/java/modhero/parser/Parser.java\n","fileTypesAndContributionMap":{}},{"hash":"546925a4feb6f1f7edeb3a342e77b00620f93c5d","isMergeCommit":false,"messageTitle":"Add code for Elective Command and Delete command","messageBody":"Add required getter method in ModuleList class\nAdd required parsing for Delete command\n","fileTypesAndContributionMap":{"functional-code":{"insertions":69,"deletions":5}}},{"hash":"b2eba9095551bd57865f8f91f0463610decb29d0","isMergeCommit":false,"messageTitle":"Make minor corrections and improve code quality","messageBody":"","fileTypesAndContributionMap":{"functional-code":{"insertions":2,"deletions":1}}},{"hash":"2141ee17d576839626cce0351e0710f39fe11392","isMergeCommit":false,"messageTitle":"Add an object containing a master list of all NUS modules and some related functions","messageBody":"","fileTypesAndContributionMap":{"functional-code":{"insertions":37,"deletions":1}}},{"hash":"ab84851e85efce88fb0205fbe61a70b943ac38bb","isMergeCommit":false,"messageTitle":"Change ElectiveCommand to use Module List object in storage class","messageBody":"Add storage attribute to ModHero and command class\n","fileTypesAndContributionMap":{"functional-code":{"insertions":15,"deletions":9}}},{"hash":"11c0d6b228a704f95682625ce15a0d0945f1eac5","isMergeCommit":false,"messageTitle":"Add constructor to ModuleList class","messageBody":"Initialise allModules object in storage\n","fileTypesAndContributionMap":{"functional-code":{"insertions":5,"deletions":1}}},{"hash":"0cd8c7e462707c60425a277593cca898837cb33c","isMergeCommit":false,"messageTitle":"Move findModule method into ModuleList class and update its calls in other classes","messageBody":"","fileTypesAndContributionMap":{"functional-code":{"insertions":41,"deletions":22}}},{"hash":"58b1a404a05285411ef6866bd0ccd7f72a549f67","isMergeCommit":false,"messageTitle":"Make small correction","messageBody":"","fileTypesAndContributionMap":{"functional-code":{"insertions":1,"deletions":1}}},{"hash":"daf93d6876a31aa2103e878923f8a0b915d52ba6","isMergeCommit":true,"messageTitle":"Commit merge","messageBody":"","fileTypesAndContributionMap":{}},{"hash":"7d152bd8b05cc875814f11ec557725e4224cadbb","isMergeCommit":false,"messageTitle":"Implement hash map in ModuleList class","messageBody":"Make minor corrections\n","fileTypesAndContributionMap":{"functional-code":{"insertions":25,"deletions":16}}}]},{"date":"2025-10-02T00:00:00","commitResults":[{"hash":"82cb84bc7f66ad32586f875464e3f1e0ee710754","isMergeCommit":true,"messageTitle":"Merge pull request #48 from HiewTheG/hiewtg-AboutUs","messageBody":"Added Hiew T G to AboutUs","fileTypesAndContributionMap":{}},{"hash":"ca5da84aaee62e738e25a8e3a275546ae3ad64c5","isMergeCommit":false,"messageTitle":"Add Ong Shao Yu md file","messageBody":"","fileTypesAndContributionMap":{"docs":{"insertions":4,"deletions":8}}},{"hash":"1dbbbebc35b6cd6d905dfae7d94467ad5222082e","isMergeCommit":true,"messageTitle":"Merge branch \u0027master\u0027 into OngShaoYu-AboutUs","messageBody":"# Conflicts:\n#\tdocs/AboutUs.md\n#\tdocs/team/aweibin.md\n#\tdocs/team/johndoe.md\n#\tdocs/team/shaoyu.md\n","fileTypesAndContributionMap":{}},{"hash":"c1f4eec623578c5edf43bb27b3b7a5a487aecc4d","isMergeCommit":true,"messageTitle":"Merge pull request #42 from AY2526S1-CS2113-T10-4/load-all-module-data","messageBody":"Fix implementation of hashmap and load data into timetable","fileTypesAndContributionMap":{}}]}],"mendax1234":[{"date":"2025-09-22T00:00:00","commitResults":[{"hash":"6d22684628d527c56a066b9c2f9b22eb7fcfea61","isMergeCommit":false,"messageTitle":"Add skeleton structure","messageBody":"","fileTypesAndContributionMap":{"functional-code":{"insertions":238,"deletions":21}}},{"hash":"daf412cd6fef5ea9c3ea11cb42760c1b232dd3de","isMergeCommit":false,"messageTitle":"Improve Code Quality","messageBody":"Replace the wildcard in import statements with concrete commands\n","fileTypesAndContributionMap":{"functional-code":{"insertions":5,"deletions":1}}}]},{"date":"2025-09-23T00:00:00","commitResults":[{"hash":"7d7a3ef8aff7fbcd9f1c42ba48baef87f25cfd23","isMergeCommit":true,"messageTitle":"Merge pull request #14 from AWeiBin/master","messageBody":"Implement Parser to interpret user input","fileTypesAndContributionMap":{}},{"hash":"055b6a97303b865a13a8789a9690ea8e0cd7a052","isMergeCommit":false,"messageTitle":"Fix typo in import statement","messageBody":"Change list to List in the import statement in Module.java\n","fileTypesAndContributionMap":{"functional-code":{"insertions":1,"deletions":1}}},{"hash":"a66a7e9ab47d82218855e3220fc139e858d1b086","isMergeCommit":false,"messageTitle":"Fix missing ; in one statement","messageBody":"","fileTypesAndContributionMap":{"functional-code":{"insertions":1,"deletions":1}}},{"hash":"128cfd45f68ed114d2815b9ef1bfe54dd273dd3b","isMergeCommit":false,"messageTitle":"Improve showing result to user","messageBody":"","fileTypesAndContributionMap":{"functional-code":{"insertions":1,"deletions":15}}},{"hash":"5c5525291f1c1a18fc5afc94faf1d69258667383","isMergeCommit":false,"messageTitle":"Implement the basic TimeTable Structure","messageBody":"","fileTypesAndContributionMap":{"functional-code":{"insertions":65,"deletions":1}}},{"hash":"454180d9ab9eb97582d9fbf56bc1acaf6f56a221","isMergeCommit":false,"messageTitle":"Implement the clearCommand to reset the TimeTable","messageBody":"","fileTypesAndContributionMap":{"functional-code":{"insertions":11,"deletions":1}}},{"hash":"774eff044f28981ab8552690b22edc479f66d5ef","isMergeCommit":false,"messageTitle":"Improve code quality","messageBody":"Change semesters to terms\n","fileTypesAndContributionMap":{"functional-code":{"insertions":15,"deletions":15}}},{"hash":"aea187a78659cf569359787f4c38700d466b3977","isMergeCommit":true,"messageTitle":"Merge pull request #22 from AWeiBin/serialiser","messageBody":"Implement Serialiser class for custom string serialisation","fileTypesAndContributionMap":{}}]},{"date":"2025-09-24T00:00:00","commitResults":[{"hash":"7ae2a150adceb9da7a2c724702f3e7bd3bd53301","isMergeCommit":true,"messageTitle":"Merge pull request #28 from sivanshno/master","messageBody":"Add more user friendly visuals to print time table command","fileTypesAndContributionMap":{}},{"hash":"204cdf999330278adf539a112e9924a5064341e3","isMergeCommit":false,"messageTitle":"Implement scheduleCommand","messageBody":"","fileTypesAndContributionMap":{"functional-code":{"insertions":3,"deletions":3}}},{"hash":"1b2857046635076c3a0e74cf19882a1d9fac0bc3","isMergeCommit":true,"messageTitle":"Merge pull request #34 from AWeiBin/ModuleList","messageBody":"Add ElectiveList and CoreList ","fileTypesAndContributionMap":{}},{"hash":"3cee64527b6c9763c145aaa6cb203b15192e2e7c","isMergeCommit":true,"messageTitle":"Merge pull request #36 from AWeiBin/Storage","messageBody":"Implement Storage class for storing of String","fileTypesAndContributionMap":{}}]},{"date":"2025-09-25T00:00:00","commitResults":[{"hash":"67e50da9564a89de9a6d0b5231ab5f9686b7a7fd","isMergeCommit":false,"messageTitle":"Add JavaDocs for main program","messageBody":"","fileTypesAndContributionMap":{"functional-code":{"insertions":25,"deletions":2}}},{"hash":"b52f9c7a044e9a9de1b27c97526bb36ac0c1de6b","isMergeCommit":false,"messageTitle":"Add JavaDocs for Ui.java","messageBody":"","fileTypesAndContributionMap":{"functional-code":{"insertions":26,"deletions":1}}},{"hash":"969d0dc900e31c88020684a8d27c5f00981b1e93","isMergeCommit":false,"messageTitle":"Update JavaDocs in Storage.java","messageBody":"","fileTypesAndContributionMap":{"functional-code":{"insertions":7,"deletions":1}}},{"hash":"8620bbdf23d8f5f6c95fc357457074f31c422ae3","isMergeCommit":false,"messageTitle":"Add JavaDocs for Timetable.java","messageBody":"","fileTypesAndContributionMap":{"functional-code":{"insertions":53,"deletions":7}}},{"hash":"efa03fc0fd64b95bc9228c94f231061f28f796ab","isMergeCommit":false,"messageTitle":"Add JavaDocs for Module.java","messageBody":"","fileTypesAndContributionMap":{"functional-code":{"insertions":30,"deletions":2}}},{"hash":"b3955c28ab53e59367bef825418d107742231d9a","isMergeCommit":false,"messageTitle":"Add JavaDocs for ModuleList.java","messageBody":"","fileTypesAndContributionMap":{"functional-code":{"insertions":15,"deletions":0}}},{"hash":"15e3cf46299572d432b9aa2d696a2c67f571284e","isMergeCommit":false,"messageTitle":"Add JavaDocs for Parser.java","messageBody":"","fileTypesAndContributionMap":{"functional-code":{"insertions":0,"deletions":2}}},{"hash":"209ebd582e0f84dc65f1d565fefb2689dc82d2e8","isMergeCommit":false,"messageTitle":"Update JavaDocs for Serialiser.java","messageBody":"","fileTypesAndContributionMap":{"functional-code":{"insertions":1,"deletions":1}}},{"hash":"21150a2f1b2eacf2e9c2f0fdf4630f8f5cdb60ca","isMergeCommit":false,"messageTitle":"Add JavaDocs for Command and CommandResult","messageBody":"","fileTypesAndContributionMap":{"functional-code":{"insertions":51,"deletions":1}}},{"hash":"b44d39aa8d661aca37d16218930d2fcc9416ef48","isMergeCommit":true,"messageTitle":"Merge pull request #39 from AWeiBin/planner","messageBody":"Implement the Planner to merge elective list and core list ","fileTypesAndContributionMap":{}}]},{"date":"2025-09-30T00:00:00","commitResults":[{"hash":"245bc9e025c6a07ddacafc3fab50b90340744277","isMergeCommit":true,"messageTitle":"Merge pull request #41 from AWeiBin/load-all-module-data","messageBody":"Fix implementation of hashmap and load data into timetable","fileTypesAndContributionMap":{}}]},{"date":"2025-10-02T00:00:00","commitResults":[{"hash":"bba4de26e3c14c7be723195ffa5f74f88a22f90f","isMergeCommit":false,"messageTitle":"Add Wenbo about us information","messageBody":"","fileTypesAndContributionMap":{"docs":{"insertions":7,"deletions":7}}},{"hash":"322e7711d8a74e57e67f42820d79242ad83cf266","isMergeCommit":false,"messageTitle":"Fix broken photo link","messageBody":"","fileTypesAndContributionMap":{"docs":{"insertions":1,"deletions":1}}},{"hash":"d945ff8946386b624fb8be2e503f12d45cf1371e","isMergeCommit":true,"messageTitle":"Merge pull request #50 from osy4477/OngShaoYu-AboutUs","messageBody":"Add Ong Shao Yu About Us file","fileTypesAndContributionMap":{}}]}],"HiewTheG":[{"date":"2025-09-23T00:00:00","commitResults":[{"hash":"3bca4df855cfc6d8de58addbd5e33d6463a5b358","isMergeCommit":false,"messageTitle":"Added private and public members to Module class","messageBody":"","fileTypesAndContributionMap":{"functional-code":{"insertions":16,"deletions":0}}},{"hash":"8d81b5606a3c57ba5142b3f59d5121b23af58daa","isMergeCommit":false,"messageTitle":"Added get functions in Module class","messageBody":"","fileTypesAndContributionMap":{"functional-code":{"insertions":21,"deletions":0}}}]},{"date":"2025-10-02T00:00:00","commitResults":[{"hash":"1ca8512bcac32eb8b5fc9b7e25fef7b38edfeb93","isMergeCommit":true,"messageTitle":"Merge pull request #46 from AWeiBin/AngWeiBin-AboutUs","messageBody":"Update Ang Wei Bin about us","fileTypesAndContributionMap":{}},{"hash":"5d368504a7dce2ee2988ca70fa0ad75e1c210231","isMergeCommit":false,"messageTitle":"Added Hiew T G into AboutUs","messageBody":"","fileTypesAndContributionMap":{"docs":{"insertions":2,"deletions":1}}}]}]},"authorFileTypeContributionMap":{"AWeiBin":{"docs":4,"functional-code":528,"test-code":0},"sivanshno":{"docs":0,"functional-code":35,"test-code":0},"osy4477":{"docs":8,"functional-code":129,"test-code":0},"mendax1234":{"docs":0,"functional-code":481,"test-code":0},"HiewTheG":{"docs":1,"functional-code":34,"test-code":0}},"authorContributionVariance":{"AWeiBin":8920.265,"sivanshno":200.63771,"osy4477":4521.2036,"mendax1234":7733.4893,"HiewTheG":90.26527},"authorDisplayNameMap":{"AWeiBin":"CS2113-T10-4 ANG .. BIN","sivanshno":"CS2113-T10-4 NOCH..ANSH","osy4477":"CS2113-T10-4 ONG ..O YU","mendax1234":"CS2113-T10-4 ZHU ..ENBO","HiewTheG":"CS2113-T10-4 HIEW.. T G"}}
