{"authorDailyContributionsMap":{"tam308":[{"date":"2025-10-01T00:00:00","commitResults":[{"hash":"e79126ee3f5e08d0003cf004114b10fe6754f6f3","isMergeCommit":false,"messageTitle":"Update UserGuide.md","messageBody":"","fileTypesAndContributionMap":{"docs":{"insertions":1,"deletions":1}}},{"hash":"2cf1cd62ed0b553f0cbfe437e7c64aec7b8a44ad","isMergeCommit":false,"messageTitle":"Update About Us","messageBody":"","fileTypesAndContributionMap":{"docs":{"insertions":4,"deletions":7}}},{"hash":"55449285bbfa7f0b2a38a84a70a1f316ed47ac8b","isMergeCommit":true,"messageTitle":"Merge pull request #2 from tam308/tam308-AboutUs","messageBody":"Update About Us","fileTypesAndContributionMap":{}},{"hash":"0b6d43982d689a92dc2556b8184c1e15bcd1c08f","isMergeCommit":false,"messageTitle":"Change project title and update description","messageBody":"Updated project name and description in README.","fileTypesAndContributionMap":{"docs":{"insertions":2,"deletions":2}}},{"hash":"11e591e091197403ae3623fb8bd4a8e1d1067160","isMergeCommit":true,"messageTitle":"Merge pull request #6 from tam308/master","messageBody":"Change project title and update description","fileTypesAndContributionMap":{}}]},{"date":"2025-10-07T00:00:00","commitResults":[{"hash":"dfb2ef00e110c638a03676d37d9c97d11fda1860","isMergeCommit":false,"messageTitle":"Add storing user input to a list,displaying list and program termination functionalities","messageBody":"","fileTypesAndContributionMap":{"functional-code":{"insertions":45,"deletions":12}}},{"hash":"4f7c5890e357c62a921a4da88e88e18e431e5c54","isMergeCommit":true,"messageTitle":"Merge pull request #7 from tam308/addToList","messageBody":"Add storing user input to a list, displaying list and program termination functionalities","fileTypesAndContributionMap":{}},{"hash":"be8156936db23009455f84dc9e44941c29b11397","isMergeCommit":false,"messageTitle":"Create Activity class with date, time, description, and cost","messageBody":"","fileTypesAndContributionMap":{"functional-code":{"insertions":119,"deletions":22}}},{"hash":"f1f89449257c1d344f9a9c7a511f5d37f7dca18a","isMergeCommit":false,"messageTitle":"Refactor activity storage to ArrayList and standardized command names","messageBody":"","fileTypesAndContributionMap":{"functional-code":{"insertions":26,"deletions":20}}}]},{"date":"2025-10-08T00:00:00","commitResults":[{"hash":"4adc79e0a300e14fda4ef0d03079a9a220dba8a7","isMergeCommit":false,"messageTitle":"Refactor constant names and shorten long lines for readability","messageBody":"","fileTypesAndContributionMap":{"functional-code":{"insertions":17,"deletions":15}}},{"hash":"7853470a2e51a8a32a79da156e0f40d172c38345","isMergeCommit":false,"messageTitle":"Handle missing user input to prevent NoSuchElementException in JavaCI","messageBody":"","fileTypesAndContributionMap":{"functional-code":{"insertions":6,"deletions":0}}}]},{"date":"2025-10-09T00:00:00","commitResults":[{"hash":"b487579fd2f19348329c620ac4cac7b03b591ddd","isMergeCommit":false,"messageTitle":"Add JUnit test for adding activity data to list","messageBody":"","fileTypesAndContributionMap":{"test-code":{"insertions":9,"deletions":3}}},{"hash":"345e43dc99fc0f6aafeedf760c1805cf16f59b66","isMergeCommit":false,"messageTitle":"Refactor import methods to avoid star import","messageBody":"","fileTypesAndContributionMap":{"test-code":{"insertions":2,"deletions":1}}},{"hash":"b775876b4b4d7d08497429faf89c12e8b3a0a024","isMergeCommit":false,"messageTitle":"Force commit with trivial change due to PR Bug","messageBody":"","fileTypesAndContributionMap":{"test-code":{"insertions":1,"deletions":0}}},{"hash":"7d616b7d59189ce4eb27e00a9421036ceef9b87f","isMergeCommit":true,"messageTitle":"Merge pull request #21 from tam308/j-unit-test","messageBody":"J unit test","fileTypesAndContributionMap":{}}]},{"date":"2025-10-10T00:00:00","commitResults":[{"hash":"f8088243e4c8b31e9954b3a7689671ec195951fb","isMergeCommit":false,"messageTitle":"Add EOF check to terminate infinite loop in gradle","messageBody":"","fileTypesAndContributionMap":{"functional-code":{"insertions":10,"deletions":3}}},{"hash":"28fd2647ec8be9898a725b20178fd4d6693594e6","isMergeCommit":true,"messageTitle":"Merge pull request #25 from enwei29/enwei/view","messageBody":"Add function to view itinerary for a specific day","fileTypesAndContributionMap":{}}]},{"date":"2025-10-12T00:00:00","commitResults":[{"hash":"70e75aecac9932c6e7e6eb81e56e40c4c159497a","isMergeCommit":true,"messageTitle":"Merge pull request #28 from msc-123456/UserGuide_v1.0","messageBody":"Update User Guide for v1.0","fileTypesAndContributionMap":{}}]},{"date":"2025-10-14T00:00:00","commitResults":[{"hash":"6c83768aaf61f503865e352b2c3bdc100999bc17","isMergeCommit":false,"messageTitle":"Add basic assertions for adding activity","messageBody":"","fileTypesAndContributionMap":{"functional-code":{"insertions":6,"deletions":1}}},{"hash":"4c83569ec35dd26aae07eec72b453d361416058e","isMergeCommit":false,"messageTitle":"Add assertions for date,time, description and cost","messageBody":"","fileTypesAndContributionMap":{"functional-code":{"insertions":4,"deletions":0}}},{"hash":"224abaad985fd61108312d7ba4aa921f967d8daf","isMergeCommit":false,"messageTitle":"Add logging functionality to Activity class for Activity creation","messageBody":"","fileTypesAndContributionMap":{"functional-code":{"insertions":12,"deletions":4}}},{"hash":"9bcc54ba0a8161f2c32b0672006eb789dc60f0b6","isMergeCommit":false,"messageTitle":"Add Exceptions for missing activity fields and missing activity flags","messageBody":"","fileTypesAndContributionMap":{"functional-code":{"insertions":69,"deletions":17}}},{"hash":"8e041f9662775bdea2b52055d2e0ccd0e27c8fe9","isMergeCommit":true,"messageTitle":"Merge pull request #34 from samika2005/pulledandredo_v1week","messageBody":"BudgerPlan class","fileTypesAndContributionMap":{}},{"hash":"3e270a7ed51763e5571cd33e7a825aa2eccc213c","isMergeCommit":true,"messageTitle":"Merge pull request #37 from samika2005/addbudgettomain","messageBody":"Addbudgettomain","fileTypesAndContributionMap":{}}]},{"date":"2025-10-15T00:00:00","commitResults":[{"hash":"2d7f101a7019bed242099817151b85c8d7bf8d4c","isMergeCommit":true,"messageTitle":"Merge pull request #41 from enwei29/master","messageBody":"enable JVM assertions by setting applicationDefaultJvmArgs \u003d [\"-ea\"]","fileTypesAndContributionMap":{}}]},{"date":"2025-10-17T00:00:00","commitResults":[{"hash":"e4755fa490240943c4c416634d46f79412acfd18","isMergeCommit":true,"messageTitle":"Merge pull request #43 from enwei29/enwei-assertion-logging","messageBody":"Add assertion and logging into view function","fileTypesAndContributionMap":{}}]},{"date":"2025-10-23T00:00:00","commitResults":[{"hash":"19522d6bbbc8fd96fd981371b0d652c3a336dc4a","isMergeCommit":false,"messageTitle":"Update developer guide for add to list function","messageBody":"","fileTypesAndContributionMap":{"docs":{"insertions":15,"deletions":0}}},{"hash":"24bd7107f5cdfb645fc4032ae1b6f37b21247592","isMergeCommit":true,"messageTitle":"Merge pull request #55 from blimc1/update-developerguide","messageBody":"Update DG","fileTypesAndContributionMap":{}},{"hash":"692816961fa7d0e24e566b044a8af72245470065","isMergeCommit":true,"messageTitle":"Merge branch \u0027master\u0027 into developer-guide","messageBody":"","fileTypesAndContributionMap":{}}]},{"date":"2025-10-24T00:00:00","commitResults":[{"hash":"c0ab2f35e71850a11cb973603d0354a8b4b9d116","isMergeCommit":true,"messageTitle":"Merge pull request #57 from enwei29/enwei-DG","messageBody":"Add description of feature (View Itinerary) into DeveloperGuide","fileTypesAndContributionMap":{}}]},{"date":"2025-10-25T00:00:00","commitResults":[{"hash":"50d8992d15d7c8e230b657165ba5e1dc67ed0a19","isMergeCommit":false,"messageTitle":"Refactor Add and List methods for more OOP","messageBody":"","fileTypesAndContributionMap":{"functional-code":{"insertions":142,"deletions":118}}},{"hash":"300481c798553ce530fa58eeec5e0f668823e496","isMergeCommit":true,"messageTitle":"Merge pull request #63 from enwei29/enwei-Ui","messageBody":"Add UI class for user interface","fileTypesAndContributionMap":{}},{"hash":"f9b4a278755a244266e5ec6cbcabe292d6c3b17c","isMergeCommit":false,"messageTitle":"Refactor User Interface elements from Add and List to UI class","messageBody":"","fileTypesAndContributionMap":{"functional-code":{"insertions":50,"deletions":45}}},{"hash":"503eec77cd565e2c2345f6a1aca16fcdb569c9fd","isMergeCommit":false,"messageTitle":"Create Parser class and moved methods from Add command","messageBody":"","fileTypesAndContributionMap":{"functional-code":{"insertions":19,"deletions":109}}},{"hash":"5e4221b79410505db024de6d715b6fa18fda0775","isMergeCommit":false,"messageTitle":"Added Parser class","messageBody":"","fileTypesAndContributionMap":{"functional-code":{"insertions":108,"deletions":0}}},{"hash":"3d095aee603a1d27fb715f917a2d62c44e78ac10","isMergeCommit":false,"messageTitle":"Resolve Checkstyle rule violations","messageBody":"","fileTypesAndContributionMap":{"functional-code":{"insertions":10,"deletions":6}}}]},{"date":"2025-10-27T00:00:00","commitResults":[{"hash":"51d76e30c980cefd73401597676ca13fc4bd2948","isMergeCommit":false,"messageTitle":"Refactor Activity class and Parser class to packages","messageBody":"","fileTypesAndContributionMap":{"functional-code":{"insertions":13,"deletions":9},"other":{"insertions":10,"deletions":7},"test-code":{"insertions":3,"deletions":0}}},{"hash":"40147f905928de06c81964706f56319bc2b62108","isMergeCommit":true,"messageTitle":"Merge pull request #85 from msc-123456/Check","messageBody":"Add Check command","fileTypesAndContributionMap":{}},{"hash":"ff5bd2512b235d2f8c6cfcc5ee1d0da0836e17b2","isMergeCommit":false,"messageTitle":"Update user guide for add and list to be more comprehensive","messageBody":"","fileTypesAndContributionMap":{"docs":{"insertions":84,"deletions":13}}},{"hash":"f773ce78108d0a6114fb0a6e5ed121c31190467d","isMergeCommit":false,"messageTitle":"Added the Find feature","messageBody":"","fileTypesAndContributionMap":{"functional-code":{"insertions":71,"deletions":1},"docs":{"insertions":63,"deletions":13}}},{"hash":"077b21bc6870a8e33c97a7f3f26c362ba4f5bff1","isMergeCommit":true,"messageTitle":"Merge branch \u0027master\u0027 into find","messageBody":"","fileTypesAndContributionMap":{}},{"hash":"732391f00a6dcc13d44cb8ea68845b0fd7477869","isMergeCommit":false,"messageTitle":"resolve checkstyle issues in Ui class","messageBody":"","fileTypesAndContributionMap":{"functional-code":{"insertions":1,"deletions":3}}},{"hash":"28bd11a70963208c820a5906ace3862b45e14fdb","isMergeCommit":true,"messageTitle":"Merge pull request #92 from tam308/master","messageBody":"resolve checkstyle issues in Ui class","fileTypesAndContributionMap":{}}]},{"date":"2025-10-28T00:00:00","commitResults":[{"hash":"09a00f6bfe777d292cd2cdc866c8a6487c57ae24","isMergeCommit":false,"messageTitle":"Update developer guide with class diagrams for add,list and find","messageBody":"","fileTypesAndContributionMap":{"docs":{"insertions":294,"deletions":25}}},{"hash":"15bc48a26cbeb8df8f3fb1d0fa0582b711ee36c6","isMergeCommit":true,"messageTitle":"Merge branch \u0027master\u0027 into add-class-diagrams","messageBody":"","fileTypesAndContributionMap":{}},{"hash":"00efd3a504dec600af98009f7210ae4a102ce657","isMergeCommit":false,"messageTitle":"Update developer guide with workflow and sequence diagrams","messageBody":"","fileTypesAndContributionMap":{"docs":{"insertions":429,"deletions":40}}}]},{"date":"2025-10-29T00:00:00","commitResults":[{"hash":"8a84b19d192089d3a682b24cd0ac7cb2d0c42891","isMergeCommit":true,"messageTitle":"Merge pull request #109 from enwei29/enwei-undo-DG","messageBody":"Add Class Diagram for Undo Class and Sequence Diagram for Undo and View Classes","fileTypesAndContributionMap":{}},{"hash":"a9784ec2e3c46b6944569852be2918e2e34ddcf5","isMergeCommit":false,"messageTitle":"Edit sequence diagram","messageBody":"","fileTypesAndContributionMap":{"docs":{"insertions":4,"deletions":0}}},{"hash":"d9fda1c9bf32892c50b7cb84b4e0fb126709b10a","isMergeCommit":true,"messageTitle":"Merge pull request #111 from tam308/add-workflow-diagrams","messageBody":"Edit sequence diagram","fileTypesAndContributionMap":{}},{"hash":"5b2f58aae5c70021fed58c509068c3751577d0a1","isMergeCommit":false,"messageTitle":"update PPP for tam308","messageBody":"","fileTypesAndContributionMap":{"docs":{"insertions":53,"deletions":0}}}]},{"date":"2025-10-30T00:00:00","commitResults":[{"hash":"7618d7422b6275b02a86f1cd81c28c4574cbe30e","isMergeCommit":false,"messageTitle":"update DG with target user and value proposition","messageBody":"","fileTypesAndContributionMap":{"docs":{"insertions":12,"deletions":2}}}]},{"date":"2025-10-31T00:00:00","commitResults":[{"hash":"ce2ffd478a7a08c79217e0ed5d8cd2f6abbad718","isMergeCommit":true,"messageTitle":"Merge pull request #119 from blimc1/add-ppp","messageBody":"Add PPP","fileTypesAndContributionMap":{}},{"hash":"d0fa7a96597fbcf914ea59e48ac44ef8b41295ec","isMergeCommit":true,"messageTitle":"Merge pull request #120 from enwei29/enwei-UG","messageBody":"Add description to User Guide on \"view\" and \"undo\" features and add PPP","fileTypesAndContributionMap":{}}]},{"date":"2025-11-02T00:00:00","commitResults":[{"hash":"efdc130338b84c15c008399a1dcc1aaf50413596","isMergeCommit":false,"messageTitle":"Resolve invalid cost format unhandled errors for Add feature","messageBody":"","fileTypesAndContributionMap":{"functional-code":{"insertions":14,"deletions":8}}},{"hash":"abc5384ac1ab95a077ee31910eb493b1fc68cd70","isMergeCommit":false,"messageTitle":"Add exception to prevent usage of Storage delimiter | in Activity description","messageBody":"","fileTypesAndContributionMap":{"functional-code":{"insertions":5,"deletions":1}}},{"hash":"591cd9236e0c50a981d26359f1ba2115831d10b6","isMergeCommit":false,"messageTitle":"Resolve crash when only whitespace input is given","messageBody":"","fileTypesAndContributionMap":{"functional-code":{"insertions":2,"deletions":0}}},{"hash":"d328f1e410cc423902684388173989b6cbcc4e12","isMergeCommit":false,"messageTitle":"Remove unecessary class diagram icons","messageBody":"","fileTypesAndContributionMap":{"docs":{"insertions":3,"deletions":2}}},{"hash":"58af8e11093042e736ab78ab2508909a6018379c","isMergeCommit":false,"messageTitle":"Update test cases for Add command","messageBody":"","fileTypesAndContributionMap":{"functional-code":{"insertions":1,"deletions":1},"test-code":{"insertions":119,"deletions":0}}},{"hash":"492fbc2c1833f87b37e38377f3afcd9fa95ab3e0","isMergeCommit":false,"messageTitle":"Resolve checkstyle issues with import statement","messageBody":"","fileTypesAndContributionMap":{"test-code":{"insertions":3,"deletions":2}}},{"hash":"69398e78d69d8022a39599070f98e8bf16e784bf","isMergeCommit":true,"messageTitle":"Merge pull request #183 from tam308/test-code","messageBody":"Update test cases for Add command","fileTypesAndContributionMap":{}}]}],"blimc1":[{"date":"2025-10-01T00:00:00","commitResults":[{"hash":"3c482c6b719a58d5141d14ffc2699b48ab51e1cb","isMergeCommit":false,"messageTitle":"Updated AboutUs.md to add personal details","messageBody":"","fileTypesAndContributionMap":{"docs":{"insertions":4,"deletions":7}}},{"hash":"bdbf75ceac924ab9f284c3d49d464f54881a9860","isMergeCommit":true,"messageTitle":"Merge branch \u0027blimc1-blimc1-AboutUs\u0027","messageBody":"","fileTypesAndContributionMap":{}},{"hash":"c8fdc940258e9d69d605d6a5db97ba533526787a","isMergeCommit":false,"messageTitle":"edit about us","messageBody":"","fileTypesAndContributionMap":{"docs":{"insertions":4,"deletions":0}}},{"hash":"d832619fc324b5b22dcde95669613ac84e1fafbc","isMergeCommit":true,"messageTitle":"Merge branch \u0027master\u0027 into blimc1-AboutUs","messageBody":"","fileTypesAndContributionMap":{}},{"hash":"a6d373539537453f338cf343316018a585dfc78e","isMergeCommit":true,"messageTitle":"Merge pull request #3 from blimc1/blimc1-AboutUs","messageBody":"Updated AboutUs.md to add personal details","fileTypesAndContributionMap":{}},{"hash":"be18d61a7dd7eae84a2ffcb3f230531205ff42e6","isMergeCommit":true,"messageTitle":"Merge branch \u0027master\u0027 of https://github.com/blimc1/tp","messageBody":"","fileTypesAndContributionMap":{}}]},{"date":"2025-10-10T00:00:00","commitResults":[{"hash":"6b5a697ec73acf930954252d23222bdb2ac6721b","isMergeCommit":true,"messageTitle":"Merge pull request #23 from tam308/change-eof","messageBody":"Add EOF check to terminate infinite loop in gradle","fileTypesAndContributionMap":{}},{"hash":"b9bc9d91fc73aa8d5ac314cd865974ccca69db7e","isMergeCommit":true,"messageTitle":"Merge branch \u0027master\u0027 of https://github.com/blimc1/tp","messageBody":"","fileTypesAndContributionMap":{}},{"hash":"019d33d2a2d3ffa19f8c03cfb3645945b2bc43f9","isMergeCommit":false,"messageTitle":" Add ability to delete items from list","messageBody":"","fileTypesAndContributionMap":{"functional-code":{"insertions":13,"deletions":0},"test-code":{"insertions":12,"deletions":0}}}]},{"date":"2025-10-13T00:00:00","commitResults":[{"hash":"82276367b1b1063dd68f3772729a8e3450349106","isMergeCommit":true,"messageTitle":"Merge pull request #29 from msc-123456/AdjustTime","messageBody":"","fileTypesAndContributionMap":{}},{"hash":"2973b70e66cb5f9733cbfdef5b35d80ae064a8cf","isMergeCommit":true,"messageTitle":"Merge branch \u0027master\u0027 of https://github.com/blimc1/tp","messageBody":"","fileTypesAndContributionMap":{}}]},{"date":"2025-10-14T00:00:00","commitResults":[{"hash":"c20995e81ac6434536909e564b14a8373bc7f91a","isMergeCommit":false,"messageTitle":" Add ability to edit items in list","messageBody":"","fileTypesAndContributionMap":{"functional-code":{"insertions":19,"deletions":0}}},{"hash":"5878e8f8ee6a85b457a0c55ec1c5e589c27b22d6","isMergeCommit":false,"messageTitle":" Add JUnit test for editActivityDataInList","messageBody":"","fileTypesAndContributionMap":{"test-code":{"insertions":11,"deletions":0}}},{"hash":"b343a2168b38436083e6b9bc5c3ad08467865c91","isMergeCommit":false,"messageTitle":"Add logging and assertions for edit and delete methods","messageBody":"","fileTypesAndContributionMap":{"functional-code":{"insertions":29,"deletions":0}}}]},{"date":"2025-10-15T00:00:00","commitResults":[{"hash":"d511cfc6605af1eaa72103fb10c4087ea5676c78","isMergeCommit":true,"messageTitle":"Merge branch \u0027master\u0027 into issue16-edit-item","messageBody":"","fileTypesAndContributionMap":{}},{"hash":"f507982eb4c560c92b82e0b68ff09a52abb0d0a4","isMergeCommit":false,"messageTitle":"Fix switch case fall-through, and group static variables for Java CI","messageBody":"","fileTypesAndContributionMap":{"functional-code":{"insertions":2,"deletions":2}}},{"hash":"22616f4c42e22130fc84723f8335a88175b15d34","isMergeCommit":true,"messageTitle":"Merge pull request #40 from enwei29/enwei-exceptions","messageBody":"Add error handling for view function","tags":["v1.0"],"fileTypesAndContributionMap":{}}]},{"date":"2025-10-21T00:00:00","commitResults":[{"hash":"10412673cb93abe31bf6fab950ee9841b86ca7d3","isMergeCommit":false,"messageTitle":"Update UserGuide","messageBody":"","fileTypesAndContributionMap":{"docs":{"insertions":22,"deletions":8}}}]},{"date":"2025-10-23T00:00:00","commitResults":[{"hash":"f23d5ac0dad7ab6738e2d121079b3f0c844a9a65","isMergeCommit":false,"messageTitle":"Update DG","messageBody":"","fileTypesAndContributionMap":{"docs":{"insertions":16,"deletions":0}}},{"hash":"9e1e053c78ec160fe34aab519731f62f7dce3e6e","isMergeCommit":true,"messageTitle":"Merge pull request #56 from tam308/developer-guide","messageBody":"Update developer guide for add to list function","fileTypesAndContributionMap":{}}]},{"date":"2025-10-25T00:00:00","commitResults":[{"hash":"b63d44448b68111f4ec3b711c6d41d4ed44af081","isMergeCommit":true,"messageTitle":"Merge pull request #65 from tam308/parser","messageBody":"Create Parser class and moved methods from Add command","fileTypesAndContributionMap":{}}]},{"date":"2025-10-26T00:00:00","commitResults":[{"hash":"c7ff025a55ef04ec428716cd354156ee92e9210c","isMergeCommit":false,"messageTitle":"Enhance edit function and fix minor bugs","messageBody":"","fileTypesAndContributionMap":{"functional-code":{"insertions":45,"deletions":30}}}]},{"date":"2025-10-27T00:00:00","commitResults":[{"hash":"8f6f858c8576c1feac1280e43e8826693aa63e7b","isMergeCommit":false,"messageTitle":"Modularise edit and delete methods into separate classes","messageBody":"","fileTypesAndContributionMap":{"functional-code":{"insertions":193,"deletions":101}}},{"hash":"aa6fafa917f9070e291ae8b3b3e05f2a51780619","isMergeCommit":true,"messageTitle":"Merge branch \u0027master\u0027 into more-OOP","messageBody":"","fileTypesAndContributionMap":{}},{"hash":"873adcc39fb2b437bbf06bd48d4c0cda1700dd80","isMergeCommit":false,"messageTitle":"Resolve JavaCI errors","messageBody":"","fileTypesAndContributionMap":{"functional-code":{"insertions":0,"deletions":17}}}]},{"date":"2025-10-29T00:00:00","commitResults":[{"hash":"298c5908dfbf47326e29f35cb1fb6d398aa81ee3","isMergeCommit":false,"messageTitle":"Edit UG to reflect current edit functionality","messageBody":"","fileTypesAndContributionMap":{"docs":{"insertions":5,"deletions":2}}},{"hash":"1c44acea42e24541b2124a19b8bb714fd45ad65e","isMergeCommit":false,"messageTitle":"Add tests for edit function","messageBody":"","fileTypesAndContributionMap":{"functional-code":{"insertions":1,"deletions":1},"test-code":{"insertions":130,"deletions":11}}},{"hash":"24155e65e7b2e7b967bf02be23f9f8e36bc45d51","isMergeCommit":false,"messageTitle":"Resolve JavaCI error","messageBody":"","fileTypesAndContributionMap":{"test-code":{"insertions":0,"deletions":1}}},{"hash":"b052f82d476daa0296ba560dbc8d7d837b332429","isMergeCommit":false,"messageTitle":"Update DG","messageBody":"","fileTypesAndContributionMap":{"docs":{"insertions":29,"deletions":0}}}]},{"date":"2025-10-30T00:00:00","commitResults":[{"hash":"67249b8cacf36ea49af8477baabe364c8ef3327d","isMergeCommit":false,"messageTitle":"Update User Stories","messageBody":"","fileTypesAndContributionMap":{"docs":{"insertions":21,"deletions":5}}},{"hash":"cc2ae96500e8c149a19770ebe73b1eb15768a9fa","isMergeCommit":false,"messageTitle":"Add more User Stories","messageBody":"","fileTypesAndContributionMap":{"docs":{"insertions":23,"deletions":22}}},{"hash":"a019a520652b2f870a2afd238d58fbe175dd29e3","isMergeCommit":false,"messageTitle":"Add manual testing","messageBody":"","fileTypesAndContributionMap":{"docs":{"insertions":71,"deletions":1}}},{"hash":"f7edf45405099e1c72ea45787dafbcf167da0cfd","isMergeCommit":false,"messageTitle":"Add acknowledgements","messageBody":"","fileTypesAndContributionMap":{"docs":{"insertions":12,"deletions":4}}},{"hash":"9a5264ed798f17273cb82baab9851037e938f190","isMergeCommit":false,"messageTitle":"Fix formatting","messageBody":"","fileTypesAndContributionMap":{"docs":{"insertions":1,"deletions":0}}},{"hash":"ac4cdf80be02afe87ea64dd5c9338236d776931d","isMergeCommit":false,"messageTitle":"Fix diagrams","messageBody":"","fileTypesAndContributionMap":{"docs":{"insertions":6,"deletions":6}}},{"hash":"7bfeb3feef0c3dd86209770e1e9aa90a2b926b78","isMergeCommit":false,"messageTitle":"Fix Diagrams","messageBody":"","fileTypesAndContributionMap":{"docs":{"insertions":3,"deletions":3}}}]},{"date":"2025-10-31T00:00:00","commitResults":[{"hash":"e603c8409da3ad780b4d6a7d73c864fc8845d5e9","isMergeCommit":false,"messageTitle":"Add PPP","messageBody":"","fileTypesAndContributionMap":{"docs":{"insertions":47,"deletions":6}}},{"hash":"3e1c913b3d0dee12bf370c6c0735fdc4bf45c606","isMergeCommit":false,"messageTitle":"Fix formatting error","messageBody":"","fileTypesAndContributionMap":{"docs":{"insertions":3,"deletions":3}}}]}],"msc-123456":[{"date":"2025-10-01T00:00:00","commitResults":[{"hash":"877e116b30321e61b3aa52a8c9df2dcf13250914","isMergeCommit":false,"messageTitle":"Update AboutUs with my details","messageBody":"","fileTypesAndContributionMap":{"docs":{"insertions":3,"deletions":7}}},{"hash":"d64fb823993c09f7cdd1a45c846a18ef94bafd1e","isMergeCommit":false,"messageTitle":"Update AboutUs with other\u0027s details","messageBody":"","fileTypesAndContributionMap":{"docs":{"insertions":4,"deletions":3}}},{"hash":"60a948c8fb9f176d7ab1ef138c1c61e0f12bda1a","isMergeCommit":true,"messageTitle":"Update AboutUs","messageBody":"","fileTypesAndContributionMap":{}},{"hash":"83ae7ae101c049ed745c537e7f2f9dfeb8a84212","isMergeCommit":false,"messageTitle":"Update AboutUs","messageBody":"","fileTypesAndContributionMap":{"docs":{"insertions":1,"deletions":0}}},{"hash":"a13d7275da1c0a41832efc954bd6d945f7a3ae89","isMergeCommit":true,"messageTitle":"Merge branch \u0027master\u0027 into msc-123456-AboutUs","messageBody":"","fileTypesAndContributionMap":{}},{"hash":"652de704bd8d64f1df731bc823fb61dcf654b686","isMergeCommit":true,"messageTitle":"Merge pull request #4 from msc-123456/msc-123456-AboutUs","messageBody":"Update AboutUs with my details","fileTypesAndContributionMap":{}}]},{"date":"2025-10-09T00:00:00","commitResults":[{"hash":"bcda70fd54cc4aea8dfe3079c8922a90de8f4727","isMergeCommit":false,"messageTitle":"Add Time class","messageBody":"","fileTypesAndContributionMap":{"functional-code":{"insertions":97,"deletions":19}}},{"hash":"cc613cc334cc308b451b5f22f4003871aca90d49","isMergeCommit":true,"messageTitle":"Merge branch \u0027master\u0027 into msc-123456-Time","messageBody":"","fileTypesAndContributionMap":{}},{"hash":"2472e9b6415af9d1b2e6c618426db618052d08f4","isMergeCommit":true,"messageTitle":"Merge pull request #17 from msc-123456/msc-123456-Time","messageBody":"Use java.time.LocalDateTime to store time","fileTypesAndContributionMap":{}},{"hash":"46c72c4853174e9cbac42c0dc3a250b3b5af08a5","isMergeCommit":false,"messageTitle":"Adding Schedule","messageBody":"","fileTypesAndContributionMap":{"functional-code":{"insertions":23,"deletions":16},"test-code":{"insertions":89,"deletions":2}}},{"hash":"e7e78e4d6ad7604b907cb56c77a1053c3ae4b7f1","isMergeCommit":false,"messageTitle":"Adjust import","messageBody":"","fileTypesAndContributionMap":{"test-code":{"insertions":1,"deletions":1}}},{"hash":"fc93e6d5ec987e843ee116b7bdbddb39d662346f","isMergeCommit":true,"messageTitle":"Merge pull request #18 from msc-123456/Adding-Schedule","messageBody":"Adding command for viewing the entire timeline","fileTypesAndContributionMap":{}}]},{"date":"2025-10-10T00:00:00","commitResults":[{"hash":"343adcc428a37a2c31d973fc0d764db5482b58f2","isMergeCommit":false,"messageTitle":"JUnit Adjustment","messageBody":"","fileTypesAndContributionMap":{"other":{"insertions":6,"deletions":5}}},{"hash":"1eb6bd32de25805ae9b5a1cfcec95d6b05eb85ab","isMergeCommit":true,"messageTitle":"Merge pull request #22 from msc-123456/Adding-Schedule","messageBody":"Adding schedule command for viewing the entire timeline","fileTypesAndContributionMap":{}}]},{"date":"2025-10-12T00:00:00","commitResults":[{"hash":"1171ea51095d02e0ec9a726e7604a7e243fdb0e3","isMergeCommit":false,"messageTitle":"User Guide for v1.0","messageBody":"","fileTypesAndContributionMap":{"docs":{"insertions":96,"deletions":33}}}]},{"date":"2025-10-13T00:00:00","commitResults":[{"hash":"7490b525e2dd0af5877322f0f06453b29c2ca8d0","isMergeCommit":false,"messageTitle":"Add assertions for Time.java","messageBody":"","fileTypesAndContributionMap":{"functional-code":{"insertions":16,"deletions":0}}}]},{"date":"2025-10-21T00:00:00","commitResults":[{"hash":"f0e631c4e56e467bbb8b72edfd6573261f1fead1","isMergeCommit":false,"messageTitle":"Rename","messageBody":"","fileTypesAndContributionMap":{"other":{"insertions":37,"deletions":37},"docs":{"insertions":1,"deletions":1}}},{"hash":"bf4cd9b6e9911b571ae0b98b758f97101a70af27","isMergeCommit":true,"messageTitle":"Merge pull request #46 from msc-123456/Rename","messageBody":"Rename","fileTypesAndContributionMap":{}},{"hash":"a2e01c689beb8cfa211bdfeb1ec759fa6f606117","isMergeCommit":true,"messageTitle":"Merge pull request #45 from blimc1/update-user-guide","messageBody":"Update UserGuide","fileTypesAndContributionMap":{}},{"hash":"b8e10efc57054e14b3314244379bc010620619f5","isMergeCommit":false,"messageTitle":"Enable Assertions","messageBody":"","fileTypesAndContributionMap":{"other":{"insertions":2,"deletions":1}}},{"hash":"e50c5a260d0374f732efffe36d6164509ab27d0f","isMergeCommit":true,"messageTitle":"Merge pull request #49 from msc-123456/Rename","messageBody":"Enable Assertions","fileTypesAndContributionMap":{}}]},{"date":"2025-10-22T00:00:00","commitResults":[{"hash":"f131be6de9b065d5b9a22ba9f67444e8641f687d","isMergeCommit":false,"messageTitle":"Add exceptions for delete and edit","messageBody":"","fileTypesAndContributionMap":{"functional-code":{"insertions":60,"deletions":32}}},{"hash":"53bcd9477bb31d317ea6c78ed06adf0a68c23007","isMergeCommit":false,"messageTitle":"Add exceptions for delete and edit","messageBody":"","fileTypesAndContributionMap":{"functional-code":{"insertions":4,"deletions":2}}},{"hash":"89e7197f9112784e19ab6e3b5d6f21fe8b2d34e3","isMergeCommit":false,"messageTitle":"Add Storage and Load","messageBody":"","fileTypesAndContributionMap":{"functional-code":{"insertions":191,"deletions":6}}},{"hash":"dbec98ee5a85fc1bf53a1ef8c8f0553181ad4ea6","isMergeCommit":false,"messageTitle":"Add Storage and Load","messageBody":"","fileTypesAndContributionMap":{"functional-code":{"insertions":12,"deletions":9}}},{"hash":"d4636f4230be0525d7366c82431275569c91a166","isMergeCommit":false,"messageTitle":"Add Storage and Load","messageBody":"","fileTypesAndContributionMap":{"functional-code":{"insertions":3,"deletions":3}}}]},{"date":"2025-10-23T00:00:00","commitResults":[{"hash":"c95de7d213b5e4e027d7a8a3da0ca418a33fa058","isMergeCommit":true,"messageTitle":"Merge pull request #52 from msc-123456/Storage","messageBody":"Add Storage and Load","fileTypesAndContributionMap":{}},{"hash":"07c6ebae663dbf63f23bdddf87cffeb6dd38f923","isMergeCommit":false,"messageTitle":"DG update","messageBody":"","fileTypesAndContributionMap":{"docs":{"insertions":48,"deletions":4}}},{"hash":"55fdf47042d3db04853aff6ebeba673b0a042be4","isMergeCommit":true,"messageTitle":"Merge pull request #53 from msc-123456/msc-123456-DG","messageBody":"DG update","fileTypesAndContributionMap":{}}]},{"date":"2025-10-24T00:00:00","commitResults":[{"hash":"3eb47746d871b74af146186eebb77b2699061bd7","isMergeCommit":false,"messageTitle":"Add Clear command","messageBody":"","fileTypesAndContributionMap":{"functional-code":{"insertions":108,"deletions":4}}},{"hash":"c225f75dea65484549568c02b306ae5b0c27d1ae","isMergeCommit":false,"messageTitle":"Add Clear command","messageBody":"","fileTypesAndContributionMap":{"functional-code":{"insertions":9,"deletions":9}}}]},{"date":"2025-10-26T00:00:00","commitResults":[{"hash":"592c12f8980ae3afbe066c481f75437a6cce24b2","isMergeCommit":true,"messageTitle":"Merge pull request #66 from samika2005/v2_initial","messageBody":"Minor change in Add class that passes an Activity object to the BudgetPlan class","fileTypesAndContributionMap":{}},{"hash":"065e3d6a600e942d14437c05915891b44d429963","isMergeCommit":false,"messageTitle":"Use Package","messageBody":"","fileTypesAndContributionMap":{"functional-code":{"insertions":49,"deletions":18},"other":{"insertions":1,"deletions":1}}},{"hash":"8b896ea4a288d3ca930b8c592dcfb3da71fd1a90","isMergeCommit":false,"messageTitle":"Use Package","messageBody":"","fileTypesAndContributionMap":{"functional-code":{"insertions":0,"deletions":17}}},{"hash":"78e6c35581b436dffcf11a31cdd81b76d89f4526","isMergeCommit":false,"messageTitle":"Use Packag","messageBody":"","fileTypesAndContributionMap":{"test-code":{"insertions":4,"deletions":2}}},{"hash":"5b4fe880ea3983945643bd92d325122d963004ef","isMergeCommit":true,"messageTitle":"Merge pull request #67 from msc-123456/Package","messageBody":"Use Package","fileTypesAndContributionMap":{}}]},{"date":"2025-10-27T00:00:00","commitResults":[{"hash":"c1eebe3786c34889f86e0f1fc1d6129bc7b9a33d","isMergeCommit":true,"messageTitle":"Merge pull request #69 from samika2005/viewbycategories","messageBody":"Added a command to view cost breakdown by categories","fileTypesAndContributionMap":{}},{"hash":"ed0aebcd19868317255b8229cdf01b27b9e5b490","isMergeCommit":false,"messageTitle":"Add Trip Class","messageBody":"","fileTypesAndContributionMap":{"functional-code":{"insertions":356,"deletions":18}}},{"hash":"ba1a9ceef30b70500bb9dfd7b80a291a089949f8","isMergeCommit":true,"messageTitle":"Merge branch \u0027master\u0027 into Trip","messageBody":"","fileTypesAndContributionMap":{}},{"hash":"d2c54c782cf2998e1a8f3b4797ecf8593e759ac9","isMergeCommit":true,"messageTitle":"Merge pull request #79 from samika2005/ug","messageBody":"UG update","fileTypesAndContributionMap":{}},{"hash":"fbc09e7c17fc2aad00de43036ebba259e18aa51b","isMergeCommit":true,"messageTitle":"Merge pull request #80 from msc-123456/Trip","messageBody":"Add Trip Class","fileTypesAndContributionMap":{}},{"hash":"12d32d4d15c477ee352fb4d04697017685372f9b","isMergeCommit":false,"messageTitle":"Java CI","messageBody":"","fileTypesAndContributionMap":{"functional-code":{"insertions":17,"deletions":17}}},{"hash":"3ccecfaba039bcd24e9c201e685f0005b3e22d06","isMergeCommit":true,"messageTitle":"Merge pull request #83 from samika2005/testcasesupdate","messageBody":"Testcasesupdate","fileTypesAndContributionMap":{}},{"hash":"4e0c7a80d9c6451d16be669fc325726a5538ae20","isMergeCommit":false,"messageTitle":"Add Check command","messageBody":"","fileTypesAndContributionMap":{"functional-code":{"insertions":124,"deletions":0}}},{"hash":"2eb152096e9f26f0c765760fa341a09db8dbbca4","isMergeCommit":true,"messageTitle":"Merge pull request #86 from tam308/packages","messageBody":"Refactor Activity class and Parser class to packages","fileTypesAndContributionMap":{}},{"hash":"4658b54521134a10c836098a3aafe569a3d28ca8","isMergeCommit":false,"messageTitle":"Java CI fix","messageBody":"","fileTypesAndContributionMap":{"functional-code":{"insertions":1,"deletions":1}}},{"hash":"7c7917720c3c403ad4fcdbe8761718241fd1f303","isMergeCommit":true,"messageTitle":"Merge pull request #87 from msc-123456/CheckJavaCI","messageBody":"Java CI fix","fileTypesAndContributionMap":{}},{"hash":"f68f03541d96d63f719afc8c5b96f97b822c1e4f","isMergeCommit":false,"messageTitle":"UserGuide v2.0","messageBody":"","fileTypesAndContributionMap":{"docs":{"insertions":94,"deletions":14}}},{"hash":"3cdf1af16bce224104762292f19a99b7301daee2","isMergeCommit":true,"messageTitle":"Merge branch \u0027master\u0027 into UG_v2.0","messageBody":"","fileTypesAndContributionMap":{}}]},{"date":"2025-10-28T00:00:00","commitResults":[{"hash":"d2acc7f274e550071d50df60afebbb5264a8287e","isMergeCommit":false,"messageTitle":"DG","messageBody":"","fileTypesAndContributionMap":{"docs":{"insertions":73,"deletions":5}}},{"hash":"37d18468dcd5d80ea9a75215f644e1c05d8d6305","isMergeCommit":true,"messageTitle":"Merge pull request #93 from msc-123456/DG-v2.0","messageBody":"DG","fileTypesAndContributionMap":{}},{"hash":"ce3fc49af3b1f46512a4bc3d875618f9a1ba6a30","isMergeCommit":true,"messageTitle":"Merge pull request #94 from tam308/add-class-diagrams","messageBody":"Update developer guide with class diagrams for add,list and find","fileTypesAndContributionMap":{}},{"hash":"6eb85223fab60ee9f9056cf476990fd3d0383bc4","isMergeCommit":false,"messageTitle":"DG diagrams","messageBody":"","fileTypesAndContributionMap":{"docs":{"insertions":200,"deletions":0}}},{"hash":"b221e962c164ed5f57e40197aa6f4b0db6d0ff2e","isMergeCommit":true,"messageTitle":"Merge pull request #98 from enwei29/enwei-view","messageBody":"Add View Class into command folder","fileTypesAndContributionMap":{}},{"hash":"031018e5d8cec2e8e9efce379092f09b6840716d","isMergeCommit":false,"messageTitle":"PPP msc-123456","messageBody":"","fileTypesAndContributionMap":{"docs":{"insertions":61,"deletions":0}}},{"hash":"b1739cb596140bcbc080c6b0dbbf36a42ae07883","isMergeCommit":true,"messageTitle":"Merge pull request #100 from enwei29/enwei-view","messageBody":"Add Class Diagram and edit DeveloperGuide.md for View class ","fileTypesAndContributionMap":{}},{"hash":"15cdd5ea90aa6d2a13f883e0690a36d9d965aac5","isMergeCommit":true,"messageTitle":"Merge pull request #101 from tam308/add-workflow-diagrams","messageBody":"Update developer guide with workflow and sequence diagrams","fileTypesAndContributionMap":{}}]},{"date":"2025-10-29T00:00:00","commitResults":[{"hash":"e1bc75f2a4779df874ddb3ba4f158734a3d99af0","isMergeCommit":true,"messageTitle":"Merge pull request #106 from samika2005/teststuff","messageBody":"PPP","fileTypesAndContributionMap":{}},{"hash":"37eaaf2624538448a6316248f1a38640eee5fb2e","isMergeCommit":true,"messageTitle":"Merge pull request #107 from blimc1/add-tests","messageBody":"Add tests for edit function","fileTypesAndContributionMap":{}},{"hash":"689741d11dffbf0b780daa2994c12fb773257dba","isMergeCommit":true,"messageTitle":"Merge pull request #108 from blimc1/update-DG","messageBody":"Update DG","fileTypesAndContributionMap":{}},{"hash":"46eaea8971ebc26e3240ff8103eeb416d64d5e3a","isMergeCommit":true,"messageTitle":"Merge pull request #110 from samika2005/teststuff","messageBody":"slight spelling mistake in dg","fileTypesAndContributionMap":{}}]},{"date":"2025-10-30T00:00:00","commitResults":[{"hash":"0a304e2d59b4b0f23137f67f873de38c35753416","isMergeCommit":false,"messageTitle":"Diagram Adjustment","messageBody":"","fileTypesAndContributionMap":{"docs":{"insertions":17,"deletions":10}}},{"hash":"7c0baf19323063e787e89a396f1034a7c8cc3b4f","isMergeCommit":true,"messageTitle":"Merge pull request #113 from msc-123456/DiagramAdjust","messageBody":"Diagram Adjustment","fileTypesAndContributionMap":{}},{"hash":"d7d68619cd483116bd93f6a28fca93432f58774a","isMergeCommit":true,"messageTitle":"Merge pull request #116 from blimc1/update-dev-guide","messageBody":"Update Developer Guide","tags":["v2.0"],"fileTypesAndContributionMap":{}}]},{"date":"2025-11-01T00:00:00","commitResults":[{"hash":"f695255d365ee4934f98f35c7f030da8538a3e63","isMergeCommit":false,"messageTitle":"Fix bugs","messageBody":"","fileTypesAndContributionMap":{"functional-code":{"insertions":16,"deletions":8},"docs":{"insertions":41,"deletions":11}}},{"hash":"45729c8b6eba7ca078f7f489bc876f214b91b310","isMergeCommit":false,"messageTitle":"Fix bug","messageBody":"","fileTypesAndContributionMap":{"functional-code":{"insertions":2,"deletions":1}}},{"hash":"309f7b7e5c68a404bea16f73023cd945fc08eefe","isMergeCommit":true,"messageTitle":"Merge pull request #179 from msc-123456/FixTripCommand","messageBody":"Fix bugs","fileTypesAndContributionMap":{}}]},{"date":"2025-11-02T00:00:00","commitResults":[{"hash":"0d6dae63107eaff8a7ab6dc5b70aa5aa7fe0cb61","isMergeCommit":true,"messageTitle":"Merge pull request #180 from tam308/bugfix","messageBody":"Fix several bugs related to the Add command ","fileTypesAndContributionMap":{}},{"hash":"a0f1ebef541a9147e8d0037c2d2c6b67f6141a62","isMergeCommit":true,"messageTitle":"Merge pull request #181 from tam308/bugfix","messageBody":"Remove unecessary class diagram icons","fileTypesAndContributionMap":{}},{"hash":"9567976a95cb1b8998478455bd4bb7d4e6e94baa","isMergeCommit":false,"messageTitle":"Adjust input process of Trip Add Command","messageBody":"","fileTypesAndContributionMap":{"functional-code":{"insertions":14,"deletions":0}}},{"hash":"49eadccd5460ddea6a20a8a7681f925535535364","isMergeCommit":true,"messageTitle":"Merge pull request #182 from msc-123456/AdjustTripInput","messageBody":"Adjust input process of Trip Add Command","fileTypesAndContributionMap":{}},{"hash":"324b806cebe96cfd50448f49396350d033c3c820","isMergeCommit":false,"messageTitle":"Document","messageBody":"","fileTypesAndContributionMap":{"functional-code":{"insertions":150,"deletions":4},"docs":{"insertions":5,"deletions":0}}},{"hash":"c6a8173f24f5b671de21211439b3953ada42ad9f","isMergeCommit":true,"messageTitle":"Merge pull request #184 from msc-123456/DocAdjust","messageBody":"Document","fileTypesAndContributionMap":{}},{"hash":"6a2f0fd25096c710624a51fe59c4e455d64887b5","isMergeCommit":true,"messageTitle":"Merge pull request #185 from samika2005/fix_ug","messageBody":"Ug fix, budget upper cap checks","fileTypesAndContributionMap":{}}]}],"samika2005":[{"date":"2025-10-01T00:00:00","commitResults":[{"hash":"1d8284b812c982d30b07e8a4b027f1cc4cd40095","isMergeCommit":false,"messageTitle":"Samika2005_AboutUs","messageBody":"","fileTypesAndContributionMap":{"docs":{"insertions":3,"deletions":7}}},{"hash":"75e7d2fd3cc38ff8a8836a9c4b9b046eab6b718e","isMergeCommit":true,"messageTitle":"Merge branch \u0027master\u0027 into Samika-AboutUs","messageBody":"","fileTypesAndContributionMap":{}},{"hash":"01369e3908093b2d2cc09766700ef7052281b83f","isMergeCommit":true,"messageTitle":"Merge pull request #1 from samika2005/Samika-AboutUs","messageBody":"Samika2005_AboutUs","fileTypesAndContributionMap":{}}]},{"date":"2025-10-08T00:00:00","commitResults":[{"hash":"691ecb37ce636a8bc3f48260d8c41208949540f3","isMergeCommit":false,"messageTitle":"Samika2005_v1","messageBody":"","fileTypesAndContributionMap":{"functional-code":{"insertions":17,"deletions":0},"docs":{"insertions":1,"deletions":1},"test-code":{"insertions":19,"deletions":0}}},{"hash":"958a3611919d571511c40c6ae9ca6977c46bb0c2","isMergeCommit":false,"messageTitle":"Samika2005_JUnit","messageBody":"","fileTypesAndContributionMap":{"test-code":{"insertions":0,"deletions":1}}}]},{"date":"2025-10-09T00:00:00","commitResults":[{"hash":"5e92264aeb59a6f8ca025c2bff120203ebf0b5f4","isMergeCommit":true,"messageTitle":"Merge branch \u0027master\u0027 into Samika2005-AboutUs","messageBody":"","fileTypesAndContributionMap":{}},{"hash":"59c6c67171abbafdc9a3317112ca5f0ee26899a2","isMergeCommit":true,"messageTitle":"Merge branch \u0027master\u0027 into Samika2005-JUnit","messageBody":"","fileTypesAndContributionMap":{}},{"hash":"a23e734409d80122edd6f3460630de3da70cbfc6","isMergeCommit":true,"messageTitle":"Merge pull request #14 from samika2005/Samika2005-AboutUs","messageBody":"Add Samika AboutUs","fileTypesAndContributionMap":{}},{"hash":"4e33a20b717b0f2ed7aec58faac49a88cf29d575","isMergeCommit":true,"messageTitle":"Merge branch \u0027master\u0027 into Samika2005-JUnit","messageBody":"","fileTypesAndContributionMap":{}}]},{"date":"2025-10-10T00:00:00","commitResults":[{"hash":"9db895af5c71ec5a78e072bc943c0e7ab4896fe5","isMergeCommit":true,"messageTitle":"Merge branch \u0027master\u0027 of github.com:AY2526S1-CS2113-W13-4/tp into Samika2005-week8","messageBody":"","fileTypesAndContributionMap":{}}]},{"date":"2025-10-12T00:00:00","commitResults":[{"hash":"ffd21d00611deea853902b16c38ddd9630b92fb8","isMergeCommit":true,"messageTitle":"Merge pull request #26 from blimc1/issue15-delete-item","messageBody":"Add function to delete a specific activity","fileTypesAndContributionMap":{}}]},{"date":"2025-10-13T00:00:00","commitResults":[{"hash":"23fb5fb5414fc5cd323a23673c6972370b81a28a","isMergeCommit":true,"messageTitle":"Merge branch \u0027master\u0027 of github.com:AY2526S1-CS2113-W13-4/tp into Samika2005-week8","messageBody":"","fileTypesAndContributionMap":{}}]},{"date":"2025-10-14T00:00:00","commitResults":[{"hash":"9c196f3406a3fbd5922b22bf4e35ec932ec6edcb","isMergeCommit":false,"messageTitle":"Samika2005_Budgetmain","messageBody":"","fileTypesAndContributionMap":{"functional-code":{"insertions":90,"deletions":1}}},{"hash":"585fcddbfd4d9a956ddf47ca077bd023275539f6","isMergeCommit":false,"messageTitle":"Samika2005_Budget_assertions","messageBody":"","fileTypesAndContributionMap":{"test-code":{"insertions":72,"deletions":0}}},{"hash":"aefec35fe9fee592fe74bc1bd189216e222a388d","isMergeCommit":false,"messageTitle":"Samika2005_Budget_assertions_withea?","messageBody":"","fileTypesAndContributionMap":{"test-code":{"insertions":1,"deletions":0}}},{"hash":"2f5ef3e226b9024a57c1df200464f864add57d51","isMergeCommit":true,"messageTitle":"Merge branch \u0027master\u0027 of github.com:AY2526S1-CS2113-W13-4/tp into Samika2005-budgetassertiontests","messageBody":"","fileTypesAndContributionMap":{}},{"hash":"9686e9a4f5b85228cab2fc97e1a244c12d2a692f","isMergeCommit":false,"messageTitle":"Samika2005_Budget_bracesfixed","messageBody":"","fileTypesAndContributionMap":{"functional-code":{"insertions":9,"deletions":3},"test-code":{"insertions":2,"deletions":1}}},{"hash":"32df24f21cda9d6702563f9e7984333ae7f53e7e","isMergeCommit":false,"messageTitle":"Samika2005_Budget_main","messageBody":"","fileTypesAndContributionMap":{"functional-code":{"insertions":77,"deletions":1}}},{"hash":"489ff57b677e90330c00f982365d5fcaedc5a57b","isMergeCommit":false,"messageTitle":"Samika2005_Budgetaddtomain","messageBody":"","fileTypesAndContributionMap":{"functional-code":{"insertions":9,"deletions":6}}},{"hash":"37448f51a4294d552647352ecf49c0e30876da78","isMergeCommit":false,"messageTitle":"Samika2005_Budgetaddtomain","messageBody":"","fileTypesAndContributionMap":{"functional-code":{"insertions":51,"deletions":53}}},{"hash":"09145f053f2bb4064ed6fa526702e4625d6b8473","isMergeCommit":true,"messageTitle":"Merge pull request #36 from tam308/exceptions","messageBody":"Add Exceptions for missing activity fields and missing activity flags","fileTypesAndContributionMap":{}}]},{"date":"2025-10-22T00:00:00","commitResults":[{"hash":"0c3a9fb1a8043ab03938d08488a44d537adc0703","isMergeCommit":true,"messageTitle":"Merge pull request #51 from msc-123456/Exception","messageBody":"Add exceptions for delete and edit","fileTypesAndContributionMap":{}},{"hash":"4c5a4d1d16c07f3fc46efe6def0d9988bc90a26c","isMergeCommit":true,"messageTitle":"Merge branch \u0027master\u0027 of github.com:AY2526S1-CS2113-W13-4/tp into addbudgettomain","messageBody":"","fileTypesAndContributionMap":{}}]},{"date":"2025-10-23T00:00:00","commitResults":[{"hash":"fdc2bf1d957d4e289aac7ade13f37665082703c2","isMergeCommit":true,"messageTitle":"Merge branch \u0027master\u0027 of github.com:AY2526S1-CS2113-W13-4/tp into DG_update","messageBody":"","fileTypesAndContributionMap":{}},{"hash":"c7e2a0c4d669b306ec8e9b3a303c8c48005225dc","isMergeCommit":false,"messageTitle":"Samika2005_DG_update","messageBody":"","fileTypesAndContributionMap":{"docs":{"insertions":12,"deletions":0}}},{"hash":"c45283064c266910a1436d8deb08c1203294d3f5","isMergeCommit":true,"messageTitle":"Merge pull request #54 from samika2005/DG_update","messageBody":"Dg update","fileTypesAndContributionMap":{}}]},{"date":"2025-10-24T00:00:00","commitResults":[{"hash":"4640394a8d5c2154e8363f972d0be495a686493d","isMergeCommit":true,"messageTitle":"Merge pull request #59 from msc-123456/Clear","messageBody":"Add Clear command","fileTypesAndContributionMap":{}},{"hash":"b45914b0b801e51a301c4e9029410c40bb635ac1","isMergeCommit":true,"messageTitle":"Merge branch \u0027master\u0027 of github.com:AY2526S1-CS2113-W13-4/tp into v2_initial","messageBody":"","fileTypesAndContributionMap":{}}]},{"date":"2025-10-26T00:00:00","commitResults":[{"hash":"d771dde5808f1557c498174507782b31856b4453","isMergeCommit":true,"messageTitle":"Merge branch \u0027master\u0027 of github.com:AY2526S1-CS2113-W13-4/tp into v2_initial","messageBody":"","fileTypesAndContributionMap":{}},{"hash":"8c711a7a356a91de94731e1fb2fc0b8eb3d7fbac","isMergeCommit":false,"messageTitle":"Passes activity object into budgetclass","messageBody":"","fileTypesAndContributionMap":{"functional-code":{"insertions":6,"deletions":2}}},{"hash":"5bf97997bccaffc442e76e16f4fd177447a1fe2f","isMergeCommit":false,"messageTitle":"Passes activity object into budgetclass","messageBody":"","fileTypesAndContributionMap":{"functional-code":{"insertions":1,"deletions":0},"docs":{"insertions":0,"deletions":2}}},{"hash":"2d731fc6d5a1bbfd897005a4e11365dcec18ce41","isMergeCommit":true,"messageTitle":"Merge branch \u0027master\u0027 of github.com:AY2526S1-CS2113-W13-4/tp into viewbycategories","messageBody":"","fileTypesAndContributionMap":{}},{"hash":"68d3d54bdd6d8fe39e0fd51ffb6baff014b33492","isMergeCommit":false,"messageTitle":"Added a command to view cost breakdwon by category","messageBody":"","fileTypesAndContributionMap":{"functional-code":{"insertions":79,"deletions":0}}}]},{"date":"2025-10-27T00:00:00","commitResults":[{"hash":"306e6abbd2611dcd77e793cd70719514706b7acb","isMergeCommit":false,"messageTitle":"Command to edit the category of an expense","messageBody":"","fileTypesAndContributionMap":{"functional-code":{"insertions":143,"deletions":6}}},{"hash":"e8346c2279d6aa8f82ea29c36ab2d7a175d1db10","isMergeCommit":false,"messageTitle":"command to manually sync activity costs into budget- also auto syncs when new activities are created/deleted","messageBody":"","fileTypesAndContributionMap":{"functional-code":{"insertions":14,"deletions":78},"other":{"insertions":69,"deletions":1},"test-code":{"insertions":85,"deletions":0}}},{"hash":"6d9ab696ad1e6af9a99fed0f0fb6f239ed351670","isMergeCommit":true,"messageTitle":"Merge pull request #74 from blimc1/more-OOP","messageBody":"Enhance edit function and split edit and delete methods into classes","fileTypesAndContributionMap":{}},{"hash":"afbf9ffc7ac557114cc92364233e0bcf18f28100","isMergeCommit":true,"messageTitle":"Merge branch \u0027master\u0027 into editcategory","messageBody":"","fileTypesAndContributionMap":{}},{"hash":"ae07c30f0badcc37501ce60d1098584f60134a12","isMergeCommit":false,"messageTitle":"Update BusyBreak.java","messageBody":"","fileTypesAndContributionMap":{"functional-code":{"insertions":0,"deletions":1}}},{"hash":"e031ffe15ffdb99273287dda2119e91a3ee2f675","isMergeCommit":true,"messageTitle":"Merge pull request #73 from samika2005/editcategory","messageBody":"Command to edit the category of an expense","fileTypesAndContributionMap":{}},{"hash":"5232b69b3079c37632462ca2dabaea6aae6f82db","isMergeCommit":true,"messageTitle":"Merge branch \u0027master\u0027 of github.com:AY2526S1-CS2113-W13-4/tp into syncfixed","messageBody":"# Conflicts:\n#\tsrc/main/java/seedu/busybreak/BusyBreak.java\n","fileTypesAndContributionMap":{}},{"hash":"cb0ca2ed5c5d20f33b0c78a7b86d18afb0196161","isMergeCommit":false,"messageTitle":"command to manually sync activity costs into budget- also auto syncs when new activities are created/deleted/edited, blocks creating/deleting/editing activity related expenses through budget functions","messageBody":"","fileTypesAndContributionMap":{"functional-code":{"insertions":48,"deletions":91},"test-code":{"insertions":6,"deletions":6}}},{"hash":"940affb8fae11141ffdc90617d0d83108beb3ded","isMergeCommit":false,"messageTitle":"Update Budget.java","messageBody":"Cli fix","fileTypesAndContributionMap":{"functional-code":{"insertions":2,"deletions":1}}},{"hash":"f7b6e367e91d38649e3accb7be1d429b3f72c596","isMergeCommit":false,"messageTitle":"Update Budget.java","messageBody":"cli fix I hope","fileTypesAndContributionMap":{"functional-code":{"insertions":1,"deletions":1}}},{"hash":"b6e2bcebefd2a138aa574d3fca79b5a71fe4784f","isMergeCommit":false,"messageTitle":"Update Budget.java","messageBody":"same cli dilemma","fileTypesAndContributionMap":{"functional-code":{"insertions":1,"deletions":2}}},{"hash":"6bff0f4f425b62613610601db19636f7bef67f44","isMergeCommit":false,"messageTitle":"UG update","messageBody":"","fileTypesAndContributionMap":{"docs":{"insertions":153,"deletions":9}}},{"hash":"07b3469ad429aa3932e3cae1b5dfaf684cc4fc75","isMergeCommit":true,"messageTitle":"Merge pull request #77 from samika2005/syncfixed","messageBody":"Sync","fileTypesAndContributionMap":{}},{"hash":"119ba887022d35e9c5f195452d46eb9b6b0b7eba","isMergeCommit":false,"messageTitle":"Test cases checking activity and budget linked expenses","messageBody":"","fileTypesAndContributionMap":{"functional-code":{"insertions":9,"deletions":1},"test-code":{"insertions":171,"deletions":0}}},{"hash":"8e9f8331accf9e0818917a6f8a90357d39bd553f","isMergeCommit":true,"messageTitle":"Merge branch \u0027master\u0027 into testcasesupdate","messageBody":"","fileTypesAndContributionMap":{}},{"hash":"c3ba3243daccad917e95a7919b00d8984ea641a1","isMergeCommit":true,"messageTitle":"Merge pull request #82 from msc-123456/TripCommandAdjust","messageBody":"Java CI fix","fileTypesAndContributionMap":{}},{"hash":"ce1b3435e3c3f25100c2fbb1de4f0894a8ca11f7","isMergeCommit":true,"messageTitle":"Merge pull request #89 from msc-123456/UG_v2.0","messageBody":"UserGuide v2.0","fileTypesAndContributionMap":{}},{"hash":"921dd13a33cd5142eb52ad8c9f35cd6aef86ce64","isMergeCommit":true,"messageTitle":"Merge pull request #90 from tam308/find","messageBody":"Added the Find feature","fileTypesAndContributionMap":{}}]},{"date":"2025-10-28T00:00:00","commitResults":[{"hash":"7479156e3edee5d64d172cc1f3d9b8f116a8bcf4","isMergeCommit":true,"messageTitle":"Merge pull request #95 from msc-123456/DG-diagram","messageBody":"DG diagrams","fileTypesAndContributionMap":{}},{"hash":"1dfb74406398bb2e1a0c1cc415fa8de7c7468262","isMergeCommit":true,"messageTitle":"Merge pull request #99 from msc-123456/PPP-msc-123456","messageBody":"PPP msc-123456","fileTypesAndContributionMap":{}},{"hash":"ac78ab75768090d47252441c69b51158c41a4b1f","isMergeCommit":true,"messageTitle":"Merge branch \u0027master\u0027 of github.com:AY2526S1-CS2113-W13-4/tp into dg","messageBody":"","fileTypesAndContributionMap":{}}]},{"date":"2025-10-29T00:00:00","commitResults":[{"hash":"0d32edf5c1b5015eb4b9096fea4ee43987631835","isMergeCommit":true,"messageTitle":"Merge pull request #102 from blimc1/update-ug","messageBody":"Edit UG to reflect current edit functionality","fileTypesAndContributionMap":{}},{"hash":"c7c6a3bc8a75d22fd957e9023279a49620e10733","isMergeCommit":false,"messageTitle":"Budgetcommand dg and diagram","messageBody":"","fileTypesAndContributionMap":{"docs":{"insertions":149,"deletions":8}}},{"hash":"b08a5b4d6e0790c9e43e85a83523ba2f692727cc","isMergeCommit":false,"messageTitle":"DG and Ug update","messageBody":"","fileTypesAndContributionMap":{"docs":{"insertions":142,"deletions":20}}},{"hash":"e80ad5f86d2a19d0a9f694297bebcc28dfdb8793","isMergeCommit":true,"messageTitle":"Merge pull request #104 from enwei29/enwei-undo-feature","messageBody":"Add Undo class to undo actions taken","fileTypesAndContributionMap":{}},{"hash":"3ea043c6073a8b23f8e5d23999204744919399f7","isMergeCommit":true,"messageTitle":"Merge branch \u0027master\u0027 of github.com:AY2526S1-CS2113-W13-4/tp into teststuff","messageBody":"","fileTypesAndContributionMap":{}},{"hash":"dbdb26274dfaf7eaa21456ef50a3f3ca5cf08ef0","isMergeCommit":false,"messageTitle":"PPP","messageBody":"","fileTypesAndContributionMap":{"docs":{"insertions":69,"deletions":0}}},{"hash":"f26f342354c6b247df3313df8e33e42e8c12eebb","isMergeCommit":false,"messageTitle":"slight spelling mistake","messageBody":"","fileTypesAndContributionMap":{"docs":{"insertions":3,"deletions":3}}}]},{"date":"2025-10-30T00:00:00","commitResults":[{"hash":"322dd42e919836edd7f6f767784690709120915c","isMergeCommit":true,"messageTitle":"Merge pull request #115 from tam308/update-documentation","messageBody":"update DG with target user and value proposition","fileTypesAndContributionMap":{}},{"hash":"237d03443e28c1bf7172f12f1b623093f948b235","isMergeCommit":true,"messageTitle":"Merge pull request #118 from blimc1/fix-diagrams","messageBody":"Fix diagrams","fileTypesAndContributionMap":{}}]},{"date":"2025-11-02T00:00:00","commitResults":[{"hash":"adcdc1e5be7290f98d6e57d62a0c7da65fc6cda1","isMergeCommit":true,"messageTitle":"Merge branch \u0027master\u0027 of github.com:AY2526S1-CS2113-W13-4/tp into teststuff","messageBody":"","fileTypesAndContributionMap":{}},{"hash":"404ca6469a2f7674d501bc79213c6f10e6a2c6f2","isMergeCommit":false,"messageTitle":"UG edits, budget upper cap limit","messageBody":"","fileTypesAndContributionMap":{"functional-code":{"insertions":50,"deletions":21},"docs":{"insertions":2,"deletions":2},"test-code":{"insertions":0,"deletions":8}}}]}],"enwei29":[{"date":"2025-10-01T00:00:00","commitResults":[{"hash":"3dff3c9a20e21a18af28e0d70b4a2604cf1857d1","isMergeCommit":false,"messageTitle":"Add information of enwei29 into About Us","messageBody":"","fileTypesAndContributionMap":{"docs":{"insertions":3,"deletions":7}}},{"hash":"5f425ad292bceaa47157d04a158641d47f375956","isMergeCommit":true,"messageTitle":"Merge branch \u0027master\u0027 into enwei29-AboutUs","messageBody":"","fileTypesAndContributionMap":{}},{"hash":"95ba7f591596fabf5f4d371fea32b1cb9d333cc4","isMergeCommit":true,"messageTitle":"Merge pull request from enwei29/enwei29-AboutUs","messageBody":"Add information of enwei29 into About Us","fileTypesAndContributionMap":{}}]},{"date":"2025-10-07T00:00:00","commitResults":[{"hash":"280149e358f109a337579ae66efc2691eccba68b","isMergeCommit":true,"messageTitle":"Merge pull request #8 from tam308/addToList","messageBody":"Create Activity class with date, time, description, and cost","fileTypesAndContributionMap":{}}]},{"date":"2025-10-09T00:00:00","commitResults":[{"hash":"1c4e28aadf1a376b471fac9f106b62c91962424c","isMergeCommit":true,"messageTitle":"Merge pull request #11 from tam308/addToList","messageBody":"Refactor activity storage to ArrayList and standardize command and constant names","fileTypesAndContributionMap":{}}]},{"date":"2025-10-10T00:00:00","commitResults":[{"hash":"8cb8add9b1682452a71fd6e7f1d910bab4a10a83","isMergeCommit":false,"messageTitle":"Add function to view itinerary for a specific day","messageBody":"","fileTypesAndContributionMap":{"functional-code":{"insertions":41,"deletions":1}}},{"hash":"bcfbedbfc1ea9c48df96bf55b28fabf8827a6e5c","isMergeCommit":false,"messageTitle":"Add function to view itinerary for a specific day","messageBody":"","fileTypesAndContributionMap":{"functional-code":{"insertions":40,"deletions":1}}},{"hash":"08ddb50b7300f3496d1580cb90cd0b76a6a8db42","isMergeCommit":false,"messageTitle":"Add JUnit test for viewing specific date","messageBody":"","fileTypesAndContributionMap":{"test-code":{"insertions":20,"deletions":0}}}]},{"date":"2025-10-14T00:00:00","commitResults":[{"hash":"a1e18494531ebc445e97628151d571288d3b56b0","isMergeCommit":true,"messageTitle":"Merge pull request #30 from tam308/assertions","messageBody":"Add basic assertions for adding activity","fileTypesAndContributionMap":{}},{"hash":"fd5e579e86ad283848b43ebaa0ef0b495887afc2","isMergeCommit":true,"messageTitle":"Merge pull request #31 from tam308/logging","messageBody":"Add logging functionality to Activity class for Activity creation","fileTypesAndContributionMap":{}}]},{"date":"2025-10-15T00:00:00","commitResults":[{"hash":"59bbc0de8223393773072996de65312ccba4c872","isMergeCommit":true,"messageTitle":"Merge branch of master from team repo","messageBody":"","fileTypesAndContributionMap":{}},{"hash":"b61762d91217e00829873c6c729721cf97c99771","isMergeCommit":false,"messageTitle":"Add error handling to the view function","messageBody":"","fileTypesAndContributionMap":{"functional-code":{"insertions":16,"deletions":5}}},{"hash":"d788389e712876568b22669858a406a62b6fc1e2","isMergeCommit":true,"messageTitle":"Merge pull request #39 from blimc1/issue16-edit-item","messageBody":"Add function to edit a specific activity, JUnit tests, logging, and assertions","fileTypesAndContributionMap":{}},{"hash":"40648d76aa1e03e4c3a5ca32650ea397b6c69db5","isMergeCommit":false,"messageTitle":"enable JVM assertions by setting applicationDefaultJvmArgs \u003d [\"-ea\"]","messageBody":"","fileTypesAndContributionMap":{"other":{"insertions":1,"deletions":0}}}]},{"date":"2025-10-17T00:00:00","commitResults":[{"hash":"615d421f775e315c1760e01882ffae8c7401fd25","isMergeCommit":false,"messageTitle":"Add assertion and logging into view function","messageBody":"","fileTypesAndContributionMap":{"functional-code":{"insertions":8,"deletions":0}}}]},{"date":"2025-10-24T00:00:00","commitResults":[{"hash":"990e40e242b20bb6b7ddf1c15f4ddf972c1446b4","isMergeCommit":false,"messageTitle":"Add description of feature (View Itinerary) into DeveloperGuide","messageBody":"","fileTypesAndContributionMap":{"docs":{"insertions":16,"deletions":0}}}]},{"date":"2025-10-25T00:00:00","commitResults":[{"hash":"03e8300ed4a70ec694129b72d39ea60399740d91","isMergeCommit":true,"messageTitle":"Merge pull request #60 from tam308/abstract-add-command","messageBody":"Refactor Add and List methods into command package","fileTypesAndContributionMap":{}},{"hash":"3b40986c9d3cff60759fdc7ea495f72b10f72a57","isMergeCommit":false,"messageTitle":"Add Ui class for user interface","messageBody":"","fileTypesAndContributionMap":{"functional-code":{"insertions":97,"deletions":42}}},{"hash":"cc7763e1abddda54afb7170ad727609b0ac5dc4c","isMergeCommit":false,"messageTitle":"Refactor for Gradle checks","messageBody":"","fileTypesAndContributionMap":{"functional-code":{"insertions":2,"deletions":8}}},{"hash":"81cc9eeea9d91f72b0072ad9cca482d183ad8e6e","isMergeCommit":false,"messageTitle":"Refactor for Gradle checks #2","messageBody":"","fileTypesAndContributionMap":{"functional-code":{"insertions":2,"deletions":2}}},{"hash":"53b619b6e75bc74df35161bbfd99613653cb085e","isMergeCommit":true,"messageTitle":"Merge pull request #64 from tam308/abstract-to-ui","messageBody":"Refactor User Interface elements from Add and List to UI class","fileTypesAndContributionMap":{}}]},{"date":"2025-10-27T00:00:00","commitResults":[{"hash":"0d79470bc5647057b594b53d58681771f0e5ec46","isMergeCommit":true,"messageTitle":"Merge pull request #88 from tam308/user-guide","messageBody":"Update user guide for add and list to be more comprehensive","fileTypesAndContributionMap":{}}]},{"date":"2025-10-28T00:00:00","commitResults":[{"hash":"d7d5d198fe707a68d2a0751a627bf981a9037777","isMergeCommit":false,"messageTitle":"Add View Class into command folder","messageBody":"","fileTypesAndContributionMap":{"functional-code":{"insertions":56,"deletions":54}}},{"hash":"b134aaff1d4567d3f83cf3c391d5afe93d52cfd0","isMergeCommit":false,"messageTitle":"Resolve Gradle checks","messageBody":"","fileTypesAndContributionMap":{"functional-code":{"insertions":35,"deletions":35}}},{"hash":"0be390b3ac684d29b096b5527693994167f26a7d","isMergeCommit":false,"messageTitle":"Resolve Gradle issues","messageBody":"","fileTypesAndContributionMap":{"functional-code":{"insertions":35,"deletions":33}}},{"hash":"533d9881c5578a2be5d255c8e9f3073cef3fc081","isMergeCommit":false,"messageTitle":"Add Class Diagram for View class and edit DeveloperGuide.md to include View class","messageBody":"","fileTypesAndContributionMap":{"docs":{"insertions":77,"deletions":2}}}]},{"date":"2025-10-29T00:00:00","commitResults":[{"hash":"a7964706c2bc90afadc3ef2917b58cccd870b967","isMergeCommit":false,"messageTitle":"Add Undo class to undo actions taken","messageBody":"","fileTypesAndContributionMap":{"functional-code":{"insertions":301,"deletions":78}}},{"hash":"b9aea61b80314a3f16b0cd94a3b9bfa741c824e1","isMergeCommit":true,"messageTitle":"Merge pull request #105 from samika2005/restofdg","messageBody":"DG and UG update","fileTypesAndContributionMap":{}},{"hash":"711ab9b32006e654535f8147fbe6e60f57d08790","isMergeCommit":false,"messageTitle":"Add Undo Command Class Diagram and Sequence Diagram, and add View Command Sequence Diagram","messageBody":"","fileTypesAndContributionMap":{"docs":{"insertions":312,"deletions":0}}},{"hash":"f092e26bb14bceeb6de60f0efcb98080cdf6eeb3","isMergeCommit":true,"messageTitle":"Merge pull request #112 from tam308/PPP","messageBody":"update PPP for tam308","fileTypesAndContributionMap":{}}]},{"date":"2025-10-31T00:00:00","commitResults":[{"hash":"2ba14636c8b328235b27872492a2754c28d18b5a","isMergeCommit":false,"messageTitle":"Add description to User Guide on \"view\" and \"undo\" features and add PPP","messageBody":"","fileTypesAndContributionMap":{"docs":{"insertions":56,"deletions":6}}}]}]},"authorFileTypeContributionMap":{"tam308":{"docs":853,"functional-code":359,"test-code":130},"blimc1":{"docs":215,"functional-code":196,"test-code":135},"msc-123456":{"docs":576,"functional-code":1047,"test-code":108,"other":4},"samika2005":{"docs":488,"functional-code":470,"test-code":338},"enwei29":{"docs":447,"functional-code":364,"test-code":16}},"authorContributionVariance":{"tam308":23397.473,"blimc1":3450.532,"msc-123456":14608.191,"samika2005":23135.361,"enwei29":12891.483},"authorDisplayNameMap":{"tam308":"CS2113-W13-4 JOSH.. YUI","blimc1":"CS2113-W13-4 BRIE..HONG","msc-123456":"CS2113-W13-4 MENG..HONG","samika2005":"CS2113-W13-4 REVA..MIKA","enwei29":"CS2113-W13-4 CHEW.. WEI"}}
