{"authorDailyContributionsMap":{"tam308":[{"date":"2025-10-01T00:00:00","commitResults":[{"hash":"e79126ee3f5e08d0003cf004114b10fe6754f6f3","isMergeCommit":false,"messageTitle":"Update UserGuide.md","messageBody":"","fileTypesAndContributionMap":{"docs":{"insertions":1,"deletions":1}}},{"hash":"2cf1cd62ed0b553f0cbfe437e7c64aec7b8a44ad","isMergeCommit":false,"messageTitle":"Update About Us","messageBody":"","fileTypesAndContributionMap":{"docs":{"insertions":4,"deletions":7}}},{"hash":"55449285bbfa7f0b2a38a84a70a1f316ed47ac8b","isMergeCommit":true,"messageTitle":"Merge pull request #2 from tam308/tam308-AboutUs","messageBody":"Update About Us","fileTypesAndContributionMap":{}},{"hash":"0b6d43982d689a92dc2556b8184c1e15bcd1c08f","isMergeCommit":false,"messageTitle":"Change project title and update description","messageBody":"Updated project name and description in README.","fileTypesAndContributionMap":{"docs":{"insertions":2,"deletions":2}}},{"hash":"11e591e091197403ae3623fb8bd4a8e1d1067160","isMergeCommit":true,"messageTitle":"Merge pull request #6 from tam308/master","messageBody":"Change project title and update description","fileTypesAndContributionMap":{}}]},{"date":"2025-10-07T00:00:00","commitResults":[{"hash":"dfb2ef00e110c638a03676d37d9c97d11fda1860","isMergeCommit":false,"messageTitle":"Add storing user input to a list,displaying list and program termination functionalities","messageBody":"","fileTypesAndContributionMap":{"functional-code":{"insertions":45,"deletions":12}}},{"hash":"4f7c5890e357c62a921a4da88e88e18e431e5c54","isMergeCommit":true,"messageTitle":"Merge pull request #7 from tam308/addToList","messageBody":"Add storing user input to a list, displaying list and program termination functionalities","fileTypesAndContributionMap":{}},{"hash":"be8156936db23009455f84dc9e44941c29b11397","isMergeCommit":false,"messageTitle":"Create Activity class with date, time, description, and cost","messageBody":"","fileTypesAndContributionMap":{"functional-code":{"insertions":119,"deletions":22}}},{"hash":"f1f89449257c1d344f9a9c7a511f5d37f7dca18a","isMergeCommit":false,"messageTitle":"Refactor activity storage to ArrayList and standardized command names","messageBody":"","fileTypesAndContributionMap":{"functional-code":{"insertions":26,"deletions":20}}}]},{"date":"2025-10-08T00:00:00","commitResults":[{"hash":"4adc79e0a300e14fda4ef0d03079a9a220dba8a7","isMergeCommit":false,"messageTitle":"Refactor constant names and shorten long lines for readability","messageBody":"","fileTypesAndContributionMap":{"functional-code":{"insertions":17,"deletions":15}}},{"hash":"7853470a2e51a8a32a79da156e0f40d172c38345","isMergeCommit":false,"messageTitle":"Handle missing user input to prevent NoSuchElementException in JavaCI","messageBody":"","fileTypesAndContributionMap":{"functional-code":{"insertions":6,"deletions":0}}}]},{"date":"2025-10-09T00:00:00","commitResults":[{"hash":"b487579fd2f19348329c620ac4cac7b03b591ddd","isMergeCommit":false,"messageTitle":"Add JUnit test for adding activity data to list","messageBody":"","fileTypesAndContributionMap":{"test-code":{"insertions":9,"deletions":3}}},{"hash":"345e43dc99fc0f6aafeedf760c1805cf16f59b66","isMergeCommit":false,"messageTitle":"Refactor import methods to avoid star import","messageBody":"","fileTypesAndContributionMap":{"test-code":{"insertions":2,"deletions":1}}},{"hash":"b775876b4b4d7d08497429faf89c12e8b3a0a024","isMergeCommit":false,"messageTitle":"Force commit with trivial change due to PR Bug","messageBody":"","fileTypesAndContributionMap":{"test-code":{"insertions":1,"deletions":0}}},{"hash":"7d616b7d59189ce4eb27e00a9421036ceef9b87f","isMergeCommit":true,"messageTitle":"Merge pull request #21 from tam308/j-unit-test","messageBody":"J unit test","fileTypesAndContributionMap":{}}]},{"date":"2025-10-10T00:00:00","commitResults":[{"hash":"f8088243e4c8b31e9954b3a7689671ec195951fb","isMergeCommit":false,"messageTitle":"Add EOF check to terminate infinite loop in gradle","messageBody":"","fileTypesAndContributionMap":{"functional-code":{"insertions":10,"deletions":3}}},{"hash":"28fd2647ec8be9898a725b20178fd4d6693594e6","isMergeCommit":true,"messageTitle":"Merge pull request #25 from enwei29/enwei/view","messageBody":"Add function to view itinerary for a specific day","fileTypesAndContributionMap":{}}]}],"blimc1":[{"date":"2025-10-01T00:00:00","commitResults":[{"hash":"3c482c6b719a58d5141d14ffc2699b48ab51e1cb","isMergeCommit":false,"messageTitle":"Updated AboutUs.md to add personal details","messageBody":"","fileTypesAndContributionMap":{"docs":{"insertions":4,"deletions":7}}},{"hash":"bdbf75ceac924ab9f284c3d49d464f54881a9860","isMergeCommit":true,"messageTitle":"Merge branch \u0027blimc1-blimc1-AboutUs\u0027","messageBody":"","fileTypesAndContributionMap":{}},{"hash":"c8fdc940258e9d69d605d6a5db97ba533526787a","isMergeCommit":false,"messageTitle":"edit about us","messageBody":"","fileTypesAndContributionMap":{"docs":{"insertions":4,"deletions":0}}},{"hash":"d832619fc324b5b22dcde95669613ac84e1fafbc","isMergeCommit":true,"messageTitle":"Merge branch \u0027master\u0027 into blimc1-AboutUs","messageBody":"","fileTypesAndContributionMap":{}},{"hash":"a6d373539537453f338cf343316018a585dfc78e","isMergeCommit":true,"messageTitle":"Merge pull request #3 from blimc1/blimc1-AboutUs","messageBody":"Updated AboutUs.md to add personal details","fileTypesAndContributionMap":{}},{"hash":"be18d61a7dd7eae84a2ffcb3f230531205ff42e6","isMergeCommit":true,"messageTitle":"Merge branch \u0027master\u0027 of https://github.com/blimc1/tp","messageBody":"","fileTypesAndContributionMap":{}}]},{"date":"2025-10-10T00:00:00","commitResults":[{"hash":"6b5a697ec73acf930954252d23222bdb2ac6721b","isMergeCommit":true,"messageTitle":"Merge pull request #23 from tam308/change-eof","messageBody":"Add EOF check to terminate infinite loop in gradle","fileTypesAndContributionMap":{}},{"hash":"b9bc9d91fc73aa8d5ac314cd865974ccca69db7e","isMergeCommit":true,"messageTitle":"Merge branch \u0027master\u0027 of https://github.com/blimc1/tp","messageBody":"","fileTypesAndContributionMap":{}},{"hash":"019d33d2a2d3ffa19f8c03cfb3645945b2bc43f9","isMergeCommit":false,"messageTitle":" Add ability to delete items from list","messageBody":"","fileTypesAndContributionMap":{"functional-code":{"insertions":13,"deletions":0},"test-code":{"insertions":12,"deletions":0}}}]}],"msc-123456":[{"date":"2025-10-01T00:00:00","commitResults":[{"hash":"877e116b30321e61b3aa52a8c9df2dcf13250914","isMergeCommit":false,"messageTitle":"Update AboutUs with my details","messageBody":"","fileTypesAndContributionMap":{"docs":{"insertions":3,"deletions":7}}},{"hash":"d64fb823993c09f7cdd1a45c846a18ef94bafd1e","isMergeCommit":false,"messageTitle":"Update AboutUs with other\u0027s details","messageBody":"","fileTypesAndContributionMap":{"docs":{"insertions":4,"deletions":3}}},{"hash":"60a948c8fb9f176d7ab1ef138c1c61e0f12bda1a","isMergeCommit":true,"messageTitle":"Update AboutUs","messageBody":"","fileTypesAndContributionMap":{}},{"hash":"83ae7ae101c049ed745c537e7f2f9dfeb8a84212","isMergeCommit":false,"messageTitle":"Update AboutUs","messageBody":"","fileTypesAndContributionMap":{"docs":{"insertions":1,"deletions":0}}},{"hash":"a13d7275da1c0a41832efc954bd6d945f7a3ae89","isMergeCommit":true,"messageTitle":"Merge branch \u0027master\u0027 into msc-123456-AboutUs","messageBody":"","fileTypesAndContributionMap":{}},{"hash":"652de704bd8d64f1df731bc823fb61dcf654b686","isMergeCommit":true,"messageTitle":"Merge pull request #4 from msc-123456/msc-123456-AboutUs","messageBody":"Update AboutUs with my details","fileTypesAndContributionMap":{}}]},{"date":"2025-10-09T00:00:00","commitResults":[{"hash":"bcda70fd54cc4aea8dfe3079c8922a90de8f4727","isMergeCommit":false,"messageTitle":"Add Time class","messageBody":"","fileTypesAndContributionMap":{"functional-code":{"insertions":97,"deletions":19}}},{"hash":"cc613cc334cc308b451b5f22f4003871aca90d49","isMergeCommit":true,"messageTitle":"Merge branch \u0027master\u0027 into msc-123456-Time","messageBody":"","fileTypesAndContributionMap":{}},{"hash":"2472e9b6415af9d1b2e6c618426db618052d08f4","isMergeCommit":true,"messageTitle":"Merge pull request #17 from msc-123456/msc-123456-Time","messageBody":"Use java.time.LocalDateTime to store time","fileTypesAndContributionMap":{}},{"hash":"46c72c4853174e9cbac42c0dc3a250b3b5af08a5","isMergeCommit":false,"messageTitle":"Adding Schedule","messageBody":"","fileTypesAndContributionMap":{"functional-code":{"insertions":23,"deletions":16},"test-code":{"insertions":89,"deletions":2}}},{"hash":"e7e78e4d6ad7604b907cb56c77a1053c3ae4b7f1","isMergeCommit":false,"messageTitle":"Adjust import","messageBody":"","fileTypesAndContributionMap":{"test-code":{"insertions":1,"deletions":1}}},{"hash":"fc93e6d5ec987e843ee116b7bdbddb39d662346f","isMergeCommit":true,"messageTitle":"Merge pull request #18 from msc-123456/Adding-Schedule","messageBody":"Adding command for viewing the entire timeline","fileTypesAndContributionMap":{}}]},{"date":"2025-10-10T00:00:00","commitResults":[{"hash":"343adcc428a37a2c31d973fc0d764db5482b58f2","isMergeCommit":false,"messageTitle":"JUnit Adjustment","messageBody":"","fileTypesAndContributionMap":{"other":{"insertions":6,"deletions":5}}},{"hash":"1eb6bd32de25805ae9b5a1cfcec95d6b05eb85ab","isMergeCommit":true,"messageTitle":"Merge pull request #22 from msc-123456/Adding-Schedule","messageBody":"Adding schedule command for viewing the entire timeline","fileTypesAndContributionMap":{}}]}],"samika2005":[{"date":"2025-10-01T00:00:00","commitResults":[{"hash":"1d8284b812c982d30b07e8a4b027f1cc4cd40095","isMergeCommit":false,"messageTitle":"Samika2005_AboutUs","messageBody":"","fileTypesAndContributionMap":{"docs":{"insertions":3,"deletions":7}}},{"hash":"75e7d2fd3cc38ff8a8836a9c4b9b046eab6b718e","isMergeCommit":true,"messageTitle":"Merge branch \u0027master\u0027 into Samika-AboutUs","messageBody":"","fileTypesAndContributionMap":{}},{"hash":"01369e3908093b2d2cc09766700ef7052281b83f","isMergeCommit":true,"messageTitle":"Merge pull request #1 from samika2005/Samika-AboutUs","messageBody":"Samika2005_AboutUs","fileTypesAndContributionMap":{}}]},{"date":"2025-10-08T00:00:00","commitResults":[{"hash":"691ecb37ce636a8bc3f48260d8c41208949540f3","isMergeCommit":false,"messageTitle":"Samika2005_v1","messageBody":"","fileTypesAndContributionMap":{"functional-code":{"insertions":17,"deletions":0},"docs":{"insertions":1,"deletions":1},"test-code":{"insertions":19,"deletions":0}}}]},{"date":"2025-10-09T00:00:00","commitResults":[{"hash":"5e92264aeb59a6f8ca025c2bff120203ebf0b5f4","isMergeCommit":true,"messageTitle":"Merge branch \u0027master\u0027 into Samika2005-AboutUs","messageBody":"","fileTypesAndContributionMap":{}},{"hash":"a23e734409d80122edd6f3460630de3da70cbfc6","isMergeCommit":true,"messageTitle":"Merge pull request #14 from samika2005/Samika2005-AboutUs","messageBody":"Add Samika AboutUs","fileTypesAndContributionMap":{}}]},{"date":"2025-10-12T00:00:00","commitResults":[{"hash":"ffd21d00611deea853902b16c38ddd9630b92fb8","isMergeCommit":true,"messageTitle":"Merge pull request #26 from blimc1/issue15-delete-item","messageBody":"Add function to delete a specific activity","fileTypesAndContributionMap":{}}]}],"enwei29":[{"date":"2025-10-01T00:00:00","commitResults":[{"hash":"3dff3c9a20e21a18af28e0d70b4a2604cf1857d1","isMergeCommit":false,"messageTitle":"Add information of enwei29 into About Us","messageBody":"","fileTypesAndContributionMap":{"docs":{"insertions":3,"deletions":7}}},{"hash":"5f425ad292bceaa47157d04a158641d47f375956","isMergeCommit":true,"messageTitle":"Merge branch \u0027master\u0027 into enwei29-AboutUs","messageBody":"","fileTypesAndContributionMap":{}},{"hash":"95ba7f591596fabf5f4d371fea32b1cb9d333cc4","isMergeCommit":true,"messageTitle":"Merge pull request from enwei29/enwei29-AboutUs","messageBody":"Add information of enwei29 into About Us","fileTypesAndContributionMap":{}}]},{"date":"2025-10-07T00:00:00","commitResults":[{"hash":"280149e358f109a337579ae66efc2691eccba68b","isMergeCommit":true,"messageTitle":"Merge pull request #8 from tam308/addToList","messageBody":"Create Activity class with date, time, description, and cost","fileTypesAndContributionMap":{}}]},{"date":"2025-10-09T00:00:00","commitResults":[{"hash":"1c4e28aadf1a376b471fac9f106b62c91962424c","isMergeCommit":true,"messageTitle":"Merge pull request #11 from tam308/addToList","messageBody":"Refactor activity storage to ArrayList and standardize command and constant names","fileTypesAndContributionMap":{}}]},{"date":"2025-10-10T00:00:00","commitResults":[{"hash":"bcfbedbfc1ea9c48df96bf55b28fabf8827a6e5c","isMergeCommit":false,"messageTitle":"Add function to view itinerary for a specific day","messageBody":"","fileTypesAndContributionMap":{"functional-code":{"insertions":40,"deletions":1}}},{"hash":"08ddb50b7300f3496d1580cb90cd0b76a6a8db42","isMergeCommit":false,"messageTitle":"Add JUnit test for viewing specific date","messageBody":"","fileTypesAndContributionMap":{"test-code":{"insertions":20,"deletions":0}}}]}]},"authorFileTypeContributionMap":{"tam308":{"docs":3,"functional-code":150,"test-code":11},"blimc1":{"docs":4,"functional-code":13,"test-code":12},"msc-123456":{"docs":3,"functional-code":92,"test-code":89},"samika2005":{"docs":2,"functional-code":18,"test-code":18},"enwei29":{"docs":0,"functional-code":39,"test-code":19}},"authorContributionVariance":{"tam308":2383.8054,"blimc1":32.63889,"msc-123456":2447.9983,"samika2005":60.333332,"enwei29":150.4566},"authorDisplayNameMap":{"tam308":"CS2113-W13-4 JOSH.. YUI","blimc1":"CS2113-W13-4 BRIE..HONG","msc-123456":"CS2113-W13-4 MENG..HONG","samika2005":"CS2113-W13-4 REVA..MIKA","enwei29":"CS2113-W13-4 CHEW.. WEI"}}
