{"authorDailyContributionsMap":{"Ibrashoukry":[{"date":"2025-10-02T00:00:00","commitResults":[{"hash":"f31a20f24a3512479371f094ad8aa450f1184d34","isMergeCommit":false,"messageTitle":"Update AboutUs.md","messageBody":"","fileTypesAndContributionMap":{"docs":{"insertions":3,"deletions":7}}},{"hash":"18c7bd9ca57b4a8caed1dab23300aa42d4d8a042","isMergeCommit":true,"messageTitle":"Merge branch \u0027master\u0027 of https://github.com/AY2526S1-CS2113-T11-3/tp into ibrahim-AboutUs","messageBody":"# Conflicts:\n#\tdocs/AboutUs.md\n","fileTypesAndContributionMap":{}},{"hash":"efb3b62f8b60d17ef21822a60f8a482c36a5eeea","isMergeCommit":true,"messageTitle":"Merge pull request #15 from Ibrashoukry/ibrahim-AboutUs","messageBody":"Update AboutUs.md","fileTypesAndContributionMap":{}}]},{"date":"2025-10-09T00:00:00","commitResults":[{"hash":"37aa12bb88aaf12e1e46cb783d1dc20ea0f6b9cd","isMergeCommit":false,"messageTitle":"Add MealEntry class and AddMealCommand","messageBody":"","fileTypesAndContributionMap":{"functional-code":{"insertions":74,"deletions":0}}},{"hash":"7d0cf36bf11f881978c9fbc68798e21c1679db4c","isMergeCommit":true,"messageTitle":"Merge pull request #38 from Ibrashoukry/feature/mealentry","messageBody":"Feature: Add Meal","fileTypesAndContributionMap":{}},{"hash":"533bcd17e572813fde9e7ad22d4f60f853305be5","isMergeCommit":false,"messageTitle":"Add JUnit Tests for Add Meal functionality","messageBody":"","fileTypesAndContributionMap":{"functional-code":{"insertions":1,"deletions":1},"test-code":{"insertions":67,"deletions":0}}}]},{"date":"2025-10-10T00:00:00","commitResults":[{"hash":"305517e35c7f3b861ec7526ca77e316741b78280","isMergeCommit":false,"messageTitle":"Fix logic to match correct expected output","messageBody":"","fileTypesAndContributionMap":{"functional-code":{"insertions":7,"deletions":4}}},{"hash":"b832b907f77ae04997bce7316e0fc43bf94a4e9c","isMergeCommit":false,"messageTitle":"Fix JUnit Test errors","messageBody":"","fileTypesAndContributionMap":{"functional-code":{"insertions":6,"deletions":2},"test-code":{"insertions":4,"deletions":5}}}]},{"date":"2025-10-15T00:00:00","commitResults":[{"hash":"1d04675af0c92303c1cfdd784f59cae098539ed6","isMergeCommit":false,"messageTitle":"fix(parser): use existing CommandException in AddMealCommand and handle invalid calorie input","messageBody":"- Updated AddMealCommand.fromInput() to throw CommandException instead of IllegalArgumentException.\n- Added handling for invalid (non-integer) calorie values.\n- Updated Parser.parse() to propagate CommandException since it\u0027s already handled at a higher level.\n","fileTypesAndContributionMap":{"functional-code":{"insertions":21,"deletions":7},"test-code":{"insertions":1,"deletions":1}}},{"hash":"43e9517932251fe39bf11bd2872e688d8389c546","isMergeCommit":false,"messageTitle":"Fix build error","messageBody":"","fileTypesAndContributionMap":{"functional-code":{"insertions":1,"deletions":1}}},{"hash":"d6975420dc8d188de0dbc56ed048bc045fa0558a","isMergeCommit":true,"messageTitle":"Merge pull request #60 from Jeweljace/AddWorkout-Error-Handling","messageBody":"refactor(AddWorkout): enhance robustness with assertions and CommandException ","fileTypesAndContributionMap":{}}]},{"date":"2025-10-22T00:00:00","commitResults":[{"hash":"c3f4239158b257f0426e418887e0b9cc476ffccb","isMergeCommit":false,"messageTitle":"Add calorie goal tracking feature with display and progress updates","messageBody":"","fileTypesAndContributionMap":{"functional-code":{"insertions":161,"deletions":6}}},{"hash":"6a21d8b83c609df283c612756aeae33c1e365b47","isMergeCommit":false,"messageTitle":"Fix build issues","messageBody":"","fileTypesAndContributionMap":{"functional-code":{"insertions":7,"deletions":3}}}]}],"Jeweljace":[{"date":"2025-10-02T00:00:00","commitResults":[{"hash":"27dd29042b5ad86e095f8852a568624047c49a03","isMergeCommit":false,"messageTitle":"Updated AboutUs.md","messageBody":"","fileTypesAndContributionMap":{"docs":{"insertions":4,"deletions":7}}},{"hash":"79f3e3e1718a9189e3674a72b540ce06f9f07281","isMergeCommit":true,"messageTitle":"Merge pull request #16 from Jeweljace/Jewel-AboutUs","messageBody":"Updated AboutUs.md","fileTypesAndContributionMap":{}}]},{"date":"2025-10-09T00:00:00","commitResults":[{"hash":"ed3568e430b8ca993b11bfef46d21d9cb02215b5","isMergeCommit":false,"messageTitle":"Add AddWorkOutCommand.java","messageBody":"","fileTypesAndContributionMap":{"functional-code":{"insertions":39,"deletions":0}}},{"hash":"b1996a50aaf60f8427a67108d9a32f0c8486177c","isMergeCommit":false,"messageTitle":"Add WorkoutEntry.java","messageBody":"","fileTypesAndContributionMap":{"functional-code":{"insertions":33,"deletions":0}}},{"hash":"a4836123f50d0dd0deb25dbe2e8a3c6f42feb47a","isMergeCommit":false,"messageTitle":"Update Entry.java","messageBody":"Add case to support workout entry\n","fileTypesAndContributionMap":{"functional-code":{"insertions":2,"deletions":0}}},{"hash":"1ee6216a60c5e3ae0c8ce16074d9bfbc5465b064","isMergeCommit":false,"messageTitle":"Update Parser.java","messageBody":"Add code to support workout entry\n","fileTypesAndContributionMap":{"functional-code":{"insertions":4,"deletions":0}}},{"hash":"eb7d3cb4b431fabfeb726e9e28aa19b7d5011938","isMergeCommit":true,"messageTitle":"Merge pull request #39 from yujie-o/feature/delete-v2","messageBody":"Feature/delete v2","fileTypesAndContributionMap":{}}]},{"date":"2025-10-10T00:00:00","commitResults":[{"hash":"3a400877a80ea3a4a8fc47f3d7df22f6e43f86c1","isMergeCommit":false,"messageTitle":"Add AddWorkoutCommandTest.java","messageBody":"AddWorkoutCommandTest.java contains JUnit tests for the AddWorkoutCommand\n","fileTypesAndContributionMap":{"test-code":{"insertions":54,"deletions":0}}},{"hash":"6f646f6354c0b39eb4adae5bfccc456fedd9e99e","isMergeCommit":false,"messageTitle":"Update DeleteCommandTest.java","messageBody":"Removed a comment\n","fileTypesAndContributionMap":{"test-code":{"insertions":1,"deletions":1}}}]},{"date":"2025-10-15T00:00:00","commitResults":[{"hash":"158c7894b990fbf839fa30e927d656f98550cf91","isMergeCommit":true,"messageTitle":"Merge pull request #58 from Ibrashoukry/feature/addmeal-exception-handling","messageBody":"fix(parser): use existing CommandException in AddMealCommand and handle invalid calorie input","fileTypesAndContributionMap":{}},{"hash":"ddaaf75ee24395cbbb518795dae11314cbc31054","isMergeCommit":false,"messageTitle":"Update AddWorkoutCommand.java","messageBody":"Added exceptions to handle errors\n","fileTypesAndContributionMap":{"functional-code":{"insertions":59,"deletions":5}}},{"hash":"ff49c209b5aa3b187816749f127f7f5eb5a101ab","isMergeCommit":false,"messageTitle":"Update Parser.java","messageBody":"Added code to support CommandException\n","fileTypesAndContributionMap":{"functional-code":{"insertions":3,"deletions":2}}},{"hash":"69fef18095899881812ea200a7112d4cd1e254cf","isMergeCommit":false,"messageTitle":"Update CommandException.java","messageBody":"Updated code to print \"Error: \" before each exception message\n","fileTypesAndContributionMap":{"functional-code":{"insertions":2,"deletions":2}}},{"hash":"240d85b3a0a4acfdc01dec3dfdab3c1cc4262c5d","isMergeCommit":false,"messageTitle":"Update AddWorkoutCommandTest.java","messageBody":"Updated to support CommandException\n","fileTypesAndContributionMap":{"test-code":{"insertions":2,"deletions":2}}},{"hash":"c46fd68bba2a36d786565fdf839fdae84ec687bc","isMergeCommit":false,"messageTitle":"Add AddWorkoutCommandExceptionTest.java","messageBody":"Added JUnit testing for exception testing for workout entries\n","fileTypesAndContributionMap":{"test-code":{"insertions":70,"deletions":0}}},{"hash":"79fe7ac9a4a01e68792db70446661a0b0af339cb","isMergeCommit":false,"messageTitle":"Update AddWorkoutCommand.java","messageBody":"Updated to follow coding standards\n","fileTypesAndContributionMap":{"functional-code":{"insertions":5,"deletions":2}}},{"hash":"b431300d76b0cda5dd7a559f99871f4103b85a06","isMergeCommit":false,"messageTitle":"Update DeleteCommandTest.java","messageBody":"Updated to reflect \"Error: \" in CommandException message\n","fileTypesAndContributionMap":{"test-code":{"insertions":1,"deletions":1}}},{"hash":"3fc98bd0039f44ebb31d84f1005008a1926bd9e9","isMergeCommit":false,"messageTitle":"Update CommandException.java and DeleteCommandTest.java","messageBody":"Reverted to remove \"Error: \" before message\n","fileTypesAndContributionMap":{"functional-code":{"insertions":2,"deletions":2},"test-code":{"insertions":1,"deletions":1}}}]},{"date":"2025-10-22T00:00:00","commitResults":[{"hash":"7199ce13593237d8b76000fd2f028be6e5b99d74","isMergeCommit":true,"messageTitle":"Merge pull request #87 from rsiowkf/ryan/feature/totalmilkpumped-automaticDate","messageBody":"Ryan/feature/totalmilkpumped automatic date #67 #68 #57","fileTypesAndContributionMap":{}},{"hash":"37c11131739941fd269aed8ee14748baf91fd9bd","isMergeCommit":true,"messageTitle":"Merge pull request #89 from Ibrashoukry/feature/set-calorie-goal","messageBody":"Add calorie goal tracking feature with display and progress updates","fileTypesAndContributionMap":{}}]}],"yujie-o":[{"date":"2025-09-24T00:00:00","commitResults":[{"hash":"298b0f6291033287ad122d2a71dfad0f55477cda","isMergeCommit":false,"messageTitle":"refactor: rename Duke to Mama across codebase","messageBody":"","fileTypesAndContributionMap":{"other":{"insertions":5,"deletions":5}}},{"hash":"56753738d191bf0357482fd445f5c9f16e79611c","isMergeCommit":false,"messageTitle":"feat(model): add abstract Entry and NoteEntry","messageBody":"","fileTypesAndContributionMap":{"functional-code":{"insertions":71,"deletions":0}}},{"hash":"536343ef4d165d4c95c413f78e912bd771ea6cbe","isMergeCommit":false,"messageTitle":"feat(model): add EntryList container with index-based delete","messageBody":"","fileTypesAndContributionMap":{"functional-code":{"insertions":28,"deletions":0}}},{"hash":"29612b0a36edb4221977367cd08f28ab5472838f","isMergeCommit":false,"messageTitle":"feat(storage): add file persistence with first-run seed","messageBody":"","fileTypesAndContributionMap":{"functional-code":{"insertions":59,"deletions":0}}},{"hash":"4b42ea12c181772e55b4264abd4576f29d253854","isMergeCommit":false,"messageTitle":"feat(delete): implement DeleteCommand with inline preview and persistence","messageBody":"","fileTypesAndContributionMap":{"functional-code":{"insertions":51,"deletions":0}}},{"hash":"b9776cdfd17794c4c56951022e49ff3f6534c3a5","isMergeCommit":false,"messageTitle":"feat(parser): support \u0027delete INDEX\u0027 and \u0027delete ?\u0027; wire main loop","messageBody":"","fileTypesAndContributionMap":{"functional-code":{"insertions":45,"deletions":10}}},{"hash":"672a9ef9395f494e16d03ccb148ef8ad0b414cde","isMergeCommit":false,"messageTitle":"style: fix Checkstyle violations (braces, imports, empty catch)","messageBody":"","fileTypesAndContributionMap":{"functional-code":{"insertions":45,"deletions":16}}},{"hash":"cfd43199f16ba4a1f811a78a3626e818620dd379","isMergeCommit":false,"messageTitle":"fix(ci): correct main class in jar manifest for text-ui tests","messageBody":"","fileTypesAndContributionMap":{"other":{"insertions":2,"deletions":2}}}]},{"date":"2025-10-02T00:00:00","commitResults":[{"hash":"9d9e71ade93a6e1e6c1d958905e8c12eaee2bfa4","isMergeCommit":false,"messageTitle":"Update README.md","messageBody":"","fileTypesAndContributionMap":{"docs":{"insertions":3,"deletions":7}}},{"hash":"c48a958d0bb9b10d5a45f1214db55b79e2b769a1","isMergeCommit":true,"messageTitle":"Merge branch \u0027master\u0027 of https://github.com/AY2526S1-CS2113-T11-3/tp into yujie-AboutUs","messageBody":"# Conflicts:\n#\tdocs/AboutUs.md\n","fileTypesAndContributionMap":{}},{"hash":"25eb721543594b3e8d0547c9b7aa3816a547ea62","isMergeCommit":true,"messageTitle":"Merge pull request #14 from yujie-o/yujie-AboutUs","messageBody":"Update AboutUs.md","fileTypesAndContributionMap":{}}]},{"date":"2025-10-03T00:00:00","commitResults":[{"hash":"80bcd204bedac9fd3a7fa150d777149c28e6be2d","isMergeCommit":true,"messageTitle":"Merge pull request #8 from yujie-o/feature/delete-v1","messageBody":"feat: Delete command end-to-end (parser, command, storage)","fileTypesAndContributionMap":{}},{"hash":"7d2c1915206e9986cb724571c74fc618ec9e5ca5","isMergeCommit":true,"messageTitle":"Merge pull request #27 from Lee-YiSheng/feature/ui-base","messageBody":"feat(ui): add base Ui class","fileTypesAndContributionMap":{}}]},{"date":"2025-10-08T00:00:00","commitResults":[{"hash":"4920e8f10e1f8df563d1d9420bb439265fec123b","isMergeCommit":true,"messageTitle":"Merge pull request #29 from Lee-YiSheng/feature/list-all","messageBody":"Feature/list all","fileTypesAndContributionMap":{}}]},{"date":"2025-10-09T00:00:00","commitResults":[{"hash":"054d5747cdfccf1f0fd6bc2953aa41867b7e05da","isMergeCommit":true,"messageTitle":"Merge branch \u0027master\u0027 into Add-Workout-v1","messageBody":"","fileTypesAndContributionMap":{}},{"hash":"79674e9201fc01e19258383c5bdfaac17c65c53b","isMergeCommit":true,"messageTitle":"Merge pull request #34 from Jeweljace/Add-Workout-v1","messageBody":"Add workout v1","fileTypesAndContributionMap":{}},{"hash":"731bda0d43536b03ca76978977ab19f3250b4f1e","isMergeCommit":true,"messageTitle":"Merge branch \u0027master\u0027 into ryan/feature/addWeight","messageBody":"","fileTypesAndContributionMap":{}},{"hash":"d24e7052e5f0ced8dad0eb7d4858c5e1d25727ef","isMergeCommit":false,"messageTitle":"refactor(storage): remove NOTE seeding and start with empty EntryList","messageBody":"","fileTypesAndContributionMap":{"functional-code":{"insertions":5,"deletions":7}}},{"hash":"8b3cba95a6cf9d6e9ce4289e0e86bbeb5397e575","isMergeCommit":false,"messageTitle":"test(delete): add JUnit tests for DeleteCommand execution and edge cases","messageBody":"","fileTypesAndContributionMap":{"test-code":{"insertions":82,"deletions":0}}},{"hash":"00d69dc3c1bfa34d56585d8c9db2f41335e43bdc","isMergeCommit":false,"messageTitle":"test: replace wildcard JUnit imports with explicit assertions","messageBody":"","fileTypesAndContributionMap":{"test-code":{"insertions":3,"deletions":1}}}]},{"date":"2025-10-14T00:00:00","commitResults":[{"hash":"7d43ea04cdc200cfeb075babf7773e8f867cb374","isMergeCommit":true,"messageTitle":"Merge pull request #54 from Lee-YiSheng/feature/listCommand-assertions-exceptions-logging","messageBody":"feat(listCommand): add assertions, exceptions, and logging","fileTypesAndContributionMap":{}}]},{"date":"2025-10-15T00:00:00","commitResults":[{"hash":"7a4257c5ed85c2a7e86a3eb601bc4442954a2444","isMergeCommit":false,"messageTitle":"refactor(delete): enhance robustness with assertions, CommandException, and logging","messageBody":"","fileTypesAndContributionMap":{"functional-code":{"insertions":73,"deletions":33},"test-code":{"insertions":15,"deletions":8}}},{"hash":"a6a3a1f93921c01344c8db0897bbcef864f3e82b","isMergeCommit":false,"messageTitle":"test(delete): update DeleteCommand tests for defensive behavior","messageBody":"","fileTypesAndContributionMap":{"test-code":{"insertions":12,"deletions":34}}}]},{"date":"2025-10-22T00:00:00","commitResults":[{"hash":"5b3981d614f8e7cccd45dc116984640e2d861a21","isMergeCommit":true,"messageTitle":"Merge pull request #76 from Lee-YiSheng/feature/listCommand-filter","messageBody":"Feature/list command filter","fileTypesAndContributionMap":{}},{"hash":"c0db4eb15e76e65b78576e799f43174b73d6fb4e","isMergeCommit":false,"messageTitle":"refactor(command): introduce CommandResult and migrate commands","messageBody":"","fileTypesAndContributionMap":{"functional-code":{"insertions":173,"deletions":50},"other":{"insertions":5,"deletions":5},"test-code":{"insertions":27,"deletions":24}}},{"hash":"d1710855aa6b20f69b71c2b396809a1093925c82","isMergeCommit":false,"messageTitle":"style(ListCommand): wrap long line to satisfy Checkstyle line length limit","messageBody":"","fileTypesAndContributionMap":{"functional-code":{"insertions":2,"deletions":1}}},{"hash":"6998712d74af6a4d853529cb0ab565015ca78d1e","isMergeCommit":true,"messageTitle":"Merge pull request #79 from Lee-YiSheng/refactor/list-parser-cohesion","messageBody":"refactor(parser): Improve cohesion with EntryType enum","fileTypesAndContributionMap":{}}]}],"rsiowkf":[{"date":"2025-10-03T00:00:00","commitResults":[{"hash":"33bf986b30beb00fca4926147c98d341ec92e8de","isMergeCommit":false,"messageTitle":"updated AboutUs","messageBody":"","fileTypesAndContributionMap":{"docs":{"insertions":7,"deletions":7}}},{"hash":"b4b8d240e60798bea171fc4abf1db8ad57b1728c","isMergeCommit":true,"messageTitle":"Merge pull request #18 from rsiowkf/siow-AboutUs","messageBody":"updated AboutUs","fileTypesAndContributionMap":{}}]},{"date":"2025-10-07T00:00:00","commitResults":[{"hash":"c94d1c8ec776456b8df7aa3a072753bb87847c20","isMergeCommit":false,"messageTitle":"(AddWeight) Unfinished","messageBody":"","fileTypesAndContributionMap":{"functional-code":{"insertions":24,"deletions":0}}}]},{"date":"2025-10-08T00:00:00","commitResults":[{"hash":"b289850f853cf853d786523cfd52d373bd3d07bc","isMergeCommit":false,"messageTitle":"AddWeight (Incomplete) : Add methods in Entry, WeightEntry, condition in Parser, AddWeight","messageBody":"","fileTypesAndContributionMap":{"functional-code":{"insertions":50,"deletions":0}}}]},{"date":"2025-10-09T00:00:00","commitResults":[{"hash":"73951d3c1f4955a3db8136daa5934f49ef9c4356","isMergeCommit":false,"messageTitle":"rename to WeightCommand","messageBody":"","fileTypesAndContributionMap":{"functional-code":{"insertions":46,"deletions":31}}},{"hash":"6b4e8fc85ce658c818fe86a78c19d3b1ae70ad81","isMergeCommit":false,"messageTitle":"implement AddWeight method with necessary classes","messageBody":"","fileTypesAndContributionMap":{"functional-code":{"insertions":7,"deletions":6}}},{"hash":"17fbb7b754a02a91ce5f182de7b246a19b34f0cd","isMergeCommit":false,"messageTitle":"(unfinished) implement addMilk","messageBody":"","fileTypesAndContributionMap":{"functional-code":{"insertions":63,"deletions":0}}},{"hash":"d11cba5c838b7bd5a169a9cf396cef971fd6b925","isMergeCommit":false,"messageTitle":"implement MilkCommand to add breast milk inputs","messageBody":"","fileTypesAndContributionMap":{"functional-code":{"insertions":7,"deletions":11}}}]},{"date":"2025-10-10T00:00:00","commitResults":[{"hash":"40b821bcd3d38589b7959c4ed8bab4fc9f828411","isMergeCommit":true,"messageTitle":"Merge branch \u0027master\u0027 into ryan/feature/addMilk","messageBody":"","fileTypesAndContributionMap":{}},{"hash":"ddd3f715197dfd30788d4e315803467632ad315e","isMergeCommit":true,"messageTitle":"Merge branch \u0027ryan/feature/addMilk\u0027","messageBody":"","fileTypesAndContributionMap":{}},{"hash":"e46f750aae1a9c303f188b4a37454aaa79f82cfc","isMergeCommit":true,"messageTitle":"Merge branch \u0027ryan/feature/addWeight\u0027","messageBody":"# Conflicts:\n#\tsrc/main/java/seedu/mama/Mama.java\n#\tsrc/main/java/seedu/mama/parser/Parser.java\n#\ttext-ui-test/EXPECTED.TXT\n#\ttext-ui-test/input.txt\n","fileTypesAndContributionMap":{}},{"hash":"77e6329a29ef998730cada412650a6397f47fef6","isMergeCommit":true,"messageTitle":"Merge branch \u0027master\u0027 into ryan/feature/addWeight","messageBody":"","fileTypesAndContributionMap":{}},{"hash":"fe21bb19d29c6bd62b0a0ba79ccc86deab2ac39f","isMergeCommit":false,"messageTitle":"updated changes to braces","messageBody":"","fileTypesAndContributionMap":{"functional-code":{"insertions":2,"deletions":3}}},{"hash":"7188831c966372f7dc3a1156bb1ca57cc3f57452","isMergeCommit":false,"messageTitle":"Edited PR errors","messageBody":"","fileTypesAndContributionMap":{"functional-code":{"insertions":3,"deletions":2}}},{"hash":"4f69648bfca75defce0260206128aa26b50a80a4","isMergeCommit":false,"messageTitle":"Mama: Change welcome prompt, remove empty lines in input.txt","messageBody":"","fileTypesAndContributionMap":{"functional-code":{"insertions":1,"deletions":2}}},{"hash":"4e2a3a683844d4856604c6f3d1ec77bf171fb9e9","isMergeCommit":false,"messageTitle":"update input and expected.txt","messageBody":"","fileTypesAndContributionMap":{"functional-code":{"insertions":2,"deletions":1}}},{"hash":"8c0a896c3685b105bcc5051f484e525471d44704","isMergeCommit":false,"messageTitle":"space entered","messageBody":"","fileTypesAndContributionMap":{"functional-code":{"insertions":2,"deletions":1}}},{"hash":"be1bd12e9487d8a749ed9dd46f21b5428fc4fd85","isMergeCommit":true,"messageTitle":"Merge pull request #47 from rsiowkf/ryan/feature/addWeight","messageBody":"📌 Pull Request: Add Weight (#21) ","fileTypesAndContributionMap":{}},{"hash":"259dc83bb6c3d7853637a6622a6d0c13a5899e1d","isMergeCommit":true,"messageTitle":"Merge branch \u0027master\u0027 into ryan/feature/addMilk","messageBody":"","fileTypesAndContributionMap":{}},{"hash":"9739f503d9ee5968efe861991c6c6f9b71c0dcbb","isMergeCommit":false,"messageTitle":"update mama and expected","messageBody":"","fileTypesAndContributionMap":{"functional-code":{"insertions":1,"deletions":4}}},{"hash":"bd2b87b2ae99f7fd2d5801059e7cf0e083c21234","isMergeCommit":true,"messageTitle":"Merge pull request #50 from rsiowkf/ryan/feature/addMilk","messageBody":" Pull Request: Add Milk (#20) ","fileTypesAndContributionMap":{}},{"hash":"0d34250c9305cb7aef97734ac6db1c73fdc5c623","isMergeCommit":false,"messageTitle":"add Junit Test for AddWeightCommand","messageBody":"","fileTypesAndContributionMap":{"functional-code":{"insertions":4,"deletions":0},"test-code":{"insertions":43,"deletions":0}}},{"hash":"a2dea296654106edcf9b2691124b5e7a86e6d48e","isMergeCommit":true,"messageTitle":"Merge branch \u0027master\u0027 into ryan/test/weightJunit-test","messageBody":"","fileTypesAndContributionMap":{}},{"hash":"950737a6f1d04bb72e53932f024d1f7bd5d3ce93","isMergeCommit":false,"messageTitle":"remove unused import","messageBody":"","fileTypesAndContributionMap":{"test-code":{"insertions":0,"deletions":1}}},{"hash":"de7f72b8f32c4d2c0670c5a7dcb665d0389514e6","isMergeCommit":true,"messageTitle":"Merge branch \u0027ryan/test/weightJunit-test\u0027 of https://github.com/rsiowkf/tp into ryan/test/weightJunit-test","messageBody":"# Conflicts:\n#\ttext-ui-test/EXPECTED.TXT\n","fileTypesAndContributionMap":{}},{"hash":"2fd2b95773fa7a1c33b4ab2938877e44839d386c","isMergeCommit":false,"messageTitle":"add storage","messageBody":"","fileTypesAndContributionMap":{"test-code":{"insertions":5,"deletions":0}}},{"hash":"6b9a1d0e43ef3583c5cf4eb38baf32ff4c9b66d0","isMergeCommit":false,"messageTitle":"add dummyStorage","messageBody":"","fileTypesAndContributionMap":{"test-code":{"insertions":11,"deletions":4}}},{"hash":"2aec989609f786278cdce7c21561a7cc222b5adb","isMergeCommit":false,"messageTitle":"remove double tests","messageBody":"","fileTypesAndContributionMap":{"test-code":{"insertions":1,"deletions":23}}},{"hash":"7d4fd19fc50bb0888114dea9d4d7992c7942db3e","isMergeCommit":false,"messageTitle":"add condition in weightcommand","messageBody":"","fileTypesAndContributionMap":{"functional-code":{"insertions":5,"deletions":2}}},{"hash":"6ce86c5de61c428d5c078a06fd7b4220683f2ca0","isMergeCommit":false,"messageTitle":"remove one test","messageBody":"","fileTypesAndContributionMap":{"test-code":{"insertions":1,"deletions":1}}},{"hash":"aa7a1d3b3d921e7ad4e621d6bc395a6fbb37fa6f","isMergeCommit":false,"messageTitle":"remove condition","messageBody":"","fileTypesAndContributionMap":{"test-code":{"insertions":0,"deletions":1}}},{"hash":"3a63a4c55f2ddaabfb1154182877f8c9cb230e01","isMergeCommit":false,"messageTitle":"change assertEquals condition","messageBody":"","fileTypesAndContributionMap":{"test-code":{"insertions":1,"deletions":1}}},{"hash":"64eaf80db121b4f0220c11e10e2be480de27a2ad","isMergeCommit":false,"messageTitle":"remove one print","messageBody":"","fileTypesAndContributionMap":{"functional-code":{"insertions":0,"deletions":3}}},{"hash":"b48b0517d6ca59af474d0b1460f4fe985ca65632","isMergeCommit":false,"messageTitle":"add multiple weights","messageBody":"","fileTypesAndContributionMap":{"test-code":{"insertions":10,"deletions":0}}},{"hash":"8ec3c1e06826bf90158303530b59de969a1ec407","isMergeCommit":false,"messageTitle":"changed name of test","messageBody":"","fileTypesAndContributionMap":{"test-code":{"insertions":1,"deletions":1}}},{"hash":"039985ccc97846107949f9c3b9c22f86e59e5bcd","isMergeCommit":false,"messageTitle":"change name of test","messageBody":"","fileTypesAndContributionMap":{"test-code":{"insertions":1,"deletions":1}}}]},{"date":"2025-10-15T00:00:00","commitResults":[{"hash":"dd9faa08f828e0de6f3337089cbe91a8bf17bdb3","isMergeCommit":false,"messageTitle":"exception: Add exception handling to handle negative milk volume","messageBody":"","fileTypesAndContributionMap":{"functional-code":{"insertions":10,"deletions":4}}},{"hash":"57fd1095ad982a803585628de55f5745af9044c0","isMergeCommit":false,"messageTitle":"exception: add exception to handle negative weight input","messageBody":"","fileTypesAndContributionMap":{"functional-code":{"insertions":11,"deletions":10}}},{"hash":"9b51d6792f415e280f80c4d9fb2fbd7219d0e324","isMergeCommit":false,"messageTitle":"add fromStorage method to handle MEAL inputs in storage","messageBody":"","fileTypesAndContributionMap":{"functional-code":{"insertions":3,"deletions":0}}},{"hash":"0f99782c86778b77d5fb20561d7ddc1121078e00","isMergeCommit":false,"messageTitle":"edit expected.txt and changed welcome message","messageBody":"","fileTypesAndContributionMap":{"functional-code":{"insertions":2,"deletions":1}}},{"hash":"7478921672d281466045df650232bb9eab0d4911","isMergeCommit":false,"messageTitle":"weightcommand and milkcommand use CommandException","messageBody":"","fileTypesAndContributionMap":{"functional-code":{"insertions":4,"deletions":4},"test-code":{"insertions":2,"deletions":2}}},{"hash":"a6f6d25557bec1687a4ab7f39596cf280dcc3911","isMergeCommit":false,"messageTitle":"(unfinished) JUnitTest for MilkCommand","messageBody":"","fileTypesAndContributionMap":{"test-code":{"insertions":42,"deletions":0}}},{"hash":"3a698b1400a146c2ebe2e613bd296b1f6998228d","isMergeCommit":false,"messageTitle":"(finished) JUnit Testing for AddMilkCommandTest","messageBody":"","fileTypesAndContributionMap":{"functional-code":{"insertions":3,"deletions":1},"test-code":{"insertions":5,"deletions":5}}},{"hash":"0713fa5b0b13e81d1802a11ee7d7d49abc25e865","isMergeCommit":false,"messageTitle":"remove unused import","messageBody":"","fileTypesAndContributionMap":{"test-code":{"insertions":0,"deletions":1}}},{"hash":"cb367b1a94f88c420c1c8a78e69a4068489212eb","isMergeCommit":true,"messageTitle":"Merge pull request #64 from rsiowkf/ryan/test/assertion","messageBody":"Merge pull request #63 from ryan/test/assertion","fileTypesAndContributionMap":{}}]},{"date":"2025-10-16T00:00:00","commitResults":[{"hash":"f0e149bf8a018cf1b4e48145b5b5b2ae4d988c1c","isMergeCommit":true,"messageTitle":"Merge branch \u0027master\u0027 of https://github.com/rsiowkf/tp","messageBody":"# Conflicts:\n#\tdata/mama.txt\n","fileTypesAndContributionMap":{}}]},{"date":"2025-10-21T00:00:00","commitResults":[{"hash":"85559e328d3deabe091bbd94225dea84093da371","isMergeCommit":false,"messageTitle":"AddMilkCommand: Rename Class","messageBody":"","fileTypesAndContributionMap":{"functional-code":{"insertions":4,"deletions":2},"other":{"insertions":7,"deletions":6}}},{"hash":"c1443b52fa5574da9167a37353e1f2cacafeea7b","isMergeCommit":false,"messageTitle":"Parser: Remove duplicate milk condition","messageBody":"","fileTypesAndContributionMap":{"functional-code":{"insertions":1,"deletions":15}}},{"hash":"60416632302969533cce65e89224da5a47d2a0c1","isMergeCommit":false,"messageTitle":"MilkEntry: Add private variable totalMilkVol","messageBody":"","fileTypesAndContributionMap":{"functional-code":{"insertions":3,"deletions":2}}},{"hash":"c0430c31f7f03bfeda34560d3caa73b002dd4db3","isMergeCommit":false,"messageTitle":"Parser: Remove weight duplicate condition","messageBody":"","fileTypesAndContributionMap":{"functional-code":{"insertions":2,"deletions":1}}},{"hash":"219e9816853d1736dd5d2d9b704822ed0206e4e9","isMergeCommit":false,"messageTitle":"MilkEntry: Add totalMilkVol variable for tracking","messageBody":"","fileTypesAndContributionMap":{"functional-code":{"insertions":21,"deletions":1}}},{"hash":"c3f3150fd76da0ddf54f5d4455550f5208d61b7e","isMergeCommit":false,"messageTitle":"AddMilkCommand: Increment totalMilkVol everytime method is executed","messageBody":"","fileTypesAndContributionMap":{"functional-code":{"insertions":4,"deletions":1}}},{"hash":"097950d61f53504f571f8849f7ae990c97519608","isMergeCommit":false,"messageTitle":"Entry: to call updateTotalMilkVol in case \"MILK\" when program starts","messageBody":"","fileTypesAndContributionMap":{"functional-code":{"insertions":4,"deletions":0}}},{"hash":"3ee720bc9cc423b3dad58af9eea8d80211ba1371","isMergeCommit":false,"messageTitle":"move updateTotalMilkVol into MilkEntry.fromStorage","messageBody":"","fileTypesAndContributionMap":{"functional-code":{"insertions":1,"deletions":1}}},{"hash":"3357062c30e56cd1bd8e5f34ba82dafe55c75bfc","isMergeCommit":false,"messageTitle":"MilkEntry: implement methods to delete milk entries and update totalMilkVol","messageBody":"","fileTypesAndContributionMap":{"functional-code":{"insertions":10,"deletions":6}}},{"hash":"0b0f20cc7008f85f3d961195cdccb4af87e4f502","isMergeCommit":false,"messageTitle":"DeleteCommand: implement deletion of milk entry","messageBody":"","fileTypesAndContributionMap":{"functional-code":{"insertions":8,"deletions":0}}},{"hash":"960100b6ffb215805a92794b58f7d30c77aa0f6d","isMergeCommit":false,"messageTitle":"AddMilkCommand: Add Logger","messageBody":"","fileTypesAndContributionMap":{"functional-code":{"insertions":12,"deletions":0}}},{"hash":"ddab3bfa719d0b3d1fd4ac903e434b888461bf5a","isMergeCommit":false,"messageTitle":"DeleteCommand: Clean implementation of reduction of totalMilkVol","messageBody":"","fileTypesAndContributionMap":{"functional-code":{"insertions":9,"deletions":7}}},{"hash":"74b94501d6aa09620a615b9e805351c43d1482fa","isMergeCommit":false,"messageTitle":"AddMilkCommandTest: update test to check for totalMilkVol","messageBody":"","fileTypesAndContributionMap":{"other":{"insertions":9,"deletions":3}}},{"hash":"97c8c8b03dfd1e358a769549047377843e62f699","isMergeCommit":false,"messageTitle":"MilkEntry: remove comments","messageBody":"","fileTypesAndContributionMap":{"functional-code":{"insertions":0,"deletions":2}}},{"hash":"8b9624816cbb8f748c35bccb9eb45d17d227f32d","isMergeCommit":false,"messageTitle":"MilkEntry: Added Date input","messageBody":"","fileTypesAndContributionMap":{"functional-code":{"insertions":12,"deletions":5}}}]},{"date":"2025-10-22T00:00:00","commitResults":[{"hash":"b682f5b3880c4cc2068580c22ee2a29da9049b31","isMergeCommit":false,"messageTitle":"AddMilkCommand: implement dateOfPump as a userinput","messageBody":"","fileTypesAndContributionMap":{"functional-code":{"insertions":86,"deletions":21}}},{"hash":"f8b10809f882ca41a9ae26cb5a4ae136ea32d938","isMergeCommit":false,"messageTitle":"Mama: Update Command inputs","messageBody":"","fileTypesAndContributionMap":{"functional-code":{"insertions":1,"deletions":1}}},{"hash":"7bb9bd85df21580c1a01511361f3a0e42ef7cf8b","isMergeCommit":false,"messageTitle":"AddMIlkCommand: remove date as a parameter","messageBody":"","fileTypesAndContributionMap":{"functional-code":{"insertions":5,"deletions":31}}},{"hash":"7597d4cfcb6fac20f8c70e31c0ad32a4670ee50f","isMergeCommit":false,"messageTitle":"MIlkEntry: add date automatically","messageBody":"","fileTypesAndContributionMap":{"functional-code":{"insertions":26,"deletions":16}}},{"hash":"5f483c1cc9d5798bee31f1fa8cad8b19318568c6","isMergeCommit":false,"messageTitle":"DeleteCommand: remove handling of logic","messageBody":"","fileTypesAndContributionMap":{"functional-code":{"insertions":0,"deletions":6}}},{"hash":"81cd6a5d19d2c2329fddc51faa7a8c36ae72c2b9","isMergeCommit":false,"messageTitle":"EntryList: Handle Logic when deleting Milk entries","messageBody":"","fileTypesAndContributionMap":{"functional-code":{"insertions":9,"deletions":0}}},{"hash":"8fbe97cfcd7f38697b615de9995217a491cb5071","isMergeCommit":false,"messageTitle":"Parser: remove handling of userInput","messageBody":"","fileTypesAndContributionMap":{"functional-code":{"insertions":0,"deletions":10}}},{"hash":"fd8e8ca49e813854cc94e2ec902df4aa1407774a","isMergeCommit":false,"messageTitle":"(JUnit) AddMilkCommandTest: Test for date and time output","messageBody":"","fileTypesAndContributionMap":{"test-code":{"insertions":13,"deletions":1}}},{"hash":"2aaa45e8a3e0de1d42ee94055976564ca7925680","isMergeCommit":false,"messageTitle":"Adjust format ouput for date and time","messageBody":"","fileTypesAndContributionMap":{"functional-code":{"insertions":1,"deletions":1}}},{"hash":"abb517957a7f939ca256f602f087dcb9066efaa3","isMergeCommit":true,"messageTitle":"Merge branch \u0027AY2526S1-CS2113-T11-3:master\u0027 into master","messageBody":"","fileTypesAndContributionMap":{}},{"hash":"d07320f62480bddbf458c5187766805d2774e2e2","isMergeCommit":true,"messageTitle":"Merge remote-tracking branch \u0027origin/master\u0027 into ryan/feature/totalmilkpumped-automaticDate","messageBody":"# Conflicts:\n#\tsrc/main/java/seedu/mama/command/MilkCommand.java\n#\tsrc/main/java/seedu/mama/parser/Parser.java\n#\tsrc/test/java/seedu/mama/command/AddMilkCommandTest.java\n","fileTypesAndContributionMap":{}},{"hash":"7d7a18f48a9f21ced0182466304f92505a1306f5","isMergeCommit":false,"messageTitle":"Removed unused imports and reorganised methods","messageBody":"","fileTypesAndContributionMap":{"functional-code":{"insertions":14,"deletions":13}}},{"hash":"cf88a7844eb4a327d137dc6b89360a065868a211","isMergeCommit":false,"messageTitle":"(JUnit) Implemented CommandResult in tests","messageBody":"","fileTypesAndContributionMap":{"test-code":{"insertions":17,"deletions":9}}},{"hash":"88b57b4f82e4d1969393e68b6333122510b43838","isMergeCommit":false,"messageTitle":"Checkstyle issue solved","messageBody":"","fileTypesAndContributionMap":{"test-code":{"insertions":3,"deletions":3}}},{"hash":"d8c349ff7ecff739b77e412cb470e9e03c0cf0a6","isMergeCommit":false,"messageTitle":"Checkstyle Issues solve","messageBody":"","fileTypesAndContributionMap":{"functional-code":{"insertions":4,"deletions":6},"test-code":{"insertions":3,"deletions":3}}}]}],"Lee-YiSheng":[{"date":"2025-10-02T00:00:00","commitResults":[{"hash":"e07b88904766e2dce5daad1f8941562eb89d15e8","isMergeCommit":false,"messageTitle":"update AboutUs.md with YiSheng","messageBody":"","fileTypesAndContributionMap":{"docs":{"insertions":3,"deletions":7}}},{"hash":"52dfa5748d16d5957b721402852749aa377259b2","isMergeCommit":true,"messageTitle":"Merge branch \u0027master\u0027 into yisheng-AboutUs","messageBody":"","fileTypesAndContributionMap":{}},{"hash":"822b8fc20bf5093122dfe317ed5fb603589c2094","isMergeCommit":true,"messageTitle":"Merge pull request #17 from Lee-YiSheng/yisheng-AboutUs","messageBody":"update AboutUs.md with YiSheng","fileTypesAndContributionMap":{}}]},{"date":"2025-10-03T00:00:00","commitResults":[{"hash":"82b35c8d77fe69b91b322d18c105adfce320b021","isMergeCommit":false,"messageTitle":"feat(ui): add base Ui class","messageBody":"Introduce Ui class with basic methods for displaying messages.\nProvides a foundation for commands to interact with the user.\n","fileTypesAndContributionMap":{"functional-code":{"insertions":22,"deletions":0}}},{"hash":"2e48620f73df0eb7a28fdd5d0b5390e1eba37a01","isMergeCommit":false,"messageTitle":"style(ui): add missing newline at end of Ui.java","messageBody":"Fix checkstyle violation [NewlineAtEndOfFile] by ensuring Ui.java ends with a newline.\n","fileTypesAndContributionMap":{"functional-code":{"insertions":1,"deletions":1}}}]},{"date":"2025-10-07T00:00:00","commitResults":[{"hash":"4c414183e9974bb7ffe89bfa69e3922487c22c4c","isMergeCommit":false,"messageTitle":"docs(Command): add Javadoc comments for execute() parameters and isExit()","messageBody":"","fileTypesAndContributionMap":{"functional-code":{"insertions":8,"deletions":5}}},{"hash":"9b74de7ba09176999d5a21c208c99c28bcc152b4","isMergeCommit":false,"messageTitle":"feat(parser): support list command in Parser","messageBody":"Extend Parser with an else-if branch to recognize the \u0027list\u0027 command.\nCurrently returns a ListCommand instance when user input starts with \u0027list\u0027.\n","fileTypesAndContributionMap":{"functional-code":{"insertions":3,"deletions":0}}},{"hash":"fc0bf473c21d98864e6920f3929fa19d62ce40fc","isMergeCommit":false,"messageTitle":"feat(command): add ListCommand class","messageBody":"Introduce ListCommand to display all entries in EntryList.\nCurrently formats entries into a numbered list using Entry.toListLine().\n","fileTypesAndContributionMap":{"functional-code":{"insertions":25,"deletions":0}}},{"hash":"215aa58bacc5a5ed24033fa429ca9a37e2ae64a7","isMergeCommit":false,"messageTitle":"feat(main): update startup prompt to include list command","messageBody":"Update the main method\u0027s startup message to show that the \u0027list\u0027 command is now supported.\n","fileTypesAndContributionMap":{"functional-code":{"insertions":1,"deletions":1}}}]},{"date":"2025-10-08T00:00:00","commitResults":[{"hash":"f03ec38aa9d14d1b1893d40f7626811ba888d5c7","isMergeCommit":false,"messageTitle":"test(system): update expected output for list command","messageBody":"Update EXPECTED-UNIX.TXT to reflect the new startup prompt that includes the \u0027list\u0027 command.\nFixes failing system test caused by mismatch between actual and expected output.\n","fileTypesAndContributionMap":{"functional-code":{"insertions":1,"deletions":1}}},{"hash":"a4870208637db54dce25841d865f0f52cc8c9fb7","isMergeCommit":false,"messageTitle":"test(system): further update expected output for list command","messageBody":"Previous commit missed out a \u0027)\u0027 at the end of the input, failing to match expected output.\n","fileTypesAndContributionMap":{"functional-code":{"insertions":1,"deletions":1}}}]},{"date":"2025-10-10T00:00:00","commitResults":[{"hash":"18c4ad6084a75e21530b7b8da0db7912bf9af1be","isMergeCommit":false,"messageTitle":"test(command): add JUnit tests for ListCommand","messageBody":"Introduce ListCommandTest to verify behavior of the list feature.\nCovers cases for:\n- empty EntryList (returns \"No entries found.\")\n- single entry (returns one numbered line with entry details)\n- multiple entries (returns correctly numbered list of entries)\n","fileTypesAndContributionMap":{"test-code":{"insertions":4,"deletions":0}}},{"hash":"c2ebd6548539c0b0ca0b5abe220c31ef2c4f5e0a","isMergeCommit":true,"messageTitle":"Merge pull request #44 from Lee-YiSheng/test/listCommand","messageBody":"test(command): add JUnit tests for ListCommand\ncloses #45\n","fileTypesAndContributionMap":{}},{"hash":"db43f0e28689ccd87e1ae1e1c48070e9d6aa66a7","isMergeCommit":true,"messageTitle":"Merge pull request #43 from Ibrashoukry/test/meal-entry","messageBody":"Add JUnit Tests for Add Meal functionality","fileTypesAndContributionMap":{}},{"hash":"f62873dadb8e220e0bd87a5f64c875dc5b59f2f7","isMergeCommit":false,"messageTitle":"test(command): add JUnit tests for ListCommand","messageBody":"Introduce ListCommandTest to verify behavior of the list feature.\nCovers cases for:\n- empty EntryList (returns \"No entries found.\")\n- single entry (returns one numbered line with entry details)\n- multiple entries (returns correctly numbered list of entries)\n","fileTypesAndContributionMap":{"test-code":{"insertions":49,"deletions":0}}},{"hash":"b00827cd3708d61d038e0cc58ecf47ca3b1db49a","isMergeCommit":true,"messageTitle":"Merge pull request #46 from Lee-YiSheng/test/listCommand","messageBody":"test(command): add JUnit tests for ListCommand","fileTypesAndContributionMap":{}}]},{"date":"2025-10-12T00:00:00","commitResults":[{"hash":"4eda01b9d5d66d7a1999754388e77bda9d08b6ba","isMergeCommit":true,"messageTitle":"Merge pull request #52 from rsiowkf/ryan/test/weightJunit-test","messageBody":"test(command): add JUnit tests for AddWeightCommand (#51)","fileTypesAndContributionMap":{}},{"hash":"5627f15260614dfa668ba263fb45d407f9f0509b","isMergeCommit":true,"messageTitle":"Merge pull request #49 from Jeweljace/Workout-v1-JUnit-Test","messageBody":"test(command): add JUnit tests for AddWorkoutCommand","fileTypesAndContributionMap":{}}]},{"date":"2025-10-14T00:00:00","commitResults":[{"hash":"c749c507600bdca03bb3c0a48529e8bc3d9e3d5e","isMergeCommit":false,"messageTitle":"feat(listCommand): add assertions, exceptions, and logging","messageBody":"- Added assertions to verify non-null entry list before execution\n- Introduced CommandException for clearer error handling\n- Implemented logging with java.util.logging to track command execution\n","fileTypesAndContributionMap":{"functional-code":{"insertions":43,"deletions":3}}},{"hash":"e27caa73dc94c09fc9d54ac4134e2f7597465442","isMergeCommit":false,"messageTitle":"Removed redundant import parseException","messageBody":"","fileTypesAndContributionMap":{"functional-code":{"insertions":0,"deletions":1}}},{"hash":"2a4bef230fd7013b9ad9480585b51b1f31fc59e0","isMergeCommit":false,"messageTitle":"test(ListCommandTest): Added exception handling for ListCommandTests","messageBody":"","fileTypesAndContributionMap":{"test-code":{"insertions":3,"deletions":3}}}]},{"date":"2025-10-15T00:00:00","commitResults":[{"hash":"a00eda65a11be6015fee32a653cd8de9b1b34d45","isMergeCommit":true,"messageTitle":"Merge pull request #56 from yujie-o/feature/delete-v3","messageBody":"refactor(delete): enhance robustness with assertions, CommandExceptio…","fileTypesAndContributionMap":{}},{"hash":"53d193fe4611710ea0d1b03aa5569344d24d9a0d","isMergeCommit":true,"messageTitle":"Merge pull request #62 from rsiowkf/ryan/test/assertion","messageBody":"Merge pull request #61 from ryan/test/assertion","tags":["TP-V1"],"fileTypesAndContributionMap":{}}]},{"date":"2025-10-16T00:00:00","commitResults":[{"hash":"f17ab55306fc2197c03a470f412b392973dbda32","isMergeCommit":true,"messageTitle":"Merge remote-tracking branch \u0027origin/master\u0027","messageBody":"# Conflicts:\n#\tdata/mama.txt\n","fileTypesAndContributionMap":{}}]},{"date":"2025-10-20T00:00:00","commitResults":[{"hash":"f0204fb4716e1a6947cd6e3af24c99fbf2d5188e","isMergeCommit":false,"messageTitle":"feat(list): Enhance list command with type filtering","messageBody":"The list command now supports an optional type filter to show specific\nentry types (e.g., meal, workout, milk, weight). This improves\nusability by allowing users to focus on specific data categories.\n\n- Implements a dedicated `ListCommandParser` to handle argument parsing,\n  improving modularity and adhering to the Single Responsibility Principle.\n- Updates `ListCommand` to accept a `Predicate` for flexible filtering.\n- The command defaults to listing all entries if no filter is specified.\n","fileTypesAndContributionMap":{"functional-code":{"insertions":108,"deletions":26}}},{"hash":"e12aca4485591e8d04c2cb27b76e0db5072a3622","isMergeCommit":false,"messageTitle":"feat(list) fixed adding newline for build error","messageBody":"","fileTypesAndContributionMap":{"functional-code":{"insertions":2,"deletions":2}}}]},{"date":"2025-10-21T00:00:00","commitResults":[{"hash":"f7602d30372861ba97c00418dfad96feac0470d2","isMergeCommit":false,"messageTitle":"feat(list): ListCommand and its related classes reformatted to past gradle checkstyle.","messageBody":"- added more assertion test cases for test\n- added newline at end of code\n","fileTypesAndContributionMap":{"functional-code":{"insertions":4,"deletions":2},"test-code":{"insertions":53,"deletions":18}}},{"hash":"d7a8107eec8293564ba60f2355cb46f564eb0c54","isMergeCommit":false,"messageTitle":"feat(list): Refine listCommand grammer and improve test reliability","messageBody":"Key changes:\n- Updated `runtest.sh` to delete the storage file before each run,\n  ensuring stateless and reliable text-ui tests.\n- Corrected unit tests (`ListCommandTest`) by introducing a `StorageStub`\n  to satisfy assertions without depending on a real file.\n- Aligned `EXPECTED.TXT` with the new, refined command output.\n- Improved user-facing messages for better clarity and grammar.\n","fileTypesAndContributionMap":{"functional-code":{"insertions":4,"deletions":3},"other":{"insertions":7,"deletions":2}}},{"hash":"de36de3b9da73d5bc4c4f3d0e03a6cf594b4b06b","isMergeCommit":false,"messageTitle":"test(list): update assertion to note of grammar changes.","messageBody":"","fileTypesAndContributionMap":{"test-code":{"insertions":2,"deletions":2}}},{"hash":"5c083144ce85f1fc67df02ad7752a2e6adc7cc39","isMergeCommit":false,"messageTitle":"refactor(list): fix naming convention for local final variable to camel case.","messageBody":"","fileTypesAndContributionMap":{"functional-code":{"insertions":2,"deletions":2}}},{"hash":"04cf9497fa1a74307f8044989999cb64d73f1473","isMergeCommit":false,"messageTitle":"fix(list): Correct string formatting to pass unit tests","messageBody":"Refactors the string building logic in the ListCommand\u0027s execute method.\n\nThe previous implementation, combined with `.trim()`, caused an\noff-by-one error in line counts when splitting the output string in the\nunit tests.\n\nThe new logic constructs the string without a trailing newline, ensuring\nconsistent output formatting and resolving the test failures.\n","fileTypesAndContributionMap":{"functional-code":{"insertions":4,"deletions":4}}}]},{"date":"2025-10-22T00:00:00","commitResults":[{"hash":"d2698b283331cc3f697d719b0c54941a2d72d089","isMergeCommit":true,"messageTitle":"Merge pull request #77 from yujie-o/refactor/command","messageBody":"refactor(command): introduce CommandResult and migrate commands","fileTypesAndContributionMap":{}},{"hash":"da03cba2b087210d755bb6eac8eb30b490c55237","isMergeCommit":false,"messageTitle":"refactor(parser): Improve cohesion with EntryType enum","messageBody":"The ListCommandParser was tightly coupled to specific Entry subclasses,\nrequiring manual updates whenever a new entry type was introduced. This\nviolated the Open/Closed Principle and made the system brittle.\n\nThis commit introduces an `EntryType` enum to act as a single source of\ntruth for all valid entry types. The parser now relies on this enum\nfor validation and predicate creation, decoupling it from concrete\nimplementations.\n\nThis change improves cohesion, adheres to OCP, and simplifies future\nextensions of the model.\n","fileTypesAndContributionMap":{"functional-code":{"insertions":45,"deletions":28}}}]}]},"authorFileTypeContributionMap":{"Ibrashoukry":{"docs":1,"functional-code":252,"test-code":61},"Jeweljace":{"docs":1,"functional-code":134,"test-code":122},"yujie-o":{"docs":1,"functional-code":471,"test-code":94,"other":2},"rsiowkf":{"docs":2,"functional-code":308,"test-code":104,"other":1},"Lee-YiSheng":{"docs":2,"functional-code":189,"test-code":77,"other":5}},"authorContributionVariance":{"Ibrashoukry":1447.4257,"Jeweljace":965.0871,"yujie-o":6274.018,"rsiowkf":4550.325,"Lee-YiSheng":1083.9039},"authorDisplayNameMap":{"Ibrashoukry":"CS2113-T11-3 SHOU..MOUD","Jeweljace":"CS2113-T11-3 JEWE.. LIM","yujie-o":"CS2113-T11-3 ONG .. JIE","rsiowkf":"CS2113-T11-3 RYAN..FONG","Lee-YiSheng":"CS2113-T11-3 LEE ..HENG"}}
