{"authorDailyContributionsMap":{"gordonajajar":[{"date":"2025-10-01T00:00:00","commitResults":[{"hash":"707766ea91a9faf2f22ac0d6750661f3b97b808f","isMergeCommit":false,"messageTitle":"Tutorial Week 7 activity","messageBody":"","fileTypesAndContributionMap":{"docs":{"insertions":2,"deletions":6}}},{"hash":"f8349fce598d165b71022382a64351020def831c","isMergeCommit":true,"messageTitle":"Merge remote-tracking branch \u0027origin2/master\u0027 into Gordon-AboutUs","messageBody":"","fileTypesAndContributionMap":{}},{"hash":"8209893f99a221b20ae307570a76024709877ceb","isMergeCommit":true,"messageTitle":"Merge pull request #2 from gordonajajar/Gordon-AboutUs","messageBody":"Gordon - Tutorial Week 7 activity","fileTypesAndContributionMap":{}}]},{"date":"2025-10-14T00:00:00","commitResults":[{"hash":"03c9dcc64dd81bfca52b3bc5e035544808136764","isMergeCommit":false,"messageTitle":"Refactor: Rename package from Duke to Zettel, remove redundant commands/ and tasks/","messageBody":"","fileTypesAndContributionMap":{"functional-code":{"insertions":0,"deletions":493},"other":{"insertions":36,"deletions":36}}},{"hash":"4102e9d8c92d05730e688b9321d3f0dfbe654905","isMergeCommit":false,"messageTitle":"Refactor: remove redundant code from Parser, Storage, UI, Zettel","messageBody":"","fileTypesAndContributionMap":{"functional-code":{"insertions":1,"deletions":297}}},{"hash":"9f388a53a74e6fc7a4b5d56dd7159830529f4ecd","isMergeCommit":false,"messageTitle":"Refactor: add skeleton Note class","messageBody":"","fileTypesAndContributionMap":{"functional-code":{"insertions":5,"deletions":3}}},{"hash":"d1f40faf84d20e39a293bfdac2f6f4e4edf3a47b","isMergeCommit":false,"messageTitle":"Refactor: remove redundant exceptions","messageBody":"","fileTypesAndContributionMap":{"functional-code":{"insertions":0,"deletions":35}}},{"hash":"dff30fc4e1f0070ca73ba9fbc05a70973d3e986a","isMergeCommit":false,"messageTitle":"Refactor: add skeleton code for v1.0 commands","messageBody":"","fileTypesAndContributionMap":{"functional-code":{"insertions":24,"deletions":0}}},{"hash":"48eda3b55fb6a3d4d47705e1c76b8398d970f23e","isMergeCommit":false,"messageTitle":"Refactor: rename DukeTest to ZettelTest","messageBody":"","fileTypesAndContributionMap":{"test-code":{"insertions":38,"deletions":0}}},{"hash":"92eb1232fe8c06b1859c87cf284a9e4df0137e75","isMergeCommit":false,"messageTitle":"Refactor: remove old DukeTest","messageBody":"","fileTypesAndContributionMap":{"test-code":{"insertions":1,"deletions":39}}},{"hash":"85b96159bc269e4b465de04272d24ccbd60b8c10","isMergeCommit":false,"messageTitle":"Refactor: add Note class import to Command abstract class to silence error","messageBody":"","fileTypesAndContributionMap":{"functional-code":{"insertions":6,"deletions":0}}},{"hash":"4785a9c57b2fb599806ad234498865039c3bf916","isMergeCommit":false,"messageTitle":"Refactor: change build.gradle class to Zettel from Duke. remove redundant data/","messageBody":"","fileTypesAndContributionMap":{"other":{"insertions":2,"deletions":2}}},{"hash":"d1bdd79a8e8b5a71ba1d69b614e5319d2aa47518","isMergeCommit":true,"messageTitle":"Merge pull request #13 from gordonajajar/refactor-remove-redundant","messageBody":"Refactor: prepare codebase for TP v1.0","fileTypesAndContributionMap":{}},{"hash":"a75801ce9074824f2604a63b7d197d22bd3b2d1a","isMergeCommit":false,"messageTitle":"Add DeleteNoteCommand code","messageBody":"","fileTypesAndContributionMap":{"functional-code":{"insertions":44,"deletions":1}}},{"hash":"505ba4bcf77130dc33ae3edb23ffef3fb7422363","isMergeCommit":true,"messageTitle":"Merge github.com:AY2526S1-CS2113-W13-1/tp into 11-feat-delete-note-command","messageBody":"","fileTypesAndContributionMap":{}},{"hash":"751ee608613f50c51252eca5aeb84d50a811ddbe","isMergeCommit":false,"messageTitle":"Feature: add DeleteNoteCommand code as well as corresponding JUnit test","messageBody":"","fileTypesAndContributionMap":{"functional-code":{"insertions":1,"deletions":1},"test-code":{"insertions":94,"deletions":0}}},{"hash":"0238c2bc1fe5966900435f378fd2db1bb29581ed","isMergeCommit":true,"messageTitle":"Merge branch \u0027master\u0027 into 11-feat-delete-note-command","messageBody":"","fileTypesAndContributionMap":{}},{"hash":"9b0853103cde169894f39dac28e231e564414120","isMergeCommit":false,"messageTitle":"Fix Command Class execute method returning Command instead of void","messageBody":"","fileTypesAndContributionMap":{"functional-code":{"insertions":15,"deletions":15}}},{"hash":"4613e755055630a6bdaa2ae8bfef7c330070be65","isMergeCommit":true,"messageTitle":"Merge pull request #33 from gordonajajar/bugfix-command-execute-return","messageBody":"Fix Command Class execute() method returning Command instead of Void","fileTypesAndContributionMap":{}},{"hash":"ea374e571b834da6d6a236028fe92ee82bd4246c","isMergeCommit":false,"messageTitle":"Change Parser to use String noteId instead of int. Rename static variables to camelCase","messageBody":"","fileTypesAndContributionMap":{"functional-code":{"insertions":15,"deletions":18}}},{"hash":"f79b9844e543097bc95d09616e6c3d6c9ee2ccdd","isMergeCommit":true,"messageTitle":"Merge branch \u0027master\u0027 into bugfix-parser-noteId-int","messageBody":"","fileTypesAndContributionMap":{}},{"hash":"47fa07959c1ee27e6fce0825eece0ed2ca295264","isMergeCommit":true,"messageTitle":"Merge branch \u0027bugfix-parser-noteId-int\u0027 of github.com:AY2526S1-CS2113-W13-1/tp into bugfix-parser-noteId-int","messageBody":"","fileTypesAndContributionMap":{}},{"hash":"7bfb6b786e44f96b21a791de3050b592ab2db779","isMergeCommit":true,"messageTitle":"Merge pull request #34 from AY2526S1-CS2113-W13-1/bugfix-parser-noteId-int","messageBody":"Refactor: Rename static variables and change .gitignore. Deleted data/ folder","fileTypesAndContributionMap":{}},{"hash":"8fd37cca4aa0c55c4c0d410e13b1a4f0a380988d","isMergeCommit":true,"messageTitle":"Merge branch \u0027master\u0027 into 11-feat-delete-note-command","messageBody":"","fileTypesAndContributionMap":{}},{"hash":"5d247af96368d20163d900a43b3bfd3181501249","isMergeCommit":false,"messageTitle":"Fix checkstyle issues","messageBody":"","fileTypesAndContributionMap":{"functional-code":{"insertions":5,"deletions":2},"test-code":{"insertions":3,"deletions":0}}},{"hash":"0511b1d4467dc01448fe3d8094eb43bc81c16da0","isMergeCommit":false,"messageTitle":"Fix DeleteNoteCommandTest errors after merging Storage class","messageBody":"","fileTypesAndContributionMap":{"functional-code":{"insertions":1,"deletions":1},"test-code":{"insertions":9,"deletions":8}}},{"hash":"ff3ee1091d221ea9b3b31b43d5833306ade23f31","isMergeCommit":false,"messageTitle":"Abstract printing to UI class","messageBody":"","fileTypesAndContributionMap":{"functional-code":{"insertions":28,"deletions":6}}},{"hash":"447e665f53f9f2a5632c323a0c354aaa24796020","isMergeCommit":false,"messageTitle":"Fix DeleteNoteCommandTest on UI","messageBody":"","fileTypesAndContributionMap":{"functional-code":{"insertions":1,"deletions":1},"test-code":{"insertions":82,"deletions":22}}},{"hash":"5811d2a0db11af4bdf1c9953caa2806290de5e1f","isMergeCommit":true,"messageTitle":"Merge pull request #23 from gordonajajar/11-feat-delete-note-command","messageBody":"Feature: Implement DeleteNoteCommand and DeleteNoteCommandTest","fileTypesAndContributionMap":{}},{"hash":"79333db5d9e96bf53656dc366dfa074cf12789e8","isMergeCommit":false,"messageTitle":"Refactor: rename exceptions","messageBody":"","fileTypesAndContributionMap":{"functional-code":{"insertions":17,"deletions":15},"other":{"insertions":5,"deletions":5},"test-code":{"insertions":1,"deletions":1}}},{"hash":"b2da5b19b2ac2ddad47feb81ae21427e1240b0b3","isMergeCommit":false,"messageTitle":"Move exceptions folder into java/seedu/zettel/","messageBody":"","fileTypesAndContributionMap":{"functional-code":{"insertions":12,"deletions":12},"other":{"insertions":5,"deletions":5}}},{"hash":"ffcf720d85241a089560a25fbeb5d111b7fba457","isMergeCommit":true,"messageTitle":"Merge github.com:AY2526S1-CS2113-W13-1/tp into refactor-rename-exceptions","messageBody":"","fileTypesAndContributionMap":{}},{"hash":"fcbc14986a587929c5dd318a670f6f733a5d0134","isMergeCommit":false,"messageTitle":"Rename ListNodeCommandTest","messageBody":"","fileTypesAndContributionMap":{"other":{"insertions":2,"deletions":2}}},{"hash":"4b3db3d04cfa528ee36d068dcad3f4d33a2f8a5b","isMergeCommit":true,"messageTitle":"Merge branch \u0027master\u0027 into 18-feat-find-note-command","messageBody":"","fileTypesAndContributionMap":{}}]},{"date":"2025-10-15T00:00:00","commitResults":[{"hash":"1af73f8c14256166e40a3811b92d3165642d9200","isMergeCommit":false,"messageTitle":"Add ExitCommand to break parsing loop","messageBody":"","fileTypesAndContributionMap":{"functional-code":{"insertions":13,"deletions":1}}},{"hash":"333513ac345fa82d68e7621399b68be107e44e4a","isMergeCommit":false,"messageTitle":"Change relevant commands to use NoNoteException","messageBody":"","fileTypesAndContributionMap":{"functional-code":{"insertions":6,"deletions":3},"test-code":{"insertions":17,"deletions":16}}},{"hash":"651dbb9099980f2c04c8564e44fa693a7d8f511a","isMergeCommit":true,"messageTitle":"Merge pull request #41 from gordonajajar/feat-exit-command","messageBody":"Feature: Implement ExitCommand","fileTypesAndContributionMap":{}},{"hash":"32e74fd9c7fd7e5814ee2402f18422d271ca4860","isMergeCommit":false,"messageTitle":"Add assert command","messageBody":"","fileTypesAndContributionMap":{"functional-code":{"insertions":4,"deletions":0},"other":{"insertions":1,"deletions":0}}},{"hash":"6c4aca98dc4d5711ffd47513a4f70593a3ad8723","isMergeCommit":true,"messageTitle":"Merge branch \u0027master\u0027 into gordon-tut-9-assert","messageBody":"","fileTypesAndContributionMap":{}},{"hash":"8544e0f19d3a1180c18e1ac874d8d086f29db0ee","isMergeCommit":true,"messageTitle":"Merge pull request #46 from gordonajajar/gordon-tut-9-assert","messageBody":"Fix: Add assertion in DeleteNoteCommand","tags":["v1.0"],"fileTypesAndContributionMap":{}}]},{"date":"2025-10-17T00:00:00","commitResults":[{"hash":"4921012830e58662d0512a10d9f3ae6e4541ac9c","isMergeCommit":false,"messageTitle":"Add logging in DeleteNoteCommand upon deletion (info)","messageBody":"","fileTypesAndContributionMap":{"functional-code":{"insertions":8,"deletions":4}}},{"hash":"6fd6545ad2eb6ffa1e897c78521ef500b5584f39","isMergeCommit":false,"messageTitle":"Add JavaDoc for abstract class Command","messageBody":"","fileTypesAndContributionMap":{"functional-code":{"insertions":20,"deletions":0}}},{"hash":"4e7e2b0e31b728b40518dcecdd07aac789eb97a4","isMergeCommit":false,"messageTitle":"Add JavaDoc to ExitCommand","messageBody":"","fileTypesAndContributionMap":{"functional-code":{"insertions":15,"deletions":0}}},{"hash":"f5509d0bea74ae5180440734f283c73654a2df88","isMergeCommit":false,"messageTitle":"Add JavaDoc to FindNoteCommand","messageBody":"","fileTypesAndContributionMap":{"functional-code":{"insertions":19,"deletions":0}}},{"hash":"6d9be18d135ca620a342c52e738bd201287f5e50","isMergeCommit":false,"messageTitle":"Add JavaDoc to InitCommand","messageBody":"","fileTypesAndContributionMap":{"functional-code":{"insertions":20,"deletions":0}}},{"hash":"d99227615b137120868598747ea9fdc608e3a621","isMergeCommit":false,"messageTitle":"Add JavaDoc to Storage","messageBody":"","fileTypesAndContributionMap":{"functional-code":{"insertions":44,"deletions":3}}},{"hash":"ae9cccdb6399a1d63eae09c4b31de5a495672281","isMergeCommit":false,"messageTitle":"Add JavaDoc to ListNoteCommand","messageBody":"","fileTypesAndContributionMap":{"functional-code":{"insertions":25,"deletions":0}}},{"hash":"f6f13d523ab7e76aabea393d865842c1e584f0f9","isMergeCommit":false,"messageTitle":"Add JavaDoc to UI","messageBody":"","fileTypesAndContributionMap":{"functional-code":{"insertions":84,"deletions":0}}},{"hash":"9f1f7ac9c99868a0c0109e50a44474cc0f907f63","isMergeCommit":false,"messageTitle":"Fix typo in UserGuide for downloading Duke","messageBody":"","fileTypesAndContributionMap":{"docs":{"insertions":1,"deletions":1}}},{"hash":"0588642f95e0ae551bc65f08f265cff1d41653f8","isMergeCommit":true,"messageTitle":"Merge pull request #52 from shauntsr/shaun-log-assert","messageBody":"Feature: Add logging and assertion.","fileTypesAndContributionMap":{}},{"hash":"9672d4a9e52223fc2b9045f01ab782440527d4d9","isMergeCommit":true,"messageTitle":"Merge pull request #53 from shauntsr/docs-user-guide-v1","messageBody":"Docs: User Guide v1","fileTypesAndContributionMap":{}},{"hash":"a0727289f31b378601940ec419be4cbb37a96814","isMergeCommit":true,"messageTitle":"Merge branch \u0027master\u0027 into add-remaining-javadoc-v1.0","messageBody":"","fileTypesAndContributionMap":{}}]},{"date":"2025-10-18T00:00:00","commitResults":[{"hash":"7e09de37008b80876264d0f98304de9435093ecf","isMergeCommit":false,"messageTitle":"Add assertion in DeleteNoteCommand","messageBody":"","fileTypesAndContributionMap":{"functional-code":{"insertions":1,"deletions":0}}},{"hash":"9dc4d6529d7772585ac6a4093e16db1ae3424751","isMergeCommit":false,"messageTitle":"Change assertion message","messageBody":"","fileTypesAndContributionMap":{"functional-code":{"insertions":1,"deletions":1}}},{"hash":"4256a26097c0eba2102c4f4614ae854118bcc88b","isMergeCommit":true,"messageTitle":"Merge pull request #60 from gordonajajar/gordon-assert","messageBody":"Add assertion in DeleteNoteCommand (Gordon)","fileTypesAndContributionMap":{}}]},{"date":"2025-10-19T00:00:00","commitResults":[{"hash":"eb79f7561cf36e08facebf4717cb5f43861b3bd2","isMergeCommit":false,"messageTitle":"Refactor save() and toSaveFormat() to work with index.txt and ignore body","messageBody":"","fileTypesAndContributionMap":{"functional-code":{"insertions":9,"deletions":7}}}]},{"date":"2025-10-20T00:00:00","commitResults":[{"hash":"4789e1ce64f30fccfd3c8b9b60052d396d4937fb","isMergeCommit":false,"messageTitle":"Refactor Storage.load()","messageBody":"Calls validateRepo(), then reads per-note index + .txts to build\nArrayList\n\nImplement validateRepo() method, which calls 2 new methods,\ncreateIfMissing and detectOrphans.\nCreate new exception, InvalidRepoException.\n","fileTypesAndContributionMap":{"functional-code":{"insertions":117,"deletions":6}}},{"hash":"b84139f14279a7bd01ae19c3501add630acbf50f","isMergeCommit":false,"messageTitle":"Add repoList attribute, refactor changeRepo() to use loadConfig() and updateConfig()","messageBody":"","fileTypesAndContributionMap":{"functional-code":{"insertions":53,"deletions":8}}},{"hash":"7de5073dd37ee651846d140bc3b6f648caa3c9b0","isMergeCommit":false,"messageTitle":"Refactor init to load repoList, checkout repo and validate all repos","messageBody":"","fileTypesAndContributionMap":{"functional-code":{"insertions":32,"deletions":2}}},{"hash":"d4bcbe3ad45f8c6be0c85403c4f6bcbc922c63ab","isMergeCommit":false,"messageTitle":"Refactor createStorageFile to create .txt file","messageBody":"","fileTypesAndContributionMap":{"functional-code":{"insertions":65,"deletions":17}}},{"hash":"7320158fa1d213dcf632c06bfd392431016fe360","isMergeCommit":false,"messageTitle":"Add JUnit test for Storage Class","messageBody":"","fileTypesAndContributionMap":{"test-code":{"insertions":89,"deletions":23}}},{"hash":"fc67a3b4542e99e722ec0dcf0138de91514e04ce","isMergeCommit":false,"messageTitle":"Fix bugs in Storage; appending .txt to filename","messageBody":"","fileTypesAndContributionMap":{"functional-code":{"insertions":8,"deletions":10}}},{"hash":"ac892049c3d9b72660d2cad579460ba24839c7a1","isMergeCommit":false,"messageTitle":"Refactor NewNoteCommand to create note .txt file","messageBody":"","fileTypesAndContributionMap":{"functional-code":{"insertions":2,"deletions":0}}},{"hash":"0c05c63789496d7a90da26ee323b333764ac5fec","isMergeCommit":false,"messageTitle":"Add JUnit test for Storage and NewNoteCommand","messageBody":"","fileTypesAndContributionMap":{"test-code":{"insertions":39,"deletions":4}}},{"hash":"d1f607070728dabd3d1b495723d45f503745e600","isMergeCommit":false,"messageTitle":"Fix minor checkstyle issues","messageBody":"","fileTypesAndContributionMap":{"functional-code":{"insertions":4,"deletions":2},"test-code":{"insertions":13,"deletions":9}}}]},{"date":"2025-10-22T00:00:00","commitResults":[{"hash":"3854c912114990726bb79d0f0f1a3d63f6c74b9e","isMergeCommit":false,"messageTitle":"Update text-ui-test to reflect change to note storage method","messageBody":"","fileTypesAndContributionMap":{"other":{"insertions":15,"deletions":2}}},{"hash":"2bfe886f819de923ae88176557c01f4cb8c1b948","isMergeCommit":false,"messageTitle":"Normalise line endings to LF in runtest.bat","messageBody":"","fileTypesAndContributionMap":{"other":{"insertions":6,"deletions":2}}},{"hash":"a585917f20357275e43938ef87ddd4f11038c838","isMergeCommit":false,"messageTitle":"Fix normalising bug","messageBody":"","fileTypesAndContributionMap":{"other":{"insertions":8,"deletions":10}}},{"hash":"38f819cfdc93d7b3fd6b176fe6ef9b5701b97b06","isMergeCommit":false,"messageTitle":"Fix runtest.bat filepath bug","messageBody":"","fileTypesAndContributionMap":{"other":{"insertions":3,"deletions":6}}},{"hash":"fa2cdfc438d6b7e2b59876071afdae19e60f9526","isMergeCommit":false,"messageTitle":"Add sleep between note creation in runtest, for consistent output","messageBody":"","fileTypesAndContributionMap":{"other":{"insertions":20,"deletions":6}}},{"hash":"63075424f25ff69af053a5153e1469230b7d258e","isMergeCommit":false,"messageTitle":"Use ping instead of timeout in runtest.bat","messageBody":"","fileTypesAndContributionMap":{"other":{"insertions":2,"deletions":2}}},{"hash":"c04da258243d5113fd199bf5c56daf086530c644","isMergeCommit":false,"messageTitle":"Change Storage.createStorageFile to print only noteName (not full path)","messageBody":"","fileTypesAndContributionMap":{"functional-code":{"insertions":3,"deletions":2}}},{"hash":"f0a0522a74c622414053bcb7f91ffd02288ebcd7","isMergeCommit":false,"messageTitle":"Remove delay from test scripts","messageBody":"","fileTypesAndContributionMap":{"other":{"insertions":2,"deletions":16}}}]},{"date":"2025-10-26T00:00:00","commitResults":[{"hash":"fc72c8ccdbf032e36311a2bc7f766ab814c7b409","isMergeCommit":false,"messageTitle":"Update DeveloperGuide on Storage after refactor","messageBody":"","fileTypesAndContributionMap":{"docs":{"insertions":118,"deletions":75}}},{"hash":"03c27553a150865acb80ab0f45a02cb64ebf6698","isMergeCommit":true,"messageTitle":"Merge branch \u0027master\u0027 into update-storage-DG","messageBody":"","fileTypesAndContributionMap":{}},{"hash":"02323c4c6c8b6c07ea7eb16a597e37567bd84385","isMergeCommit":true,"messageTitle":"Merge pull request #84 from gordonajajar/update-storage-DG","messageBody":"Update DeveloperGuide on Storage after refactor","fileTypesAndContributionMap":{}}]}],"JianHao24":[{"date":"2025-09-19T00:00:00","commitResults":[{"hash":"3eaa70a3b01fae94b0c6200753a2310ece9562fa","isMergeCommit":false,"messageTitle":"Added automatic saving","messageBody":"","fileTypesAndContributionMap":{"functional-code":{"insertions":4,"deletions":0}}},{"hash":"033bbc0014108f31919399bff578514c5337f9c8","isMergeCommit":false,"messageTitle":"Refactored code to support automatic saving","messageBody":"","fileTypesAndContributionMap":{"functional-code":{"insertions":120,"deletions":7},"other":{"insertions":4,"deletions":2}}}]},{"date":"2025-09-30T00:00:00","commitResults":[{"hash":"4d52a8c352fa93ccf780ba111cf5a767c3a323cc","isMergeCommit":false,"messageTitle":"Refactored code to be more OOP, adding a parser, UI and command class. Also used streaming in storage.","messageBody":"","fileTypesAndContributionMap":{"functional-code":{"insertions":456,"deletions":292},"other":{"insertions":1,"deletions":1}}}]},{"date":"2025-10-01T00:00:00","commitResults":[{"hash":"1a454f1280e271e2c4d801ff205933a91aef1a87","isMergeCommit":false,"messageTitle":"Added ability for Deadlines and Events to store dates and times. Added \"on\" command  to print deadlines/events occurring on a specific date.","messageBody":"","fileTypesAndContributionMap":{"functional-code":{"insertions":163,"deletions":13}}},{"hash":"f5289c53ace3dad3148f24080e049d13934194b2","isMergeCommit":false,"messageTitle":"Added find command for users to find a task by searching for a keyword in the task description.","messageBody":"","fileTypesAndContributionMap":{"functional-code":{"insertions":4,"deletions":0}}},{"hash":"823bfafa3d7b6ce08d5bfb494225ae342384ca9c","isMergeCommit":false,"messageTitle":"Added new FindCommand class","messageBody":"","fileTypesAndContributionMap":{"functional-code":{"insertions":4,"deletions":0}}},{"hash":"22e334586dcfbfb9255e4c9af4a747fc617db50f","isMergeCommit":false,"messageTitle":"Added find command for users to find a task by searching for a keyword in the task description.","messageBody":"","fileTypesAndContributionMap":{"functional-code":{"insertions":45,"deletions":4}}},{"hash":"ad3bc397b53fd86b2a83db4b86564e2aa1f1e29a","isMergeCommit":true,"messageTitle":"Merge branch \u0027level-9\u0027 of https://github.com/JianHao24/ip into level-9","messageBody":"# Conflicts:\n#\tsrc/main/java/chatbot/commands/FindCommand.java\n","fileTypesAndContributionMap":{}},{"hash":"13fb2f5a05509a8f58a0fbd2f49a3dee73b52c9d","isMergeCommit":false,"messageTitle":"Fixed bugs from accidental deletion during merging","messageBody":"","fileTypesAndContributionMap":{"functional-code":{"insertions":1,"deletions":130}}},{"hash":"ca9161851732c12675445e84beb3dcbacdf83d47","isMergeCommit":false,"messageTitle":"Modified about us","messageBody":"","fileTypesAndContributionMap":{"docs":{"insertions":6,"deletions":6}}},{"hash":"e0a352b8b13e189a11c11fedfd7d2879bcc96b8a","isMergeCommit":true,"messageTitle":"Merge branch \u0027master\u0027 into JianHao24--AbousUs","messageBody":"","fileTypesAndContributionMap":{}},{"hash":"81620aba308c90f3ce5b1a7ef08e69cff09bd238","isMergeCommit":true,"messageTitle":"Merge branch \u0027JianHao24-JianHao24--AboutUs\u0027","messageBody":"","fileTypesAndContributionMap":{}},{"hash":"6abdcb0e4968c55b1e21df6a1903cab94f9541d3","isMergeCommit":true,"messageTitle":"Merge pull request #4 from JianHao24/JianHao24--AbousUs","messageBody":"Modified about us","fileTypesAndContributionMap":{}},{"hash":"e402ea4763c4f19d00761b6b1e1259654affa145","isMergeCommit":false,"messageTitle":"Added JavaDoc","messageBody":"","fileTypesAndContributionMap":{"functional-code":{"insertions":690,"deletions":60}}},{"hash":"118d6cb9bc93b4fbbb72c9206aae4ff990053041","isMergeCommit":true,"messageTitle":"Merge branch \u0027branch-A-JavaDoc\u0027","messageBody":"","fileTypesAndContributionMap":{}}]},{"date":"2025-10-02T00:00:00","commitResults":[{"hash":"12c6bd129e1aae8949f85ef08a355366960bd10d","isMergeCommit":false,"messageTitle":"Updated README.MD","messageBody":"","fileTypesAndContributionMap":{"docs":{"insertions":242,"deletions":16}}}]},{"date":"2025-10-12T00:00:00","commitResults":[{"hash":"53eec9179b7ae6c151b742fdd954197b14fd9384","isMergeCommit":false,"messageTitle":"Added basic greeting and J-Unit testing","messageBody":"","fileTypesAndContributionMap":{"functional-code":{"insertions":5,"deletions":5},"test-code":{"insertions":39,"deletions":6}}},{"hash":"8377e1da9e9544a3b90d832d19847d30fb5d5023","isMergeCommit":false,"messageTitle":"Fixed checkstyle requirements","messageBody":"","fileTypesAndContributionMap":{"test-code":{"insertions":1,"deletions":1}}},{"hash":"6a3789eba8d859cb43c771cb6b3187346befc61a","isMergeCommit":false,"messageTitle":"Fixed bug in runbat by ignoring whitespace differences in text UI tests","messageBody":"","fileTypesAndContributionMap":{"other":{"insertions":1,"deletions":1}}},{"hash":"ccf01f061cdcf137e76aa4bdc5bbad5842d06996","isMergeCommit":false,"messageTitle":"Changed line seperators to LF - Unix and macOS and standardised input for J-Unit and runbat","messageBody":"","fileTypesAndContributionMap":{"test-code":{"insertions":2,"deletions":2}}},{"hash":"bf754951bb36ef17fb3f9b3c2edf139a257cd9d0","isMergeCommit":false,"messageTitle":"Removed ascii art","messageBody":"","fileTypesAndContributionMap":{"functional-code":{"insertions":1,"deletions":6},"other":{"insertions":1,"deletions":1},"test-code":{"insertions":2,"deletions":9}}},{"hash":"29dfb170f3e6820d7ea3a1e6a61e29da0664cf25","isMergeCommit":true,"messageTitle":"Merge pull request #9 from JianHao24/User-Greet","messageBody":"User greet and J-Unit test","fileTypesAndContributionMap":{}}]},{"date":"2025-10-13T00:00:00","commitResults":[{"hash":"5933ebb6ef794b29b774a604e572a5645d12eeac","isMergeCommit":true,"messageTitle":"Merge remote-tracking branch \u0027Ip/master\u0027 into IP-merge","messageBody":"Add IP code as skeleton for TP\n","fileTypesAndContributionMap":{}},{"hash":"c75a3104a49e4160140f2ad6fefc4b19ee860236","isMergeCommit":false,"messageTitle":"Refactor IP code to same package as TP","messageBody":"","fileTypesAndContributionMap":{"other":{"insertions":80,"deletions":85}}}]},{"date":"2025-10-14T00:00:00","commitResults":[{"hash":"865ef6fff67c296853a543cb32f4841253c6df66","isMergeCommit":false,"messageTitle":"Fixed indent and format errors","messageBody":"","fileTypesAndContributionMap":{"functional-code":{"insertions":20,"deletions":648}}},{"hash":"8ee1dfdfd98304d0ccbc7a07e955094cabb9c5c1","isMergeCommit":false,"messageTitle":"Fixed formatting error to pass CI","messageBody":"","fileTypesAndContributionMap":{"functional-code":{"insertions":55,"deletions":39}}},{"hash":"30144e63c19021c14b19427c3670fb20fa04d08c","isMergeCommit":false,"messageTitle":"Fix case indent problems","messageBody":"","fileTypesAndContributionMap":{"functional-code":{"insertions":17,"deletions":20}}},{"hash":"393bdc929ed1ff84407e297d6b31ac03b13a0328","isMergeCommit":false,"messageTitle":"Fix unused import","messageBody":"","fileTypesAndContributionMap":{"functional-code":{"insertions":0,"deletions":1}}},{"hash":"5859a859a29688ea03cedb93301412416abab0a7","isMergeCommit":true,"messageTitle":"Merge pull request #10 from JianHao24/IP-merge","messageBody":"Add template OOP class design for TP","fileTypesAndContributionMap":{}},{"hash":"564fc49ee70ef5c2a2e7f34a806698c2ed552d71","isMergeCommit":false,"messageTitle":"Feature: Add Parser class","messageBody":"","fileTypesAndContributionMap":{"functional-code":{"insertions":101,"deletions":116}}},{"hash":"1512d162584fa1b78f19e8b6a5760065acdc2837","isMergeCommit":true,"messageTitle":"Merge branch \u0027master\u0027 into 12-feat-implement-parser-class","messageBody":"# Conflicts:\n#\tsrc/main/java/seedu/duke/Parser.java\n#\tsrc/main/java/seedu/duke/exceptions/EmptyDescriptionException.java\n#\tsrc/main/java/seedu/duke/exceptions/InvalidInputException.java\n","fileTypesAndContributionMap":{}},{"hash":"f131d0290211dd0a5897e4160ab8ba116f5d84d2","isMergeCommit":false,"messageTitle":"Bugfix: add line at end of ExitCommand","messageBody":"","fileTypesAndContributionMap":{"functional-code":{"insertions":1,"deletions":1}}},{"hash":"e8c2d70bd8e714945ef6d0c05ff7ab41eadb9196","isMergeCommit":false,"messageTitle":"Bugfix: remove command result class and errors in command subclasses","messageBody":"","fileTypesAndContributionMap":{"functional-code":{"insertions":8,"deletions":21}}},{"hash":"c27fe78f41fd0d0bf1b92c14368b6d7ef8cf5f67","isMergeCommit":true,"messageTitle":"Merge branch \u0027master\u0027 into 12-feat-implement-parser-class","messageBody":"","fileTypesAndContributionMap":{}},{"hash":"6babe92bc95d054328f0118d21fe2a058bf2b937","isMergeCommit":false,"messageTitle":"Bugfix: remove unused constants","messageBody":"","fileTypesAndContributionMap":{"functional-code":{"insertions":0,"deletions":1}}},{"hash":"3bbbf7266a0f920438a4a9e66bdb9aa4a869bd23","isMergeCommit":false,"messageTitle":"Bugfix: add new line at end of command","messageBody":"","fileTypesAndContributionMap":{"functional-code":{"insertions":1,"deletions":1}}},{"hash":"48fda6935ded0c16372740f5d2f190464c02ebac","isMergeCommit":true,"messageTitle":"Merge pull request #20 from JianHao24/12-feat-implement-parser-class","messageBody":"Feature: add complete parser class and command skeleton bodies","fileTypesAndContributionMap":{}},{"hash":"7263b8c9cd0ec4a6cc616f5a479707030d5fd03a","isMergeCommit":false,"messageTitle":"Feature: add storage class","messageBody":"","fileTypesAndContributionMap":{"functional-code":{"insertions":155,"deletions":18}}},{"hash":"6a4baf8f9ac320bee61353751727592bddcb2f8b","isMergeCommit":true,"messageTitle":"Merge branch \u0027master\u0027 into 26-feat-implement-storage-class","messageBody":"","fileTypesAndContributionMap":{}},{"hash":"2d50c93c2b94810f0c8f2be7b3c627c17c314ea2","isMergeCommit":true,"messageTitle":"Merge branch \u002726-feat-implement-storage-class\u0027 of https://github.com/JianHao24/tp into 26-feat-implement-storage-class","messageBody":"","fileTypesAndContributionMap":{}},{"hash":"b6c8ac89a73dcba01148cfbee2d0270959041df4","isMergeCommit":false,"messageTitle":"Bugfix: string to int","messageBody":"","fileTypesAndContributionMap":{"functional-code":{"insertions":1,"deletions":1}}},{"hash":"5c86b6619b0247b02fb538166ed025a4843e9fda","isMergeCommit":false,"messageTitle":"Bugfix: fix typecast error","messageBody":"","fileTypesAndContributionMap":{"functional-code":{"insertions":2,"deletions":1}}},{"hash":"30872d9ce4c6e445678c791237bfceb19289d431","isMergeCommit":false,"messageTitle":"Bugfix: readline","messageBody":"","fileTypesAndContributionMap":{"functional-code":{"insertions":1,"deletions":1}}},{"hash":"98ee2fe28ca31ae05d48ef19d85f7b97691f2e17","isMergeCommit":false,"messageTitle":"Bugfix: added braces","messageBody":"","fileTypesAndContributionMap":{"functional-code":{"insertions":1,"deletions":1}}},{"hash":"3978c09a581771986486014858fbaedf9d5d93e7","isMergeCommit":false,"messageTitle":"Bugfix: read line","messageBody":"","fileTypesAndContributionMap":{"functional-code":{"insertions":1,"deletions":2},"test-code":{"insertions":1,"deletions":1}}},{"hash":"224fb4bb1b25b89c7144f58483f7902d7f0b5393","isMergeCommit":false,"messageTitle":"Bugfix: fixed zettel j-unit test","messageBody":"","fileTypesAndContributionMap":{"functional-code":{"insertions":7,"deletions":1},"test-code":{"insertions":3,"deletions":4}}},{"hash":"5c642b760b5feecc65501d82938889d799c2947e","isMergeCommit":true,"messageTitle":"Merge pull request #31 from JianHao24/26-feat-implement-storage-class","messageBody":"Feature: add storage class","fileTypesAndContributionMap":{}},{"hash":"443ab4b85f00bb3e04d688267eeb2d3f7bb88cd4","isMergeCommit":true,"messageTitle":"Merge pull request #37 from gordonajajar/refactor-rename-exceptions","messageBody":"Refactor: rename exceptions","fileTypesAndContributionMap":{}}]},{"date":"2025-10-15T00:00:00","commitResults":[{"hash":"d1c9985aeb1993d7ccc04b43dbeb9829e5f016d4","isMergeCommit":false,"messageTitle":"Feature: add j-unit test and assert","messageBody":"","fileTypesAndContributionMap":{"functional-code":{"insertions":1,"deletions":1},"other":{"insertions":1,"deletions":0},"test-code":{"insertions":301,"deletions":0}}},{"hash":"38c69fdc520fd6076af19e1b1d0ed20d6ae9d1ee","isMergeCommit":false,"messageTitle":"Bugfix: fix test checkstyle error","messageBody":"","fileTypesAndContributionMap":{"test-code":{"insertions":10,"deletions":163}}},{"hash":"90dbb6feab7c90f2cf5f29bb4b56564c36ae0b94","isMergeCommit":false,"messageTitle":"Bugfix: fixed failing tests","messageBody":"","fileTypesAndContributionMap":{"test-code":{"insertions":1,"deletions":22}}},{"hash":"9af9927159233a78110ee1b5c9a486d1a4d52fa5","isMergeCommit":false,"messageTitle":"Bugfix: fix checkstyle error","messageBody":"","fileTypesAndContributionMap":{"test-code":{"insertions":1,"deletions":1}}},{"hash":"b3bad4bff8848fbac6da9d43f2af5fe23a56dfba","isMergeCommit":true,"messageTitle":"Merge pull request #45 from JianHao24/j-unit-test","messageBody":"Feature: add j-unit test and assert","fileTypesAndContributionMap":{}}]},{"date":"2025-10-16T00:00:00","commitResults":[{"hash":"6ffe57d0c37d589caf5d5807c8dd442daa0a08c0","isMergeCommit":false,"messageTitle":"Add validation message for repo name in Parser","messageBody":"","fileTypesAndContributionMap":{"functional-code":{"insertions":2,"deletions":2}}},{"hash":"2027ea5e7b5a03a5954b178b09d6d826d95cb1b4","isMergeCommit":false,"messageTitle":"Refactor INIT_INVALID string for better readability","messageBody":"Split long error message into multiple lines for readability.","fileTypesAndContributionMap":{"functional-code":{"insertions":3,"deletions":1}}},{"hash":"4bebfaec4f7f5551f0995a13d08867f3ce94a2c4","isMergeCommit":true,"messageTitle":"Merge branch \u0027master\u0027 into 39-feature-storage-init-command","messageBody":"","fileTypesAndContributionMap":{}},{"hash":"75cd1a8e3a8a3397a260cd922bd24ee201a57ddb","isMergeCommit":false,"messageTitle":"Update Parser.java","messageBody":"","fileTypesAndContributionMap":{"functional-code":{"insertions":3,"deletions":0}}},{"hash":"bd617bab33c14a3e1abd3eb7bd12139632775fc9","isMergeCommit":true,"messageTitle":"Merge pull request #48 from shauntsr/39-feature-storage-init-command","messageBody":"Feature: Add InitCommand","fileTypesAndContributionMap":{}}]},{"date":"2025-10-17T00:00:00","commitResults":[{"hash":"ef05c962cc0113dbcddaa0c93e526fffc7ab8f69","isMergeCommit":false,"messageTitle":"Add JDocs for Parser","messageBody":"","fileTypesAndContributionMap":{"functional-code":{"insertions":93,"deletions":22},"test-code":{"insertions":6,"deletions":1}}},{"hash":"48567b204c19dfc4c751fdaab2a55445ec9a691a","isMergeCommit":false,"messageTitle":"Refactor: remove NoNoteFoundException and use InvalidNoteIdException instead","messageBody":"","fileTypesAndContributionMap":{"functional-code":{"insertions":2,"deletions":19},"test-code":{"insertions":2,"deletions":2}}},{"hash":"e9b9dbbf3f9aa4d0568ff16c92635181e1cdb167","isMergeCommit":false,"messageTitle":"Refactor: reverted nonotefound exception class","messageBody":"","fileTypesAndContributionMap":{"functional-code":{"insertions":19,"deletions":2},"test-code":{"insertions":2,"deletions":2}}},{"hash":"b79996523216107e35f31a4c3e6917dacd409c14","isMergeCommit":true,"messageTitle":"Merge branch \u0027master\u0027 into javadoc-parser","messageBody":"","fileTypesAndContributionMap":{}},{"hash":"3fd9c5c5e2a8219de6eb9c4bc84d40aea014a475","isMergeCommit":false,"messageTitle":"Update Parser.java","messageBody":"","fileTypesAndContributionMap":{"functional-code":{"insertions":5,"deletions":3}}},{"hash":"2a6580c5f1aa812a0d1cadd30cccb9343e4d9014","isMergeCommit":false,"messageTitle":"Update Parser.java","messageBody":"","fileTypesAndContributionMap":{"functional-code":{"insertions":1,"deletions":2}}},{"hash":"b24e0cfd0525539c2b73e9226629a9a0ed179252","isMergeCommit":true,"messageTitle":"Merge pull request #50 from JianHao24/javadoc-parser","messageBody":"Add JDocs for Parser","fileTypesAndContributionMap":{}},{"hash":"8149f3b8c467a2396f648403f0cec1407f5f26e3","isMergeCommit":false,"messageTitle":"Update dev guide","messageBody":"","fileTypesAndContributionMap":{"docs":{"insertions":642,"deletions":20}}},{"hash":"a904af7303e5515b6719e22023902b256a78c0c9","isMergeCommit":false,"messageTitle":"Update DeveloperGuide.md","messageBody":"","fileTypesAndContributionMap":{"docs":{"insertions":6,"deletions":5}}}]},{"date":"2025-10-18T00:00:00","commitResults":[{"hash":"84693d6f314773707af2ff572b0e0518752b1068","isMergeCommit":false,"messageTitle":"Fix: fix errors in devguide","messageBody":"","fileTypesAndContributionMap":{"docs":{"insertions":642,"deletions":20}}}]},{"date":"2025-10-22T00:00:00","commitResults":[{"hash":"f9887d5fa3d89086241e9def7a58ff113228b668","isMergeCommit":true,"messageTitle":"Merge pull request #59 from JianHao24/dev-guide","messageBody":"Update DeveloperGuide.md","fileTypesAndContributionMap":{}}]},{"date":"2025-10-24T00:00:00","commitResults":[{"hash":"eb15c306bd6d1fd291bdfab9d1523397480d5cc7","isMergeCommit":true,"messageTitle":"Merge pull request #62 from gordonajajar/refactor-storage-v2.0-prep","messageBody":"Refactor storage before v2.0","fileTypesAndContributionMap":{}},{"hash":"d554bc875ae81450b2aa87f1b218f975a31de1b9","isMergeCommit":false,"messageTitle":"Refactor: split storage class into 3 seperate classes, filesystem manager, note serialiser and storage","messageBody":"","fileTypesAndContributionMap":{"functional-code":{"insertions":8,"deletions":0},"other":{"insertions":1,"deletions":0},"test-code":{"insertions":4,"deletions":0}}},{"hash":"505beabb00ffd28ffa123c966f6592d7ca9751d3","isMergeCommit":false,"messageTitle":"Merge branch \u002761-refactor-storage\u0027 of https://github.com/JianHao24/tp into 61-refactor-storage","messageBody":"","fileTypesAndContributionMap":{"functional-code":{"insertions":431,"deletions":8},"test-code":{"insertions":115,"deletions":6}}},{"hash":"351a31faa2b62100925a535efc1e6dd09453c124","isMergeCommit":false,"messageTitle":"Bugfix: cleanup code from faulty merge/push","messageBody":"","fileTypesAndContributionMap":{"functional-code":{"insertions":2,"deletions":444},"test-code":{"insertions":0,"deletions":9}}}]},{"date":"2025-10-26T00:00:00","commitResults":[{"hash":"0d2d7ff89933cd134a0a1e1972f66a24cd618fc9","isMergeCommit":true,"messageTitle":"Merge pull request #63 from JianHao24/61-refactor-storage","messageBody":"Refactor storage","fileTypesAndContributionMap":{}}]}],"shauntsr":[{"date":"2025-10-01T00:00:00","commitResults":[{"hash":"6601a111807e4f0f89d0c31ef7fde5db7deaf734","isMergeCommit":false,"messageTitle":"Add github profile and portfolio.","messageBody":"","fileTypesAndContributionMap":{"docs":{"insertions":3,"deletions":7}}},{"hash":"462f1cf0b083958db7582013aa2c4901573a85a4","isMergeCommit":true,"messageTitle":"Merge pull request #1 from shauntsr/ShaunTan-AboutUs","messageBody":"Add github profile and portfolio.","fileTypesAndContributionMap":{}}]},{"date":"2025-10-14T00:00:00","commitResults":[{"hash":"17d65b974246d37d061a813242517f5f57c9c8d5","isMergeCommit":false,"messageTitle":"Add CommandResult class","messageBody":"","fileTypesAndContributionMap":{"functional-code":{"insertions":14,"deletions":1}}},{"hash":"94eac230b3762c77842a23b1b7bbee6ef483aa91","isMergeCommit":true,"messageTitle":"Merge pull request #15 from shauntsr/feature-command-result","messageBody":"Feature: Add CommandResult class","fileTypesAndContributionMap":{}},{"hash":"fefbc947eef0ef9a2bd6d3b155715fe568d1fa07","isMergeCommit":false,"messageTitle":"Add ListNoteCommand methods and attributes","messageBody":"","fileTypesAndContributionMap":{"functional-code":{"insertions":45,"deletions":1}}},{"hash":"1e188ecacfdd8bd58e586b52723a0e7337a16d1c","isMergeCommit":true,"messageTitle":"Merge branch \u0027master\u0027 into 14-feature-list-note-command","messageBody":"# Conflicts:\n#\tsrc/main/java/seedu/zettel/commands/ListNoteCommand.java\n","fileTypesAndContributionMap":{}},{"hash":"9c767a52956ba690ad784ea41e28e59a259ae3f9","isMergeCommit":false,"messageTitle":"Refactor to fix formatting","messageBody":"","fileTypesAndContributionMap":{"functional-code":{"insertions":2,"deletions":2}}},{"hash":"d0d732db7bcf0fe7448e817bc7e0c39f0a6f5dcd","isMergeCommit":true,"messageTitle":"Merge branch \u0027master\u0027 into 14-feature-list-note-command","messageBody":"","fileTypesAndContributionMap":{}},{"hash":"1667cba1a91e3bc3c8501ebb38507ccc40ce32c4","isMergeCommit":false,"messageTitle":"Refactor to print using Ui","messageBody":"","fileTypesAndContributionMap":{"functional-code":{"insertions":27,"deletions":13}}},{"hash":"a2fe99901aa8d8e51def2bd963a4666297e35566","isMergeCommit":false,"messageTitle":"Add ListNodeCommand tests","messageBody":"","fileTypesAndContributionMap":{"test-code":{"insertions":138,"deletions":0}}},{"hash":"16c9e1dbf2677035806bb8b39d2c7ad7db1b99e2","isMergeCommit":true,"messageTitle":"Merge branch \u0027master\u0027 into 14-feature-list-note-command","messageBody":"","fileTypesAndContributionMap":{}},{"hash":"382ee23cee9f4e67f78af5c7876c9dba3a63a80c","isMergeCommit":true,"messageTitle":"Merge pull request #28 from shauntsr/14-feature-list-note-command","messageBody":"Feature: Add ListNoteCommand methods and attributes","fileTypesAndContributionMap":{}},{"hash":"a5f535c36d29b094a94aa7ff04a1e0d4d15e90e2","isMergeCommit":false,"messageTitle":"Add NewNote Command","messageBody":"","fileTypesAndContributionMap":{"functional-code":{"insertions":34,"deletions":1}}},{"hash":"99ec2c1e0508d7c84b0634523193809ca594731b","isMergeCommit":false,"messageTitle":"Fix bug in new Note id","messageBody":"","fileTypesAndContributionMap":{"functional-code":{"insertions":1,"deletions":1}}},{"hash":"ae32b1608af96a7878079dea8b65b48c2fb3d341","isMergeCommit":false,"messageTitle":"Fix note ID bug again","messageBody":"","fileTypesAndContributionMap":{"functional-code":{"insertions":1,"deletions":1}}},{"hash":"dc16db7c0196f38b31db1d198fb9a4918b046831","isMergeCommit":true,"messageTitle":"Merge branch \u0027master\u0027 into 36-new-note-command","messageBody":"","fileTypesAndContributionMap":{}}]},{"date":"2025-10-15T00:00:00","commitResults":[{"hash":"2463e8cbcae1fb43285980c2ecc4467f73c09621","isMergeCommit":false,"messageTitle":"Add NewNoteCommand test","messageBody":"","fileTypesAndContributionMap":{"test-code":{"insertions":79,"deletions":0}}},{"hash":"b4b35e329388c13fe8d0b5b62ad9cff9b73e7889","isMergeCommit":false,"messageTitle":"Fix issue in NewNoteCommandTest","messageBody":"","fileTypesAndContributionMap":{"test-code":{"insertions":7,"deletions":5}}},{"hash":"7d1150cb8a952f4d0b63ba7cc97498c8ff0a968d","isMergeCommit":false,"messageTitle":"Fix import issues","messageBody":"","fileTypesAndContributionMap":{"test-code":{"insertions":3,"deletions":1}}},{"hash":"c135a386d4fd61bd4c75037936eeef1d5ca9dadb","isMergeCommit":true,"messageTitle":"Merge branch \u0027master\u0027 into 36-new-note-command","messageBody":"","fileTypesAndContributionMap":{}},{"hash":"bd05be79d42dd21583bde5e36533af77cdc76ed5","isMergeCommit":false,"messageTitle":"Fix exception and its message","messageBody":"","fileTypesAndContributionMap":{"functional-code":{"insertions":2,"deletions":1},"test-code":{"insertions":3,"deletions":2}}},{"hash":"0fafb2810b86aa29d2530226b743505b246d85eb","isMergeCommit":true,"messageTitle":"Merge pull request #40 from shauntsr/36-new-note-command","messageBody":"Feature: Add NewNoteCommand","fileTypesAndContributionMap":{}},{"hash":"dab96abb975f177819a2ff8162cc1ba4c7e65009","isMergeCommit":false,"messageTitle":"Enable assertion in build.gradle","messageBody":"","fileTypesAndContributionMap":{"other":{"insertions":1,"deletions":0}}},{"hash":"1c76ff491efb0d44f37749790d52d86dfc8ed52d","isMergeCommit":false,"messageTitle":"Add assertion to NewNoteCommand","messageBody":"","fileTypesAndContributionMap":{"functional-code":{"insertions":2,"deletions":0}}},{"hash":"a7c2a8051198aea3220a9e3e11f11958ef065ac2","isMergeCommit":true,"messageTitle":"Merge pull request #44 from shauntsr/shaun-tut-9-assert","messageBody":"Fix: Add assertion","fileTypesAndContributionMap":{}}]},{"date":"2025-10-16T00:00:00","commitResults":[{"hash":"e6649706448ac205cb0308642d5742505cc7f524","isMergeCommit":false,"messageTitle":"Add init method to generate .zettelConfig and /data folder","messageBody":"","fileTypesAndContributionMap":{"functional-code":{"insertions":23,"deletions":5}}},{"hash":"689c4c52cf5c3bf7e5cfb89ad1a15d4314837765","isMergeCommit":false,"messageTitle":"Modify Storage to use a rootPath instead of filePath","messageBody":"","fileTypesAndContributionMap":{"functional-code":{"insertions":25,"deletions":10}}},{"hash":"d35f853892e1096c81e82e011ee9e7717a72503e","isMergeCommit":false,"messageTitle":"Update Storage constructor","messageBody":"","fileTypesAndContributionMap":{"functional-code":{"insertions":2,"deletions":2}}},{"hash":"f42512534b3914cf10bf8c87eb19516f5352e573","isMergeCommit":false,"messageTitle":"Add storage of data files into the notes folder","messageBody":"","fileTypesAndContributionMap":{"functional-code":{"insertions":45,"deletions":7}}},{"hash":"50376f8b4a340446e67c76690568666db085eac8","isMergeCommit":false,"messageTitle":"Add init command","messageBody":"","fileTypesAndContributionMap":{"functional-code":{"insertions":14,"deletions":3}}},{"hash":"97c2f3d2a1bc49eeb939d42011f8d5fb407ff7ac","isMergeCommit":false,"messageTitle":"Add validation for repository name","messageBody":"","fileTypesAndContributionMap":{"functional-code":{"insertions":5,"deletions":0}}},{"hash":"01eb691e4434172601fed3eaea5b1ea5f0a3851b","isMergeCommit":false,"messageTitle":"Refactor methods in Storage.init()","messageBody":"","fileTypesAndContributionMap":{"functional-code":{"insertions":28,"deletions":19}}},{"hash":"c44c66f15a2871935c8667396545b2b422940f84","isMergeCommit":false,"messageTitle":"Add tests for Storage","messageBody":"","fileTypesAndContributionMap":{"test-code":{"insertions":69,"deletions":0}}},{"hash":"e5b236e0fdf6d05409e4adcea611df4c66395a81","isMergeCommit":false,"messageTitle":"Update ParserTest","messageBody":"","fileTypesAndContributionMap":{"test-code":{"insertions":6,"deletions":0}}},{"hash":"8d42a60fccec14d3d6744d6fc35202da5c1d54ed","isMergeCommit":false,"messageTitle":"Add tests for InitCommand","messageBody":"","fileTypesAndContributionMap":{"test-code":{"insertions":38,"deletions":0}}},{"hash":"78769030a739891c1199372e680b45db8a7dd8f9","isMergeCommit":false,"messageTitle":"Add JDocs for Storage","messageBody":"","fileTypesAndContributionMap":{"functional-code":{"insertions":30,"deletions":0}}},{"hash":"5b110734ceb9a1ac34334f17c3bd020feba0b7e6","isMergeCommit":true,"messageTitle":"Merge branch \u0027master\u0027 into 39-feature-storage-init-command","messageBody":"","fileTypesAndContributionMap":{}},{"hash":"188d83bc6250007df6766e1eb25af917e069003f","isMergeCommit":false,"messageTitle":"Fix code formatting","messageBody":"","fileTypesAndContributionMap":{"test-code":{"insertions":1,"deletions":1}}},{"hash":"e18e60a33c60ffbfd0c50d4319fc317710c0ddd9","isMergeCommit":false,"messageTitle":"Fix more formatting errors","messageBody":"","fileTypesAndContributionMap":{"functional-code":{"insertions":3,"deletions":2}}}]},{"date":"2025-10-17T00:00:00","commitResults":[{"hash":"c9f35acfa76dc91c9016f1644226e3c0e08049df","isMergeCommit":false,"messageTitle":"Add assertion to Init command constructor","messageBody":"","fileTypesAndContributionMap":{"functional-code":{"insertions":1,"deletions":0}}},{"hash":"f7d1f3949e30ec758f96aee0e203dec732fa9ac3","isMergeCommit":false,"messageTitle":"Add logging for successful creation of repo","messageBody":"","fileTypesAndContributionMap":{"functional-code":{"insertions":4,"deletions":0}}},{"hash":"871be00c20b23c621e802130eb501da7f17df118","isMergeCommit":false,"messageTitle":"Add instructions in UserGuide","messageBody":"","fileTypesAndContributionMap":{"docs":{"insertions":142,"deletions":21}}},{"hash":"9828c6c58016c8bbf798100e981d024ff0b3c4a6","isMergeCommit":false,"messageTitle":"Fix logger declaration order","messageBody":"","fileTypesAndContributionMap":{"functional-code":{"insertions":3,"deletions":2}}},{"hash":"f8eff6635f16823d3870b009ca8579599114d51c","isMergeCommit":false,"messageTitle":"Add command summary","messageBody":"","fileTypesAndContributionMap":{"docs":{"insertions":7,"deletions":0}}},{"hash":"42bb58fb9a31d3995df044451d6812c9e313e93a","isMergeCommit":false,"messageTitle":"Add unpin in UserGuide","messageBody":"","fileTypesAndContributionMap":{"docs":{"insertions":24,"deletions":1}}}]},{"date":"2025-10-26T00:00:00","commitResults":[{"hash":"4bd9f44dc2aa036be331f91a1c6950a3f6a5582b","isMergeCommit":false,"messageTitle":"Add tags parameter to Note class and update StorageTest, NoteTest accordingly","messageBody":"","fileTypesAndContributionMap":{"functional-code":{"insertions":8,"deletions":2},"test-code":{"insertions":8,"deletions":4}}},{"hash":"6d9ca76fe088f16b8aa5a9daf38cb8455247a480","isMergeCommit":false,"messageTitle":"Update Note serialising and de-serialising","messageBody":"","fileTypesAndContributionMap":{"functional-code":{"insertions":14,"deletions":4}}},{"hash":"6b6b8a77ac2855ef9314cb9d1a9bbaa769d9a004","isMergeCommit":false,"messageTitle":"Fix Note code formatting","messageBody":"","fileTypesAndContributionMap":{"functional-code":{"insertions":7,"deletions":2}}},{"hash":"e0752222949fdfa059be11289d9ba7034fe11f39","isMergeCommit":false,"messageTitle":"Implement TagNoteCommand and TagExistsException","messageBody":"","fileTypesAndContributionMap":{"functional-code":{"insertions":92,"deletions":0}}},{"hash":"26d744dd709725a9e64e903641e5f02722e5c02a","isMergeCommit":false,"messageTitle":"Add TagNoteCommand to Parser and update UI","messageBody":"","fileTypesAndContributionMap":{"functional-code":{"insertions":57,"deletions":8}}},{"hash":"3c2244039d570222a821a3291a914a0c575bd969","isMergeCommit":false,"messageTitle":"Add overloaded updateConfig and a readTagsLine method to Storage","messageBody":"","fileTypesAndContributionMap":{"functional-code":{"insertions":42,"deletions":0}}},{"hash":"b1b81bfea54c16920e6a53688975492d4f07974c","isMergeCommit":false,"messageTitle":"Bug fix in overloaded updateConfig","messageBody":"","fileTypesAndContributionMap":{"functional-code":{"insertions":2,"deletions":0}}},{"hash":"5c8c92af74ee2ea9ba7443955dc039d25579e165","isMergeCommit":false,"messageTitle":"Refactor overloaded updateConfig to only handle tag updating and rename to updateTags","messageBody":"","fileTypesAndContributionMap":{"functional-code":{"insertions":6,"deletions":4}}},{"hash":"740ff540f33b911374bf4c26b94a239667b50e9e","isMergeCommit":false,"messageTitle":"Update Command to also take a list of tags","messageBody":"","fileTypesAndContributionMap":{"functional-code":{"insertions":33,"deletions":17},"test-code":{"insertions":56,"deletions":30}}},{"hash":"f70f87d0ced5fd3ae341e617d37a608e408b77cb","isMergeCommit":false,"messageTitle":"Add NewTagCommand","messageBody":"","fileTypesAndContributionMap":{"functional-code":{"insertions":69,"deletions":5}}},{"hash":"177c5e9efcc853551345ddbd730b9dd096cd811f","isMergeCommit":false,"messageTitle":"Update TagNoteCommand","messageBody":"","fileTypesAndContributionMap":{"functional-code":{"insertions":6,"deletions":0}}},{"hash":"6e27c682adcfaf011d707ae4767f0f11d5ccc767","isMergeCommit":false,"messageTitle":"Add docs to new commands","messageBody":"","fileTypesAndContributionMap":{"functional-code":{"insertions":39,"deletions":0}}},{"hash":"d850a720275ac0f3a65cdd21f162ceecfeb2059d","isMergeCommit":false,"messageTitle":"Add tests for NewTagCommand and TagNoteCommand","messageBody":"","fileTypesAndContributionMap":{"test-code":{"insertions":194,"deletions":0}}},{"hash":"8c23b1500ce50d6522730047a16914e5dab3a632","isMergeCommit":false,"messageTitle":"Add test for updateTags in Storage","messageBody":"","fileTypesAndContributionMap":{"test-code":{"insertions":15,"deletions":0}}},{"hash":"835c785d934c63862e21533456ea30a673a04988","isMergeCommit":true,"messageTitle":"Merge pull request #82 from shauntsr/71-feature-add-tags","messageBody":"Feature: Add tags","fileTypesAndContributionMap":{}},{"hash":"778cf94d33b58fb2c607eb7b6ee6e93ad208a27a","isMergeCommit":false,"messageTitle":"Update Storage Class Diagram and add tag persistence flow","messageBody":"","fileTypesAndContributionMap":{"docs":{"insertions":19,"deletions":1}}},{"hash":"d3dac42c66cd90cc72c2cc07029d36446b77e466","isMergeCommit":false,"messageTitle":"Update commands list","messageBody":"","fileTypesAndContributionMap":{"docs":{"insertions":12,"deletions":2}}},{"hash":"a7ef85e5d8a869997ffbe7bed526c586129079dd","isMergeCommit":true,"messageTitle":"Merge pull request #83 from shauntsr/docs-shaun-DG","messageBody":"Docs: Week 11 DG Update","fileTypesAndContributionMap":{}}]}],"danielkwan2004":[{"date":"2025-10-01T00:00:00","commitResults":[{"hash":"b99e3b4202fc068e26603d454df7e202f2c58996","isMergeCommit":false,"messageTitle":"Modify aboutus.md","messageBody":"","fileTypesAndContributionMap":{"docs":{"insertions":2,"deletions":0}}},{"hash":"b5212d3cd84994849335b2997699155e2ab549fd","isMergeCommit":false,"messageTitle":"Modify aboutus.md","messageBody":"","fileTypesAndContributionMap":{"docs":{"insertions":2,"deletions":5}}},{"hash":"85500205f7478834b77ad4a7abd83022819ebe53","isMergeCommit":true,"messageTitle":"Merge branch \u0027master\u0027 into danielkwan2004-AboutUs","messageBody":"","fileTypesAndContributionMap":{}},{"hash":"19808c5f9c8a4efdd1737bb67dd1666632bcf2b8","isMergeCommit":true,"messageTitle":"Merge branch \u0027master\u0027 into danielkwan2004-AboutUs","messageBody":"","fileTypesAndContributionMap":{}},{"hash":"1a346cab830e7b08798caed1bb1ef922b641b181","isMergeCommit":true,"messageTitle":"Merge pull request #6 from danielkwan2004/danielkwan2004-AboutUs","messageBody":"Modify aboutus.md to include danielkwan","fileTypesAndContributionMap":{}}]},{"date":"2025-10-14T00:00:00","commitResults":[{"hash":"486b75c055bfaea86c4386a914bf6bb9e779af71","isMergeCommit":false,"messageTitle":"Commit reset","messageBody":"","fileTypesAndContributionMap":{"functional-code":{"insertions":0,"deletions":550},"other":{"insertions":0,"deletions":446},"docs":{"insertions":0,"deletions":202},"test-code":{"insertions":0,"deletions":38}}},{"hash":"4fe85fc68fede7544f032ce2752619e08a69b1c4","isMergeCommit":false,"messageTitle":"Add PinNoteCommand and PinNoteCommandTest","messageBody":"","fileTypesAndContributionMap":{"functional-code":{"insertions":563,"deletions":0},"other":{"insertions":446,"deletions":0},"docs":{"insertions":202,"deletions":0},"test-code":{"insertions":112,"deletions":0}}},{"hash":"efd67c3fe8fb35b145d44c64d11a9bea77320aaa","isMergeCommit":false,"messageTitle":"Make gradlew and text-ui-test/runtest.sh executable","messageBody":"","fileTypesAndContributionMap":{"other":{"insertions":0,"deletions":0}}},{"hash":"f1eff7088f5e014a8e8c8e72c27256e0388af5db","isMergeCommit":true,"messageTitle":"Merge pull request #30 from danielkwan2004/17-feat-pin-note-command","messageBody":"Feature: Implement PinNoteCommand and JUnit test for PinNoteCommand","fileTypesAndContributionMap":{}},{"hash":"0d7967f27eb9eb27acc4068cd9569e7f05dd0254","isMergeCommit":false,"messageTitle":"Add FindNoteCommand and modify PinNoteCommand and FindNoteCommand JUnit Test","messageBody":"","fileTypesAndContributionMap":{"functional-code":{"insertions":21,"deletions":4},"test-code":{"insertions":113,"deletions":60}}},{"hash":"41eadd7521458fc69aa623dcf0b99facd2add584","isMergeCommit":true,"messageTitle":"Merge branch \u0027master\u0027 of https://github.com/AY2526S1-CS2113-W13-1/tp into 18-feat-find-note-command","messageBody":"","fileTypesAndContributionMap":{}},{"hash":"4cfb909436353feaf41f6d1a207d95a3f00eb679","isMergeCommit":false,"messageTitle":"Merge upstream to current, add FindNoteCommand and FindNoteCommandTest","messageBody":"","fileTypesAndContributionMap":{"functional-code":{"insertions":1,"deletions":2}}},{"hash":"67ab869240a91ccf1fa5544aa288131ca6033dde","isMergeCommit":false,"messageTitle":"Modify findNoteCommand JUnit and findNoteCommand, Modify Parser to follow variable types, fix bugs in PinNoteCommandTest and PinNoteCommand","messageBody":"","fileTypesAndContributionMap":{"functional-code":{"insertions":33,"deletions":18},"other":{"insertions":10,"deletions":17}}},{"hash":"8829320b4b50390ddfe5515a5c946322cd4ee369","isMergeCommit":true,"messageTitle":"Merge branch \u0027master\u0027 of https://github.com/AY2526S1-CS2113-W13-1/tp into 18-feat-find-note-command","messageBody":"","fileTypesAndContributionMap":{}},{"hash":"e092301fed66c7138409cda11629952c210deb96","isMergeCommit":false,"messageTitle":"Modify UI and PinNoteCommand","messageBody":"","fileTypesAndContributionMap":{"functional-code":{"insertions":1,"deletions":5}}},{"hash":"5466d87e4417f4b59c84d1c7b88fcf4c5c1cb362","isMergeCommit":false,"messageTitle":"Modify FindNoteCommandTest and PinNoteCommandTest to pass CI checks","messageBody":"","fileTypesAndContributionMap":{"test-code":{"insertions":19,"deletions":5}}},{"hash":"41141d82fd7e37d3a550163b5ddb6b62180712db","isMergeCommit":true,"messageTitle":"Merge branch \u0027master\u0027 into 18-feat-find-note-command","messageBody":"","fileTypesAndContributionMap":{}},{"hash":"321f2b3a6d19f321b8d2e81ce3554053a85e0034","isMergeCommit":true,"messageTitle":"Merge branch \u0027master\u0027 of https://github.com/AY2526S1-CS2113-W13-1/tp into 18-feat-find-note-command","messageBody":"","fileTypesAndContributionMap":{}},{"hash":"86ad28652238eebdfc9b48e7c7c5407eb7a1959c","isMergeCommit":false,"messageTitle":"Resolve conflicts with main branch","messageBody":"","fileTypesAndContributionMap":{"test-code":{"insertions":1,"deletions":1}}}]},{"date":"2025-10-15T00:00:00","commitResults":[{"hash":"37f3bdb263a9615d32444f979dfbaae1f49431f6","isMergeCommit":true,"messageTitle":"Merge branch \u002718-feat-find-note-command\u0027 of https://github.com/danielkwan2004/tp into 18-feat-find-note-command","messageBody":"","fileTypesAndContributionMap":{}},{"hash":"7a7230e34755ddae1fb4e5f967f132c0e1f00ad5","isMergeCommit":false,"messageTitle":"Modify FindNoteCommand","messageBody":"","fileTypesAndContributionMap":{"functional-code":{"insertions":1,"deletions":3}}},{"hash":"420c50849dea4cfa85cf296dd1706f99a1fdcfe0","isMergeCommit":true,"messageTitle":"Merge pull request #35 from danielkwan2004/18-feat-find-note-command","messageBody":"Feature: Implement FindNoteCommand and FindNoteCommandTest","fileTypesAndContributionMap":{}},{"hash":"1dfb067eea96cf03272ac795603daeac617ef84a","isMergeCommit":false,"messageTitle":"Add assertions","messageBody":"","fileTypesAndContributionMap":{"functional-code":{"insertions":5,"deletions":4},"other":{"insertions":1,"deletions":0}}},{"hash":"148e058c5523819d44ac9d5853c91e45f97dc0b5","isMergeCommit":true,"messageTitle":"Merge pull request #43 from danielkwan2004/include-assertions","messageBody":"Fixes: Add Assertions","fileTypesAndContributionMap":{}}]},{"date":"2025-10-16T00:00:00","commitResults":[{"hash":"f9c64716cb41cea77f283e2a57e1df938eb907f6","isMergeCommit":false,"messageTitle":"Refactor test, included javaDoc comments and fix exceptions","messageBody":"1. Include JavaDoc comments for all exceptions\n2. General cleaning up of naming conventions\n3. Fix test to test for both exceptions and happy paths\n4. Include more types of exceptions for commands executed on the note,\n   specifically for pinning and delete of a note\n5. General cleansing of deleteNoteCommand.java\n","fileTypesAndContributionMap":{"functional-code":{"insertions":172,"deletions":48},"test-code":{"insertions":331,"deletions":81}}},{"hash":"31497e047b62bf174d90fe8d38445e29f0fc6785","isMergeCommit":false,"messageTitle":"Fix PR comments","messageBody":"","fileTypesAndContributionMap":{"functional-code":{"insertions":41,"deletions":35},"test-code":{"insertions":51,"deletions":94}}},{"hash":"4e8e32bba34d7f15b46aff8c0d1f67a04c6a18d3","isMergeCommit":true,"messageTitle":"Merge pull request #49 from danielkwan2004/master","messageBody":"Bug/Quality: Refactor test, included javaDoc comments, fix exceptions and note commands ","fileTypesAndContributionMap":{}}]},{"date":"2025-10-17T00:00:00","commitResults":[{"hash":"e3d851edd951c45a197fda3b7b1674d1a9ad31fe","isMergeCommit":false,"messageTitle":"Add logging","messageBody":"","fileTypesAndContributionMap":{"functional-code":{"insertions":3,"deletions":0}}},{"hash":"7c26dc3b0ed8236ab5035683c09f9e5590d480be","isMergeCommit":true,"messageTitle":"Merge pull request #58 from danielkwan2004/master","messageBody":"Add logging","fileTypesAndContributionMap":{}}]},{"date":"2025-10-25T00:00:00","commitResults":[{"hash":"4e892cc2f421608a3bfd1ee8f542ad5dd92f8c50","isMergeCommit":false,"messageTitle":"Modify developer guide and update PinNoteCommand to catch exception when user tries to pin an already pinned note","messageBody":"","fileTypesAndContributionMap":{"functional-code":{"insertions":23,"deletions":0},"docs":{"insertions":274,"deletions":12},"test-code":{"insertions":19,"deletions":6}}},{"hash":"43d8f305325d453ef59b683a3a0a98022d87c548","isMergeCommit":true,"messageTitle":"Merge pull request #64 from danielkwan2004/update-DG","messageBody":"Modify developer guide and update PinNoteCommand ","fileTypesAndContributionMap":{}}]}],"shira421":[{"date":"2025-10-01T00:00:00","commitResults":[{"hash":"7b8f781cc774916acd15c6204e61cc9823d04548","isMergeCommit":false,"messageTitle":"Add shira421.md","messageBody":"","fileTypesAndContributionMap":{"docs":{"insertions":1,"deletions":5}}},{"hash":"c14ba5ab342471a39a484416a8913a8bed15d7d9","isMergeCommit":true,"messageTitle":"Merge pull request #5 from danielkwan2004/danielkwan2004-AboutUs","messageBody":"Modify aboutus.md to include Daniel Kwan","fileTypesAndContributionMap":{}},{"hash":"6e8c2d45fcbbb58319dc38186874f9940bbe4b6a","isMergeCommit":false,"messageTitle":"Update AboutUs.md","messageBody":"","fileTypesAndContributionMap":{"docs":{"insertions":1,"deletions":1}}},{"hash":"f8bd8e0c04abae797cd3e4b3d710a29b10020fca","isMergeCommit":true,"messageTitle":"Merge branch \u0027shira421-shira421-AboutUs\u0027","messageBody":"","fileTypesAndContributionMap":{}},{"hash":"46716d71bc4bfe7f1460ec1600a5ffa6057ba592","isMergeCommit":false,"messageTitle":"Resolve conflicts","messageBody":"","fileTypesAndContributionMap":{"docs":{"insertions":2,"deletions":0}}},{"hash":"96c6930ddadcdded8c1569f217fdb24b30b21524","isMergeCommit":true,"messageTitle":"Merge branch \u0027shira421-shira421-AboutUs\u0027","messageBody":"","fileTypesAndContributionMap":{}},{"hash":"38e07b06efeeb486e1d917fb3519251cc5963428","isMergeCommit":true,"messageTitle":"Merge branch \u0027master\u0027 into shira421-AboutUs","messageBody":"","fileTypesAndContributionMap":{}},{"hash":"fcba51cf2efdc15864aa4b730de3c88c6ed76a78","isMergeCommit":true,"messageTitle":"Merge pull request #3 from shira421/shira421-AboutUs","messageBody":"Add shira421.md","fileTypesAndContributionMap":{}},{"hash":"9c68ea8564808346e89978b13a5ed8b91d988d6f","isMergeCommit":true,"messageTitle":"Resolve conflict","messageBody":"","fileTypesAndContributionMap":{}}]},{"date":"2025-10-14T00:00:00","commitResults":[{"hash":"2ba8e77c04456f9ad3e0927409748a3b46063df2","isMergeCommit":true,"messageTitle":"Merge branch \u0027master\u0027 of https://github.com/AY2526S1-CS2113-W13-1/tp","messageBody":"","fileTypesAndContributionMap":{}},{"hash":"caa50005cedbca0ece27f8077dbde5e82eea2976","isMergeCommit":true,"messageTitle":"Merge branch \u0027master\u0027 of https://github.com/AY2526S1-CS2113-W13-1/tp","messageBody":"","fileTypesAndContributionMap":{}},{"hash":"cf1911f39461d70f5ffe6a2eeea3bd3c6e9d1314","isMergeCommit":false,"messageTitle":"Add skeleton NoteClass","messageBody":"","fileTypesAndContributionMap":{"functional-code":{"insertions":168,"deletions":14},"docs":{"insertions":0,"deletions":0}}},{"hash":"e26c0fbec588747e2b48188ba4f66b84fe46c20a","isMergeCommit":false,"messageTitle":"Add skeleton NoteClass","messageBody":"","fileTypesAndContributionMap":{"functional-code":{"insertions":1,"deletions":0}}},{"hash":"0fd4f0ff7266796fc0790d90b1ffcf7a372e032b","isMergeCommit":false,"messageTitle":"Update skeleton NoteClass","messageBody":"","fileTypesAndContributionMap":{"functional-code":{"insertions":6,"deletions":7}}},{"hash":"1f72d99c9195dcfaf6a4d3f5a0a0bc6fd35ac206","isMergeCommit":false,"messageTitle":"Update CommandClass","messageBody":"","fileTypesAndContributionMap":{"functional-code":{"insertions":1,"deletions":2}}},{"hash":"b8657cbee4b427fd9cf71d97a4055697b6d2ec25","isMergeCommit":true,"messageTitle":"Merge pull request #21 from shira421/16-feat-implement-note-class","messageBody":"Feature: add note class","fileTypesAndContributionMap":{}},{"hash":"30c78d7277609f174aeaa2a96978e0688f9ff8ea","isMergeCommit":false,"messageTitle":"Add JUnit NoteTest.java","messageBody":"","fileTypesAndContributionMap":{"test-code":{"insertions":207,"deletions":0}}},{"hash":"8e839f46849bbd6bf6a316c0e54ba4ad32f1e618","isMergeCommit":false,"messageTitle":"Update JUnit NoteTest.java","messageBody":"","fileTypesAndContributionMap":{"test-code":{"insertions":8,"deletions":4}}},{"hash":"533c376cb3570679c9588d2b5b6e470d8834cd6f","isMergeCommit":false,"messageTitle":"Add JUnit NoteTest.java","messageBody":"","fileTypesAndContributionMap":{"test-code":{"insertions":1,"deletions":1}}},{"hash":"ccb1bf9903465b6a7906f2a27010070a81db907d","isMergeCommit":true,"messageTitle":"Merge pull request #25 from shira421/16-feat-implement-note-class","messageBody":"Feature: Implement Note Class","fileTypesAndContributionMap":{}},{"hash":"fe0fd28d89c03ce9bb66ba2a31105d2f23c5b767","isMergeCommit":false,"messageTitle":"Add skeleton code for Zettel.java and JUnit Test ZettelTest.java","messageBody":"","fileTypesAndContributionMap":{"functional-code":{"insertions":145,"deletions":9},"test-code":{"insertions":13,"deletions":30}}},{"hash":"8f70537edb31d13d76e83e5022a78fe898acca2b","isMergeCommit":false,"messageTitle":"Update skeleton code for Zettel.java and JUnit Test ZettelTest.java","messageBody":"","fileTypesAndContributionMap":{"functional-code":{"insertions":5,"deletions":0},"test-code":{"insertions":1,"deletions":0}}},{"hash":"593ab280ccd16132056e4bf4069346fcc9ff2892","isMergeCommit":false,"messageTitle":"Update skeleton code for Zettel.java and JUnit Test ZettelTest.java","messageBody":"","fileTypesAndContributionMap":{"functional-code":{"insertions":2,"deletions":2},"test-code":{"insertions":1,"deletions":1}}},{"hash":"b736a0e7139bdb02d757f5c0f0802bbab26d4514","isMergeCommit":true,"messageTitle":"merge","messageBody":"","fileTypesAndContributionMap":{}},{"hash":"b88a14fa60f0c118eaa05fa2c8c39c6833dead08","isMergeCommit":true,"messageTitle":"Merge branch \u0027master\u0027 of https://github.com/AY2526S1-CS2113-W13-1/tp into 22-feat-implement-zettel-class","messageBody":"","fileTypesAndContributionMap":{}},{"hash":"dddab60f93afa074ad3ccd0cc1f4d5f429e79153","isMergeCommit":true,"messageTitle":"Merge branch \u0027master\u0027 of https://github.com/AY2526S1-CS2113-W13-1/tp into 22-feat-implement-zettel-class","messageBody":"","fileTypesAndContributionMap":{}},{"hash":"bb19fc6fac00dee5e72819678678febc101b8935","isMergeCommit":false,"messageTitle":"Update Zettel.java, UI.java and JUnit test ZettelTest.java","messageBody":"","fileTypesAndContributionMap":{"functional-code":{"insertions":66,"deletions":31},"test-code":{"insertions":244,"deletions":14}}}]},{"date":"2025-10-15T00:00:00","commitResults":[{"hash":"e80d101f88cbf8e1949215fa1779e1ca0305746b","isMergeCommit":false,"messageTitle":"Update Zettel.java, UI.java and JUnit test ZettelTest.java","messageBody":"","fileTypesAndContributionMap":{"test-code":{"insertions":41,"deletions":221}}},{"hash":"800a7bc89d5e9ed1bb4cb6cf6e89d85a6b110986","isMergeCommit":false,"messageTitle":"Update Zettel.java to timeout after 30s","messageBody":"","fileTypesAndContributionMap":{"functional-code":{"insertions":20,"deletions":1}}},{"hash":"2282550090f3791b573f9e1055023140ce8e5710","isMergeCommit":true,"messageTitle":"Merge branch \u0027master\u0027 of https://github.com/AY2526S1-CS2113-W13-1/tp into 22-feat-implement-zettel-class","messageBody":"","fileTypesAndContributionMap":{}},{"hash":"2082e0e004165f1852af4e37ac1095dd796a1e39","isMergeCommit":false,"messageTitle":"Update Zettel.java, UI.java, ExitCommand.java and JUnit test ZettelTest.java","messageBody":"","fileTypesAndContributionMap":{"functional-code":{"insertions":2,"deletions":2},"test-code":{"insertions":0,"deletions":15}}},{"hash":"1b0cb3daf021d3f79551d82ff1da3acb7cbb9b3c","isMergeCommit":false,"messageTitle":"Update UI.java","messageBody":"","fileTypesAndContributionMap":{"functional-code":{"insertions":11,"deletions":3}}},{"hash":"d469443b2dbd2a8265ab392806ec3ee30092db70","isMergeCommit":false,"messageTitle":"Update Zettel.java, UI.java","messageBody":"","fileTypesAndContributionMap":{"functional-code":{"insertions":20,"deletions":29}}},{"hash":"1dc18e97b9de6609a7ae2c382f3c092d4c27ff9e","isMergeCommit":false,"messageTitle":"Update Zettel.java, UI.java, gradle.yml","messageBody":"","fileTypesAndContributionMap":{"functional-code":{"insertions":26,"deletions":25},"other":{"insertions":13,"deletions":1}}},{"hash":"f6d48648146c3076a4c01751b79a823543d1efda","isMergeCommit":false,"messageTitle":"Update gradle.yml","messageBody":"","fileTypesAndContributionMap":{"other":{"insertions":1,"deletions":0}}},{"hash":"88219102be97c1071dfe7b58604494689a963046","isMergeCommit":false,"messageTitle":"Update gradle.yml","messageBody":"","fileTypesAndContributionMap":{"other":{"insertions":3,"deletions":5}}},{"hash":"0e68df6b4354bb990a5a6421d1db0822a30eceec","isMergeCommit":false,"messageTitle":"Update gradle.yml","messageBody":"","fileTypesAndContributionMap":{"other":{"insertions":2,"deletions":4}}},{"hash":"8f0b491302f174741c9caf6304e7e5861a702cc2","isMergeCommit":true,"messageTitle":"merge","messageBody":"","fileTypesAndContributionMap":{}},{"hash":"5b59aacbda3e610d96d2d45dd9669b497c718a6b","isMergeCommit":true,"messageTitle":"Merge branch \u0027master\u0027 into 22-feat-implement-zettel-class","messageBody":"","fileTypesAndContributionMap":{}},{"hash":"6bf9bbb66ea26a7dbb27d112cfb48bf6f4fc3785","isMergeCommit":false,"messageTitle":"Update format for Note ID","messageBody":"","fileTypesAndContributionMap":{"functional-code":{"insertions":14,"deletions":36}}},{"hash":"078d5e52a557b025e3116dfbe3085f842c5950f9","isMergeCommit":true,"messageTitle":"Merge branch \u002722-feat-implement-zettel-class\u0027 of https://github.com/shira421/tp into 22-feat-implement-zettel-class","messageBody":"","fileTypesAndContributionMap":{}},{"hash":"484feb9262718df672a13ff4074f21df07e7b701","isMergeCommit":false,"messageTitle":"Update timeout in Zettel.java and gradle.yml","messageBody":"","fileTypesAndContributionMap":{"functional-code":{"insertions":1,"deletions":1},"other":{"insertions":2,"deletions":10}}},{"hash":"08e78d232bab6cbb899499fc425529ab0eaf6910","isMergeCommit":false,"messageTitle":"Updated noteId parsing logic","messageBody":"","fileTypesAndContributionMap":{"functional-code":{"insertions":5,"deletions":3},"test-code":{"insertions":49,"deletions":79}}},{"hash":"9c500597f432e4d2e6e0fddadd5f1dea4661bd17","isMergeCommit":false,"messageTitle":"Update gradle.yml","messageBody":"","fileTypesAndContributionMap":{"other":{"insertions":3,"deletions":1}}},{"hash":"bf2a237ffa38776e9a2365ab56968a5b3c52016f","isMergeCommit":false,"messageTitle":"Update text-ui-test","messageBody":"","fileTypesAndContributionMap":{"other":{"insertions":14,"deletions":3}}},{"hash":"f2d953149fa9dc92a13611513bae9261ecdfdf5a","isMergeCommit":false,"messageTitle":"Update text-ui-test","messageBody":"","fileTypesAndContributionMap":{"other":{"insertions":8,"deletions":1}}},{"hash":"88be1fca0331f76fb14dffa4a8447fdb801074d5","isMergeCommit":true,"messageTitle":"Merge pull request #42 from shira421/22-feat-implement-zettel-class","messageBody":"Feature: Implement Zettel Class","fileTypesAndContributionMap":{}}]},{"date":"2025-10-16T00:00:00","commitResults":[{"hash":"5bf89d442bd6049993514f57b61b7c11798fdf54","isMergeCommit":false,"messageTitle":"Add assert command in Note.java and modify NoteTest.java to account for noteId being 8 characters long","messageBody":"","fileTypesAndContributionMap":{"functional-code":{"insertions":1,"deletions":0},"test-code":{"insertions":4,"deletions":4}}},{"hash":"6cde726753798bd6a81b8cbf7e5957dea889b841","isMergeCommit":false,"messageTitle":"Update text-ui-test to normalise dates","messageBody":"","fileTypesAndContributionMap":{"other":{"insertions":8,"deletions":6}}},{"hash":"0072cab0771193825b2de34676e26629d3c62da4","isMergeCommit":false,"messageTitle":"Enable assertions in build.gradle","messageBody":"","fileTypesAndContributionMap":{"other":{"insertions":1,"deletions":0}}},{"hash":"4da04a237b7743b49d8a1f2830a58bc3bbc94f00","isMergeCommit":true,"messageTitle":"Merge branch \u0027master\u0027 of https://github.com/AY2526S1-CS2113-W13-1/tp into 22-feat-implement-zettel-class","messageBody":"","fileTypesAndContributionMap":{}},{"hash":"a6f2b4074c642bc005de0846e0fea7cd7fab8296","isMergeCommit":false,"messageTitle":"Fix magic number for ID_LENGTH","messageBody":"","fileTypesAndContributionMap":{"functional-code":{"insertions":4,"deletions":1}}},{"hash":"ba768f6f45bba47bd2a2e9dbb2a95542ab9437b9","isMergeCommit":true,"messageTitle":"Merge pull request #47 from shira421/22-feat-implement-zettel-class","messageBody":"Fix: Add assertion in Note Class","fileTypesAndContributionMap":{}}]},{"date":"2025-10-17T00:00:00","commitResults":[{"hash":"6411bca90ccfa4f59bb16009abf1fca050eb09ec","isMergeCommit":false,"messageTitle":"Update dependencies to account for new title-timestamp based hash","messageBody":"","fileTypesAndContributionMap":{"functional-code":{"insertions":380,"deletions":60}}},{"hash":"cdc05a5cb7a085e362e6164a0a9ee7a79cccc915","isMergeCommit":false,"messageTitle":"Update JUnit tests to reflect change to hashing method","messageBody":"","fileTypesAndContributionMap":{"test-code":{"insertions":203,"deletions":32}}},{"hash":"f6ce92056454404bef0388a190b7e8595950d153","isMergeCommit":false,"messageTitle":"Update text-ui-test to reflect change to hashing method","messageBody":"","fileTypesAndContributionMap":{"other":{"insertions":46,"deletions":26}}},{"hash":"0010dfbb59e3dba6928be6143812fc765ffe9a1b","isMergeCommit":false,"messageTitle":"Update IDs in PinNoteCommandTest.java and fix style in Parser.java","messageBody":"","fileTypesAndContributionMap":{"functional-code":{"insertions":9,"deletions":9},"test-code":{"insertions":47,"deletions":47}}},{"hash":"ed34f43d7e1f9712f35d4e3512268f3dad92c990","isMergeCommit":false,"messageTitle":"Update text-ui-test to reflect change to hashing method","messageBody":"","fileTypesAndContributionMap":{"other":{"insertions":26,"deletions":33}}},{"hash":"e15ee08e87d9a9ba14bf4b4f43003ff0133734b3","isMergeCommit":false,"messageTitle":"Update text-ui-test to reflect change to hashing method","messageBody":"","fileTypesAndContributionMap":{"other":{"insertions":6,"deletions":6}}},{"hash":"cbcddd792eaa8a5be579389a228ad9e134d35e0f","isMergeCommit":false,"messageTitle":"Add util package","messageBody":"","fileTypesAndContributionMap":{"functional-code":{"insertions":1,"deletions":1},"other":{"insertions":2,"deletions":2}}},{"hash":"4fe92789c37172ba1abaa1d2c2b5c6dd8e457d03","isMergeCommit":true,"messageTitle":"Merge pull request #51 from shira421/16-feat-implement-note-class","messageBody":"Update title-timestamp based hashing, add JDocs for relevant files","fileTypesAndContributionMap":{}},{"hash":"4a70c3a5b5fe1b005b6e5f91c6e61349d2c53332","isMergeCommit":true,"messageTitle":"Merge pull request #54 from gordonajajar/add-remaining-javadoc-v1.0","messageBody":"Add remaining javaDoc for v1.0","fileTypesAndContributionMap":{}},{"hash":"abf206640e8d916a6de8d871d48310a8bb65ef42","isMergeCommit":true,"messageTitle":"Merge pull request #55 from JianHao24/master","messageBody":"Docs: Dev Guide v1","fileTypesAndContributionMap":{}},{"hash":"83a28d731b17f88c98bae48f5f4ec09888b166f2","isMergeCommit":false,"messageTitle":"Add logger to Note.java","messageBody":"","fileTypesAndContributionMap":{"functional-code":{"insertions":5,"deletions":0}}},{"hash":"c8e7239039720ca1215ab1dac7778abc4442621f","isMergeCommit":false,"messageTitle":"Revert \"Docs: Dev Guide v1\"","messageBody":"","fileTypesAndContributionMap":{"docs":{"insertions":20,"deletions":643}}},{"hash":"fce4fb8a6d9540500d2bb8de537b8fdd6e6135c6","isMergeCommit":true,"messageTitle":"Merge pull request #56 from shira421/shira-log","messageBody":"Add logger to Note.java","fileTypesAndContributionMap":{}},{"hash":"6a685116aabc4f308188d53c7bc5523cad84fb0e","isMergeCommit":true,"messageTitle":"Merge pull request #57 from AY2526S1-CS2113-W13-1/revert-55-master","messageBody":"Revert \"Docs: Dev Guide v1\"","fileTypesAndContributionMap":{}}]}]},"authorFileTypeContributionMap":{"gordonajajar":{"docs":117,"functional-code":383,"test-code":244,"other":17},"JianHao24":{"docs":556,"functional-code":706,"test-code":218},"shauntsr":{"docs":198,"functional-code":455,"test-code":563,"other":1},"danielkwan2004":{"docs":277,"functional-code":266,"test-code":372,"other":1},"shira421":{"docs":3,"functional-code":526,"test-code":450,"other":44}},"authorContributionVariance":{"gordonajajar":61996.863,"JianHao24":125572.59,"shauntsr":19624.47,"danielkwan2004":227306.42,"shira421":97650.31},"authorDisplayNameMap":{"gordonajajar":"CS2113-W13-1 GORD.. JIE","JianHao24":"CS2113-W13-1 CHEO.. HAO","shauntsr":"CS2113-W13-1 SHAU.. REN","danielkwan2004":"CS2113-W13-1 DANI.. WEI","shira421":"CS2113-W13-1 VENK..THAN"}}
