{"authorDailyContributionsMap":{"Kennahh":[{"date":"2025-10-01T00:00:00","commitResults":[{"hash":"e404feece167256f5c5695b09756460d2b1d9b44","isMergeCommit":false,"messageTitle":"modify AboutUs.md","messageBody":"","fileTypesAndContributionMap":{"docs":{"insertions":4,"deletions":7}}},{"hash":"bfbbeb44ac297018980c67c9fab261c68c73ac94","isMergeCommit":true,"messageTitle":"Merge branch \u0027master\u0027 into HE-Pui-San-AboutUs","messageBody":"","fileTypesAndContributionMap":{}},{"hash":"754c1cf58306ca19072d3b0e6bd050711c40359e","isMergeCommit":true,"messageTitle":"Merge pull request #2 from Kennahh/HE-Pui-San-AboutUs","messageBody":"modify AboutUs.md","fileTypesAndContributionMap":{}}]},{"date":"2025-10-07T00:00:00","commitResults":[{"hash":"b5b19b073cb806c585f86168babd98483b97a95d","isMergeCommit":false,"messageTitle":"Implement CheckLecturesCommand and CheckTutorialsCommand class. Add methods to support the implementations in ActivityList, Lecture and Tutorial class.","messageBody":"","fileTypesAndContributionMap":{"functional-code":{"insertions":112,"deletions":0}}},{"hash":"bd4815c8048c1f37f8740af7b1fc0c8bcd5ea10b","isMergeCommit":true,"messageTitle":"Merge pull request #30 from Kennahh/branch-checkLecturesAndTutorials","messageBody":"Implement CheckLecturesCommand and CheckTutorialsCommand class. ","fileTypesAndContributionMap":{}},{"hash":"d393717e9500d5d7cbaf38d75d5fa11a57b448f5","isMergeCommit":false,"messageTitle":"Implement CheckExam class.","messageBody":"","fileTypesAndContributionMap":{"functional-code":{"insertions":27,"deletions":0}}},{"hash":"af528370b5abe25164cb6ebdd53de8a00de6a4ac","isMergeCommit":true,"messageTitle":"Merge pull request #31 from Kennahh/branch-checkExam","messageBody":"Implement CheckExam class.","fileTypesAndContributionMap":{}}]},{"date":"2025-10-10T00:00:00","commitResults":[{"hash":"afe0e2294cf6a452070d4f398b944dbdae424532","isMergeCommit":false,"messageTitle":"Implement Notebook as Storage.","messageBody":"","fileTypesAndContributionMap":{"functional-code":{"insertions":80,"deletions":2}}},{"hash":"0f6332d8a35bf6b0425375616ef7d4d9ce22681a","isMergeCommit":false,"messageTitle":"Add writeToFile method in all Activity class to support saveToFile function in Notebook.","messageBody":"","fileTypesAndContributionMap":{"functional-code":{"insertions":53,"deletions":0}}},{"hash":"227a8f0f40895cc31cf3eb84e02549c08a534112","isMergeCommit":false,"messageTitle":"Add saveToFile() to the commands that change activities list.","messageBody":"","fileTypesAndContributionMap":{"functional-code":{"insertions":25,"deletions":4}}},{"hash":"1b517cb801e0a98432809f6c47c48bab8916053a","isMergeCommit":false,"messageTitle":"Fix check commands","messageBody":"","fileTypesAndContributionMap":{"functional-code":{"insertions":6,"deletions":0}}},{"hash":"ccfe2d73357d7811e782d6da0c45d576aa16069b","isMergeCommit":true,"messageTitle":"Merge branch \u0027master\u0027 into branck-Notebook","messageBody":"","fileTypesAndContributionMap":{}},{"hash":"471631f50eadbbf437f7d4416df3029c2064c278","isMergeCommit":true,"messageTitle":"Merge pull request #40 from Kennahh/branck-Notebook","messageBody":"Branck notebook","fileTypesAndContributionMap":{}}]}],"Kurokishi592":[{"date":"2025-10-01T00:00:00","commitResults":[{"hash":"70ab3a1634d12dbeefa7130b8eaad949d1acd706","isMergeCommit":false,"messageTitle":"Modify to add personal project portfolio page.","messageBody":"","fileTypesAndContributionMap":{"other":{"insertions":0,"deletions":54},"docs":{"insertions":2,"deletions":6}}},{"hash":"b696d28c45eb9dc89f0e05a1be27462ef27cdb35","isMergeCommit":true,"messageTitle":"Merge branch \u0027master\u0027 into kenneth-AboutUs","messageBody":"","fileTypesAndContributionMap":{}},{"hash":"26ec78243cc9f8f8a204fb53bb61d32acbd2a251","isMergeCommit":true,"messageTitle":"Merge branch \u0027master\u0027 into kenneth-AboutUs","messageBody":"","fileTypesAndContributionMap":{}},{"hash":"bea1b5d4aad4c34b0f777514dae8efe4608be4f1","isMergeCommit":true,"messageTitle":"Merge pull request #4 from Kurokishi592/kenneth-AboutUs","messageBody":"Modify to add personal project portfolio page.","fileTypesAndContributionMap":{}},{"hash":"f81e88dfe07773259f4cc2deedd8646425d655ac","isMergeCommit":false,"messageTitle":"Initial commit. Establish rough package structure. Every class are not finalised in this commit.","messageBody":"","fileTypesAndContributionMap":{"functional-code":{"insertions":140,"deletions":21}}},{"hash":"9e93f298a91898be8c6932535c9237e62847dbc8","isMergeCommit":false,"messageTitle":"Add parser, ui and a clean main class. Astra displays an intro, logo, and prompts. Astra can parse inputs, recognise \u0027close\u0027 to close the CLI. Astra can recognise unknown inputs and throw an error.","messageBody":"","fileTypesAndContributionMap":{"functional-code":{"insertions":145,"deletions":44}}}]},{"date":"2025-10-08T00:00:00","commitResults":[{"hash":"139a3e5cfd25aa7601d4d8858a587f6df7a47cac","isMergeCommit":false,"messageTitle":"Integrate and fix bugs. Add I/O as well.","messageBody":"Fix Notebook parsing/serialization to your Activity types and actual fields.\nAdd missing getters to Activity classes used by storage.\nWire Astra to load/save via Notebook.\nFix Mark/Unmark to parse indices and use 1-based indexing.\nFix Delete to use 1-based indexing.\nAdd missing parser cases and improve error/help text.\nSmall UI polish.\n","fileTypesAndContributionMap":{"functional-code":{"insertions":332,"deletions":84},"other":{"insertions":14,"deletions":6}}},{"hash":"b636816535aa3d3806b30dfeeffdfa1429303895","isMergeCommit":true,"messageTitle":"Merge pull request #38 from Kurokishi592/Consolidation-of-changes","messageBody":"Integrate and fix bugs. Add I/O as well.","fileTypesAndContributionMap":{}}]}],"Ekko-Technology":[{"date":"2025-10-01T00:00:00","commitResults":[{"hash":"629d962492a2df58b9c156973d12a0aa9d7eda5e","isMergeCommit":false,"messageTitle":"Update AboutUs.md page","messageBody":"","fileTypesAndContributionMap":{"docs":{"insertions":2,"deletions":5}}},{"hash":"0151071c727802be11c2f25d51bedcb18287bfeb","isMergeCommit":true,"messageTitle":"Merge branch \u0027master\u0027 into Joshua-AboutUs","messageBody":"","fileTypesAndContributionMap":{}},{"hash":"1b86babd47a96b3b4f69950fbee46a0658c68f98","isMergeCommit":true,"messageTitle":"Merge pull request #5 from Ekko-Technology/Joshua-AboutUs","messageBody":"Update AboutUs.md page","fileTypesAndContributionMap":{}}]},{"date":"2025-10-02T00:00:00","commitResults":[{"hash":"eb0539aa7b954932229367cb34eb86e7bf67489f","isMergeCommit":true,"messageTitle":"Merge pull request #22 from Kurokishi592/skeleton-main-parser-ui","messageBody":"Skeleton main parser UI","fileTypesAndContributionMap":{}}]},{"date":"2025-10-04T00:00:00","commitResults":[{"hash":"e858c0e75d8f312580958d1710af5d13fda41cb9","isMergeCommit":true,"messageTitle":"Merge pull request #1 from AY2526S1-CS2113-W12-1/master","messageBody":"Add delete and list function","fileTypesAndContributionMap":{}},{"hash":"cc7a8e2ca5d2c726b8f02773aa4f17098ba6d55a","isMergeCommit":false,"messageTitle":"Add Help command to display help menu","messageBody":"","fileTypesAndContributionMap":{"functional-code":{"insertions":98,"deletions":0}}},{"hash":"167bc1f914e8e54bfd11df639110fd631653f338","isMergeCommit":false,"messageTitle":"Update Help Menu by correct commands","messageBody":"","fileTypesAndContributionMap":{"functional-code":{"insertions":5,"deletions":5}}},{"hash":"488cb4903828d2732e41e0a34dbee6badfcd4120","isMergeCommit":false,"messageTitle":"Add constructor for subclass to call","messageBody":"","fileTypesAndContributionMap":{"functional-code":{"insertions":8,"deletions":0}}},{"hash":"50b0104a506992b911e178b4a242f3ab2c7a77ff","isMergeCommit":false,"messageTitle":"Add superclass calls within subclass","messageBody":"","fileTypesAndContributionMap":{"functional-code":{"insertions":7,"deletions":5}}},{"hash":"a63bc3c9320e9846ea45212848490e7f9161af1b","isMergeCommit":false,"messageTitle":"Update execute logic within task, exam, tutorial and lecture commands","messageBody":"","fileTypesAndContributionMap":{"functional-code":{"insertions":119,"deletions":6}}},{"hash":"59d94c0b243bc891a7151314ff39551186e4d7d4","isMergeCommit":true,"messageTitle":"Merge branch \u0027master\u0027 into master","messageBody":"","fileTypesAndContributionMap":{}},{"hash":"d7f3ad13e2ea7eb736c7c188dcc65102ff75f522","isMergeCommit":true,"messageTitle":"Merge pull request #28 from Ekko-Technology/master","messageBody":"Update execute function within command package","fileTypesAndContributionMap":{}}]},{"date":"2025-10-07T00:00:00","commitResults":[{"hash":"0dbbb62a60a2c94877d706effd1cbe3557f82c93","isMergeCommit":true,"messageTitle":"Merge pull request #29 from BTslayer761/mark_unmark-command","messageBody":"Mark unmark command","fileTypesAndContributionMap":{}},{"hash":"0511ebab3a990f234e874b2244767988638d1f8f","isMergeCommit":false,"messageTitle":"Add ChangedeadlineCommand with exception handling","messageBody":"","fileTypesAndContributionMap":{"functional-code":{"insertions":97,"deletions":0}}},{"hash":"f283166164dd22fe2b154c6de77f6f28c5c9f7a8","isMergeCommit":false,"messageTitle":"Update ChangeDeadlineCommand usage in help menu","messageBody":"","fileTypesAndContributionMap":{"functional-code":{"insertions":2,"deletions":2}}},{"hash":"f5e1b09b9392bcb982131fa790caecdf438bca71","isMergeCommit":false,"messageTitle":"Add better exception handling for CheckExamCommand","messageBody":"","fileTypesAndContributionMap":{"functional-code":{"insertions":49,"deletions":5}}},{"hash":"072fedfede1794d7c19e76967aed46a9bd75b893","isMergeCommit":false,"messageTitle":"Add better exception handling for AddTutorialCommand","messageBody":"","fileTypesAndContributionMap":{"functional-code":{"insertions":52,"deletions":9}}},{"hash":"a474338a563c19c86e7219b488011f07415af95c","isMergeCommit":false,"messageTitle":"Add better exception handling for AddLectureCommand","messageBody":"","fileTypesAndContributionMap":{"functional-code":{"insertions":51,"deletions":8}}},{"hash":"10cd843dea95c70b058702e35557b20cfedacd5d","isMergeCommit":false,"messageTitle":"Add better exception handling for AddTaskCommand","messageBody":"","fileTypesAndContributionMap":{"functional-code":{"insertions":35,"deletions":5}}},{"hash":"9adf03d4134ecf21daa6d79d5f7488b42f29a7d2","isMergeCommit":true,"messageTitle":"Merge pull request #32 from Ekko-Technology/changeDeadline","messageBody":"implement Change deadline feature with better exception handlings","fileTypesAndContributionMap":{}}]},{"date":"2025-10-11T00:00:00","commitResults":[{"hash":"6cf44ab6d48be4cc0aac7d98301eadacff4c6132","isMergeCommit":false,"messageTitle":"Add CheckCurrent Command","messageBody":"","fileTypesAndContributionMap":{"functional-code":{"insertions":86,"deletions":0}}},{"hash":"1083f483369df99d652ac965351acb8c2ea2380b","isMergeCommit":false,"messageTitle":"Add comments and update UI help function","messageBody":"","fileTypesAndContributionMap":{"functional-code":{"insertions":8,"deletions":2}}},{"hash":"d1d5927879e8bbab01e4eb46f76e661bc2060959","isMergeCommit":false,"messageTitle":"Add non-integer argument error handling for CheckCurrent","messageBody":"","fileTypesAndContributionMap":{"functional-code":{"insertions":8,"deletions":3}}},{"hash":"f17de1113a12166a9496db524a7f6e7e9f0a3e58","isMergeCommit":true,"messageTitle":"Merge pull request #47 from Ekko-Technology/checkCurrent","messageBody":"Add CheckCurrent Command","fileTypesAndContributionMap":{}}]}],"BTslayer761":[{"date":"2025-10-01T00:00:00","commitResults":[{"hash":"5e4fa96b483fe626febc7514aea83a7b9577f972","isMergeCommit":false,"messageTitle":"Update AboutUs.md","messageBody":"","fileTypesAndContributionMap":{"docs":{"insertions":3,"deletions":7}}},{"hash":"4051f72af7e0a0774e8e3c6313b673ec0d393f26","isMergeCommit":true,"messageTitle":"Merge branch \u0027master\u0027 into Brendan_Tey-AboutUs","messageBody":"","fileTypesAndContributionMap":{}},{"hash":"c23a141747e6a3c6a5f499f4b25ccc5d858fb7ee","isMergeCommit":true,"messageTitle":"Merge pull request #3 from BTslayer761/Brendan_Tey-AboutUs","messageBody":"Update AboutUs.md ","fileTypesAndContributionMap":{}}]},{"date":"2025-10-02T00:00:00","commitResults":[{"hash":"f211ac2f755b03266cec3d193649c227232b31f5","isMergeCommit":false,"messageTitle":"Add activity package and different activity skeletons","messageBody":"","fileTypesAndContributionMap":{"functional-code":{"insertions":76,"deletions":0}}},{"hash":"03e1f3ab62c9f7b4bdb388156e58fda4ba586159","isMergeCommit":false,"messageTitle":"Add command package and different command skeletons","messageBody":"","fileTypesAndContributionMap":{"functional-code":{"insertions":173,"deletions":0}}}]},{"date":"2025-10-05T00:00:00","commitResults":[{"hash":"e3a2ad2cd4f122244a66a5b6cac98ce5e72b6c7c","isMergeCommit":false,"messageTitle":"Helper functions for Mark/Unmark commands.","messageBody":"","fileTypesAndContributionMap":{"functional-code":{"insertions":14,"deletions":0}}},{"hash":"ee04847ec26ffa31e79a25e396007f8c754a3ea9","isMergeCommit":false,"messageTitle":"Add MarkCommand","messageBody":"","fileTypesAndContributionMap":{"functional-code":{"insertions":20,"deletions":0}}},{"hash":"ebb1d8d0a6fdca8651bb2c09cf3bca0e967efb1f","isMergeCommit":false,"messageTitle":"Add unmarkCommand","messageBody":"","fileTypesAndContributionMap":{"functional-code":{"insertions":20,"deletions":0}}}]}],"JeanPerrierIII":[{"date":"2025-09-25T00:00:00","commitResults":[{"hash":"a02d1f4e675e3c786e3f8fddf278e12fc2146eaf","isMergeCommit":false,"messageTitle":"Add skeleton code","messageBody":"","fileTypesAndContributionMap":{"functional-code":{"insertions":148,"deletions":21},"other":{"insertions":4,"deletions":4}}}]},{"date":"2025-10-01T00:00:00","commitResults":[{"hash":"5354fd1e600862d1d517a95b25f70f2636abab42","isMergeCommit":false,"messageTitle":"update AboutUs.md","messageBody":"","fileTypesAndContributionMap":{"docs":{"insertions":3,"deletions":7}}},{"hash":"c1ce83f25dbf13f04bb4d45f1b08ff5a147dbcb2","isMergeCommit":false,"messageTitle":"update jeanperrieriii.md","messageBody":"","fileTypesAndContributionMap":{"docs":{"insertions":1,"deletions":1}}},{"hash":"3c08ce64343c01e487aa39ba94b79e2ee9880a9a","isMergeCommit":true,"messageTitle":"Merge pull request #1 from JeanPerrierIII/szeanh-AboutUs","messageBody":"szeanh about us","fileTypesAndContributionMap":{}},{"hash":"d16687f7b6e83d375981a4927c95b6913ad1bdca","isMergeCommit":false,"messageTitle":"update AboutUs.md","messageBody":"","fileTypesAndContributionMap":{"docs":{"insertions":1,"deletions":1}}},{"hash":"a6fdfca9885c37c0918c689cb268118bc2156dc2","isMergeCommit":true,"messageTitle":"Merge branch \u0027master\u0027 into szeanh-AboutUs","messageBody":"","fileTypesAndContributionMap":{}},{"hash":"5719901666dea7cc4828f5f9a249001e74726028","isMergeCommit":true,"messageTitle":"Merge pull request #6 from JeanPerrierIII/szeanh-AboutUs","messageBody":"update AboutUs.md","fileTypesAndContributionMap":{}},{"hash":"e370089ffe631dc637b6e1fa2e37e16d170da011","isMergeCommit":true,"messageTitle":"Merge remote-tracking branch \u0027origin/master\u0027","messageBody":"","fileTypesAndContributionMap":{}},{"hash":"2e862135eba5b6cdc6ef6a5b81d986a887447bb8","isMergeCommit":true,"messageTitle":"Merge remote-tracking branch \u0027origin/master\u0027","messageBody":"","fileTypesAndContributionMap":{}}]},{"date":"2025-10-02T00:00:00","commitResults":[{"hash":"fd3cd0c9eac3c4c7cf98d598aceea01769089bbf","isMergeCommit":true,"messageTitle":"Merge remote-tracking branch \u0027origin/master\u0027","messageBody":"","fileTypesAndContributionMap":{}},{"hash":"8e149d004a362f8f10acabb0cfccc6d915e298bb","isMergeCommit":true,"messageTitle":"Merge pull request #23 from BTslayer761/master","messageBody":"Implementation of command and activity skeletons","fileTypesAndContributionMap":{}},{"hash":"6d3614eda8a211bc45cbdd9282941842d8bf11ae","isMergeCommit":true,"messageTitle":"Merge remote-tracking branch \u0027origin/master\u0027","messageBody":"","fileTypesAndContributionMap":{}},{"hash":"6e67a55b0cf27d0bb8e28895c51443ebd35f523f","isMergeCommit":false,"messageTitle":"Resolve duplicate command class","messageBody":"","fileTypesAndContributionMap":{"functional-code":{"insertions":172,"deletions":152},"other":{"insertions":19,"deletions":11}}},{"hash":"c7dc9c233c248a00bf88f2f453c766788dcf06b7","isMergeCommit":true,"messageTitle":"Merge pull request #24 from JeanPerrierIII/master","messageBody":"Resolve duplicate command class","fileTypesAndContributionMap":{}}]},{"date":"2025-10-04T00:00:00","commitResults":[{"hash":"9e7a314015e62cc264766777735bc7b8ce042ea4","isMergeCommit":false,"messageTitle":"implement delete and list function","messageBody":"","fileTypesAndContributionMap":{"functional-code":{"insertions":163,"deletions":20}}},{"hash":"18ae74fd9c95b2a9d44e1f55b9b6e165b8bded11","isMergeCommit":true,"messageTitle":"Merge pull request #25 from JeanPerrierIII/master","messageBody":"implement delete and list function","fileTypesAndContributionMap":{}},{"hash":"271efce754c6072361c5a2584619edbe3068434a","isMergeCommit":false,"messageTitle":"implement create task function","messageBody":"","fileTypesAndContributionMap":{"functional-code":{"insertions":64,"deletions":23},"other":{"insertions":2,"deletions":2}}},{"hash":"2bf0170ea97944c99543b97d1b24911263085d6f","isMergeCommit":true,"messageTitle":"Merge pull request #26 from JeanPerrierIII/master","messageBody":"implement create task function","fileTypesAndContributionMap":{}},{"hash":"de3a61ae6f55bd9151f957db0da3f5b2614b2f10","isMergeCommit":false,"messageTitle":"remove seedu.nusmodsplus placeholder","messageBody":"","fileTypesAndContributionMap":{"functional-code":{"insertions":0,"deletions":148}}},{"hash":"f6f5098f0abe934ad1d9a7d1d7b1ae2d4031c098","isMergeCommit":true,"messageTitle":"Merge remote-tracking branch \u0027origin/master\u0027","messageBody":"","fileTypesAndContributionMap":{}}]},{"date":"2025-10-08T00:00:00","commitResults":[{"hash":"a7427f8337d7ebd95a7375c78774599576275ee4","isMergeCommit":true,"messageTitle":"Merge remote-tracking branch \u0027origin/master\u0027","messageBody":"","fileTypesAndContributionMap":{}}]},{"date":"2025-10-10T00:00:00","commitResults":[{"hash":"3a01964387ee54eb016f3c3b16c90b205dd31b9d","isMergeCommit":true,"messageTitle":"Merge remote-tracking branch \u0027origin/master\u0027","messageBody":"","fileTypesAndContributionMap":{}},{"hash":"05349f4f283715bc7b8b7f77a412d3759020b4b5","isMergeCommit":false,"messageTitle":"Implement flexible time date time handling for AddTaskCommand","messageBody":"","fileTypesAndContributionMap":{"functional-code":{"insertions":11,"deletions":5}}},{"hash":"6fc89ebad4be5b84344aface71d3901f06c47dd7","isMergeCommit":true,"messageTitle":"Merge branch \u0027szeanh-FlexiTiming\u0027","messageBody":"* szeanh-FlexiTiming:\n  Implement flexible time date time handling for AddTaskCommand\n","fileTypesAndContributionMap":{}},{"hash":"f15012abd87fd8d4acdbf3de1a7b9044159ac8c0","isMergeCommit":true,"messageTitle":"Merge pull request #39 from JeanPerrierIII/szeanh-FlexiTiming","messageBody":"Implement flexible timing for addTaskCommand","fileTypesAndContributionMap":{}},{"hash":"0bf3a804086fa199fb92f351951f6b718ce1e703","isMergeCommit":true,"messageTitle":"Merge remote-tracking branch \u0027origin/master\u0027","messageBody":"","fileTypesAndContributionMap":{}},{"hash":"5c666dfa8c55cb88da18bd9363e2431646d971f2","isMergeCommit":false,"messageTitle":"Resolve Notebook.java compiler errors","messageBody":"","fileTypesAndContributionMap":{"functional-code":{"insertions":12,"deletions":9}}},{"hash":"69c3ad77160e84388581fda7c90087d21ef3e46d","isMergeCommit":true,"messageTitle":"Merge pull request #43 from JeanPerrierIII/szeanh-notebookquickfix","messageBody":"Resolve Notebook.java compiler errors","fileTypesAndContributionMap":{}},{"hash":"15c4e5cbf9bcc210839ac27bc18113b3558eb215","isMergeCommit":false,"messageTitle":"Add JUnitTest","messageBody":"","fileTypesAndContributionMap":{"test-code":{"insertions":41,"deletions":12}}},{"hash":"cd154f7cfec3fce1d8e3454ad6f14c3c49499eab","isMergeCommit":true,"messageTitle":"Merge pull request #44 from JeanPerrierIII/szeanh-JUnitTest","messageBody":"Add JUnitTest","fileTypesAndContributionMap":{}},{"hash":"509b3661a4145cfb2bef8559c334cd8286e9c416","isMergeCommit":false,"messageTitle":"Implement DayOfWeek","messageBody":"","fileTypesAndContributionMap":{"functional-code":{"insertions":90,"deletions":26}}},{"hash":"8496fd8530645c9f3060c72825d6d6001c17df33","isMergeCommit":true,"messageTitle":"Merge pull request #45 from JeanPerrierIII/szeanh-dayofweek","messageBody":"Implement DayOfWeek","fileTypesAndContributionMap":{}},{"hash":"b39a7e303558e27239f014d6eac6841a5523519d","isMergeCommit":false,"messageTitle":"Add some more JUnitTest","messageBody":"","fileTypesAndContributionMap":{"test-code":{"insertions":30,"deletions":2}}},{"hash":"836f55fdacec6211320be3887f35d00736412364","isMergeCommit":true,"messageTitle":"Merge pull request #46 from JeanPerrierIII/szeanh-dayofweek","messageBody":"Add some more JUnitTest","fileTypesAndContributionMap":{}}]},{"date":"2025-10-11T00:00:00","commitResults":[{"hash":"7e42469c6cb7fee9156ad14dc73787865e0737be","isMergeCommit":false,"messageTitle":"Update CheckTutorialsCommand, CheckLecturesCommand to use DayOfWeek","messageBody":"","fileTypesAndContributionMap":{"functional-code":{"insertions":26,"deletions":9}}},{"hash":"40989a301e6ddf980aa98c5855a2cddbdd9548ea","isMergeCommit":true,"messageTitle":"Merge pull request #49 from JeanPerrierIII/szeanh-dayofweek","messageBody":"Update CheckTutorialsCommand, CheckLecturesCommand to use DayOfWeek","fileTypesAndContributionMap":{}}]}]},"authorFileTypeContributionMap":{"Kennahh":{"docs":1,"functional-code":281,"test-code":0},"Kurokishi592":{"docs":2,"functional-code":538,"test-code":0},"Ekko-Technology":{"docs":1,"functional-code":515,"test-code":0},"BTslayer761":{"docs":1,"functional-code":122,"test-code":0},"JeanPerrierIII":{"docs":2,"functional-code":471,"test-code":69,"other":2}},"authorContributionVariance":{"Kennahh":1908.2534,"Kurokishi592":14285.852,"Ekko-Technology":6717.792,"BTslayer761":2641.629,"JeanPerrierIII":14171.385},"authorDisplayNameMap":{"Kennahh":"CS2113-W12-1 HE P.. SAN","Kurokishi592":"CS2113-W12-1 KENN..N WI","Ekko-Technology":"CS2113-W12-1 JOSH.. TZE","BTslayer761":"CS2113-W12-1 BREN.. HAN","JeanPerrierIII":"CS2113-W12-1 GOH .. ANH"}}
