{"authorDailyContributionsMap":{"Kennahh":[{"date":"2025-10-01T00:00:00","commitResults":[{"hash":"e404feece167256f5c5695b09756460d2b1d9b44","isMergeCommit":false,"messageTitle":"modify AboutUs.md","messageBody":"","fileTypesAndContributionMap":{"docs":{"insertions":4,"deletions":7}}},{"hash":"bfbbeb44ac297018980c67c9fab261c68c73ac94","isMergeCommit":true,"messageTitle":"Merge branch \u0027master\u0027 into HE-Pui-San-AboutUs","messageBody":"","fileTypesAndContributionMap":{}},{"hash":"754c1cf58306ca19072d3b0e6bd050711c40359e","isMergeCommit":true,"messageTitle":"Merge pull request #2 from Kennahh/HE-Pui-San-AboutUs","messageBody":"modify AboutUs.md","fileTypesAndContributionMap":{}}]},{"date":"2025-10-07T00:00:00","commitResults":[{"hash":"b5b19b073cb806c585f86168babd98483b97a95d","isMergeCommit":false,"messageTitle":"Implement CheckLecturesCommand and CheckTutorialsCommand class. Add methods to support the implementations in ActivityList, Lecture and Tutorial class.","messageBody":"","fileTypesAndContributionMap":{"functional-code":{"insertions":112,"deletions":0}}},{"hash":"bd4815c8048c1f37f8740af7b1fc0c8bcd5ea10b","isMergeCommit":true,"messageTitle":"Merge pull request #30 from Kennahh/branch-checkLecturesAndTutorials","messageBody":"Implement CheckLecturesCommand and CheckTutorialsCommand class. ","fileTypesAndContributionMap":{}},{"hash":"d393717e9500d5d7cbaf38d75d5fa11a57b448f5","isMergeCommit":false,"messageTitle":"Implement CheckExam class.","messageBody":"","fileTypesAndContributionMap":{"functional-code":{"insertions":27,"deletions":0}}},{"hash":"af528370b5abe25164cb6ebdd53de8a00de6a4ac","isMergeCommit":true,"messageTitle":"Merge pull request #31 from Kennahh/branch-checkExam","messageBody":"Implement CheckExam class.","fileTypesAndContributionMap":{}}]},{"date":"2025-10-10T00:00:00","commitResults":[{"hash":"afe0e2294cf6a452070d4f398b944dbdae424532","isMergeCommit":false,"messageTitle":"Implement Notebook as Storage.","messageBody":"","fileTypesAndContributionMap":{"functional-code":{"insertions":80,"deletions":2}}},{"hash":"0f6332d8a35bf6b0425375616ef7d4d9ce22681a","isMergeCommit":false,"messageTitle":"Add writeToFile method in all Activity class to support saveToFile function in Notebook.","messageBody":"","fileTypesAndContributionMap":{"functional-code":{"insertions":53,"deletions":0}}},{"hash":"227a8f0f40895cc31cf3eb84e02549c08a534112","isMergeCommit":false,"messageTitle":"Add saveToFile() to the commands that change activities list.","messageBody":"","fileTypesAndContributionMap":{"functional-code":{"insertions":25,"deletions":4}}},{"hash":"1b517cb801e0a98432809f6c47c48bab8916053a","isMergeCommit":false,"messageTitle":"Fix check commands","messageBody":"","fileTypesAndContributionMap":{"functional-code":{"insertions":6,"deletions":0}}},{"hash":"ccfe2d73357d7811e782d6da0c45d576aa16069b","isMergeCommit":true,"messageTitle":"Merge branch \u0027master\u0027 into branck-Notebook","messageBody":"","fileTypesAndContributionMap":{}},{"hash":"471631f50eadbbf437f7d4416df3029c2064c278","isMergeCommit":true,"messageTitle":"Merge pull request #40 from Kennahh/branck-Notebook","messageBody":"Branck notebook","fileTypesAndContributionMap":{}}]},{"date":"2025-10-15T00:00:00","commitResults":[{"hash":"4e79cb6603d84fafa4af5554b732a3409b207e01","isMergeCommit":false,"messageTitle":"Fix style errors","messageBody":"","fileTypesAndContributionMap":{"functional-code":{"insertions":21,"deletions":15}}},{"hash":"b739868bb00a6287bcb6eb9be2f2ec9c0cd915c6","isMergeCommit":true,"messageTitle":"Merge branch \u0027master\u0027 of https://github.com/Kennahh/tp","messageBody":"# Conflicts:\n#\tsrc/main/java/astra/command/AddTutorialCommand.java\n#\tsrc/main/java/astra/command/ChangeDeadlineCommand.java\n#\tsrc/main/java/astra/command/CheckCurrentCommand.java\n","fileTypesAndContributionMap":{}},{"hash":"864c9bc07025cb80a19876ebb23f98f6643c1d00","isMergeCommit":false,"messageTitle":"Fix exam and commands relevant to exam, and also UG.","messageBody":"","fileTypesAndContributionMap":{"functional-code":{"insertions":7,"deletions":2},"docs":{"insertions":4,"deletions":4}}},{"hash":"c4af1bd2d8cc214358b9e9a9b4eee1741c07bbba","isMergeCommit":false,"messageTitle":"Fix style","messageBody":"","fileTypesAndContributionMap":{"functional-code":{"insertions":25,"deletions":17}}},{"hash":"2b9fad37bf0fb628c6f026269ed9c57f9034b78c","isMergeCommit":false,"messageTitle":"Add new line to fix the style","messageBody":"","fileTypesAndContributionMap":{"functional-code":{"insertions":1,"deletions":1}}},{"hash":"1dbe41d6e62943a18063d628d79f9bf67399f58e","isMergeCommit":false,"messageTitle":"Fix expected.txt","messageBody":"","fileTypesAndContributionMap":{"functional-code":{"insertions":6,"deletions":8}}}]}],"Kurokishi592":[{"date":"2025-10-01T00:00:00","commitResults":[{"hash":"70ab3a1634d12dbeefa7130b8eaad949d1acd706","isMergeCommit":false,"messageTitle":"Modify to add personal project portfolio page.","messageBody":"","fileTypesAndContributionMap":{"other":{"insertions":0,"deletions":54},"docs":{"insertions":2,"deletions":6}}},{"hash":"b696d28c45eb9dc89f0e05a1be27462ef27cdb35","isMergeCommit":true,"messageTitle":"Merge branch \u0027master\u0027 into kenneth-AboutUs","messageBody":"","fileTypesAndContributionMap":{}},{"hash":"26ec78243cc9f8f8a204fb53bb61d32acbd2a251","isMergeCommit":true,"messageTitle":"Merge branch \u0027master\u0027 into kenneth-AboutUs","messageBody":"","fileTypesAndContributionMap":{}},{"hash":"bea1b5d4aad4c34b0f777514dae8efe4608be4f1","isMergeCommit":true,"messageTitle":"Merge pull request #4 from Kurokishi592/kenneth-AboutUs","messageBody":"Modify to add personal project portfolio page.","fileTypesAndContributionMap":{}},{"hash":"f81e88dfe07773259f4cc2deedd8646425d655ac","isMergeCommit":false,"messageTitle":"Initial commit. Establish rough package structure. Every class are not finalised in this commit.","messageBody":"","fileTypesAndContributionMap":{"functional-code":{"insertions":140,"deletions":21}}},{"hash":"9e93f298a91898be8c6932535c9237e62847dbc8","isMergeCommit":false,"messageTitle":"Add parser, ui and a clean main class. Astra displays an intro, logo, and prompts. Astra can parse inputs, recognise \u0027close\u0027 to close the CLI. Astra can recognise unknown inputs and throw an error.","messageBody":"","fileTypesAndContributionMap":{"functional-code":{"insertions":145,"deletions":44}}}]},{"date":"2025-10-08T00:00:00","commitResults":[{"hash":"139a3e5cfd25aa7601d4d8858a587f6df7a47cac","isMergeCommit":false,"messageTitle":"Integrate and fix bugs. Add I/O as well.","messageBody":"Fix Notebook parsing/serialization to your Activity types and actual fields.\nAdd missing getters to Activity classes used by storage.\nWire Astra to load/save via Notebook.\nFix Mark/Unmark to parse indices and use 1-based indexing.\nFix Delete to use 1-based indexing.\nAdd missing parser cases and improve error/help text.\nSmall UI polish.\n","fileTypesAndContributionMap":{"functional-code":{"insertions":332,"deletions":84},"other":{"insertions":14,"deletions":6}}},{"hash":"b636816535aa3d3806b30dfeeffdfa1429303895","isMergeCommit":true,"messageTitle":"Merge pull request #38 from Kurokishi592/Consolidation-of-changes","messageBody":"Integrate and fix bugs. Add I/O as well.","fileTypesAndContributionMap":{}}]},{"date":"2025-10-14T00:00:00","commitResults":[{"hash":"6e9ca3ce30c8357d6588ed4b67c41fcd16ceface","isMergeCommit":false,"messageTitle":"Fix a small error in Ui","messageBody":"","fileTypesAndContributionMap":{"functional-code":{"insertions":1,"deletions":1}}},{"hash":"ca0656218e78fdfcb612d3b76b0af762e6edb0c0","isMergeCommit":true,"messageTitle":"Merge branch \u0027master\u0027 of https://github.com/Kurokishi592/tp into JUnit-Logging-Assertions Did not update local. Pulled latest changes into branch with commit.","messageBody":"","fileTypesAndContributionMap":{}},{"hash":"c4b14e6caf3d11386fe8efdbd9e58f1724da38f7","isMergeCommit":false,"messageTitle":"Add JUnit tests for Astra classes and methods (Part 1):","messageBody":"General:\n- as per textbook one FooTest per Foo, with assertions and naming convention of unitBeingTested_descriptionOfTestInputs_expectedOutcome\n- locations are mirrored from src\\main\\astra in src\\test\\astra.\n\n1. Test helper: TestUi to capture Ui output, so as to assert printed messages without touching System.out.\n\n2. Improve existing parser test (AstraParserTest) to make each test clearer\n- Rewritten the tests to make them simpler and more readible\n- Used @BeforeEach/@AfterEach to reset captured output.\n- Instead of assertEquals(false, execute(...)), used assert state/output.\n- Used a temp file for Notebook to avoid writing to project root.\n\n3. Add Parser-specific unit tests (dayOfWeekParser, parseDateTime, command types) under ParserBasicTest\n\n4. Add one test for each activity\n- do some command for each activity type then write to file as success.\n","fileTypesAndContributionMap":{"functional-code":{"insertions":2,"deletions":11},"test-code":{"insertions":340,"deletions":277}}},{"hash":"589b2a800615deb5d8e618df2267b2ea83b9f958","isMergeCommit":false,"messageTitle":"Add JUnit tests for Astra classes and methods (Part 2):","messageBody":"General:\n- as per textbook one FooTest per Foo, with assertions and naming convention of unitBeingTested_descriptionOfTestInputs_expectedOutcome\n- locations are mirrored from src\\main\\astra in src\\test\\astra.\n\nAdd JUnit for command stack\n- Instead of adding one for each type of command, add one test class per command type, which are down to CRUD (Create, Read, Update, Delete, then ListHelpExit)\n- Create: test wrong inputs and right inputs for different activity types (includes\n  Add Exam/Lecture/Tutorial/Task)\n- Check (Read) : for Exam, tutorial, lecture and check current\n- Update/Delete: test functionalities for complete/unmark, delete, changedeadline\n- List/Help/Exit\n","fileTypesAndContributionMap":{"test-code":{"insertions":248,"deletions":0}}},{"hash":"f12fde39c09ba437f9d9f9c33820b7b6c0a9242e","isMergeCommit":false,"messageTitle":"Fix redundancy in dependencies","messageBody":"","fileTypesAndContributionMap":{"functional-code":{"insertions":1,"deletions":4},"test-code":{"insertions":17,"deletions":1}}},{"hash":"e54c96b0776bca7d28341e9e2c07098ea856dd92","isMergeCommit":false,"messageTitle":"Add JUnit tests for Astra classes and methods (Part 3):","messageBody":"1. Add Notebook persistence tests\n- Pipe format (writeToFile/loadFromFile) round-trip used by Astra\n- CSV format (loadFile) using a hand-crafted file that matches its expectations\n\n2. Add simple Ui test\n- Just print help\n","fileTypesAndContributionMap":{"functional-code":{"insertions":0,"deletions":3},"test-code":{"insertions":109,"deletions":0}}},{"hash":"0a6aa6deab7f11c207afdfccc6c0c2733fcf224b","isMergeCommit":true,"messageTitle":"Merge pull request #51 from BTslayer761/ReadMe","messageBody":"Add ReadMe","fileTypesAndContributionMap":{}}]},{"date":"2025-10-15T00:00:00","commitResults":[{"hash":"27d2939c179dc17c7b80c803727b8b29d4e03e7b","isMergeCommit":false,"messageTitle":"Fix all style errors for tests","messageBody":"","fileTypesAndContributionMap":{"functional-code":{"insertions":47,"deletions":45},"test-code":{"insertions":122,"deletions":51}}},{"hash":"a284fe78d6ce43bd235e9cd4a406547ced25634e","isMergeCommit":false,"messageTitle":"Fix remaining src style errors.","messageBody":"","fileTypesAndContributionMap":{"functional-code":{"insertions":72,"deletions":36}}},{"hash":"7cfd90ee962b05fc8319d541414c3e3c73c3bce1","isMergeCommit":false,"messageTitle":"Fix failed to delete temp directory error","messageBody":"Occurred when performing NotebookTest loadFromFile_corruptedLine_throws().\nScanner not closed when parseLine throws, leaving file handle open so JUnit cannot delete temp dir on Windows.\nFix: use try-with-resources and rethrow FileSystemException.\n","fileTypesAndContributionMap":{"functional-code":{"insertions":21,"deletions":19}}}]}],"Ekko-Technology":[{"date":"2025-10-01T00:00:00","commitResults":[{"hash":"629d962492a2df58b9c156973d12a0aa9d7eda5e","isMergeCommit":false,"messageTitle":"Update AboutUs.md page","messageBody":"","fileTypesAndContributionMap":{"docs":{"insertions":2,"deletions":5}}},{"hash":"0151071c727802be11c2f25d51bedcb18287bfeb","isMergeCommit":true,"messageTitle":"Merge branch \u0027master\u0027 into Joshua-AboutUs","messageBody":"","fileTypesAndContributionMap":{}},{"hash":"1b86babd47a96b3b4f69950fbee46a0658c68f98","isMergeCommit":true,"messageTitle":"Merge pull request #5 from Ekko-Technology/Joshua-AboutUs","messageBody":"Update AboutUs.md page","fileTypesAndContributionMap":{}}]},{"date":"2025-10-02T00:00:00","commitResults":[{"hash":"eb0539aa7b954932229367cb34eb86e7bf67489f","isMergeCommit":true,"messageTitle":"Merge pull request #22 from Kurokishi592/skeleton-main-parser-ui","messageBody":"Skeleton main parser UI","fileTypesAndContributionMap":{}}]},{"date":"2025-10-04T00:00:00","commitResults":[{"hash":"e858c0e75d8f312580958d1710af5d13fda41cb9","isMergeCommit":true,"messageTitle":"Merge pull request #1 from AY2526S1-CS2113-W12-1/master","messageBody":"Add delete and list function","fileTypesAndContributionMap":{}},{"hash":"cc7a8e2ca5d2c726b8f02773aa4f17098ba6d55a","isMergeCommit":false,"messageTitle":"Add Help command to display help menu","messageBody":"","fileTypesAndContributionMap":{"functional-code":{"insertions":98,"deletions":0}}},{"hash":"167bc1f914e8e54bfd11df639110fd631653f338","isMergeCommit":false,"messageTitle":"Update Help Menu by correct commands","messageBody":"","fileTypesAndContributionMap":{"functional-code":{"insertions":5,"deletions":5}}},{"hash":"488cb4903828d2732e41e0a34dbee6badfcd4120","isMergeCommit":false,"messageTitle":"Add constructor for subclass to call","messageBody":"","fileTypesAndContributionMap":{"functional-code":{"insertions":8,"deletions":0}}},{"hash":"50b0104a506992b911e178b4a242f3ab2c7a77ff","isMergeCommit":false,"messageTitle":"Add superclass calls within subclass","messageBody":"","fileTypesAndContributionMap":{"functional-code":{"insertions":7,"deletions":5}}},{"hash":"a63bc3c9320e9846ea45212848490e7f9161af1b","isMergeCommit":false,"messageTitle":"Update execute logic within task, exam, tutorial and lecture commands","messageBody":"","fileTypesAndContributionMap":{"functional-code":{"insertions":119,"deletions":6}}},{"hash":"59d94c0b243bc891a7151314ff39551186e4d7d4","isMergeCommit":true,"messageTitle":"Merge branch \u0027master\u0027 into master","messageBody":"","fileTypesAndContributionMap":{}},{"hash":"d7f3ad13e2ea7eb736c7c188dcc65102ff75f522","isMergeCommit":true,"messageTitle":"Merge pull request #28 from Ekko-Technology/master","messageBody":"Update execute function within command package","fileTypesAndContributionMap":{}}]},{"date":"2025-10-07T00:00:00","commitResults":[{"hash":"0dbbb62a60a2c94877d706effd1cbe3557f82c93","isMergeCommit":true,"messageTitle":"Merge pull request #29 from BTslayer761/mark_unmark-command","messageBody":"Mark unmark command","fileTypesAndContributionMap":{}},{"hash":"0511ebab3a990f234e874b2244767988638d1f8f","isMergeCommit":false,"messageTitle":"Add ChangedeadlineCommand with exception handling","messageBody":"","fileTypesAndContributionMap":{"functional-code":{"insertions":97,"deletions":0}}},{"hash":"f283166164dd22fe2b154c6de77f6f28c5c9f7a8","isMergeCommit":false,"messageTitle":"Update ChangeDeadlineCommand usage in help menu","messageBody":"","fileTypesAndContributionMap":{"functional-code":{"insertions":2,"deletions":2}}},{"hash":"f5e1b09b9392bcb982131fa790caecdf438bca71","isMergeCommit":false,"messageTitle":"Add better exception handling for CheckExamCommand","messageBody":"","fileTypesAndContributionMap":{"functional-code":{"insertions":49,"deletions":5}}},{"hash":"072fedfede1794d7c19e76967aed46a9bd75b893","isMergeCommit":false,"messageTitle":"Add better exception handling for AddTutorialCommand","messageBody":"","fileTypesAndContributionMap":{"functional-code":{"insertions":52,"deletions":9}}},{"hash":"a474338a563c19c86e7219b488011f07415af95c","isMergeCommit":false,"messageTitle":"Add better exception handling for AddLectureCommand","messageBody":"","fileTypesAndContributionMap":{"functional-code":{"insertions":51,"deletions":8}}},{"hash":"10cd843dea95c70b058702e35557b20cfedacd5d","isMergeCommit":false,"messageTitle":"Add better exception handling for AddTaskCommand","messageBody":"","fileTypesAndContributionMap":{"functional-code":{"insertions":35,"deletions":5}}},{"hash":"9adf03d4134ecf21daa6d79d5f7488b42f29a7d2","isMergeCommit":true,"messageTitle":"Merge pull request #32 from Ekko-Technology/changeDeadline","messageBody":"implement Change deadline feature with better exception handlings","fileTypesAndContributionMap":{}}]},{"date":"2025-10-11T00:00:00","commitResults":[{"hash":"6cf44ab6d48be4cc0aac7d98301eadacff4c6132","isMergeCommit":false,"messageTitle":"Add CheckCurrent Command","messageBody":"","fileTypesAndContributionMap":{"functional-code":{"insertions":86,"deletions":0}}},{"hash":"1083f483369df99d652ac965351acb8c2ea2380b","isMergeCommit":false,"messageTitle":"Add comments and update UI help function","messageBody":"","fileTypesAndContributionMap":{"functional-code":{"insertions":8,"deletions":2}}},{"hash":"d1d5927879e8bbab01e4eb46f76e661bc2060959","isMergeCommit":false,"messageTitle":"Add non-integer argument error handling for CheckCurrent","messageBody":"","fileTypesAndContributionMap":{"functional-code":{"insertions":8,"deletions":3}}},{"hash":"f17de1113a12166a9496db524a7f6e7e9f0a3e58","isMergeCommit":true,"messageTitle":"Merge pull request #47 from Ekko-Technology/checkCurrent","messageBody":"Add CheckCurrent Command","fileTypesAndContributionMap":{}}]},{"date":"2025-10-14T00:00:00","commitResults":[{"hash":"f67ff943106f4448cd06bf36bb0bb5e46030344a","isMergeCommit":true,"messageTitle":"Merge pull request #52 from Kurokishi592/JUnit-test","messageBody":"Add J unit test","fileTypesAndContributionMap":{}}]},{"date":"2025-10-18T00:00:00","commitResults":[{"hash":"6a01c78374cd322f8ac90133bb9446ef2307589d","isMergeCommit":false,"messageTitle":"Added logic to set Priority index among task instances","messageBody":"","fileTypesAndContributionMap":{"functional-code":{"insertions":202,"deletions":10}}},{"hash":"9a7aebb0b8fae253242e0f63fa8940ffabb16c42","isMergeCommit":false,"messageTitle":"Add Task display in order of priority feature","messageBody":"","fileTypesAndContributionMap":{"functional-code":{"insertions":52,"deletions":14}}},{"hash":"999c1b7e7f6af76b592af3b49dfd58c9aa2cd616","isMergeCommit":false,"messageTitle":"Update help command for priority feature","messageBody":"","fileTypesAndContributionMap":{"functional-code":{"insertions":4,"deletions":1}}},{"hash":"9ba65aa71adba04210e9a9141762d12f67df5e9b","isMergeCommit":false,"messageTitle":"Fix coding standard","messageBody":"","fileTypesAndContributionMap":{"functional-code":{"insertions":76,"deletions":65}}},{"hash":"66f6ca72134634f8146608431ad409026d8160d5","isMergeCommit":false,"messageTitle":"Fix coding standard 2","messageBody":"","fileTypesAndContributionMap":{"functional-code":{"insertions":2,"deletions":1},"test-code":{"insertions":13,"deletions":2}}},{"hash":"6c4530c3a44a22206d7829d8187d63f2363c06c7","isMergeCommit":false,"messageTitle":"Fix Junit testing","messageBody":"","fileTypesAndContributionMap":{"functional-code":{"insertions":2,"deletions":1},"test-code":{"insertions":13,"deletions":25}}},{"hash":"a1b081d81fbe8eafa4f6e9d9fec4424698fc4a02","isMergeCommit":false,"messageTitle":"Fix Junit testing V2","messageBody":"","fileTypesAndContributionMap":{"functional-code":{"insertions":24,"deletions":4},"test-code":{"insertions":16,"deletions":3}}}]},{"date":"2025-10-19T00:00:00","commitResults":[{"hash":"a9086c1fd3f68a065956870023be61d1cffa35c5","isMergeCommit":false,"messageTitle":"Replace Scanner method","messageBody":"","fileTypesAndContributionMap":{"functional-code":{"insertions":45,"deletions":38}}},{"hash":"f6af671b34794c5ca15472979890b5e22e3215e3","isMergeCommit":false,"messageTitle":"Fix AddTaskCommand code to pass junits test","messageBody":"","fileTypesAndContributionMap":{"functional-code":{"insertions":19,"deletions":41},"other":{"insertions":11,"deletions":7}}},{"hash":"11bfaa417024d4b9cbdf1aaca864df038a4c880e","isMergeCommit":false,"messageTitle":"fix and junit test inputs for all Task instances","messageBody":"","fileTypesAndContributionMap":{"test-code":{"insertions":9,"deletions":9}}},{"hash":"c760429f554662859814326e12e1042f2478ada2","isMergeCommit":false,"messageTitle":"Add additional Junits test cases for setting Priority","messageBody":"","fileTypesAndContributionMap":{"test-code":{"insertions":22,"deletions":0}}},{"hash":"23392b4626581b7d75113dd58a2b8ff4c7f5bcde","isMergeCommit":false,"messageTitle":"Fix code to address checkmainstyle errors","messageBody":"","fileTypesAndContributionMap":{"functional-code":{"insertions":29,"deletions":20}}}]}],"BTslayer761":[{"date":"2025-10-01T00:00:00","commitResults":[{"hash":"5e4fa96b483fe626febc7514aea83a7b9577f972","isMergeCommit":false,"messageTitle":"Update AboutUs.md","messageBody":"","fileTypesAndContributionMap":{"docs":{"insertions":3,"deletions":7}}},{"hash":"4051f72af7e0a0774e8e3c6313b673ec0d393f26","isMergeCommit":true,"messageTitle":"Merge branch \u0027master\u0027 into Brendan_Tey-AboutUs","messageBody":"","fileTypesAndContributionMap":{}},{"hash":"c23a141747e6a3c6a5f499f4b25ccc5d858fb7ee","isMergeCommit":true,"messageTitle":"Merge pull request #3 from BTslayer761/Brendan_Tey-AboutUs","messageBody":"Update AboutUs.md ","fileTypesAndContributionMap":{}}]},{"date":"2025-10-02T00:00:00","commitResults":[{"hash":"f211ac2f755b03266cec3d193649c227232b31f5","isMergeCommit":false,"messageTitle":"Add activity package and different activity skeletons","messageBody":"","fileTypesAndContributionMap":{"functional-code":{"insertions":76,"deletions":0}}},{"hash":"03e1f3ab62c9f7b4bdb388156e58fda4ba586159","isMergeCommit":false,"messageTitle":"Add command package and different command skeletons","messageBody":"","fileTypesAndContributionMap":{"functional-code":{"insertions":173,"deletions":0}}}]},{"date":"2025-10-05T00:00:00","commitResults":[{"hash":"e3a2ad2cd4f122244a66a5b6cac98ce5e72b6c7c","isMergeCommit":false,"messageTitle":"Helper functions for Mark/Unmark commands.","messageBody":"","fileTypesAndContributionMap":{"functional-code":{"insertions":14,"deletions":0}}},{"hash":"ee04847ec26ffa31e79a25e396007f8c754a3ea9","isMergeCommit":false,"messageTitle":"Add MarkCommand","messageBody":"","fileTypesAndContributionMap":{"functional-code":{"insertions":20,"deletions":0}}},{"hash":"ebb1d8d0a6fdca8651bb2c09cf3bca0e967efb1f","isMergeCommit":false,"messageTitle":"Add unmarkCommand","messageBody":"","fileTypesAndContributionMap":{"functional-code":{"insertions":20,"deletions":0}}}]},{"date":"2025-10-12T00:00:00","commitResults":[{"hash":"5428b9ab82493ac06b373d88800a29200c8f1577","isMergeCommit":false,"messageTitle":"Add ByteArrayOutputStream and PrintStream to check error messages for invalid input of CompleteCommand","messageBody":"","fileTypesAndContributionMap":{"test-code":{"insertions":31,"deletions":3}}},{"hash":"117d6ecc9ca4a6fe9540ed15f4abcbdd3f678da3","isMergeCommit":false,"messageTitle":"Add test for valid input for CompleteCommand","messageBody":"","fileTypesAndContributionMap":{"test-code":{"insertions":25,"deletions":0}}},{"hash":"64cdda5cd7687c8591739ac7975ded3f69517c33","isMergeCommit":false,"messageTitle":"Add test for invalid input for CompleteCommand","messageBody":"","fileTypesAndContributionMap":{"test-code":{"insertions":66,"deletions":0}}},{"hash":"7f18f071de5483c6274fe6ec73498094767254ba","isMergeCommit":false,"messageTitle":"Add test for valid input of UnmarkCommand","messageBody":"","fileTypesAndContributionMap":{"test-code":{"insertions":26,"deletions":0}}},{"hash":"395aff812fe3e7e4dd8ece4470b73c1360741876","isMergeCommit":false,"messageTitle":"Change error message printed to console","messageBody":"","fileTypesAndContributionMap":{"functional-code":{"insertions":1,"deletions":1}}},{"hash":"94ba54121ccbfecc3be5e3404e6f924ebe95c9a4","isMergeCommit":false,"messageTitle":"Add test for invalid input for UnmarkCommand","messageBody":"","fileTypesAndContributionMap":{"test-code":{"insertions":63,"deletions":0}}}]},{"date":"2025-10-13T00:00:00","commitResults":[{"hash":"defb26c15a6e337993b9167133632cfe93d0e2f7","isMergeCommit":true,"messageTitle":"Merge pull request #50 from BTslayer761/JUnit-test","messageBody":"JUnit tests for Complete/Unmark Commands","fileTypesAndContributionMap":{}},{"hash":"700b9b59d9b216f3bd60396f8b6de32faff6e05a","isMergeCommit":false,"messageTitle":"Add ReadMe","messageBody":"","fileTypesAndContributionMap":{"docs":{"insertions":242,"deletions":15}}}]},{"date":"2025-10-15T00:00:00","commitResults":[{"hash":"4483d9f0aa39c8898686a5a809d8c73131f4b48c","isMergeCommit":true,"messageTitle":"Merge pull request #62 from Kennahh/master","messageBody":"Fix exam related classes by editing the styling as well as adding the venue parameter for Exam class creation","fileTypesAndContributionMap":{}}]},{"date":"2025-10-19T00:00:00","commitResults":[{"hash":"6468a6d4b161a79aeed8817ac7defad60cd42536","isMergeCommit":true,"messageTitle":"Merge pull request #72 from Ekko-Technology/set_list_priorityV2","messageBody":"Add Set priority and priority ordering features V2","fileTypesAndContributionMap":{}}]}],"JeanPerrierIII":[{"date":"2025-09-25T00:00:00","commitResults":[{"hash":"a02d1f4e675e3c786e3f8fddf278e12fc2146eaf","isMergeCommit":false,"messageTitle":"Add skeleton code","messageBody":"","fileTypesAndContributionMap":{"functional-code":{"insertions":148,"deletions":21},"other":{"insertions":4,"deletions":4}}}]},{"date":"2025-10-01T00:00:00","commitResults":[{"hash":"5354fd1e600862d1d517a95b25f70f2636abab42","isMergeCommit":false,"messageTitle":"update AboutUs.md","messageBody":"","fileTypesAndContributionMap":{"docs":{"insertions":3,"deletions":7}}},{"hash":"c1ce83f25dbf13f04bb4d45f1b08ff5a147dbcb2","isMergeCommit":false,"messageTitle":"update jeanperrieriii.md","messageBody":"","fileTypesAndContributionMap":{"docs":{"insertions":1,"deletions":1}}},{"hash":"3c08ce64343c01e487aa39ba94b79e2ee9880a9a","isMergeCommit":true,"messageTitle":"Merge pull request #1 from JeanPerrierIII/szeanh-AboutUs","messageBody":"szeanh about us","fileTypesAndContributionMap":{}},{"hash":"d16687f7b6e83d375981a4927c95b6913ad1bdca","isMergeCommit":false,"messageTitle":"update AboutUs.md","messageBody":"","fileTypesAndContributionMap":{"docs":{"insertions":1,"deletions":1}}},{"hash":"a6fdfca9885c37c0918c689cb268118bc2156dc2","isMergeCommit":true,"messageTitle":"Merge branch \u0027master\u0027 into szeanh-AboutUs","messageBody":"","fileTypesAndContributionMap":{}},{"hash":"5719901666dea7cc4828f5f9a249001e74726028","isMergeCommit":true,"messageTitle":"Merge pull request #6 from JeanPerrierIII/szeanh-AboutUs","messageBody":"update AboutUs.md","fileTypesAndContributionMap":{}},{"hash":"e370089ffe631dc637b6e1fa2e37e16d170da011","isMergeCommit":true,"messageTitle":"Merge remote-tracking branch \u0027origin/master\u0027","messageBody":"","fileTypesAndContributionMap":{}},{"hash":"2e862135eba5b6cdc6ef6a5b81d986a887447bb8","isMergeCommit":true,"messageTitle":"Merge remote-tracking branch \u0027origin/master\u0027","messageBody":"","fileTypesAndContributionMap":{}}]},{"date":"2025-10-02T00:00:00","commitResults":[{"hash":"fd3cd0c9eac3c4c7cf98d598aceea01769089bbf","isMergeCommit":true,"messageTitle":"Merge remote-tracking branch \u0027origin/master\u0027","messageBody":"","fileTypesAndContributionMap":{}},{"hash":"8e149d004a362f8f10acabb0cfccc6d915e298bb","isMergeCommit":true,"messageTitle":"Merge pull request #23 from BTslayer761/master","messageBody":"Implementation of command and activity skeletons","fileTypesAndContributionMap":{}},{"hash":"6d3614eda8a211bc45cbdd9282941842d8bf11ae","isMergeCommit":true,"messageTitle":"Merge remote-tracking branch \u0027origin/master\u0027","messageBody":"","fileTypesAndContributionMap":{}},{"hash":"6e67a55b0cf27d0bb8e28895c51443ebd35f523f","isMergeCommit":false,"messageTitle":"Resolve duplicate command class","messageBody":"","fileTypesAndContributionMap":{"functional-code":{"insertions":172,"deletions":152},"other":{"insertions":19,"deletions":11}}},{"hash":"c7dc9c233c248a00bf88f2f453c766788dcf06b7","isMergeCommit":true,"messageTitle":"Merge pull request #24 from JeanPerrierIII/master","messageBody":"Resolve duplicate command class","fileTypesAndContributionMap":{}}]},{"date":"2025-10-04T00:00:00","commitResults":[{"hash":"9e7a314015e62cc264766777735bc7b8ce042ea4","isMergeCommit":false,"messageTitle":"implement delete and list function","messageBody":"","fileTypesAndContributionMap":{"functional-code":{"insertions":163,"deletions":20}}},{"hash":"18ae74fd9c95b2a9d44e1f55b9b6e165b8bded11","isMergeCommit":true,"messageTitle":"Merge pull request #25 from JeanPerrierIII/master","messageBody":"implement delete and list function","fileTypesAndContributionMap":{}},{"hash":"271efce754c6072361c5a2584619edbe3068434a","isMergeCommit":false,"messageTitle":"implement create task function","messageBody":"","fileTypesAndContributionMap":{"functional-code":{"insertions":64,"deletions":23},"other":{"insertions":2,"deletions":2}}},{"hash":"2bf0170ea97944c99543b97d1b24911263085d6f","isMergeCommit":true,"messageTitle":"Merge pull request #26 from JeanPerrierIII/master","messageBody":"implement create task function","fileTypesAndContributionMap":{}},{"hash":"de3a61ae6f55bd9151f957db0da3f5b2614b2f10","isMergeCommit":false,"messageTitle":"remove seedu.nusmodsplus placeholder","messageBody":"","fileTypesAndContributionMap":{"functional-code":{"insertions":0,"deletions":148}}},{"hash":"f6f5098f0abe934ad1d9a7d1d7b1ae2d4031c098","isMergeCommit":true,"messageTitle":"Merge remote-tracking branch \u0027origin/master\u0027","messageBody":"","fileTypesAndContributionMap":{}}]},{"date":"2025-10-08T00:00:00","commitResults":[{"hash":"a7427f8337d7ebd95a7375c78774599576275ee4","isMergeCommit":true,"messageTitle":"Merge remote-tracking branch \u0027origin/master\u0027","messageBody":"","fileTypesAndContributionMap":{}}]},{"date":"2025-10-10T00:00:00","commitResults":[{"hash":"3a01964387ee54eb016f3c3b16c90b205dd31b9d","isMergeCommit":true,"messageTitle":"Merge remote-tracking branch \u0027origin/master\u0027","messageBody":"","fileTypesAndContributionMap":{}},{"hash":"05349f4f283715bc7b8b7f77a412d3759020b4b5","isMergeCommit":false,"messageTitle":"Implement flexible time date time handling for AddTaskCommand","messageBody":"","fileTypesAndContributionMap":{"functional-code":{"insertions":11,"deletions":5}}},{"hash":"6fc89ebad4be5b84344aface71d3901f06c47dd7","isMergeCommit":true,"messageTitle":"Merge branch \u0027szeanh-FlexiTiming\u0027","messageBody":"* szeanh-FlexiTiming:\n  Implement flexible time date time handling for AddTaskCommand\n","fileTypesAndContributionMap":{}},{"hash":"f15012abd87fd8d4acdbf3de1a7b9044159ac8c0","isMergeCommit":true,"messageTitle":"Merge pull request #39 from JeanPerrierIII/szeanh-FlexiTiming","messageBody":"Implement flexible timing for addTaskCommand","fileTypesAndContributionMap":{}},{"hash":"0bf3a804086fa199fb92f351951f6b718ce1e703","isMergeCommit":true,"messageTitle":"Merge remote-tracking branch \u0027origin/master\u0027","messageBody":"","fileTypesAndContributionMap":{}},{"hash":"5c666dfa8c55cb88da18bd9363e2431646d971f2","isMergeCommit":false,"messageTitle":"Resolve Notebook.java compiler errors","messageBody":"","fileTypesAndContributionMap":{"functional-code":{"insertions":12,"deletions":9}}},{"hash":"69c3ad77160e84388581fda7c90087d21ef3e46d","isMergeCommit":true,"messageTitle":"Merge pull request #43 from JeanPerrierIII/szeanh-notebookquickfix","messageBody":"Resolve Notebook.java compiler errors","fileTypesAndContributionMap":{}},{"hash":"15c4e5cbf9bcc210839ac27bc18113b3558eb215","isMergeCommit":false,"messageTitle":"Add JUnitTest","messageBody":"","fileTypesAndContributionMap":{"test-code":{"insertions":41,"deletions":12}}},{"hash":"cd154f7cfec3fce1d8e3454ad6f14c3c49499eab","isMergeCommit":true,"messageTitle":"Merge pull request #44 from JeanPerrierIII/szeanh-JUnitTest","messageBody":"Add JUnitTest","fileTypesAndContributionMap":{}},{"hash":"509b3661a4145cfb2bef8559c334cd8286e9c416","isMergeCommit":false,"messageTitle":"Implement DayOfWeek","messageBody":"","fileTypesAndContributionMap":{"functional-code":{"insertions":90,"deletions":26}}},{"hash":"8496fd8530645c9f3060c72825d6d6001c17df33","isMergeCommit":true,"messageTitle":"Merge pull request #45 from JeanPerrierIII/szeanh-dayofweek","messageBody":"Implement DayOfWeek","fileTypesAndContributionMap":{}},{"hash":"b39a7e303558e27239f014d6eac6841a5523519d","isMergeCommit":false,"messageTitle":"Add some more JUnitTest","messageBody":"","fileTypesAndContributionMap":{"test-code":{"insertions":30,"deletions":2}}},{"hash":"836f55fdacec6211320be3887f35d00736412364","isMergeCommit":true,"messageTitle":"Merge pull request #46 from JeanPerrierIII/szeanh-dayofweek","messageBody":"Add some more JUnitTest","fileTypesAndContributionMap":{}}]},{"date":"2025-10-11T00:00:00","commitResults":[{"hash":"7e42469c6cb7fee9156ad14dc73787865e0737be","isMergeCommit":false,"messageTitle":"Update CheckTutorialsCommand, CheckLecturesCommand to use DayOfWeek","messageBody":"","fileTypesAndContributionMap":{"functional-code":{"insertions":26,"deletions":9}}},{"hash":"40989a301e6ddf980aa98c5855a2cddbdd9548ea","isMergeCommit":true,"messageTitle":"Merge pull request #49 from JeanPerrierIII/szeanh-dayofweek","messageBody":"Update CheckTutorialsCommand, CheckLecturesCommand to use DayOfWeek","fileTypesAndContributionMap":{}}]},{"date":"2025-10-14T00:00:00","commitResults":[{"hash":"31ac70caee0083caf4c5594a6edbc6c995b57da4","isMergeCommit":false,"messageTitle":"Create gradle.yml","messageBody":"","fileTypesAndContributionMap":{"other":{"insertions":54,"deletions":0}}},{"hash":"ca0cddc9afa6316d458445dc42572420917c5e71","isMergeCommit":true,"messageTitle":"Merge pull request #53 from JeanPerrierIII/szeanh-patch-1","messageBody":"Create gradle.yml","fileTypesAndContributionMap":{}}]},{"date":"2025-10-15T00:00:00","commitResults":[{"hash":"34eeb0281512ed4b746ffc7cc8824f517d33ddeb","isMergeCommit":true,"messageTitle":"Merge pull request #57 from Kurokishi592/fix-checkstyle-errors","messageBody":"Fix checkstyle errors and bug","fileTypesAndContributionMap":{}},{"hash":"1a955517e1227368b9f25282911c9ea4ab7c17ab","isMergeCommit":false,"messageTitle":"Add gradle.yml file","messageBody":"","fileTypesAndContributionMap":{"functional-code":{"insertions":9,"deletions":13}}},{"hash":"acb3864185fee8e7bb3f7b1cc6833d5f7b0f60a9","isMergeCommit":false,"messageTitle":"Revert \"Add gradle.yml file\"","messageBody":"This reverts commit 1a955517e1227368b9f25282911c9ea4ab7c17ab.\n","fileTypesAndContributionMap":{"functional-code":{"insertions":13,"deletions":9}}},{"hash":"672ec46f4e50e1f7168962dd61a5cfb5f60616bc","isMergeCommit":false,"messageTitle":"Update UI","messageBody":"","fileTypesAndContributionMap":{"functional-code":{"insertions":9,"deletions":13}}},{"hash":"6d190aab463df9e905991e2155710d66cff2c8ac","isMergeCommit":false,"messageTitle":"Update UI text","messageBody":"","fileTypesAndContributionMap":{"functional-code":{"insertions":1,"deletions":1}}},{"hash":"c439cbf1a860bfcf33cadb8ab4780b55fdda0a0a","isMergeCommit":true,"messageTitle":"Merge pull request #58 from JeanPerrierIII/szeanh-ui-fix","messageBody":"Fix some messages","fileTypesAndContributionMap":{}},{"hash":"276e53a58e1f469316d733047691983a11011325","isMergeCommit":false,"messageTitle":"Update UserGuide","messageBody":"","fileTypesAndContributionMap":{"docs":{"insertions":2,"deletions":6}}},{"hash":"d15aec8092d0b2f467eca0c0dc670a489c476353","isMergeCommit":false,"messageTitle":"Fix style error in CheckCurrentCommand","messageBody":"","fileTypesAndContributionMap":{"functional-code":{"insertions":0,"deletions":2},"docs":{"insertions":1,"deletions":1}}},{"hash":"fd55ea99709607177fe3bc72157c056a4ee99a96","isMergeCommit":false,"messageTitle":"Update README","messageBody":"","fileTypesAndContributionMap":{"docs":{"insertions":6,"deletions":6}}},{"hash":"450269096bb107fd86ee51ea510393d370f38308","isMergeCommit":true,"messageTitle":"Merge pull request #59 from JeanPerrierIII/szeanh-ui-fix","messageBody":"Update UI messages, README","fileTypesAndContributionMap":{}},{"hash":"b05a3651f7112c40a328be6764ec0715cc5da4e3","isMergeCommit":false,"messageTitle":"Update main README","messageBody":"","fileTypesAndContributionMap":{"docs":{"insertions":1,"deletions":1}}},{"hash":"ac7d693984bb00a8309f1aab8b576b8f05d09c63","isMergeCommit":true,"messageTitle":"Merge pull request #60 from JeanPerrierIII/szeanh-ui-fix","messageBody":"Update main README","fileTypesAndContributionMap":{}},{"hash":"453bc9d21a21980602209310ac7bb0ec39017051","isMergeCommit":false,"messageTitle":"Update text-ui-test","messageBody":"","fileTypesAndContributionMap":{"functional-code":{"insertions":1,"deletions":5},"other":{"insertions":3,"deletions":0}}},{"hash":"078428ecd8ed3db24bbae8c184ebf6df4f7d4848","isMergeCommit":true,"messageTitle":"Merge pull request #61 from JeanPerrierIII/szeanh-text-ui-test","messageBody":"Update text-ui-test","tags":["v1.0"],"fileTypesAndContributionMap":{}}]}]},"authorFileTypeContributionMap":{"Kennahh":{"docs":5,"functional-code":279,"test-code":0},"Kurokishi592":{"docs":2,"functional-code":605,"test-code":750},"Ekko-Technology":{"docs":1,"functional-code":773,"test-code":68,"other":11},"BTslayer761":{"docs":222,"functional-code":117,"test-code":0},"JeanPerrierIII":{"docs":12,"functional-code":433,"test-code":0,"other":5}},"authorContributionVariance":{"Kennahh":1763.5714,"Kurokishi592":44952.625,"Ekko-Technology":14489.748,"BTslayer761":5090.1006,"JeanPerrierIII":11076.255},"authorDisplayNameMap":{"Kennahh":"CS2113-W12-1 HE P.. SAN","Kurokishi592":"CS2113-W12-1 KENN..N WI","Ekko-Technology":"CS2113-W12-1 JOSH.. TZE","BTslayer761":"CS2113-W12-1 BREN.. HAN","JeanPerrierIII":"CS2113-W12-1 GOH .. ANH"}}
