{"authorDailyContributionsMap":{"XuHh03":[{"date":"2025-10-01T00:00:00","commitResults":[{"hash":"ec8ba39036edb9f3d21a55620a684b6998069f51","isMergeCommit":false,"messageTitle":"updated AboutUs.md to add in personal information","messageBody":"","fileTypesAndContributionMap":{"docs":{"insertions":4,"deletions":7}}},{"hash":"18f9a32a0b9c231712d9f9bf81f5bf0d433a3e2d","isMergeCommit":true,"messageTitle":"Resolve merge conflict","messageBody":"","fileTypesAndContributionMap":{}},{"hash":"81e6da3410bd11662326f0c5123af8cfcb0cd6f6","isMergeCommit":false,"messageTitle":"updated AboutUs.md","messageBody":"","fileTypesAndContributionMap":{"docs":{"insertions":6,"deletions":6}}},{"hash":"d3aa642aa3f51a1b2c19ab72034ab9ee8da3444d","isMergeCommit":true,"messageTitle":"Merge pull request #2 from XuHh03/Huanghao-AboutUs","messageBody":"updated AboutUs.md","fileTypesAndContributionMap":{}}]},{"date":"2025-10-13T00:00:00","commitResults":[{"hash":"aa81d6975d7fde1ec4ad553fc31d5443b17df1c2","isMergeCommit":false,"messageTitle":"Add delete transaction method to remove transactions by index","messageBody":"","fileTypesAndContributionMap":{"functional-code":{"insertions":10,"deletions":1}}},{"hash":"5b5e47018e4e668d946bf35630b50e15b74afebf","isMergeCommit":true,"messageTitle":"Merge pull request #16 from XuHh03/branch-delete-trans","messageBody":"Add delete transaction method to remove transactions by index","fileTypesAndContributionMap":{}},{"hash":"a4f609482eb599ca736b2895fc7e84addc77c689","isMergeCommit":false,"messageTitle":"Implement delete command in Parser to remove transactions from User","messageBody":"","fileTypesAndContributionMap":{"functional-code":{"insertions":24,"deletions":1}}},{"hash":"edd43759783ee115ee12c46d476aba87850860de","isMergeCommit":true,"messageTitle":"Merge pull request #17 from XuHh03/branch-delete-trans","messageBody":"Implement delete command in Parser to remove transactions from User","fileTypesAndContributionMap":{}},{"hash":"4e4492607b25d73df017df039c6b2162ac25d5ed","isMergeCommit":false,"messageTitle":"Refactor input handling and add exit support","messageBody":"","fileTypesAndContributionMap":{"functional-code":{"insertions":69,"deletions":29}}},{"hash":"a9d643213f22ad60fb6c2fab391780d96d8723c9","isMergeCommit":false,"messageTitle":"Fix checkstyle violations across utils package and storage file","messageBody":"","fileTypesAndContributionMap":{"functional-code":{"insertions":43,"deletions":18}}},{"hash":"26181ff7e2edc84f27026c66cc8b03227a102b6f","isMergeCommit":true,"messageTitle":"Merge pull request #24 from XuHh03/branch-input-manager","messageBody":"Refactor input handling and add exit support","fileTypesAndContributionMap":{}},{"hash":"57c2c493738bb46a43b997748e2d04a2d70eb2eb","isMergeCommit":true,"messageTitle":"Merge branch \u0027master\u0027 into branch-input-manager","messageBody":"","fileTypesAndContributionMap":{}},{"hash":"0d1d0d1847397d068dd19bc174eed380d4379594","isMergeCommit":false,"messageTitle":"Fix error in listing out budgets of different categories","messageBody":"","fileTypesAndContributionMap":{"functional-code":{"insertions":26,"deletions":10}}},{"hash":"b7c87e4462810a4137a384c2104facd6b8e243d8","isMergeCommit":false,"messageTitle":"Fixed checkstyle for Parser","messageBody":"","fileTypesAndContributionMap":{"functional-code":{"insertions":0,"deletions":1}}},{"hash":"4b94857e275bfd580492c7114087ec60eccf9800","isMergeCommit":true,"messageTitle":"Merge pull request #25 from XuHh03/branch-budget","messageBody":"Fix error in listing out budgets of different categories","fileTypesAndContributionMap":{}}]},{"date":"2025-10-14T00:00:00","commitResults":[{"hash":"e62061b2104e6f3f7997d278c18f9c1e1fcfa37c","isMergeCommit":false,"messageTitle":"Add JUnit tests for AddTransaction functionality","messageBody":"","fileTypesAndContributionMap":{"functional-code":{"insertions":19,"deletions":2},"other":{"insertions":1,"deletions":1},"test-code":{"insertions":83,"deletions":0}}},{"hash":"aba9d022f0d422cb5ac712f5f865301a5b88ebb7","isMergeCommit":false,"messageTitle":"Fix checkstyle issues in UserInterface","messageBody":"","fileTypesAndContributionMap":{"functional-code":{"insertions":0,"deletions":1}}},{"hash":"b3007c44bc5648dbed256d82e9026318a7b722a9","isMergeCommit":true,"messageTitle":"Merge pull request #29 from XuHh03/branch-budget","messageBody":"Add JUnit tests for AddTransaction functionality","fileTypesAndContributionMap":{}}]},{"date":"2025-10-21T00:00:00","commitResults":[{"hash":"53c2accf6a2b6e5b5152b6122baece2599cff0c9","isMergeCommit":false,"messageTitle":"Fix checkstyle errors","messageBody":"","fileTypesAndContributionMap":{"test-code":{"insertions":17,"deletions":8}}},{"hash":"64d7f6b02e8e5606d0111ff97c418424ee3cce18","isMergeCommit":true,"messageTitle":"Merge pull request #41 from XuHh03/branch-v1.0-cleanup","messageBody":"Fix checkstyle errors","fileTypesAndContributionMap":{}},{"hash":"f0a9d812b4ed4dad8bd370f78e54d6c2489dd6a6","isMergeCommit":false,"messageTitle":"Refactor command handling and User structure and add commands package","messageBody":"- Refactor Parser to use Command objects for better OOP structure\n- Fix listBudget and addBudget logic\n- Simplify User to handle user-related logic\n","fileTypesAndContributionMap":{"functional-code":{"insertions":350,"deletions":154}}},{"hash":"b4d6f2dca3c5660219c337b591acf2c34910393c","isMergeCommit":false,"messageTitle":"update AddTransactionCommandTest to expect FinanceException","messageBody":"","fileTypesAndContributionMap":{"test-code":{"insertions":1,"deletions":1}}},{"hash":"10d0131c0fc4a3e82483467db399724fd63753ae","isMergeCommit":false,"messageTitle":"Modify text-ui-test and fix summary bug","messageBody":"","fileTypesAndContributionMap":{"functional-code":{"insertions":4,"deletions":6},"other":{"insertions":4,"deletions":0}}},{"hash":"744cc45994e30d351f91fe81b0b5774d1cdf2363","isMergeCommit":true,"messageTitle":"Merge pull request #43 from XuHh03/branch-v1.0-cleanup","messageBody":"Refactor command handling and User structure and add commands package","fileTypesAndContributionMap":{}}]},{"date":"2025-10-25T00:00:00","commitResults":[{"hash":"e9bfc50f194e31035cd86a2cbe1fae4e5d59ec59","isMergeCommit":false,"messageTitle":"Update DeveloperGuide","messageBody":"- Add logic of DeleteTransactionCommand\n- Create Delete Activity and Sequence Diagram\n","fileTypesAndContributionMap":{"docs":{"insertions":137,"deletions":1}}},{"hash":"95faa580648da94b06325093f6a7d847d16e41b7","isMergeCommit":true,"messageTitle":"Merge branch \u0027master\u0027 into branch-DeveloperGuide","messageBody":"","fileTypesAndContributionMap":{}},{"hash":"5936a41c9a714a158233e6818b0c10739c6310f7","isMergeCommit":true,"messageTitle":"Merge branch \u0027master\u0027 into branch-DeveloperGuide","messageBody":"","fileTypesAndContributionMap":{}}]},{"date":"2025-10-26T00:00:00","commitResults":[{"hash":"a807b66d9a43ce60b56d6f2ec20499416e4b8d9e","isMergeCommit":false,"messageTitle":"Fix checkstyle issues and fix test bugs","messageBody":"","fileTypesAndContributionMap":{"functional-code":{"insertions":74,"deletions":111},"other":{"insertions":5,"deletions":6},"test-code":{"insertions":94,"deletions":170}}},{"hash":"36d1d5ad4acc8c16a2a215d6cd62b9ff198c9b67","isMergeCommit":true,"messageTitle":"Merge pull request #52 from XuHh03/branch-DeveloperGuide","messageBody":"Update DeveloperGuide and fix bugs","fileTypesAndContributionMap":{}}]},{"date":"2025-10-27T00:00:00","commitResults":[{"hash":"5dedec955da27103d8f87455c74c76be67477e42","isMergeCommit":false,"messageTitle":"Modify addTransactionTest to improve coverage","messageBody":"","fileTypesAndContributionMap":{"functional-code":{"insertions":7,"deletions":11},"test-code":{"insertions":30,"deletions":31}}},{"hash":"24a5c34cdbf3d0f9aed10554925aea3ad75df1ba","isMergeCommit":true,"messageTitle":"Merge branch \u0027master\u0027 into branch-test-coverage","messageBody":"","fileTypesAndContributionMap":{}},{"hash":"942418b1e31c0dee3e186566e43f7cbcb21daba9","isMergeCommit":false,"messageTitle":"Rectify checkstyle and test coverage bugs","messageBody":"","fileTypesAndContributionMap":{"test-code":{"insertions":3,"deletions":15}}},{"hash":"ff3ddd6b19f42066c44bb22b9289b235d25ec665","isMergeCommit":true,"messageTitle":"Merge pull request #59 from XuHh03/branch-test-coverage","messageBody":"Modify addTransactionTest to improve coverage","fileTypesAndContributionMap":{}}]},{"date":"2025-10-28T00:00:00","commitResults":[{"hash":"faf63a1a0380477678d57cfb66811af1810371bd","isMergeCommit":false,"messageTitle":"Add test coverage","messageBody":"- Add JUnit test for ParserTest\n- Modified AddTransactionCommandTest\n","fileTypesAndContributionMap":{"functional-code":{"insertions":11,"deletions":4},"test-code":{"insertions":158,"deletions":13}}},{"hash":"bf780584c2c2bf374ad3235d65e42e4f0b85f871","isMergeCommit":true,"messageTitle":"Merge pull request #60 from XuHh03/branch-test-coverage","messageBody":"Add test coverage for ParserTest","fileTypesAndContributionMap":{}},{"hash":"884dfe17584bbb4ed2943bb84022fc3567acde6c","isMergeCommit":false,"messageTitle":"Add new feature to search transactions when logged in","messageBody":"- Add JUNit test for command\n- Add logic for searching keywords\n","fileTypesAndContributionMap":{"functional-code":{"insertions":150,"deletions":32},"test-code":{"insertions":74,"deletions":0}}},{"hash":"47a4ee5f33afd858c7a11482696537bab2f75cc9","isMergeCommit":true,"messageTitle":"Merge branch \u0027master\u0027 into branch-search-filter","messageBody":"","fileTypesAndContributionMap":{}},{"hash":"d1033b27e05e9b1645839f45359a3e2984be9396","isMergeCommit":false,"messageTitle":"Fix bugs, checkstyle and JUnit","messageBody":"- Extract login and logout into command classes\nto account for invalid inputs and improve readability\n- Fix checkstyle and JUnit test for transactions with new \u0027tag\u0027 argument\n","fileTypesAndContributionMap":{"functional-code":{"insertions":97,"deletions":82},"test-code":{"insertions":11,"deletions":8}}},{"hash":"bc3a64998990e401e940736e0dd62063961a0337","isMergeCommit":true,"messageTitle":"Merge pull request #74 from XuHh03/branch-search-filter","messageBody":"Add search feature","fileTypesAndContributionMap":{}}]},{"date":"2025-10-29T00:00:00","commitResults":[{"hash":"3bbc220e6a94ac7d102cb471ab02df6dcdb7d6c1","isMergeCommit":false,"messageTitle":"Add new filter feature and JUnit test","messageBody":"","fileTypesAndContributionMap":{"functional-code":{"insertions":185,"deletions":11},"other":{"insertions":1,"deletions":1},"test-code":{"insertions":124,"deletions":0}}},{"hash":"e855d0c46ec7531fc79f2a7ccc3b24634c525494","isMergeCommit":true,"messageTitle":"Merge pull request #75 from XuHh03/branch-search-filter","messageBody":"Add new filter feature and JUnit test","fileTypesAndContributionMap":{}},{"hash":"08479875371b01d6913fe4b3b676f15e2ecf46f1","isMergeCommit":false,"messageTitle":"Fix JUnit test for FilterCommand","messageBody":"","fileTypesAndContributionMap":{"test-code":{"insertions":4,"deletions":2}}},{"hash":"8408fb5e963d80dd04c9cc8ea28b68bd14605736","isMergeCommit":true,"messageTitle":"Merge pull request #76 from XuHh03/branch-search-filter","messageBody":"Fix JUnit test for FilterCommand","fileTypesAndContributionMap":{}},{"hash":"30b9c94a74fc7c502ef3650c307cc900f5ff04d5","isMergeCommit":false,"messageTitle":"Update UserGuide","messageBody":"","fileTypesAndContributionMap":{"docs":{"insertions":118,"deletions":53}}},{"hash":"d790da40347812e341ef1b95d8c46131b3408a39","isMergeCommit":true,"messageTitle":"Merge pull request #77 from XuHh03/branch-UserGuide","messageBody":"Update UserGuide","fileTypesAndContributionMap":{}},{"hash":"a7d65ada8d6e9ccaf996f909b2801bf1800b9234","isMergeCommit":false,"messageTitle":"Update DeveloperGuide","messageBody":"- Fix logic for delete Command\n- Change image scale\n- Fix puml logic\n","fileTypesAndContributionMap":{"docs":{"insertions":54,"deletions":35}}},{"hash":"248c750796b5d7e520e55d1d04b28517a1912f17","isMergeCommit":true,"messageTitle":"Merge pull request #78 from XuHh03/branch-DeveloperGuide","messageBody":"Update DeveloperGuide","fileTypesAndContributionMap":{}},{"hash":"e44359173846454f2cb74383de3e74468ac167ba","isMergeCommit":false,"messageTitle":"Modify DeveloperGuide to scale diagrams","messageBody":"","fileTypesAndContributionMap":{"docs":{"insertions":3,"deletions":3}}},{"hash":"31fb59d80f18876cea8709af51229f330ebdea64","isMergeCommit":true,"messageTitle":"Merge pull request #79 from XuHh03/branch-DeveloperGuide","messageBody":"Modify DeveloperGuide to scale diagrams","fileTypesAndContributionMap":{}},{"hash":"e6045b93f06dd2ed3495cea928bb70a3363ccb26","isMergeCommit":false,"messageTitle":"Improve test coverage","messageBody":"","fileTypesAndContributionMap":{"functional-code":{"insertions":3,"deletions":4},"test-code":{"insertions":58,"deletions":0}}},{"hash":"6c71397dbae55b6dffff5a8f9f186fefc34a9b72","isMergeCommit":false,"messageTitle":"Fix checkstyleTest","messageBody":"","fileTypesAndContributionMap":{"test-code":{"insertions":1,"deletions":1}}},{"hash":"d4810a6f729f557b267d3daa36b2908954716003","isMergeCommit":true,"messageTitle":"Merge pull request #80 from XuHh03/branch-test-coverage","messageBody":"Improve test coverage","fileTypesAndContributionMap":{}}]},{"date":"2025-10-30T00:00:00","commitResults":[{"hash":"325b7a6b35b4561ef1e21f58b8286e19e27ff6cb","isMergeCommit":false,"messageTitle":"Refactor USer to make internal fields private for better encapsulation","messageBody":"","fileTypesAndContributionMap":{"functional-code":{"insertions":201,"deletions":156},"test-code":{"insertions":108,"deletions":91}}},{"hash":"e35f0ee5d051c12388cf2d34c41b6722dfe39279","isMergeCommit":true,"messageTitle":"Merge branch \u0027master\u0027 into branch-v2.0-cleanup","messageBody":"","fileTypesAndContributionMap":{}},{"hash":"f5bfc65ef5bb02882ae581cd8f8fd6b5c6009c87","isMergeCommit":true,"messageTitle":"Merge pull request #93 from XuHh03/branch-v2.0-cleanup","messageBody":"Refactor User to make internal fields private for better encapsulation","fileTypesAndContributionMap":{}},{"hash":"f5d96eb76bffef172ff88670c128e665de2dd7b8","isMergeCommit":false,"messageTitle":"Fix checkstyle and AddTransactionCommandTest bug","messageBody":"","fileTypesAndContributionMap":{"test-code":{"insertions":5,"deletions":6}}},{"hash":"3c71ce76bcfe5db5ecd97fe2e75057cd26de4b73","isMergeCommit":true,"messageTitle":"Merge pull request #94 from XuHh03/master","messageBody":"Fix checkstyle and AddTransactionCommandTest bug","tags":["v2.0"],"fileTypesAndContributionMap":{}}]},{"date":"2025-10-31T00:00:00","commitResults":[{"hash":"7ea81ebf6c3ecef95dfe84a009213a80bda139c2","isMergeCommit":false,"messageTitle":"Fix login error message","messageBody":"","fileTypesAndContributionMap":{"functional-code":{"insertions":5,"deletions":1}}},{"hash":"f30449a98a5f21c37413d56966febf21618132c7","isMergeCommit":true,"messageTitle":"Merge pull request #95 from XuHh03/branch-v2.0-cleanup","messageBody":"Fix login error message","fileTypesAndContributionMap":{}},{"hash":"7909a41da081a167759ffb17e8f1f70fa56f669e","isMergeCommit":false,"messageTitle":"Fix delete message display when transaction deleted","messageBody":"","fileTypesAndContributionMap":{"functional-code":{"insertions":7,"deletions":3}}},{"hash":"1e5417a22324ddfddcce2c5431881091b25c4fac","isMergeCommit":true,"messageTitle":"Merge pull request #96 from XuHh03/branch-DeveloperGuide","messageBody":"Fix delete message display when transaction deleted","fileTypesAndContributionMap":{}}]},{"date":"2025-11-01T00:00:00","commitResults":[{"hash":"39fd69e055d04f7dfece749dec3471c2b090126c","isMergeCommit":false,"messageTitle":"Improve deleteTransactionCommand Sequence Diagram","messageBody":"","fileTypesAndContributionMap":{"docs":{"insertions":36,"deletions":29}}},{"hash":"7ffee4f3fa6d385785e220e603e34c89946eff0f","isMergeCommit":false,"messageTitle":"Modify JUnit test - Date is DD/MM instead of DD/MM/YYYY","messageBody":"","fileTypesAndContributionMap":{"functional-code":{"insertions":14,"deletions":10},"test-code":{"insertions":5,"deletions":5}}},{"hash":"52d6a34da81c372f91fee63091981c48a1f27d0e","isMergeCommit":true,"messageTitle":"Merge pull request #147 from XuHh03/branch-DeveloperGuide","messageBody":"Improve deleteTransactionCommand Sequence Diagram","fileTypesAndContributionMap":{}}]},{"date":"2025-11-02T00:00:00","commitResults":[{"hash":"dd5fa6518be430cc2f06f8dc1d56ce88a2f065a2","isMergeCommit":false,"messageTitle":"Update DeveloperGuide","messageBody":"- Modify deleteTransaction Sequence Diagram according to logic\n- Add UserInterface Class Diagram\n- Change some syntax for Storage Class Diagram\n","fileTypesAndContributionMap":{"docs":{"insertions":86,"deletions":10}}},{"hash":"1b731c9a6cc0e7c51b3ac01fdfb0ec2b030246fe","isMergeCommit":false,"messageTitle":"Update deleteTransactionCommand Sequence Diagram","messageBody":"","fileTypesAndContributionMap":{"docs":{"insertions":19,"deletions":9}}},{"hash":"be1c66136bbdb2379c54332ccc84a757f5007743","isMergeCommit":true,"messageTitle":"Merge pull request #150 from XuHh03/branch-DeveloperGuide","messageBody":"Update DeveloperGuide\n- Modify deleteTransaction Sequence Diagram according to logic\n- Add UserInterface Class Diagram\n- Change some syntax for Storage Class Diagram","fileTypesAndContributionMap":{}},{"hash":"4108b17ecb70b7df87def1cb0afea17aa85c57da","isMergeCommit":false,"messageTitle":"Update UserGuide with Table of Contents","messageBody":"","fileTypesAndContributionMap":{"docs":{"insertions":30,"deletions":3}}},{"hash":"f056edf20a860f22660624135b39858ac3cb6041","isMergeCommit":true,"messageTitle":"Merge pull request #151 from XuHh03/branch-UserGuide","messageBody":"Update UserGuide with Table of Contents","fileTypesAndContributionMap":{}},{"hash":"814a10a8a942f396df5bf1493d9601212e9c65f0","isMergeCommit":false,"messageTitle":"Fix filter command bugs","messageBody":"- cost does not accept non numeric inputs\n- cost only accepts at most 2 decimal places\n- date inputs are in form of DD/MM\n- start date must be smaller or equal to end date\n","fileTypesAndContributionMap":{"functional-code":{"insertions":58,"deletions":30},"test-code":{"insertions":52,"deletions":6}}},{"hash":"b4da6df1601fac57344debef64e37f0a53f8d403","isMergeCommit":true,"messageTitle":"Merge pull request #152 from XuHh03/branch-search-filter","messageBody":"Fix filter command bugs\nFixes #108\nFixes #133\nFixes #143","fileTypesAndContributionMap":{}},{"hash":"6e6625691255006b910718bc35fbf55f65605aaf","isMergeCommit":false,"messageTitle":"Modify error message for FilterCommand","messageBody":"","fileTypesAndContributionMap":{"functional-code":{"insertions":20,"deletions":18}}},{"hash":"ee7eb9bf0eb468411394b2d9cfce0e118e9a140b","isMergeCommit":false,"messageTitle":"Fix UserInterface bugs","messageBody":"","fileTypesAndContributionMap":{"functional-code":{"insertions":6,"deletions":0}}},{"hash":"418c2ee46c02478181d22451aa7f3bc300f4f0aa","isMergeCommit":true,"messageTitle":"Merge pull request #155 from XuHh03/branch-search-filter","messageBody":"Modify error message for FilterCommand","fileTypesAndContributionMap":{}},{"hash":"984435d8075d6bff83efa966ce3338b383cf7b3b","isMergeCommit":true,"messageTitle":"Merge pull request #156 from XuHh03/branch-v2.0-cleanup","messageBody":"Fix UserInterface bugs","fileTypesAndContributionMap":{}},{"hash":"c81af88882ff732a690e46771467e53237637f28","isMergeCommit":false,"messageTitle":"Add centralised AppLogger to manage logging output","messageBody":"","fileTypesAndContributionMap":{"functional-code":{"insertions":112,"deletions":7}}},{"hash":"4548ce586c74b7a80695ed0ea05734027a1e6e47","isMergeCommit":false,"messageTitle":"Fix checkstyle errors","messageBody":"","fileTypesAndContributionMap":{"functional-code":{"insertions":6,"deletions":5}}},{"hash":"b2327c33c86acb19ee3ccab4f9a39d01c0976e15","isMergeCommit":true,"messageTitle":"Merge pull request #158 from XuHh03/branch-v2.0-cleanup","messageBody":"Add centralised AppLogger to manage logging output","fileTypesAndContributionMap":{}},{"hash":"fb1b8242c4a119628fd881bd88728ae627d8fee7","isMergeCommit":false,"messageTitle":"Write up of Project Portfolio Page draft","messageBody":"","fileTypesAndContributionMap":{"docs":{"insertions":46,"deletions":0}}},{"hash":"840b1d3cfe174a80c2a181b24e4c89a2bd00e6ee","isMergeCommit":true,"messageTitle":"Merge branch \u0027master\u0027 of https://github.com/XuHh03/tp into branch-DeveloperGuide","messageBody":"","fileTypesAndContributionMap":{}},{"hash":"b86fdae7d837a96f5c59e69eb2ec0dd89f7daa5b","isMergeCommit":true,"messageTitle":"Merge pull request #160 from XuHh03/branch-DeveloperGuide","messageBody":"Add write up of Project Portfolio Page draft","fileTypesAndContributionMap":{}},{"hash":"32c7380e9ca200f7f92cebf73e412df37bbd82ae","isMergeCommit":false,"messageTitle":"Add features into DeveloperGuide","messageBody":"- Search feature\n- Filter feature\n","fileTypesAndContributionMap":{"docs":{"insertions":240,"deletions":9}}},{"hash":"e14262f265816a7ea4a0092b920f2873051de6d7","isMergeCommit":true,"messageTitle":"Merge pull request #161 from XuHh03/branch-DeveloperGuide","messageBody":"Add features into DeveloperGuide","fileTypesAndContributionMap":{}},{"hash":"c8bcf1992e3c22744b7b3a2c5efe6bced49d2f29","isMergeCommit":false,"messageTitle":"Update User Stories","messageBody":"","fileTypesAndContributionMap":{"docs":{"insertions":20,"deletions":5}}},{"hash":"c54cc97b9e340102b4767ac2acb940ff6787c95e","isMergeCommit":true,"messageTitle":"Merge pull request #163 from XuHh03/branch-DeveloperGuide","messageBody":"Update User Stories","fileTypesAndContributionMap":{}}]},{"date":"2025-11-03T00:00:00","commitResults":[{"hash":"2788aedfbcd1eb12ad8ff5f18c283ec459daf72b","isMergeCommit":false,"messageTitle":"Add Help command to program","messageBody":"- Add new tests for help\n- Update DeveloperGuide and UserGuide\n","fileTypesAndContributionMap":{"functional-code":{"insertions":73,"deletions":27},"docs":{"insertions":104,"deletions":29},"test-code":{"insertions":31,"deletions":0}}},{"hash":"db8ad346238a545ad73387ff76468e8e8ac52c52","isMergeCommit":true,"messageTitle":"Merge pull request #169 from XuHh03/branch-help","messageBody":"Add Help command to program\nFixes #167","fileTypesAndContributionMap":{}},{"hash":"69a1a281b50195f69bcf243e71569dca0a4037ac","isMergeCommit":false,"messageTitle":"Fix login bug of different index","messageBody":"","fileTypesAndContributionMap":{"functional-code":{"insertions":8,"deletions":5}}},{"hash":"7559de67c1e2b39429e485b2af62feb7621b3ec6","isMergeCommit":true,"messageTitle":"Merge pull request #170 from XuHh03/branch-bug","messageBody":"Fix login bug of different index\n\nFixes #168","fileTypesAndContributionMap":{}},{"hash":"76210ef353f876693ae45e370ae3cc494ea4f181","isMergeCommit":false,"messageTitle":"Add DeveloperGuide of User API","messageBody":"","fileTypesAndContributionMap":{"functional-code":{"insertions":6,"deletions":1},"docs":{"insertions":113,"deletions":34}}},{"hash":"379a0f0d363106440ec8648ad1368940178292f1","isMergeCommit":true,"messageTitle":"Merge branch \u0027master\u0027 of https://github.com/AY2526S1-CS2113-W10-2/tp into branch-DeveloperGuide","messageBody":"","fileTypesAndContributionMap":{}},{"hash":"d1529f8fa0deb1c2099adb92db6ca4f299ae0066","isMergeCommit":false,"messageTitle":"Fix checkstyle","messageBody":"","fileTypesAndContributionMap":{"functional-code":{"insertions":3,"deletions":2}}},{"hash":"106f6ee9d3531f715e199d3e3dff14de5b28720f","isMergeCommit":true,"messageTitle":"Merge pull request #178 from XuHh03/branch-DeveloperGuide","messageBody":"Add DeveloperGuide of User API","fileTypesAndContributionMap":{}},{"hash":"a366d21da705525ba0b868cd71705389a5d6b65a","isMergeCommit":false,"messageTitle":"Update Non-Functional Requirements","messageBody":"","fileTypesAndContributionMap":{"docs":{"insertions":21,"deletions":18}}},{"hash":"78214e6788600ebff5ee1087ac87ab038d9d85de","isMergeCommit":false,"messageTitle":"Fix checkstyle issues","messageBody":"","fileTypesAndContributionMap":{"functional-code":{"insertions":3,"deletions":2}}},{"hash":"5a94d317ecd59f42803032aae2b69cee83de0867","isMergeCommit":true,"messageTitle":"Merge pull request #181 from XuHh03/branch-budget","messageBody":"Update DeveloperGuide","fileTypesAndContributionMap":{}}]},{"date":"2025-11-04T00:00:00","commitResults":[{"hash":"9c04054411e3e6f8d7e33368209695e573ebe2d5","isMergeCommit":false,"messageTitle":"Update Project Portfolio Page","messageBody":"","fileTypesAndContributionMap":{"docs":{"insertions":24,"deletions":6}}},{"hash":"f6377d33586d3bf34115a472fa1baf10e95af3f9","isMergeCommit":true,"messageTitle":"Merge pull request #183 from XuHh03/branch-DeveloperGuide","messageBody":"Update Project Portfolio Page","fileTypesAndContributionMap":{}}]}],"fahadmohaideen":[{"date":"2025-10-01T00:00:00","commitResults":[{"hash":"c46880ce4448568e6e75fcff6c6b5282300629e7","isMergeCommit":false,"messageTitle":"Updated AboutUs.md","messageBody":"","fileTypesAndContributionMap":{"docs":{"insertions":4,"deletions":7}}},{"hash":"c9e72999f14bbf280f435e4cbbaee03d950c4689","isMergeCommit":true,"messageTitle":"Merge pull request #1 from fahadmohaideen/\u003cfahadmohaideen\u003e-AboutUs","messageBody":"Updated AboutUs.md","fileTypesAndContributionMap":{}}]},{"date":"2025-10-13T00:00:00","commitResults":[{"hash":"35b1262ad6e49a89aab19d5ce2cf03d6e5e6e394","isMergeCommit":false,"messageTitle":"Updated transactions and budget","messageBody":"","fileTypesAndContributionMap":{"functional-code":{"insertions":60,"deletions":13}}},{"hash":"236353961470b5612607bedbea1d63175ce0f156","isMergeCommit":true,"messageTitle":"Merge pull request #18 from fahadmohaideen/master_upstream","messageBody":"Implemented adding of budget and modified Category enum to hold budgets for each category","fileTypesAndContributionMap":{}},{"hash":"c2d1e3908f43005c20a194dfb456af433ac6c932","isMergeCommit":false,"messageTitle":"Fixed minor bugs and updated date parsing","messageBody":"","fileTypesAndContributionMap":{"functional-code":{"insertions":46,"deletions":4}}},{"hash":"e73233f552cd8e06cb191f647549ceb92af75959","isMergeCommit":true,"messageTitle":"Merge pull request #20 from fahadmohaideen/master_upstream","messageBody":"Fixed minor bugs and updated date parsing","fileTypesAndContributionMap":{}}]},{"date":"2025-10-17T00:00:00","commitResults":[{"hash":"848ab2012d9669ac60e786e448064edd8382d5ec","isMergeCommit":false,"messageTitle":"reorganised code in User.java and Storage.java","messageBody":"","fileTypesAndContributionMap":{"functional-code":{"insertions":51,"deletions":32},"test-code":{"insertions":7,"deletions":5}}},{"hash":"8c9457fd46548c5530befdaf75a01b4331b99f7f","isMergeCommit":true,"messageTitle":"Merge branch \u0027master\u0027 into master_upstream","messageBody":"","fileTypesAndContributionMap":{}},{"hash":"86dd9eb176081681496ac77474be5539ca9cf589","isMergeCommit":true,"messageTitle":"Merge pull request #35 from fahadmohaideen/master_upstream","messageBody":"reorganised code in User.java and Storage.java","fileTypesAndContributionMap":{}}]},{"date":"2025-10-22T00:00:00","commitResults":[{"hash":"e1f916f48a6f8b581d06e292066b701fbe51b8dd","isMergeCommit":false,"messageTitle":"implemented login feature","messageBody":"","fileTypesAndContributionMap":{"functional-code":{"insertions":134,"deletions":21}}},{"hash":"4fb76f0a4eaa8bb7e9b1f27b3d18d4d64d1901e1","isMergeCommit":true,"messageTitle":"Merge pull request #44 from fahadmohaideen/master_upstream","messageBody":"implemented login feature","fileTypesAndContributionMap":{}},{"hash":"fb4d07f0296db3544cc3600990c2bd110e24d9b8","isMergeCommit":false,"messageTitle":"implemented deposit/withdraw function","messageBody":"","fileTypesAndContributionMap":{"functional-code":{"insertions":55,"deletions":8}}},{"hash":"68bb474c3a3c69a362afb67a3be4ed46e4ea20f4","isMergeCommit":true,"messageTitle":"Merge pull request #45 from fahadmohaideen/master_upstream","messageBody":"implemented deposit/withdraw function","fileTypesAndContributionMap":{}},{"hash":"49cf538b7fb416ec0f9d660ab1bdf1012110abaf","isMergeCommit":false,"messageTitle":"Fix saving and loading bugs","messageBody":"","fileTypesAndContributionMap":{"functional-code":{"insertions":148,"deletions":36}}},{"hash":"9a49e5483c30d24b436cd38b129b48f564d57d16","isMergeCommit":true,"messageTitle":"Merge pull request #46 from fahadmohaideen/master_upstream","messageBody":"Fix saving and loading bugs","fileTypesAndContributionMap":{}}]},{"date":"2025-10-28T00:00:00","commitResults":[{"hash":"dea158eadf8f352c565209ad5150c36433bbf550","isMergeCommit":false,"messageTitle":"Updated DG with budget adding, user login, as well as deposit/withdraw mechanisms","messageBody":"","fileTypesAndContributionMap":{"functional-code":{"insertions":2,"deletions":2},"docs":{"insertions":163,"deletions":0},"test-code":{"insertions":40,"deletions":0}}},{"hash":"a0cb25dc78e1b0609d1c164798b169273b5560c0","isMergeCommit":true,"messageTitle":"Merge pull request #65 from fahadmohaideen/master_upstream","messageBody":"Updated DG with budget adding, user login, as well as deposit/withdra…","fileTypesAndContributionMap":{}},{"hash":"5b11e2dcf67c48974ba76f699881b5e935388153","isMergeCommit":false,"messageTitle":"Implemented tags for each transaction, now each transaction has both tag and category","messageBody":"","fileTypesAndContributionMap":{"functional-code":{"insertions":108,"deletions":19}}},{"hash":"d81e780f781d7e3bde5ef17a606dca5ed0a80480","isMergeCommit":true,"messageTitle":"Merge pull request #72 from fahadmohaideen/master_upstream","messageBody":"Implemented tags for each transaction, now each transaction has both …","fileTypesAndContributionMap":{}},{"hash":"3ea7e3dd1c7969ccf3bdfa83541b8ab426e44b0c","isMergeCommit":false,"messageTitle":"Minor fix ti previous PR","messageBody":"","fileTypesAndContributionMap":{"functional-code":{"insertions":5,"deletions":1}}},{"hash":"663b1238e910d0b9965d56a10c5f4afc9a0847a9","isMergeCommit":true,"messageTitle":"Merge pull request #73 from fahadmohaideen/master_upstream","messageBody":"Minor fix to previous PR","fileTypesAndContributionMap":{}}]},{"date":"2025-11-03T00:00:00","commitResults":[{"hash":"b578aa06c9a200a15d3d9c68748d942b1035de32","isMergeCommit":false,"messageTitle":"updated fahadmohaideen PPP","messageBody":"","fileTypesAndContributionMap":{"docs":{"insertions":91,"deletions":0}}},{"hash":"92c77920c486625b35e96495eb55cbafe77896b6","isMergeCommit":true,"messageTitle":"Merge pull request #165 from fahadmohaideen/master_upstream","messageBody":"updated fahadmohaideen PPP","fileTypesAndContributionMap":{}},{"hash":"36947ac7e7e9cb8f787a5232c282a89cc9ab5374","isMergeCommit":false,"messageTitle":"fixed budget not updating","messageBody":"","fileTypesAndContributionMap":{"functional-code":{"insertions":51,"deletions":16}}},{"hash":"1e708408cc2a4c143ae53df0b1af2fd7288cd414","isMergeCommit":true,"messageTitle":"Merge pull request #166 from fahadmohaideen/master_upstream","messageBody":"fixed budget not updating","fileTypesAndContributionMap":{}}]},{"date":"2025-11-04T00:00:00","commitResults":[{"hash":"cfd5aec304f4104bcda1134fe845ef66728d9cf3","isMergeCommit":false,"messageTitle":"fixed failing tests","messageBody":"","fileTypesAndContributionMap":{"functional-code":{"insertions":3,"deletions":0},"test-code":{"insertions":9,"deletions":6}}},{"hash":"8b83ae60da6651a46007530517834ff4fe77ca95","isMergeCommit":true,"messageTitle":"Merge pull request #182 from fahadmohaideen/master_upstream","messageBody":"fixed failing tests","fileTypesAndContributionMap":{}}]}],"Mack34021":[{"date":"2025-10-01T00:00:00","commitResults":[{"hash":"f6d851a3a4707e1c7d7ae10d0607129d570adec9","isMergeCommit":false,"messageTitle":"Update aboutUs.md","messageBody":"","fileTypesAndContributionMap":{"docs":{"insertions":3,"deletions":7}}},{"hash":"44de7a489ed1c2736db96f74be4bc8f61c592cfe","isMergeCommit":true,"messageTitle":"Merge branch \u0027master\u0027 into James-Willis-AboutUs","messageBody":"","fileTypesAndContributionMap":{}},{"hash":"f14a7c9de2113a666e17c3186a4bfc55d84d9b1a","isMergeCommit":true,"messageTitle":"Merge branch \u0027master\u0027 into James-Willis-AboutUs","messageBody":"","fileTypesAndContributionMap":{}},{"hash":"a5374b4b9bdadf73a9c259a91c754d5a0989de4c","isMergeCommit":true,"messageTitle":"Merge pull request #3 from Mack34021/James-Willis-AboutUs","messageBody":"Update aboutUs.md","fileTypesAndContributionMap":{}}]},{"date":"2025-10-10T00:00:00","commitResults":[{"hash":"b4191d5848daba5f0c05a1f90f0567c83d02df7b","isMergeCommit":false,"messageTitle":"Add Classes. Track Classes","messageBody":"","fileTypesAndContributionMap":{"functional-code":{"insertions":244,"deletions":0}}},{"hash":"e81d707c01910895c69e7f8be0f53eea5a1a4b06","isMergeCommit":true,"messageTitle":"Merge pull request #7 from Mack34021/Initialise-classes","messageBody":"Add Classes. Track Classes","fileTypesAndContributionMap":{}}]},{"date":"2025-10-11T00:00:00","commitResults":[{"hash":"6a73ed53fe2cfefdaa9bc6fa62130857d236fcf2","isMergeCommit":false,"messageTitle":"Add basic input parser. List transactions","messageBody":"","fileTypesAndContributionMap":{"functional-code":{"insertions":102,"deletions":6}}},{"hash":"636c9bc49f1a3ece5c297b1638b050b517b34aa5","isMergeCommit":false,"messageTitle":"Add currency clarification","messageBody":"Some currencies use the same symbol (e.g. USD$, SGD$, AUD$) this allows the program to clarify which currency where appropriate\n","fileTypesAndContributionMap":{"functional-code":{"insertions":29,"deletions":7}}},{"hash":"936e1cf792e44d817c2ec43571a743c231bbbde1","isMergeCommit":true,"messageTitle":"Merge pull request #8 from Mack34021/add-list-transactions","messageBody":"Add list transactions","fileTypesAndContributionMap":{}},{"hash":"881a4c19eefd4a9502c14da494f28dd4f2fef8b9","isMergeCommit":false,"messageTitle":"Add basic user input parsing. Implement Add transaction","messageBody":"","fileTypesAndContributionMap":{"functional-code":{"insertions":102,"deletions":18}}},{"hash":"c0eaca9e60abf4957c95a7f7113ff90c4f251168","isMergeCommit":false,"messageTitle":"Fix imports for coding standards","messageBody":"","fileTypesAndContributionMap":{"functional-code":{"insertions":5,"deletions":1}}},{"hash":"7ffd166bec2b6369c88bd64bdab3f5798a908c0e","isMergeCommit":true,"messageTitle":"Merge pull request #9 from Mack34021/initial-user-input-parse","messageBody":"Initial user input parse","fileTypesAndContributionMap":{}},{"hash":"9dc3a38e4d9f4696962c4f1b97bbcbacf55c163b","isMergeCommit":false,"messageTitle":"Add Banks, list Banks","messageBody":"","fileTypesAndContributionMap":{"functional-code":{"insertions":91,"deletions":20}}},{"hash":"fd8e803a4f7984e4bef7fbe0a3149bb9a906cf6e","isMergeCommit":true,"messageTitle":"Merge pull request #10 from Mack34021/add-banks","messageBody":"Add Banks, list Banks","fileTypesAndContributionMap":{}}]},{"date":"2025-10-17T00:00:00","commitResults":[{"hash":"eced31ca59d850beed72854a5e2beed3654b8e10","isMergeCommit":false,"messageTitle":"refactored parser class","messageBody":"","fileTypesAndContributionMap":{"functional-code":{"insertions":117,"deletions":126}}},{"hash":"596e03c066f3d609afb87139a53cfa6fe4850227","isMergeCommit":true,"messageTitle":"Merge pull request #34 from Mack34021/refactor-parser-class","messageBody":"refactored parser class","fileTypesAndContributionMap":{}}]},{"date":"2025-10-26T00:00:00","commitResults":[{"hash":"06c6cc508a20f51410fbd94b383c6056059554a8","isMergeCommit":false,"messageTitle":"Add test to Bank class, bug fix in bank class","messageBody":"","fileTypesAndContributionMap":{"functional-code":{"insertions":2,"deletions":3},"test-code":{"insertions":80,"deletions":0}}},{"hash":"ee8200e93c16196ecf670c2a654f4e590092951e","isMergeCommit":true,"messageTitle":"Merge pull request #55 from Mack34021/bank-testing","messageBody":"Add test to Bank class, bug fix in bank class","fileTypesAndContributionMap":{}}]},{"date":"2025-10-28T00:00:00","commitResults":[{"hash":"f95113b7345cd1fc99bc5442251e30cb87380b2d","isMergeCommit":false,"messageTitle":"add Testing for addBank","messageBody":"","fileTypesAndContributionMap":{"test-code":{"insertions":29,"deletions":0}}},{"hash":"75995c3840d906cea636e43d9974c588b14baf65","isMergeCommit":true,"messageTitle":"Merge pull request #66 from Mack34021/addBank-JUnit","messageBody":"add Testing for addBank","fileTypesAndContributionMap":{}},{"hash":"469bfd19e16208d6bac1b1684bee436151c15c49","isMergeCommit":false,"messageTitle":"conform to style guidelines","messageBody":"","fileTypesAndContributionMap":{"test-code":{"insertions":5,"deletions":9}}},{"hash":"84b309a803fceb71bdaaafad8e8fda745e47f66a","isMergeCommit":true,"messageTitle":"Merge branch \u0027addBank-JUnit\u0027","messageBody":"","fileTypesAndContributionMap":{}},{"hash":"3bd5a6a2a96790d50992b59c3c6407ac65b449a2","isMergeCommit":true,"messageTitle":"Merge pull request #67 from Mack34021/master","messageBody":"Fix checkstyle violations","fileTypesAndContributionMap":{}},{"hash":"a7327b4f91ba03e8c0e035656cf3a839d11a10fc","isMergeCommit":false,"messageTitle":"Update UG","messageBody":"","fileTypesAndContributionMap":{"docs":{"insertions":101,"deletions":6}}},{"hash":"bf32b782f62b27fac8b0e865204011a64fedd1e9","isMergeCommit":true,"messageTitle":"Merge pull request #71 from Mack34021/write-UG","messageBody":"Update UG","fileTypesAndContributionMap":{}}]},{"date":"2025-10-29T00:00:00","commitResults":[{"hash":"aafa658c70b6f168b6e470af76b35d8877f58dd2","isMergeCommit":false,"messageTitle":"code attribution, remove unused code","messageBody":"","fileTypesAndContributionMap":{"functional-code":{"insertions":6,"deletions":52}}},{"hash":"ad216ae67c3aaacb8147df5cb077c2ca41c4fc42","isMergeCommit":true,"messageTitle":"Merge pull request #81 from Mack34021/code-attribution","messageBody":"code attribution, remove unused code","fileTypesAndContributionMap":{}}]},{"date":"2025-10-30T00:00:00","commitResults":[{"hash":"9ad35a7a5c3531d65028f472465c031967f5b85a","isMergeCommit":false,"messageTitle":"Fix bugs in budget allocation. Update docs to reflect","messageBody":"","fileTypesAndContributionMap":{"functional-code":{"insertions":52,"deletions":24},"docs":{"insertions":1,"deletions":1}}},{"hash":"738754df9f75924601ec2ba0cc8284ac784985b9","isMergeCommit":false,"messageTitle":"Fix erroneous print in ATM","messageBody":"","fileTypesAndContributionMap":{"functional-code":{"insertions":4,"deletions":2}}},{"hash":"c51934c1575b74c834892a3a0ca798738fa65ae1","isMergeCommit":false,"messageTitle":"Fix style violations","messageBody":"","fileTypesAndContributionMap":{"test-code":{"insertions":6,"deletions":2}}},{"hash":"0db55c6c483544abd15bb9fab8ac2f72f5314f49","isMergeCommit":true,"messageTitle":"Merge pull request #87 from Mack34021/bug-fixes","messageBody":"Bug fixes","fileTypesAndContributionMap":{}},{"hash":"959b7a66b14964b4434b75ca73b00b7c665574f9","isMergeCommit":false,"messageTitle":"Fix style violations","messageBody":"","fileTypesAndContributionMap":{"functional-code":{"insertions":43,"deletions":20}}},{"hash":"3274a769d9e54ef696a9c4f30d39682c6d73a331","isMergeCommit":true,"messageTitle":"Merge remote-tracking branch \u0027origin/bug-fixes\u0027","messageBody":"","fileTypesAndContributionMap":{}},{"hash":"40ecde7cece64bf7f8189bb8efc401ae79089b39","isMergeCommit":true,"messageTitle":"Merge pull request #88 from Mack34021/master","messageBody":"Checkstyle Violations","fileTypesAndContributionMap":{}},{"hash":"25e0920c6155c04403465d086ea5f76a423b9e4f","isMergeCommit":false,"messageTitle":"add ppp early draft","messageBody":"","fileTypesAndContributionMap":{"docs":{"insertions":32,"deletions":0}}},{"hash":"8c6415e9fe9e9d00e9a39a823446947ce4d2aecb","isMergeCommit":true,"messageTitle":"Merge pull request #90 from Mack34021/ppp-initial","messageBody":"add ppp early draft","fileTypesAndContributionMap":{}}]},{"date":"2025-11-02T00:00:00","commitResults":[{"hash":"ebdf9a03cefa04e3515c1fec0e1367e0161f955e","isMergeCommit":false,"messageTitle":"Fix TBH not displaying correctly","messageBody":"","fileTypesAndContributionMap":{"functional-code":{"insertions":21,"deletions":0}}},{"hash":"67c7955d60f90995d7261d551b9c77e5b962a833","isMergeCommit":false,"messageTitle":"update UG","messageBody":"","fileTypesAndContributionMap":{"docs":{"insertions":6,"deletions":3}}},{"hash":"809b50042f6e297b423f0f0d27db3a9c9a8a189b","isMergeCommit":true,"messageTitle":"Merge remote-tracking branch \u0027Upstream/master\u0027","messageBody":"","fileTypesAndContributionMap":{}},{"hash":"e83fd149b3769b92e11ee03ed40b4172fae2cd2b","isMergeCommit":true,"messageTitle":"Merge pull request #153 from Mack34021/master","messageBody":"fix-TBH-display","fileTypesAndContributionMap":{}},{"hash":"430c4d0fba4495879df7f95a606d69c650f64ed2","isMergeCommit":false,"messageTitle":"fix-ci","messageBody":"","fileTypesAndContributionMap":{"functional-code":{"insertions":2,"deletions":2}}},{"hash":"761baf9309a69748d71f7772ab3d602363e76335","isMergeCommit":false,"messageTitle":"Fix Typos","messageBody":"","fileTypesAndContributionMap":{"functional-code":{"insertions":1,"deletions":1}}},{"hash":"bf0169d2a0eb5cd7500eb45b484ebb77e8b9bed8","isMergeCommit":true,"messageTitle":"Merge pull request #159 from Mack34021/fix-hazard-message-CI","messageBody":"fix-ci","fileTypesAndContributionMap":{}},{"hash":"7f15d78f5c41768a045494aabbc3057f117f69ff","isMergeCommit":false,"messageTitle":"fix max bank value bug","messageBody":"","fileTypesAndContributionMap":{"functional-code":{"insertions":14,"deletions":3}}},{"hash":"41da1abf29aa58d7adf39c876f910007e54bf1d2","isMergeCommit":false,"messageTitle":"Fix error message for wrong format addTransaction command","messageBody":"","fileTypesAndContributionMap":{"functional-code":{"insertions":1,"deletions":1}}},{"hash":"0f27b1a168d2171bebb8adec8012e1813413eac2","isMergeCommit":false,"messageTitle":"fix UG error checkstyle","messageBody":"","fileTypesAndContributionMap":{"functional-code":{"insertions":5,"deletions":3},"docs":{"insertions":5,"deletions":5}}},{"hash":"f6b7a83b330079547676e35c6c7224de47da63af","isMergeCommit":true,"messageTitle":"Merge pull request #164 from Mack34021/bug-fixes","messageBody":"Bug fixes","fileTypesAndContributionMap":{}}]},{"date":"2025-11-03T00:00:00","commitResults":[{"hash":"dfe9c9d6bd19fdc3897f70063a9b53f10ada2d31","isMergeCommit":false,"messageTitle":"update PPP","messageBody":"","fileTypesAndContributionMap":{"docs":{"insertions":30,"deletions":19}}},{"hash":"ed4a85aa38cc7d6ca0a102d87634e196a064a431","isMergeCommit":false,"messageTitle":"update README","messageBody":"","fileTypesAndContributionMap":{"docs":{"insertions":9,"deletions":2}}},{"hash":"aa187e6aa36460c3881b3c21bcdae09c9d9ec6dd","isMergeCommit":true,"messageTitle":"Merge pull request #172 from Mack34021/update-readme-PPP","messageBody":"Update readme ppp","fileTypesAndContributionMap":{}},{"hash":"289e79b553d1d3e9162cc56bb2b827d3d1f6196e","isMergeCommit":false,"messageTitle":"update docs to reflect target audience","messageBody":"","fileTypesAndContributionMap":{"docs":{"insertions":5,"deletions":5}}},{"hash":"ce6709453dc69d8c61175a546f9c09e27c4b8689","isMergeCommit":true,"messageTitle":"Merge pull request #173 from Mack34021/update-documentation","messageBody":"update docs to reflect target audience","fileTypesAndContributionMap":{}}]}],"kevinlokewy":[{"date":"2025-10-01T00:00:00","commitResults":[{"hash":"ecc21a08c0c5278898503777d31ad8e67e6a0f3a","isMergeCommit":false,"messageTitle":"Add AboutUs","messageBody":"","fileTypesAndContributionMap":{"docs":{"insertions":3,"deletions":7}}},{"hash":"f5559364e8f5dd224b4e0b29ed84abb657d11fcd","isMergeCommit":true,"messageTitle":"Resolve merge conflicts","messageBody":"","fileTypesAndContributionMap":{}},{"hash":"22c898d2f7899bf38de12dd1aaaa08d4cbf2238a","isMergeCommit":true,"messageTitle":"Merge pull request #4 from kevinlokewy/kevin-AboutUs","messageBody":"Add AboutUs","fileTypesAndContributionMap":{}},{"hash":"d69efb3cc3f90f5ebe643f4044af37e0500e945d","isMergeCommit":false,"messageTitle":"Fix AboutUs.md","messageBody":"","fileTypesAndContributionMap":{"docs":{"insertions":4,"deletions":4}}},{"hash":"6f9d7b1c69b171eea9fee76aff87c17cc4b1210c","isMergeCommit":true,"messageTitle":"Merge pull request #5 from kevinlokewy/kevin-AboutUs","messageBody":"Fix AboutUs.md","fileTypesAndContributionMap":{}}]},{"date":"2025-10-12T00:00:00","commitResults":[{"hash":"1431852d13f32834de6732c48396a0adfcd7df74","isMergeCommit":false,"messageTitle":"Add Parser, Storage, Exceptions and Summary class","messageBody":"","fileTypesAndContributionMap":{"functional-code":{"insertions":156,"deletions":11}}},{"hash":"8bbbcab617c3c8ab909914d6094574338243fc5a","isMergeCommit":true,"messageTitle":"Merge pull request #13 from kevinlokewy/add-Parser-Storage-Exceptions-Summary","messageBody":"Add Parser, Storage, Exceptions and Summary class","fileTypesAndContributionMap":{}}]},{"date":"2025-10-13T00:00:00","commitResults":[{"hash":"a5d2388e4642b223a7c0a369ff004187b643da1a","isMergeCommit":false,"messageTitle":"Fix summary page","messageBody":"","fileTypesAndContributionMap":{"functional-code":{"insertions":395,"deletions":85}}},{"hash":"2a4a871f5a43198b5ea47d92837b93cfd92339ff","isMergeCommit":true,"messageTitle":"Merge branch \u0027master\u0027 into fix-summary-parser","messageBody":"","fileTypesAndContributionMap":{}},{"hash":"1c652b44292b2e2695a04b22aa20210ce930e13b","isMergeCommit":true,"messageTitle":"Merge pull request #21 from kevinlokewy/fix-summary-parser","messageBody":"Fix summary page and budget class \n\nFix storage to store transactions, budgets and banks \n\nAdded SGD Currency \n\nAttached \u003cmonth\u003e to budget ","fileTypesAndContributionMap":{}},{"hash":"246fb66254134de45f2670f8b11bd0e8672bce66","isMergeCommit":false,"messageTitle":"Fix Budget.java","messageBody":"","fileTypesAndContributionMap":{"functional-code":{"insertions":1,"deletions":1}}},{"hash":"1efa6271f46ecaa0aee8270febd3810fc1ffb6cb","isMergeCommit":true,"messageTitle":"Merge pull request #22 from kevinlokewy/fix-summary-parser","messageBody":"Fix Budget.java","fileTypesAndContributionMap":{}}]},{"date":"2025-10-14T00:00:00","commitResults":[{"hash":"a9862ffe3957acb47e01e4ad7cdf2e0ba6047ae6","isMergeCommit":false,"messageTitle":"Add JUnit tests","messageBody":"","fileTypesAndContributionMap":{"functional-code":{"insertions":2,"deletions":15},"other":{"insertions":4,"deletions":0},"test-code":{"insertions":136,"deletions":0}}},{"hash":"e0b4a4256d16239b892e6d25ad5f1b02920cbade","isMergeCommit":true,"messageTitle":"Merge pull request #26 from kevinlokewy/add-junit-test","messageBody":"Add JUnit tests\n\nStorageTest and ParserTest","fileTypesAndContributionMap":{}},{"hash":"b6bc22b836b5e1b33929d30de2336e9203be4af3","isMergeCommit":false,"messageTitle":"Add fat JAR","messageBody":"","fileTypesAndContributionMap":{"other":{"insertions":9,"deletions":0}}},{"hash":"58fba81ea8249b86143d8c22c73cb312eba1e530","isMergeCommit":true,"messageTitle":"Merge pull request #31 from kevinlokewy/add-junit-test","messageBody":"Add fat JAR","tags":["v1.0"],"fileTypesAndContributionMap":{}}]},{"date":"2025-10-18T00:00:00","commitResults":[{"hash":"86d77e41d2e9c827ebbfd861da87c778862258e7","isMergeCommit":false,"messageTitle":"no message","messageBody":"","fileTypesAndContributionMap":{"functional-code":{"insertions":2,"deletions":32},"other":{"insertions":1,"deletions":0}}},{"hash":"5de0e6e958c11021d8f38bd5e04898035bbf14cd","isMergeCommit":true,"messageTitle":"Merge branch \u0027master\u0027 of https://github.com/AY2526S1-CS2113-W10-2/tp into fix-exceptions","messageBody":"","fileTypesAndContributionMap":{}},{"hash":"93b7a36e67f37e6303d71d538be1cf1742d3744b","isMergeCommit":false,"messageTitle":"Fix FinanceExceptions","messageBody":"Changed exception messages into FinanceException messages\n","fileTypesAndContributionMap":{"functional-code":{"insertions":49,"deletions":32}}},{"hash":"cd95338ad9f39ec4a34bc4e3ff7639a73bc59daa","isMergeCommit":true,"messageTitle":"Merge pull request #36 from kevinlokewy/fix-exceptions","messageBody":"Fix exception messages ","fileTypesAndContributionMap":{}}]},{"date":"2025-10-19T00:00:00","commitResults":[{"hash":"034cb83f997e379fd221652ccbd171e05a868a13","isMergeCommit":false,"messageTitle":"Edit DeveloperGuide.md","messageBody":"","fileTypesAndContributionMap":{"functional-code":{"insertions":0,"deletions":2},"docs":{"insertions":196,"deletions":6}}},{"hash":"b032ae8684c6d914c3b922055a803f92cc01e297","isMergeCommit":true,"messageTitle":"Merge pull request #37 from kevinlokewy/edit-developer-guide","messageBody":"Edit DeveloperGuide.md","fileTypesAndContributionMap":{}}]},{"date":"2025-10-20T00:00:00","commitResults":[{"hash":"d7365e1a417b7e68bfe0a11bd27c92c0eb2cd494","isMergeCommit":false,"messageTitle":"Add logging and assertions","messageBody":"","fileTypesAndContributionMap":{"functional-code":{"insertions":130,"deletions":47}}},{"hash":"7c41101aeccf5d05eb03aff16d1328574bc3d783","isMergeCommit":true,"messageTitle":"Merge pull request #38 from kevinlokewy/add-assertions-logging","messageBody":"Add logging and assertions to Parser.java and Summary.java\n\nWorked on cleaning up code with reference to tutor\u0027s feedback","fileTypesAndContributionMap":{}},{"hash":"7b76c981c8f9d4e3262a753f2f7b2bf28f9a5c18","isMergeCommit":false,"messageTitle":"Fix checkstyle issues","messageBody":"","fileTypesAndContributionMap":{"functional-code":{"insertions":13,"deletions":5},"other":{"insertions":2,"deletions":2},"test-code":{"insertions":14,"deletions":5}}},{"hash":"e94bc73a9633f7942ee50d75fda39e0688ed0dd4","isMergeCommit":true,"messageTitle":"Merge pull request #39 from kevinlokewy/add-assertions-logging","messageBody":"Fix checkstyle issues\n\nRemaining checkstyle issues: (Code length) \n[ant:checkstyle] [ERROR] /Users/kevin/tp/src/main/java/user/User.java:79: Line is longer than 120 characters (found 124). [LineLength]\n[ant:checkstyle] [ERROR] /Users/kevin/tp/src/main/java/user/User.java:169: Line is longer than 120 characters (found 123). [LineLength]\n[ant:checkstyle] [ERROR] /Users/kevin/tp/src/main/java/savedata/Storage.java:79: Line is longer than 120 characters (found 121). [LineLength]","fileTypesAndContributionMap":{}}]},{"date":"2025-10-22T00:00:00","commitResults":[{"hash":"85bd5df8f0f6b7971972a41b511350331c793ba0","isMergeCommit":false,"messageTitle":"Add OutputManager.java","messageBody":"","fileTypesAndContributionMap":{"functional-code":{"insertions":2,"deletions":3}}},{"hash":"c023905987a83fbdaa419ca9f55e373e534684b1","isMergeCommit":true,"messageTitle":"Merge branch \u0027master\u0027 of https://github.com/AY2526S1-CS2113-W10-2/tp into add-assertions-logging","messageBody":"","fileTypesAndContributionMap":{}}]},{"date":"2025-10-23T00:00:00","commitResults":[{"hash":"1731d56db7cfe76a5e4c2f5e1e5f43329033bb42","isMergeCommit":true,"messageTitle":"Merge branch \u0027master\u0027 of https://github.com/AY2526S1-CS2113-W10-2/tp into add-ui-quality-of-life","messageBody":"","fileTypesAndContributionMap":{}},{"hash":"e593170d1389f425995a189057cdd374cd8351f9","isMergeCommit":false,"messageTitle":"Add summary page and UI","messageBody":"Fixed summary page command to correspond to logged in and logged out situations\nUpdated UI Quality of Life improvements\n","fileTypesAndContributionMap":{"functional-code":{"insertions":368,"deletions":158}}},{"hash":"69197ba761282232232e2b934ee3b3edfa2a1042","isMergeCommit":true,"messageTitle":"Merge pull request #47 from kevinlokewy/add-ui-quality-of-life","messageBody":"Add UI quality of life and summary page","fileTypesAndContributionMap":{}}]},{"date":"2025-10-24T00:00:00","commitResults":[{"hash":"da72daf23dfe414082a4d7c5ca0c65922678d99f","isMergeCommit":false,"messageTitle":"Fixed summary page","messageBody":"","fileTypesAndContributionMap":{"functional-code":{"insertions":91,"deletions":143}}},{"hash":"74328e3d98a87e90065b442ff04cbfd6d1e998cc","isMergeCommit":true,"messageTitle":"Merge pull request #48 from kevinlokewy/add-ui-quality-of-life","messageBody":"Fixed summary page and UI bugs ","fileTypesAndContributionMap":{}}]},{"date":"2025-10-27T00:00:00","commitResults":[{"hash":"172e00ee47e321fcc4cf9537879e646efd46ef19","isMergeCommit":false,"messageTitle":"Update currencies and UserGuide","messageBody":"","fileTypesAndContributionMap":{"functional-code":{"insertions":14,"deletions":11},"docs":{"insertions":80,"deletions":15}}},{"hash":"923ef26b364c287f610f5a5112e46136707dccca","isMergeCommit":true,"messageTitle":"Merge pull request #57 from kevinlokewy/update-currency-and-UG","messageBody":"Update currencies to reflection popular SEA travel destinations \n\n\nUpdated UserGuide ","fileTypesAndContributionMap":{}}]},{"date":"2025-10-28T00:00:00","commitResults":[{"hash":"c33041cd4a535abe551c61c1a738013abdb9eca2","isMergeCommit":false,"messageTitle":"Update UserGuide","messageBody":"","fileTypesAndContributionMap":{"docs":{"insertions":38,"deletions":2}}},{"hash":"e697ac28a3b17f3cb9a306f6cdb734dd0f714a39","isMergeCommit":true,"messageTitle":"Merge pull request #61 from kevinlokewy/update-UG","messageBody":"Update UserGuide","fileTypesAndContributionMap":{}},{"hash":"d9fe36cc2910cb919b9f029fc0cdb61e4c4a2a9f","isMergeCommit":false,"messageTitle":"Update DeveloperGuide.md","messageBody":"","fileTypesAndContributionMap":{"functional-code":{"insertions":1,"deletions":26},"docs":{"insertions":102,"deletions":2}}},{"hash":"a660ea49c224b52f24ef6ac8f5b5556cf284bac5","isMergeCommit":true,"messageTitle":"Merge pull request #64 from kevinlokewy/update-DG","messageBody":"Update DeveloperGuide.md","fileTypesAndContributionMap":{}}]},{"date":"2025-10-29T00:00:00","commitResults":[{"hash":"c15bca789e7d80ffeb009af25afd3cfca24f3755","isMergeCommit":false,"messageTitle":"Improve code quality","messageBody":"","fileTypesAndContributionMap":{"functional-code":{"insertions":228,"deletions":164}}},{"hash":"d2b867cdecaa5c19a6d5609ed0a9c986a76576ae","isMergeCommit":false,"messageTitle":"Improve code quality","messageBody":"","fileTypesAndContributionMap":{"functional-code":{"insertions":126,"deletions":68}}},{"hash":"3faa16163cca78bef4133c8b4584254bc55e4c1d","isMergeCommit":true,"messageTitle":"Merge pull request #83 from kevinlokewy/improve-code-quality","messageBody":"Improve code quality\n\nMethod extraction \n\nDeep nesting ","fileTypesAndContributionMap":{}},{"hash":"d3c94235496afbbb3b124c12079001ef0e8dd63b","isMergeCommit":false,"messageTitle":"Add JUnit tests","messageBody":"","fileTypesAndContributionMap":{"test-code":{"insertions":177,"deletions":12}}},{"hash":"65a93e9087116f1daaf6bfddbf684b4560c2e12c","isMergeCommit":true,"messageTitle":"Merge pull request #84 from kevinlokewy/add-JUnit-tests","messageBody":"Add JUnit tests\n\nAdded StorageTest\n\nAdded SummaryCommandTest","fileTypesAndContributionMap":{}}]},{"date":"2025-10-30T00:00:00","commitResults":[{"hash":"1ed3f1674ac51d02ad3ae2d41a037f4c477a6521","isMergeCommit":false,"messageTitle":"Edit UserGuide and DeveloperGuide","messageBody":"","fileTypesAndContributionMap":{"docs":{"insertions":10,"deletions":10}}},{"hash":"8a3ba5eac0a30f48a9d96b0cc796dfaa092201ed","isMergeCommit":true,"messageTitle":"Merge branch \u0027master\u0027 of https://github.com/AY2526S1-CS2113-W10-2/tp into edit-UserGuide-DeveloperGuide","messageBody":"","fileTypesAndContributionMap":{}},{"hash":"91e96e28e6a8c679de4ff929ea8d774020c1e346","isMergeCommit":false,"messageTitle":"Edit DeveloperGuide and UserGuide","messageBody":"Refactor more code\n","fileTypesAndContributionMap":{"functional-code":{"insertions":215,"deletions":153},"docs":{"insertions":76,"deletions":2},"test-code":{"insertions":2,"deletions":6}}},{"hash":"bf620effdcb601356bac4e690236ece9df66e426","isMergeCommit":true,"messageTitle":"Merge branch \u0027master\u0027 of https://github.com/AY2526S1-CS2113-W10-2/tp into edit-UserGuide-DeveloperGuide","messageBody":"","fileTypesAndContributionMap":{}},{"hash":"2e8c1c46990cd14e7e3dc44ace35354f600b1f07","isMergeCommit":true,"messageTitle":"Merge pull request #91 from kevinlokewy/edit-UserGuide-DeveloperGuide","messageBody":"Edit user guide developer guide, refactor code, PPP ","fileTypesAndContributionMap":{}},{"hash":"1c853cccad8586bc6528610b06c6f32607beb35d","isMergeCommit":false,"messageTitle":"Attribute code authorship","messageBody":"","fileTypesAndContributionMap":{"functional-code":{"insertions":17,"deletions":1},"test-code":{"insertions":7,"deletions":2}}},{"hash":"c17b7fc98fda6d445e3c772750e3cb7de78a45ce","isMergeCommit":true,"messageTitle":"Merge pull request #92 from kevinlokewy/fix-code-authorship","messageBody":"Attribute code authorship","fileTypesAndContributionMap":{}}]},{"date":"2025-10-31T00:00:00","commitResults":[{"hash":"df8d129382e374f710d94cd25577cc9f74895e6e","isMergeCommit":false,"messageTitle":"Edit DeveloperGuide","messageBody":"","fileTypesAndContributionMap":{"docs":{"insertions":1,"deletions":1}}},{"hash":"48ca441ecabe11535a89b56bb46277d0e96a93a3","isMergeCommit":true,"messageTitle":"Merge branch \u0027master\u0027 of https://github.com/AY2526S1-CS2113-W10-2/tp into add-javadoc-comments","messageBody":"","fileTypesAndContributionMap":{}},{"hash":"1e9942dfad8b5c152bce3cf4715d5e77a15bd86c","isMergeCommit":false,"messageTitle":"Add JavaDoc comments","messageBody":"","fileTypesAndContributionMap":{"functional-code":{"insertions":306,"deletions":1}}},{"hash":"2adcdc624cbb24d8fec309c706fd6a1f31c775c7","isMergeCommit":true,"messageTitle":"Merge pull request #97 from kevinlokewy/add-javadoc-comments","messageBody":"Add javadoc comments","fileTypesAndContributionMap":{}}]},{"date":"2025-11-01T00:00:00","commitResults":[{"hash":"9814868e56c750d7c30edfa20296b73f0845ee67","isMergeCommit":false,"messageTitle":"no message","messageBody":"","fileTypesAndContributionMap":{"functional-code":{"insertions":12,"deletions":3}}},{"hash":"6b13630660fba52a9cc411781219bd794a613c7f","isMergeCommit":true,"messageTitle":"Merge branch \u0027master\u0027 of https://github.com/AY2526S1-CS2113-W10-2/tp into fix-final-bugs","messageBody":"","fileTypesAndContributionMap":{}},{"hash":"2bf4348524b26370a5d5651cd50c4a98ff1e28ac","isMergeCommit":false,"messageTitle":"Fix PE-D bugs","messageBody":"","fileTypesAndContributionMap":{"functional-code":{"insertions":110,"deletions":60},"docs":{"insertions":89,"deletions":54},"test-code":{"insertions":8,"deletions":8}}},{"hash":"23ac779bdd5510223cb474e94faafe51baa51f1e","isMergeCommit":true,"messageTitle":"Merge pull request #146 from kevinlokewy/fix-final-bugs","messageBody":"Fix final bugs","fileTypesAndContributionMap":{}},{"hash":"1ee4ca8105e96de04bd96e3dbe160be4b11ad353","isMergeCommit":false,"messageTitle":"Fixed UI bug","messageBody":"","fileTypesAndContributionMap":{"functional-code":{"insertions":3,"deletions":2},"docs":{"insertions":26,"deletions":4}}},{"hash":"494c7ab3b7fbd91ad77485c110f6f4ffcc38e1fe","isMergeCommit":false,"messageTitle":"Revert \"Fixed UI bug\"","messageBody":"This reverts commit 1ee4ca8105e96de04bd96e3dbe160be4b11ad353.\n","fileTypesAndContributionMap":{"functional-code":{"insertions":2,"deletions":3},"docs":{"insertions":4,"deletions":26}}},{"hash":"578de9a23f1242d7c2f71e7cacd185a14aa81ce2","isMergeCommit":false,"messageTitle":"Reapply \"Fixed UI bug\"","messageBody":"This reverts commit 494c7ab3b7fbd91ad77485c110f6f4ffcc38e1fe.\n","fileTypesAndContributionMap":{"functional-code":{"insertions":3,"deletions":2},"docs":{"insertions":26,"deletions":4}}},{"hash":"83ef1d996fbdc1551e64604f51c21573686ac6dc","isMergeCommit":false,"messageTitle":"Fix inconsistent UI bugs","messageBody":"","fileTypesAndContributionMap":{"functional-code":{"insertions":2,"deletions":0},"docs":{"insertions":3,"deletions":3}}},{"hash":"41c4b4093627d0a29994a8ae63ea8fa37545c8c6","isMergeCommit":true,"messageTitle":"Merge pull request #149 from kevinlokewy/fix-final-bugs","messageBody":"Fix inconsistent UI bugs ","fileTypesAndContributionMap":{}}]},{"date":"2025-11-02T00:00:00","commitResults":[{"hash":"d6396fc38a851f6e9a38184a0f918221bfc08e45","isMergeCommit":false,"messageTitle":"Edit DeveloperGuide","messageBody":"","fileTypesAndContributionMap":{"docs":{"insertions":1,"deletions":2}}},{"hash":"4f434e95d551503698cf642a8d3421c3c6268064","isMergeCommit":true,"messageTitle":"Merge branch \u0027master\u0027 of https://github.com/AY2526S1-CS2113-W10-2/tp into fix-final-bugs","messageBody":"","fileTypesAndContributionMap":{}},{"hash":"69393f86a0f3b1b57ec6b16c610004f56d421a84","isMergeCommit":false,"messageTitle":"Remove logging output for summary commands","messageBody":"","fileTypesAndContributionMap":{"functional-code":{"insertions":5,"deletions":2}}},{"hash":"7f114a4a7925c06498982c7d4564483db8a5cdf1","isMergeCommit":true,"messageTitle":"Merge pull request #162 from kevinlokewy/fix-final-bugs","messageBody":"Fix final bugs","fileTypesAndContributionMap":{}}]},{"date":"2025-11-03T00:00:00","commitResults":[{"hash":"a49318f40269e4f740a6550b7ff116952b097c31","isMergeCommit":false,"messageTitle":"Fix summary page and storage regression","messageBody":"","fileTypesAndContributionMap":{"functional-code":{"insertions":41,"deletions":20}}},{"hash":"a81268bd21fe57a863f34b8349fe3f6912264deb","isMergeCommit":true,"messageTitle":"Merge pull request #176 from kevinlokewy/fix-final-bugs","messageBody":"Fix summary page and storage regression","fileTypesAndContributionMap":{}},{"hash":"850c7f2c355dc46429ec129a160f9809b0c31dfe","isMergeCommit":false,"messageTitle":"Fix StorageTest regression","messageBody":"","fileTypesAndContributionMap":{"functional-code":{"insertions":8,"deletions":4}}},{"hash":"d76fdd0e5105e8d1aa9d2f35d1f6eddb7791e8bc","isMergeCommit":true,"messageTitle":"Merge pull request #177 from kevinlokewy/fix-final-bugs","messageBody":"Fix StorageTest regression","fileTypesAndContributionMap":{}},{"hash":"8b63de50072fda65b9483a8491141ba62748f7dd","isMergeCommit":false,"messageTitle":"Remove magic numbers","messageBody":"","fileTypesAndContributionMap":{"functional-code":{"insertions":20,"deletions":8}}},{"hash":"01ad43d0b6b2853bd2895c4d778e808b362ff8a7","isMergeCommit":true,"messageTitle":"Merge branch \u0027master\u0027 of https://github.com/AY2526S1-CS2113-W10-2/tp into fix-final-bugs","messageBody":"# Conflicts:\n#\tsrc/main/java/summary/Summary.java\n","fileTypesAndContributionMap":{}},{"hash":"3ac5cb179edead6f96c5199c03f3028dbcf2f2e6","isMergeCommit":false,"messageTitle":"Fix DeveloperGuide","messageBody":"","fileTypesAndContributionMap":{"docs":{"insertions":14,"deletions":24}}},{"hash":"1c5a6a190fa0e8de564a886be8ee6c4cfca84783","isMergeCommit":true,"messageTitle":"Merge pull request #179 from kevinlokewy/fix-final-bugs","messageBody":"Fix final bugs\n\nRemove magic numbers \n\nRemove list budget from all documentation \n\nUpdate FAQ to reflect user story change ","fileTypesAndContributionMap":{}},{"hash":"a42a5ad5c42fa31a5973809d9ebb0e6badcebdc8","isMergeCommit":false,"messageTitle":"Add help and remove listbudget","messageBody":"","fileTypesAndContributionMap":{"functional-code":{"insertions":0,"deletions":2},"docs":{"insertions":9,"deletions":1}}},{"hash":"5f43028d4b5ec2e38e8006aa4b2374b3ecc42639","isMergeCommit":true,"messageTitle":"Merge pull request #180 from kevinlokewy/fix-final-bugs","messageBody":"Add help and remove listbudget","fileTypesAndContributionMap":{}}]}]},"authorFileTypeContributionMap":{"XuHh03":{"docs":851,"functional-code":1080,"test-code":636,"other":5},"fahadmohaideen":{"docs":247,"functional-code":244,"test-code":29},"Mack34021":{"docs":122,"functional-code":387,"test-code":91},"kevinlokewy":{"docs":540,"functional-code":1099,"test-code":224,"other":12}},"authorContributionVariance":{"XuHh03":45495.145,"fahadmohaideen":6356.9194,"Mack34021":6259.507,"kevinlokewy":31671.06},"authorDisplayNameMap":{"XuHh03":"CS2113-W10-2 XU H..GHAO","fahadmohaideen":"CS2113-W10-2 FAHA..ADER","Mack34021":"CS2113-W10-2 WILL..DREW","kevinlokewy":"CS2113-W10-2 KEVI..I YI"}}
