{"authorDailyContributionsMap":{"Michael-Low":[{"date":"2025-10-01T00:00:00","commitResults":[{"hash":"7b1d7e75955213ac1339dd7ddeae26b3593b0ece","isMergeCommit":false,"messageTitle":"add details to AboutUs.md file","messageBody":"","fileTypesAndContributionMap":{"docs":{"insertions":3,"deletions":7}}},{"hash":"765688c5b6014db72acaa564233616d0fa888866","isMergeCommit":true,"messageTitle":"Merge branch \u0027master\u0027 into MichaelLow-AboutUs","messageBody":"","fileTypesAndContributionMap":{}},{"hash":"d625c897e9bc5ce1bf67e7fd9e81fd34032cfd1a","isMergeCommit":true,"messageTitle":"Merge pull request #5 from Michael-Low/MichaelLow-AboutUs","messageBody":"add details to AboutUs.md file","fileTypesAndContributionMap":{}}]},{"date":"2025-10-13T00:00:00","commitResults":[{"hash":"ecb3d4eac9a36b34b4f60e55d949627623078435","isMergeCommit":false,"messageTitle":"Add DeleteCommand class","messageBody":"","fileTypesAndContributionMap":{"functional-code":{"insertions":23,"deletions":1}}},{"hash":"d9939f04339b7b817ff52f4b7d180e732ff9f1de","isMergeCommit":true,"messageTitle":"Merge pull request #49 from zhengjie2002/branch-more-defensive","messageBody":"","fileTypesAndContributionMap":{}},{"hash":"32389685ae64b5c46d6a8f1b6f415d11aca70226","isMergeCommit":false,"messageTitle":"Implement the delete cases functionality","messageBody":"","fileTypesAndContributionMap":{"functional-code":{"insertions":45,"deletions":20}}},{"hash":"c365be584886db55db208863cefa68019af674f8","isMergeCommit":false,"messageTitle":"Revert change to import statements","messageBody":"","fileTypesAndContributionMap":{"functional-code":{"insertions":24,"deletions":4}}},{"hash":"640ce3425ae8d91ad3c71f620750f00a45df9ee3","isMergeCommit":true,"messageTitle":"Merge branch \u0027master\u0027 into branch-add-delete-functionality","messageBody":"","fileTypesAndContributionMap":{}},{"hash":"3712fd33d6d062ed0de6a6c3e53b49b6fa14fba3","isMergeCommit":false,"messageTitle":"Fix formatting","messageBody":"","fileTypesAndContributionMap":{"functional-code":{"insertions":2,"deletions":2}}}]},{"date":"2025-10-14T00:00:00","commitResults":[{"hash":"c22532761b916ecba1109ed544e1c74e9cfd36e4","isMergeCommit":true,"messageTitle":"Merge branch \u0027master\u0027 into branch-add-delete-functionality","messageBody":"# Conflicts:\n#\tsrc/main/java/seedu/sgsafe/utils/ui/Parser.java\n","fileTypesAndContributionMap":{}},{"hash":"7ccc4bc1392a35a0714e330f77ac1769b44eb7a3","isMergeCommit":false,"messageTitle":"Refactor code to use the new Validator class","messageBody":"","fileTypesAndContributionMap":{"functional-code":{"insertions":17,"deletions":6}}},{"hash":"4e8b17a5b04d9fc57f0a77c73554794f5db5a052","isMergeCommit":false,"messageTitle":"Add javadoc comment for deleteCase method","messageBody":"","fileTypesAndContributionMap":{"functional-code":{"insertions":7,"deletions":0}}},{"hash":"0dd9488237650e0d5b1edec9812df1e7bfa72dc6","isMergeCommit":false,"messageTitle":"Fix typo in printed message","messageBody":"","fileTypesAndContributionMap":{"functional-code":{"insertions":1,"deletions":1}}}]},{"date":"2025-10-17T00:00:00","commitResults":[{"hash":"a691a3786ec330e0fc00b8a589d8ce0ca41ea752","isMergeCommit":false,"messageTitle":"Fix crash when a number greater than int max is entered into the delete command.","messageBody":"","fileTypesAndContributionMap":{"functional-code":{"insertions":15,"deletions":3}}}]},{"date":"2025-10-19T00:00:00","commitResults":[{"hash":"17e9a7e1fd5d3de8f5a8483f90a5c7a5793607bd","isMergeCommit":false,"messageTitle":"Implement execute method in DeleteCommand.","messageBody":"","fileTypesAndContributionMap":{"functional-code":{"insertions":6,"deletions":5}}},{"hash":"1f20e326c66539f396e11fef231f03b33c7dbf9b","isMergeCommit":false,"messageTitle":"Fix javadoc comment of the deleteCase method","messageBody":"","fileTypesAndContributionMap":{"functional-code":{"insertions":2,"deletions":2}}},{"hash":"64307762039d6ff8c00effc49b45713236cdbfde","isMergeCommit":false,"messageTitle":"Remove unused import","messageBody":"","fileTypesAndContributionMap":{"functional-code":{"insertions":0,"deletions":1}}}]},{"date":"2025-10-20T00:00:00","commitResults":[{"hash":"e37246d56baf2c9b4fe3abcfd27dcfb4302f27af","isMergeCommit":true,"messageTitle":"Merge pull request #90 from zhengjie2002/branch-merge-master","messageBody":"Branch merge master","fileTypesAndContributionMap":{}}]},{"date":"2025-10-21T00:00:00","commitResults":[{"hash":"75ab035cea222566262f9f8984f9da8fe30ce3ac","isMergeCommit":false,"messageTitle":"Implement soft deletion for the delete command","messageBody":"","fileTypesAndContributionMap":{"functional-code":{"insertions":19,"deletions":5}}},{"hash":"8fddf4fe98667edf4d937175659f634e9fc3f267","isMergeCommit":false,"messageTitle":"Change DeleteCommand to use case id instead of index","messageBody":"","fileTypesAndContributionMap":{"functional-code":{"insertions":42,"deletions":41}}},{"hash":"99366782a5ec30722463a61a813d34b771d93714","isMergeCommit":false,"messageTitle":"Delete unused isNumeric method","messageBody":"","fileTypesAndContributionMap":{"functional-code":{"insertions":0,"deletions":12}}},{"hash":"17edfac893feee770806d857e81053b83015465c","isMergeCommit":false,"messageTitle":"Update user guide for the delete command","messageBody":"","fileTypesAndContributionMap":{"docs":{"insertions":6,"deletions":6}}},{"hash":"62cf32e651aaa66a6254bf7a20542a33da582e9a","isMergeCommit":true,"messageTitle":"Merge pull request #99 from xelisce/branch-list-mode","messageBody":"Enhance user guide","fileTypesAndContributionMap":{}}]},{"date":"2025-10-24T00:00:00","commitResults":[{"hash":"c506d3972fe71c27f2a5bd842bce394c51e49fdd","isMergeCommit":false,"messageTitle":"update DeveloperGuide.md","messageBody":"","fileTypesAndContributionMap":{"docs":{"insertions":13,"deletions":0}}},{"hash":"a12bdb033b893cec41db1f41dc50000bad90b4f3","isMergeCommit":true,"messageTitle":"Merge branch \u0027master\u0027 into branch-add-overall-logic-to-user-guide","messageBody":"","fileTypesAndContributionMap":{}}]}],"limeiy1":[{"date":"2025-10-01T00:00:00","commitResults":[{"hash":"723a9befbf1134a60b27bca10c6be31c700ca01e","isMergeCommit":false,"messageTitle":"update AboutUs","messageBody":"","fileTypesAndContributionMap":{"docs":{"insertions":3,"deletions":7}}},{"hash":"e511db49249b6dda380a5ae617a2a089f05bf6f4","isMergeCommit":true,"messageTitle":"Merge branch \u0027master\u0027 into meiyi-AboutUs-branch","messageBody":"","fileTypesAndContributionMap":{}},{"hash":"712ba5b7b95421674ccd74edf80ff427c85a2ecc","isMergeCommit":true,"messageTitle":"Merge pull request #2 from limeiy1/meiyi-AboutUs-branch","messageBody":"update AboutUs","fileTypesAndContributionMap":{}}]},{"date":"2025-10-10T00:00:00","commitResults":[{"hash":"f372a9e1f9fa28464d50d6f42cb2d4328137c9ac","isMergeCommit":false,"messageTitle":"Add CloseCommand class","messageBody":"","fileTypesAndContributionMap":{"functional-code":{"insertions":14,"deletions":0}}},{"hash":"ceeb4d3bc8f2a45392826877e5cffe1b96ac0a91","isMergeCommit":false,"messageTitle":"Add exception for index out of bounds and invalid close commands","messageBody":"","fileTypesAndContributionMap":{"functional-code":{"insertions":21,"deletions":0}}},{"hash":"d95698e6e33750983f18a1884fd03f0fc0287038","isMergeCommit":false,"messageTitle":"Update parser to parse CloseCommand","messageBody":"","fileTypesAndContributionMap":{"functional-code":{"insertions":20,"deletions":0}}},{"hash":"b492969507cf66741c7719eebf4c7598510e2080","isMergeCommit":false,"messageTitle":"Update CaseManager with close case feature","messageBody":"","fileTypesAndContributionMap":{"functional-code":{"insertions":16,"deletions":0}}},{"hash":"7ce8c8e6951fa82c7f15330e217a119dfefe2f55","isMergeCommit":false,"messageTitle":"Add method to close and open case in Case class","messageBody":"","fileTypesAndContributionMap":{"functional-code":{"insertions":8,"deletions":0}}},{"hash":"6cf3577c5b5aab2b0ca1ca4acbb08b37bba947d6","isMergeCommit":false,"messageTitle":"Add handling of close case command","messageBody":"","fileTypesAndContributionMap":{"functional-code":{"insertions":10,"deletions":1}}},{"hash":"8a2894a435282c491f24a341eeaf835f26130cd5","isMergeCommit":false,"messageTitle":"Delete commented code","messageBody":"","fileTypesAndContributionMap":{"functional-code":{"insertions":0,"deletions":2}}},{"hash":"4e5a08fe38e7251564d9c151af5b5b948f337b79","isMergeCommit":true,"messageTitle":"Merge pull request #35 from xelisce/branch-readability","messageBody":"Modify Parser: split up long method","fileTypesAndContributionMap":{}},{"hash":"d1478657f8ad9383795edd1ad6dc6486edb8c5bb","isMergeCommit":true,"messageTitle":"Merge pull request #36 from xelisce/branch-list-command","messageBody":"Modify List Command: split up long methods","fileTypesAndContributionMap":{}},{"hash":"88eb52090d53a39e0169256b6c32982f2f2cf7cc","isMergeCommit":false,"messageTitle":"Add JUnit test for close command parser","messageBody":"","fileTypesAndContributionMap":{"test-code":{"insertions":27,"deletions":0}}}]},{"date":"2025-10-14T00:00:00","commitResults":[{"hash":"ad33b4ee7fe28261df325aa824c685004f01e9cd","isMergeCommit":false,"messageTitle":"Add javadoc comment for closeCase in CaseManager","messageBody":"","fileTypesAndContributionMap":{"functional-code":{"insertions":8,"deletions":0}}},{"hash":"f821e637817d28d51dd8fadf1482863accc06f74","isMergeCommit":false,"messageTitle":"Add javadoc comment for CloseCommand and parseCloseCommand","messageBody":"","fileTypesAndContributionMap":{"functional-code":{"insertions":15,"deletions":0}}}]},{"date":"2025-10-17T00:00:00","commitResults":[{"hash":"ce6218657b0529e05d11d802ddf5ae85109fa821","isMergeCommit":true,"messageTitle":"Merge pull request #73 from xelisce/branch-logging","messageBody":"Add assertions and logging for ListCommand","fileTypesAndContributionMap":{}},{"hash":"0ebcdc57f01704cd808e001dd9c3fb16c4eba211","isMergeCommit":false,"messageTitle":"Add assertion to check for null CloseCommand command","messageBody":"","fileTypesAndContributionMap":{"functional-code":{"insertions":2,"deletions":0}}},{"hash":"fd79c357758482c791ad179cc4fe0fcb7435d87f","isMergeCommit":false,"messageTitle":"Add logger to log invalid input for close command","messageBody":"","fileTypesAndContributionMap":{"functional-code":{"insertions":2,"deletions":0}}},{"hash":"c0f4b559f709f0007746148f6f4e8c8aee9a1f1b","isMergeCommit":true,"messageTitle":"Merge pull request #77 from shennontay/branch-assertion-logging","messageBody":"Add assertions and logging statements","fileTypesAndContributionMap":{}}]},{"date":"2025-10-19T00:00:00","commitResults":[{"hash":"50c1c5fc3a680b53945e4d74e0393bbe71b1ac42","isMergeCommit":false,"messageTitle":"Add execute method for CloseCommand","messageBody":"","fileTypesAndContributionMap":{"functional-code":{"insertions":17,"deletions":6}}},{"hash":"810b9cfb0964ea51627f56031da4fa6be15b1ec4","isMergeCommit":false,"messageTitle":"Handle error for invalid case ID","messageBody":"","fileTypesAndContributionMap":{"functional-code":{"insertions":37,"deletions":21}}},{"hash":"c0bbb7231d58cbf035d095f38af2d0355d4d3a29","isMergeCommit":false,"messageTitle":"Change param of closeCase to caseToClose from caseId to remove repeated code","messageBody":"","fileTypesAndContributionMap":{"functional-code":{"insertions":4,"deletions":5}}},{"hash":"adf5f12b3baf36402aa93c5adb5c1bd0a4b8e363","isMergeCommit":false,"messageTitle":"Add InvalidCaseIdException","messageBody":"","fileTypesAndContributionMap":{"functional-code":{"insertions":15,"deletions":3}}},{"hash":"48c456697276abd14bac9c05041a5f96218470f3","isMergeCommit":false,"messageTitle":"Check valid ID in CloseCommand","messageBody":"","fileTypesAndContributionMap":{"functional-code":{"insertions":8,"deletions":4},"test-code":{"insertions":1,"deletions":6}}},{"hash":"06ba2f7333886c013817e7a5e67f035096f343dc","isMergeCommit":false,"messageTitle":"Remove unused import","messageBody":"","fileTypesAndContributionMap":{"test-code":{"insertions":0,"deletions":1}}},{"hash":"8feed3b639872d7d2c5046b70f5f9d195c10dffc","isMergeCommit":true,"messageTitle":"Merge branch \u002764-branch-refactor-slap-srp\u0027 into branch-refactor-close-command","messageBody":"* 64-branch-refactor-slap-srp:\n  Remove unused import\n  Fix javadoc comment of the deleteCase method\n  Implement execute method in DeleteCommand.\n  Remove unused import statement\n  Add caseNotFoundException\n  Use validator class\n  Move display operations from caseManager to execute class\n  Fix checkstyle error\n  Update parserTest.java\n  Add method to check for valid caseId\n  Change caseNumber to caseId in edit command\n  Create execute method for editCommand\n  Extract validateRequiredFlags\n\n# Conflicts:\n#\tsrc/main/java/seedu/sgsafe/domain/casefiles/CaseManager.java\n#\tsrc/main/java/seedu/sgsafe/utils/ui/Validator.java\n","fileTypesAndContributionMap":{}},{"hash":"eeac16c0322dccf8cdb36e917cfad2bb15b1e859","isMergeCommit":false,"messageTitle":"Update ParserTest with case ID","messageBody":"","fileTypesAndContributionMap":{"test-code":{"insertions":2,"deletions":2}}},{"hash":"fcba3ad69904db557c9059e30fa53e9ce52a9246","isMergeCommit":true,"messageTitle":"Merge pull request #87 from zhengjie2002/branch-refactor-clean-up","messageBody":"Branch refactor clean up","fileTypesAndContributionMap":{}}]},{"date":"2025-10-22T00:00:00","commitResults":[{"hash":"5ae9c204a165b341436547a3f50e79c3be38bd38","isMergeCommit":false,"messageTitle":"Change message in InvalidCaseIdException","messageBody":"","fileTypesAndContributionMap":{"functional-code":{"insertions":2,"deletions":2}}},{"hash":"2690e512acb7b3b4fd319eaaca2a34e734e9ce33","isMergeCommit":false,"messageTitle":"Handle exception in Case Manager, and create new exception to handle when case is already closed","messageBody":"","fileTypesAndContributionMap":{"functional-code":{"insertions":34,"deletions":36}}},{"hash":"33e15ac7224c16300ed8d6eeb12fac79cf0fd55c","isMergeCommit":false,"messageTitle":"Handle invalid case ID error in parser","messageBody":"","fileTypesAndContributionMap":{"functional-code":{"insertions":8,"deletions":3}}},{"hash":"b3888b0385389ab19ba8f5836e505b68fb8e3f0f","isMergeCommit":false,"messageTitle":"Update ParserTest","messageBody":"","fileTypesAndContributionMap":{"test-code":{"insertions":16,"deletions":4}}}]},{"date":"2025-10-23T00:00:00","commitResults":[{"hash":"0f69ad3ebc1a927852a7f174266338b45391e6a7","isMergeCommit":false,"messageTitle":"Create AccidentCase, TheftCase and OthersCase to inherit from Case","messageBody":"","fileTypesAndContributionMap":{"functional-code":{"insertions":41,"deletions":2}}},{"hash":"184a09361fccaad1bcdaa1aea3c292f8286e99a4","isMergeCommit":false,"messageTitle":"Update Parser to handle category flag","messageBody":"","fileTypesAndContributionMap":{"functional-code":{"insertions":3,"deletions":3}}},{"hash":"37a1af029f45d1163a9e927eaff2aff3493edf02","isMergeCommit":false,"messageTitle":"Add function to add different case category based on category flag","messageBody":"","fileTypesAndContributionMap":{"functional-code":{"insertions":21,"deletions":2}}},{"hash":"56b4a16fd91c047fd45b5f7caa07cb5e87616fe8","isMergeCommit":false,"messageTitle":"Update message in InvalidAddCommandException","messageBody":"","fileTypesAndContributionMap":{"functional-code":{"insertions":2,"deletions":2}}},{"hash":"1ac924745edb6a2e651b8733c64bfc041713a070","isMergeCommit":false,"messageTitle":"Fix coding standard violations","messageBody":"","fileTypesAndContributionMap":{"functional-code":{"insertions":12,"deletions":5},"test-code":{"insertions":40,"deletions":29}}},{"hash":"dc63137d48692298cd60e56dad0d8748327ec57b","isMergeCommit":false,"messageTitle":"Create Enum for case category and type","messageBody":"","fileTypesAndContributionMap":{"functional-code":{"insertions":30,"deletions":0},"other":{"insertions":10,"deletions":10}}},{"hash":"d7cb8a4a3e4471538a89e6dae31d4d0417c2bb49","isMergeCommit":false,"messageTitle":"Create exception for invalid category","messageBody":"","fileTypesAndContributionMap":{"functional-code":{"insertions":10,"deletions":0}}},{"hash":"ee7af458853d8da6c489c4612d85df6b45b7750a","isMergeCommit":false,"messageTitle":"Create more case types and categories","messageBody":"","fileTypesAndContributionMap":{"functional-code":{"insertions":226,"deletions":25},"test-code":{"insertions":2,"deletions":1}}}]},{"date":"2025-10-24T00:00:00","commitResults":[{"hash":"365975b97ae3bdd39d67dbf39d57d9723d6201e6","isMergeCommit":false,"messageTitle":"Update text-ui-test","messageBody":"","fileTypesAndContributionMap":{"functional-code":{"insertions":44,"deletions":41}}},{"hash":"f89fa3ea5d893392a0eb2563da3f921a1378907d","isMergeCommit":false,"messageTitle":"Fix declaration order","messageBody":"","fileTypesAndContributionMap":{"functional-code":{"insertions":8,"deletions":9}}},{"hash":"689f0b837ff2e46b191f20a92195f44747dffcab","isMergeCommit":false,"messageTitle":"Add function to reopen closed cases","messageBody":"","fileTypesAndContributionMap":{"functional-code":{"insertions":80,"deletions":1}}},{"hash":"78cae87dfcd78f67a0c2f0dfad576617ba2f5c76","isMergeCommit":false,"messageTitle":"Add JUnit tests for open case parser","messageBody":"","fileTypesAndContributionMap":{"functional-code":{"insertions":2,"deletions":2},"test-code":{"insertions":27,"deletions":0}}},{"hash":"cb9d4a8265d9bf96bc828d7284e4fdecc9a2b24c","isMergeCommit":false,"messageTitle":"Add assertion and javadoc comments","messageBody":"","fileTypesAndContributionMap":{"functional-code":{"insertions":24,"deletions":0}}},{"hash":"f75630bde76d22dc34697368c5e0f5387f1d2bd4","isMergeCommit":false,"messageTitle":"Update DeveloperGuide","messageBody":"","fileTypesAndContributionMap":{"docs":{"insertions":7,"deletions":3}}}]}],"xelisce":[{"date":"2025-10-01T00:00:00","commitResults":[{"hash":"5890906052e297b11b9b4cfa127c74bd4f4dc338","isMergeCommit":false,"messageTitle":"Modified AboutUs table","messageBody":"","fileTypesAndContributionMap":{"docs":{"insertions":3,"deletions":7}}},{"hash":"d671ab42a0992b4d83a1c36f7083f85644dcc93b","isMergeCommit":true,"messageTitle":"Merge pull request #1 from xelisce/Celeste-AboutUs","messageBody":"Modified AboutUs table","fileTypesAndContributionMap":{}},{"hash":"a7fa23503dca943e22650f98d31e888bcb00b861","isMergeCommit":false,"messageTitle":"Rename all instances of Duke to SGSafe","messageBody":"","fileTypesAndContributionMap":{"functional-code":{"insertions":12,"deletions":21},"other":{"insertions":4,"deletions":4},"docs":{"insertions":2,"deletions":8}}},{"hash":"8a4b6c93559c38413619202416fbb90cf3b4e155","isMergeCommit":false,"messageTitle":"Add basic Display, Parser, Command, CommandType and InvalidCommand","messageBody":"","fileTypesAndContributionMap":{"functional-code":{"insertions":108,"deletions":3}}}]},{"date":"2025-10-04T00:00:00","commitResults":[{"hash":"3b6104693716694abda66611eb3c0603afc33ef4","isMergeCommit":false,"messageTitle":"Add Case and CaseManager classes","messageBody":"","fileTypesAndContributionMap":{"functional-code":{"insertions":25,"deletions":0}}},{"hash":"d088b908cc77ae383b0013d9abc85f36d6e24f82","isMergeCommit":false,"messageTitle":"Add ListCommand for displaying all Cases","messageBody":"","fileTypesAndContributionMap":{"functional-code":{"insertions":190,"deletions":7}}},{"hash":"48e21b80a0c917ca9e4372c4a64613e9e8d7a056","isMergeCommit":false,"messageTitle":"Fix check error: Checkstyle","messageBody":"","fileTypesAndContributionMap":{"functional-code":{"insertions":5,"deletions":4}}},{"hash":"c305eb74bf286d984935e07e5ed6fbde91dff618","isMergeCommit":false,"messageTitle":"Modified code from code review comments and add Javadoc","messageBody":"","fileTypesAndContributionMap":{"functional-code":{"insertions":203,"deletions":96}}},{"hash":"eeec817dff2d09309efef1275f86679405f0805b","isMergeCommit":false,"messageTitle":"Fix check error: Checkstyle","messageBody":"","fileTypesAndContributionMap":{"functional-code":{"insertions":17,"deletions":17}}},{"hash":"06feb8c8adebc2c98dcd7a860aa593ecb9c0581c","isMergeCommit":false,"messageTitle":"Fix check error: Checkstyle","messageBody":"","fileTypesAndContributionMap":{"functional-code":{"insertions":3,"deletions":3}}}]},{"date":"2025-10-08T00:00:00","commitResults":[{"hash":"8e0df5e9d194240ac1577a03c1f8187e36aef591","isMergeCommit":true,"messageTitle":"Merge pull request #18 from zhengjie2002/branch-create-case","messageBody":"Branch create case","fileTypesAndContributionMap":{}}]},{"date":"2025-10-09T00:00:00","commitResults":[{"hash":"18b6ceaddb999a4b6fbde4f8a1f545cfe56286df","isMergeCommit":false,"messageTitle":"Remove InvalidCommand classes in favor of using exceptions","messageBody":"","fileTypesAndContributionMap":{"functional-code":{"insertions":3,"deletions":4},"other":{"insertions":6,"deletions":0}}},{"hash":"72de29ac9c90f4a9bf1089018ec3db20317b1988","isMergeCommit":false,"messageTitle":"Modify ListCommand in Parser to use exceptions","messageBody":"","fileTypesAndContributionMap":{"functional-code":{"insertions":24,"deletions":11}}},{"hash":"54bd9e0757f8b6b27d68f92d55f8e45ebecbf460","isMergeCommit":false,"messageTitle":"Fix check error: Checkstyle","messageBody":"","fileTypesAndContributionMap":{"functional-code":{"insertions":3,"deletions":3}}},{"hash":"a12685ca9abb065532c25924aa28ecdeff9533d9","isMergeCommit":false,"messageTitle":"Fix check error: Checkstyle","messageBody":"","fileTypesAndContributionMap":{"functional-code":{"insertions":0,"deletions":1}}},{"hash":"6bdf82ac5e9ab7b43198e01f48d4228ff249de1f","isMergeCommit":false,"messageTitle":"Add Parser and List Parser JUnit tests","messageBody":"","fileTypesAndContributionMap":{"test-code":{"insertions":48,"deletions":0}}},{"hash":"027cb5fb6d10f9693639e6e160edfe8c9b452ad1","isMergeCommit":false,"messageTitle":"Fix check error: Checkstyle","messageBody":"","fileTypesAndContributionMap":{"test-code":{"insertions":2,"deletions":1}}},{"hash":"ffe4e68f2e0f3b89700188f2dacd0b65ae1ad3aa","isMergeCommit":false,"messageTitle":"Add JUnit tests for CaseManager list cases","messageBody":"","fileTypesAndContributionMap":{"functional-code":{"insertions":2,"deletions":1},"test-code":{"insertions":24,"deletions":0}}},{"hash":"1ec0124fae3fe3dc63620fbf36be7a992e03e64a","isMergeCommit":false,"messageTitle":"Modify Parser javadoc to reflect exceptions","messageBody":"","fileTypesAndContributionMap":{"functional-code":{"insertions":6,"deletions":4}}},{"hash":"d37cb551fceffc74013145cbb8516fe908fd8588","isMergeCommit":false,"messageTitle":"Add JUnit tests for CaseManager list cases","messageBody":"","fileTypesAndContributionMap":{"functional-code":{"insertions":2,"deletions":2}}}]},{"date":"2025-10-10T00:00:00","commitResults":[{"hash":"250468cfea6a1257d47f831ac782d37a4cd5c880","isMergeCommit":true,"messageTitle":"Merge pull request #27 from shennontay/edit-command","messageBody":"Implement edit command function","fileTypesAndContributionMap":{}},{"hash":"7c85b589c6b74e6d5a74f325dbda6e6b2075596e","isMergeCommit":true,"messageTitle":"Merge pull request #29 from zhengjie2002/branch-add-command-error-handling","messageBody":"Implement error handling for add command","fileTypesAndContributionMap":{}},{"hash":"82fc5ab903ad43e1e1550ec61251cffddf2f7e5f","isMergeCommit":true,"messageTitle":"Merge pull request #31 from zhengjie2002/branch-junit-add-command-class","messageBody":"Add JUnit test for AddCommand class","fileTypesAndContributionMap":{}},{"hash":"a03d28a07c4b0d5ca24772f4c9a63d97a5fb8980","isMergeCommit":false,"messageTitle":"Modify Parser: split up long method","messageBody":"","fileTypesAndContributionMap":{"functional-code":{"insertions":48,"deletions":11}}},{"hash":"c88e426f895e5251633cd223581cd5f4f67b7ceb","isMergeCommit":false,"messageTitle":"Modified CaseManager List command remove long methods","messageBody":"","fileTypesAndContributionMap":{"functional-code":{"insertions":70,"deletions":11},"test-code":{"insertions":24,"deletions":8}}},{"hash":"327fdfcbe022d3d60ea15c81c7773b3071c0b260","isMergeCommit":false,"messageTitle":"Add JUnit tests for CaseManager list cases","messageBody":"","fileTypesAndContributionMap":{"test-code":{"insertions":25,"deletions":14}}},{"hash":"fcdbaabb9c6701fb7cfd67f3316969d9e68c684f","isMergeCommit":false,"messageTitle":"Fix check error: Checkstyle","messageBody":"","fileTypesAndContributionMap":{"functional-code":{"insertions":0,"deletions":1},"test-code":{"insertions":1,"deletions":1}}},{"hash":"7b0ca95bd406d7cc47386a0a784611982bfd25dd","isMergeCommit":true,"messageTitle":"Merge pull request #37 from limeiy1/branch-close-command","messageBody":"Branch close command","fileTypesAndContributionMap":{}}]},{"date":"2025-10-14T00:00:00","commitResults":[{"hash":"2fb8fb2986056ad0b1130b0220a03544a3cb0306","isMergeCommit":true,"messageTitle":"Merge pull request #40 from zhengjie2002/branch-issue-template-bug","messageBody":"Branch issue template bug","fileTypesAndContributionMap":{}},{"hash":"517ebfc1f129133f4f80be47580d21ad8dff0298","isMergeCommit":true,"messageTitle":"Merge pull request #42 from zhengjie2002/branch-test-case-manager-add-case","messageBody":"Branch test case manager add case","fileTypesAndContributionMap":{}},{"hash":"b028f1c3fb91c658f8c0b2e3da8013c441f7bb33","isMergeCommit":true,"messageTitle":"Merge pull request #52 from zhengjie2002/branch-validator-class","messageBody":"Branch validator class","fileTypesAndContributionMap":{}},{"hash":"6ae295d635e2c3e00cb079482cfb81a24d62965f","isMergeCommit":false,"messageTitle":"Add functionality to list cases by status","messageBody":"","fileTypesAndContributionMap":{"functional-code":{"insertions":100,"deletions":36}}},{"hash":"bbbec0a3ef6929b314b6153161f8e00f3a354deb","isMergeCommit":false,"messageTitle":"Add 6 digit hex caseID to cases","messageBody":"","fileTypesAndContributionMap":{"functional-code":{"insertions":35,"deletions":6}}},{"hash":"0c592d70d0c9ed06dc76a7477fd6e49b5bded7b3","isMergeCommit":false,"messageTitle":"Add support for caseID in list and add commands","messageBody":"","fileTypesAndContributionMap":{"functional-code":{"insertions":46,"deletions":19}}},{"hash":"0ff1cfd1174f8156bbf2d82b21136d083be0ae11","isMergeCommit":false,"messageTitle":"Add JUnit tests for list commands by status","messageBody":"","fileTypesAndContributionMap":{"test-code":{"insertions":116,"deletions":16}}},{"hash":"86809a10e8fbcebefa2226b0e6c65a0f552d3149","isMergeCommit":false,"messageTitle":"Fix check error: Checkstyle","messageBody":"","fileTypesAndContributionMap":{"functional-code":{"insertions":6,"deletions":6},"test-code":{"insertions":0,"deletions":1}}},{"hash":"b5a16211e5fa3b1ad53b49a00148675c76b8699c","isMergeCommit":true,"messageTitle":"Merge pull request #54 from zhengjie2002/branch-length-validation","messageBody":"Branch length validation","fileTypesAndContributionMap":{}}]},{"date":"2025-10-15T00:00:00","commitResults":[{"hash":"e0dfd7207e84f9ce9360f9a6924b5aa6b8887952","isMergeCommit":true,"messageTitle":"Merge branch \u0027master\u0027 into branch-list-command-status","messageBody":"","fileTypesAndContributionMap":{}}]},{"date":"2025-10-16T00:00:00","commitResults":[{"hash":"b68de340080fa1b678738cae33f0f7447ac2e21d","isMergeCommit":true,"messageTitle":"Merge pull request #60 from zhengjie2002/branch-issue-bug-report-change","messageBody":"Update bug report issue template","fileTypesAndContributionMap":{}}]},{"date":"2025-10-17T00:00:00","commitResults":[{"hash":"8b54fa1f17cf54a07c5180412b59dd93a133ba14","isMergeCommit":true,"messageTitle":"Merge pull request #68 from zhengjie2002/branch-refactor-command-initial","messageBody":"Branch refactor command initial","fileTypesAndContributionMap":{}},{"hash":"d9cbf143b870f6336eb9d3e033e5be0d97a3c3ef","isMergeCommit":false,"messageTitle":"Add ListCommand JUnit tests","messageBody":"","fileTypesAndContributionMap":{"functional-code":{"insertions":126,"deletions":112},"test-code":{"insertions":128,"deletions":98}}},{"hash":"1adaae0e849de496a5bfaf82bcbaeb4dbecdd0b0","isMergeCommit":false,"messageTitle":"Change InvalidListCommandException to show --status flag","messageBody":"","fileTypesAndContributionMap":{"functional-code":{"insertions":35,"deletions":28},"test-code":{"insertions":29,"deletions":9}}},{"hash":"c620f45097cd9a8acf111e592ed5cada15c0b7cc","isMergeCommit":false,"messageTitle":"Add assertions and logging for ListCommand","messageBody":"","fileTypesAndContributionMap":{"functional-code":{"insertions":10,"deletions":1}}}]},{"date":"2025-10-21T00:00:00","commitResults":[{"hash":"a005d72af06c42f37b9144747072121158479b02","isMergeCommit":true,"messageTitle":"Merge pull request #89 from AY2526S1-CS2113-W13-3/64-branch-refactor-slap-srp","messageBody":"64 branch refactor slap srp","fileTypesAndContributionMap":{}},{"hash":"8ed2514c2923f33b356cd34a52d6a1d47692c9bd","isMergeCommit":false,"messageTitle":"Add parsing for verbose listing","messageBody":"","fileTypesAndContributionMap":{"functional-code":{"insertions":74,"deletions":19}}},{"hash":"0162acc9c47836126e1b83f573d5b7375efcf29d","isMergeCommit":false,"messageTitle":"Add verbose printing for list command","messageBody":"","fileTypesAndContributionMap":{"functional-code":{"insertions":83,"deletions":14}}},{"hash":"01c680018de1ef926e4499325ec28b57047f3a10","isMergeCommit":false,"messageTitle":"Add JUnit tests for new verbose listing","messageBody":"","fileTypesAndContributionMap":{"functional-code":{"insertions":8,"deletions":8},"test-code":{"insertions":115,"deletions":27}}},{"hash":"62de3c5cc7f4e7cba16e134e986c5602b211e342","isMergeCommit":true,"messageTitle":"Merge pull request #93 from zhengjie2002/branch-enable-assertion","messageBody":"Enable assertions","fileTypesAndContributionMap":{}},{"hash":"7c5a44f4f09bd5ca19b0160a37e6bcc180dd311d","isMergeCommit":false,"messageTitle":"Edit user guide to reflect verbose mode","messageBody":"","fileTypesAndContributionMap":{"docs":{"insertions":46,"deletions":15}}},{"hash":"b9b2a72f2ee5ce5551891ce7fbc0eeb3b6fd54cd","isMergeCommit":false,"messageTitle":"Enhance user guide","messageBody":"","fileTypesAndContributionMap":{"docs":{"insertions":0,"deletions":1}}}]},{"date":"2025-10-22T00:00:00","commitResults":[{"hash":"ba12a6ad015714b492b0c679f7fe45317edbf948","isMergeCommit":false,"messageTitle":"Handle soft delete in list command","messageBody":"","fileTypesAndContributionMap":{"functional-code":{"insertions":3,"deletions":0}}},{"hash":"898805270e7fc0ca98628230b3d73d42b5309b5e","isMergeCommit":true,"messageTitle":"Merge pull request #105 from zhengjie2002/branch-developer-guide-structure","messageBody":"Add developer guide structure","fileTypesAndContributionMap":{}},{"hash":"77575018aec4d576859b614f44c7665b4086f285","isMergeCommit":true,"messageTitle":"Merge pull request #103 from zhengjie2002/branch-sgsafe-logo-bug","messageBody":"Fix hyperlink for SGSafe Logo","fileTypesAndContributionMap":{}}]},{"date":"2025-10-24T00:00:00","commitResults":[{"hash":"afe3a1892ec9d618c01dec0bfe7b12b0f3f6ad2c","isMergeCommit":false,"messageTitle":"Modify design guide","messageBody":"","fileTypesAndContributionMap":{"docs":{"insertions":22,"deletions":2}}}]}],"zhengjie2002":[{"date":"2025-10-01T00:00:00","commitResults":[{"hash":"2249bfe414370cdfaad82883d33ff5ed769048c0","isMergeCommit":false,"messageTitle":"Update team info","messageBody":"","fileTypesAndContributionMap":{"docs":{"insertions":3,"deletions":7}}},{"hash":"ce3da0726bda96b86fede1a1054b1d0d960a82be","isMergeCommit":true,"messageTitle":"Merge branch \u0027master\u0027 into ZhengJie-AboutUs","messageBody":"","fileTypesAndContributionMap":{}},{"hash":"8abe84a01ba8527853ba9754189f8ca472f304ea","isMergeCommit":true,"messageTitle":"Merge pull request #3 from zhengjie2002/ZhengJie-AboutUs","messageBody":"Update team info","fileTypesAndContributionMap":{}}]},{"date":"2025-10-04T00:00:00","commitResults":[{"hash":"ff2fea7f983e0229dea76badd03f6ac8abce6c1c","isMergeCommit":true,"messageTitle":"Merge pull request #7 from xelisce/branch-rename","messageBody":"Rename all instances of Duke to SGSafe","fileTypesAndContributionMap":{}},{"hash":"aebcee51f113d00f38adfafd6d17ea2b0d9fb62d","isMergeCommit":true,"messageTitle":"Merge pull request #8 from xelisce/branch-ui-base","messageBody":"Add UI display and user input class bases","fileTypesAndContributionMap":{}},{"hash":"3c8c6aaca9d4bf2a8b794d01b6ebc9a98f1d3532","isMergeCommit":true,"messageTitle":"Merge pull request #9 from xelisce/branch-case-base","messageBody":"Branch case base","fileTypesAndContributionMap":{}},{"hash":"85c20274541784e5679ca46f4247b9cbb633515f","isMergeCommit":true,"messageTitle":"Merge pull request #11 from xelisce/branch-list-command","messageBody":"Branch list command","fileTypesAndContributionMap":{}}]},{"date":"2025-10-08T00:00:00","commitResults":[{"hash":"f328dc9dc400d1887f6f4db47dcc5d263dec645d","isMergeCommit":false,"messageTitle":"Add add command to support adding cases","messageBody":"","fileTypesAndContributionMap":{"functional-code":{"insertions":71,"deletions":1}}},{"hash":"a345f974cdd67084166c5951d9692dd32df45cd2","isMergeCommit":false,"messageTitle":"Update parser to parse add command","messageBody":"","fileTypesAndContributionMap":{"functional-code":{"insertions":54,"deletions":1}}},{"hash":"53496de669eff7fc40f2d883c8e90d1baec9c705","isMergeCommit":false,"messageTitle":"Update case manager with add case feature","messageBody":"","fileTypesAndContributionMap":{"functional-code":{"insertions":15,"deletions":0}}},{"hash":"a2b4dd5b92871bf2e4f853f461281cd179ca9a81","isMergeCommit":false,"messageTitle":"Add handling for addCase command","messageBody":"","fileTypesAndContributionMap":{"functional-code":{"insertions":9,"deletions":0}}},{"hash":"56d83ffd573ccdb392a86bfc3ce100a37b4f6221","isMergeCommit":false,"messageTitle":"Refactor add command parser for better abstraction","messageBody":"","fileTypesAndContributionMap":{"functional-code":{"insertions":46,"deletions":14}}}]},{"date":"2025-10-09T00:00:00","commitResults":[{"hash":"d88eb9f3d0f97de416e8426bc29f5ffb76c65151","isMergeCommit":false,"messageTitle":"Add InvalidCommandException abstract class","messageBody":"","fileTypesAndContributionMap":{"functional-code":{"insertions":14,"deletions":0}}},{"hash":"69cc2f80f989fa9266a64deb37a652facac36fd6","isMergeCommit":false,"messageTitle":"Add exception class for empty and unknown command","messageBody":"","fileTypesAndContributionMap":{"functional-code":{"insertions":14,"deletions":0}}},{"hash":"e2581f9fd00649a8765e9f94ee8af5d2a7e42b85","isMergeCommit":false,"messageTitle":"Implement exception for unknown and empty command","messageBody":"","fileTypesAndContributionMap":{"functional-code":{"insertions":27,"deletions":18}}},{"hash":"51b9aa2d66345bf99f9d0d624614c7f40e494895","isMergeCommit":false,"messageTitle":"Implement error handling for add command","messageBody":"","fileTypesAndContributionMap":{"functional-code":{"insertions":71,"deletions":27}}},{"hash":"46475a53f4f3a7915d3311a9fda5f9be0cc5d69c","isMergeCommit":false,"messageTitle":"Add JUnit test for AddCommand class","messageBody":"","fileTypesAndContributionMap":{"test-code":{"insertions":52,"deletions":0}}}]},{"date":"2025-10-10T00:00:00","commitResults":[{"hash":"f189628ce0ad04e871b698d05314bdb166581204","isMergeCommit":true,"messageTitle":"Merge branch \u0027master\u0027 into branch-add-command-error-handling","messageBody":"","fileTypesAndContributionMap":{}}]},{"date":"2025-10-12T00:00:00","commitResults":[{"hash":"3fa78568333238166dc34e1f8596e8dab059c49d","isMergeCommit":false,"messageTitle":"Add bug report issue template","messageBody":"","fileTypesAndContributionMap":{"docs":{"insertions":27,"deletions":0}}},{"hash":"916e2859852f2c54ae6cef538e74badc098322d3","isMergeCommit":false,"messageTitle":"Format bug report issue template","messageBody":"","fileTypesAndContributionMap":{"docs":{"insertions":2,"deletions":1}}}]},{"date":"2025-10-13T00:00:00","commitResults":[{"hash":"9079119dcb24ce023fa2d11b13d41aea462c3b63","isMergeCommit":false,"messageTitle":"Add getters for case class","messageBody":"","fileTypesAndContributionMap":{"functional-code":{"insertions":45,"deletions":0}}},{"hash":"d8feb955f836c5a2449362dd28390807f5fa39b7","isMergeCommit":false,"messageTitle":"Add JUnit test for CaseManager addCase method","messageBody":"","fileTypesAndContributionMap":{"test-code":{"insertions":49,"deletions":0}}},{"hash":"dc531a19562ceaa8d3e21cb2ce0f50742dbfc286","isMergeCommit":false,"messageTitle":"Update ReadMe guide","messageBody":"","fileTypesAndContributionMap":{"docs":{"insertions":12,"deletions":6}}},{"hash":"a1347e72977bb5778d5cd3b78ad40e73f0443f5e","isMergeCommit":false,"messageTitle":"Update user guide","messageBody":"","fileTypesAndContributionMap":{"docs":{"insertions":161,"deletions":22}}},{"hash":"fe717b12b78fa4d32489751614a8b64bdee5a565","isMergeCommit":false,"messageTitle":"Add assertion to check command not null","messageBody":"","fileTypesAndContributionMap":{"functional-code":{"insertions":1,"deletions":0}}},{"hash":"dd3c0678eb230923d0eb2f6bb4261f06811cee76","isMergeCommit":false,"messageTitle":"Add Junit test for add command parser","messageBody":"","fileTypesAndContributionMap":{"test-code":{"insertions":48,"deletions":0}}},{"hash":"cd512966d9a5d8ebdca6196d8440fe4800a69a54","isMergeCommit":false,"messageTitle":"Add logger to log application statuses","messageBody":"","fileTypesAndContributionMap":{"functional-code":{"insertions":22,"deletions":0}}}]},{"date":"2025-10-14T00:00:00","commitResults":[{"hash":"7a0c3b79c8d29e6cea990a76061e0f9750476cf8","isMergeCommit":false,"messageTitle":"Rename InvalidAddCommandException","messageBody":"","fileTypesAndContributionMap":{"other":{"insertions":0,"deletions":0}}},{"hash":"5acfdf8b65a433038ae4f6135198fec7a1e42983","isMergeCommit":false,"messageTitle":"Update references of InvalidAddCommandException","messageBody":"","fileTypesAndContributionMap":{"functional-code":{"insertions":2,"deletions":2},"test-code":{"insertions":4,"deletions":4}}},{"hash":"45c91febcda65ceec140aaf3ea114d99eb67ae16","isMergeCommit":false,"messageTitle":"Add validator class","messageBody":"","fileTypesAndContributionMap":{"functional-code":{"insertions":89,"deletions":39}}},{"hash":"7e627c6dfded92257f0fc61ecc96cdb44f1ea53b","isMergeCommit":false,"messageTitle":"Add tests for validator class","messageBody":"","fileTypesAndContributionMap":{"test-code":{"insertions":62,"deletions":0}}},{"hash":"7c7cf57ec69edd2b246e1a83474b5f23f9bce6d7","isMergeCommit":false,"messageTitle":"Add validation for input length","messageBody":"","fileTypesAndContributionMap":{"functional-code":{"insertions":21,"deletions":0}}},{"hash":"6443cb49c2ae4cbed713dc4cb6882ce93f72fa70","isMergeCommit":false,"messageTitle":"Add test for input length validation","messageBody":"","fileTypesAndContributionMap":{"test-code":{"insertions":11,"deletions":0}}},{"hash":"ef9579a7988c3203243195963eb2d34d56dc2a23","isMergeCommit":true,"messageTitle":"Merge pull request #50 from Michael-Low/branch-add-delete-functionality","messageBody":"Branch add delete functionality","fileTypesAndContributionMap":{}},{"hash":"223ea18e1e10dbc62425f0ad5899cac9d2809a88","isMergeCommit":false,"messageTitle":"Update bug report issue template","messageBody":"","fileTypesAndContributionMap":{"docs":{"insertions":1,"deletions":0}}},{"hash":"3dc01e57bf8ce7ff4a6609ccf5e658396d8362eb","isMergeCommit":true,"messageTitle":"Merge pull request #62 from limeiy1/branch-coding-standard","messageBody":"Branch coding standard","tags":["v1.0"],"fileTypesAndContributionMap":{}}]},{"date":"2025-10-15T00:00:00","commitResults":[{"hash":"68fff11562a8e1182037de55a64149470cd3150b","isMergeCommit":true,"messageTitle":"Merge pull request #57 from xelisce/branch-list-command-status","messageBody":"List cases by status with case ID","fileTypesAndContributionMap":{}}]},{"date":"2025-10-16T00:00:00","commitResults":[{"hash":"2d39dc4542172927cef31ca9ff917faa7e117987","isMergeCommit":false,"messageTitle":"Improve error message for unknown commands","messageBody":"","fileTypesAndContributionMap":{"functional-code":{"insertions":6,"deletions":3}}},{"hash":"99fe4e5d275a242565d19a4cb9c17b580e8b1cf2","isMergeCommit":false,"messageTitle":"Improve SRP and SLAP for main code","messageBody":"","fileTypesAndContributionMap":{"functional-code":{"insertions":56,"deletions":53},"test-code":{"insertions":71,"deletions":70}}}]},{"date":"2025-10-17T00:00:00","commitResults":[{"hash":"5bbf73968fc9a0aaa82ca926af23f1c00df88116","isMergeCommit":true,"messageTitle":"Merge pull request #70 from xelisce/69-branch-refactor-list-command","messageBody":"Refactor List Command to run in execute()","fileTypesAndContributionMap":{}},{"hash":"93fd15794b7d6aaaf58759b1451e6d7b4331dbb1","isMergeCommit":true,"messageTitle":"Merge pull request #75 from Michael-Low/branch-fix-int-max-delete-crash","messageBody":"","fileTypesAndContributionMap":{}},{"hash":"e70aad71dadb9f83bd6b0ae2bb4cafa6562b875b","isMergeCommit":true,"messageTitle":"Merge pull request #76 from limeiy1/branch-assertion-and-logging","messageBody":"","fileTypesAndContributionMap":{}}]},{"date":"2025-10-19T00:00:00","commitResults":[{"hash":"eeb001b4aaa491dad2d54d75b9bd1dc3a7cd2377","isMergeCommit":true,"messageTitle":"Merge pull request #80 from shennontay/branch-refactor-edit-command","messageBody":"Branch refactor edit command","fileTypesAndContributionMap":{}},{"hash":"5858cf14275a1bc8b958ac81609871d6fc561c3a","isMergeCommit":true,"messageTitle":"Merge pull request #84 from Michael-Low/branch-refactor-delete","messageBody":"Refactor the delete command to use the execute method","fileTypesAndContributionMap":{}},{"hash":"0d5b531e5561f81b419e1a9e512e40470b32732f","isMergeCommit":true,"messageTitle":"Merge pull request #83 from limeiy1/branch-refactor-close-command","messageBody":"Branch refactor close command","fileTypesAndContributionMap":{}},{"hash":"425d2fe94e09a6e7c281f9a24dff551a83bd83c1","isMergeCommit":false,"messageTitle":"Fix wrongly named function","messageBody":"","fileTypesAndContributionMap":{"test-code":{"insertions":1,"deletions":1}}},{"hash":"09888cf835f5fdb28c8876e7bd040ec87ed3fe68","isMergeCommit":false,"messageTitle":"Remove unused methods","messageBody":"","fileTypesAndContributionMap":{"functional-code":{"insertions":1,"deletions":22}}},{"hash":"cd1df1fde828318c338bdaf01075a825ddd104d7","isMergeCommit":false,"messageTitle":"Update documentation to meet style guide","messageBody":"","fileTypesAndContributionMap":{"functional-code":{"insertions":4,"deletions":4}}},{"hash":"f9ee999b331ac5edad441a11b2489ee226f01991","isMergeCommit":false,"messageTitle":"Refactor to make execute method abstract","messageBody":"","fileTypesAndContributionMap":{"functional-code":{"insertions":7,"deletions":4}}},{"hash":"c13a9c013a356e32a8af3edae235628866c43cd7","isMergeCommit":false,"messageTitle":"Update static definition","messageBody":"","fileTypesAndContributionMap":{"functional-code":{"insertions":3,"deletions":3}}}]},{"date":"2025-10-20T00:00:00","commitResults":[{"hash":"cc46c9f35a7277a5fbfe88c637e9bc4ab532dbb7","isMergeCommit":true,"messageTitle":"Merge master","messageBody":"","fileTypesAndContributionMap":{}}]},{"date":"2025-10-21T00:00:00","commitResults":[{"hash":"09daac5d9d844755003a38e1fc1c959b697224bb","isMergeCommit":false,"messageTitle":"Enable assertions","messageBody":"","fileTypesAndContributionMap":{"other":{"insertions":1,"deletions":0}}},{"hash":"76b37eeab75ab58f2e53f74d464de428d011820a","isMergeCommit":true,"messageTitle":"Merge pull request #94 from xelisce/branch-list-mode","messageBody":"Branch list mode for verbose listing","fileTypesAndContributionMap":{}},{"hash":"d0bcc6600a0d10248fd136ecb10393cd8aee2fe9","isMergeCommit":true,"messageTitle":"Merge pull request #100 from Michael-Low/branch-change-delete-to-case-id","messageBody":"Branch change delete to case id","fileTypesAndContributionMap":{}},{"hash":"d11cb7cd854dbae75d8109984bddfe26b77105f6","isMergeCommit":false,"messageTitle":"Fix hyperlink for SGSafe Logo","messageBody":"","fileTypesAndContributionMap":{"docs":{"insertions":1,"deletions":1}}},{"hash":"f3b89a5baa5216ad18fa052f7c1cf8a8fb274b97","isMergeCommit":false,"messageTitle":"Add developer guide structure","messageBody":"","fileTypesAndContributionMap":{"docs":{"insertions":32,"deletions":10}}}]},{"date":"2025-10-22T00:00:00","commitResults":[{"hash":"60b0a4bc9a07bf7f01e86a1a1f63390f0cdad70f","isMergeCommit":true,"messageTitle":"Merge pull request #107 from xelisce/branch-list-soft-delete","messageBody":"Handle soft delete in list command","fileTypesAndContributionMap":{}}]},{"date":"2025-10-23T00:00:00","commitResults":[{"hash":"33841679f928548c0c9d8e8360f90cf5187e6d46","isMergeCommit":true,"messageTitle":"Merge pull request #109 from limeiy1/branch-fix-exception","messageBody":"Branch fix exception","fileTypesAndContributionMap":{}}]},{"date":"2025-10-24T00:00:00","commitResults":[{"hash":"54320aa34e4b8f7fb65f7d01cb6922a7b4fb826b","isMergeCommit":true,"messageTitle":"Merge pull request #117 from shennontay/branch-update-DG","messageBody":"Describe UI component","fileTypesAndContributionMap":{}},{"hash":"517aa50a205adabe28cd0ce8226482dac7bc3869","isMergeCommit":true,"messageTitle":"Merge pull request #118 from Michael-Low/branch-add-overall-logic-to-user-guide","messageBody":"update DeveloperGuide.md","fileTypesAndContributionMap":{}},{"hash":"f91990ec548f6bbb1e0390980bc64eb7641153b4","isMergeCommit":true,"messageTitle":"Merge pull request #122 from xelisce/branch-dg","messageBody":"Modify design guide","fileTypesAndContributionMap":{}}]},{"date":"2025-10-27T00:00:00","commitResults":[{"hash":"2c682aaa7ed189467bfd3455401a1470bd671059","isMergeCommit":true,"messageTitle":"Merge pull request #130 from shennontay/branch-edit-category-flags","messageBody":"Branch edit category flags","fileTypesAndContributionMap":{}}]}],"shennontay":[{"date":"2025-10-01T00:00:00","commitResults":[{"hash":"619b3e18a0110e8783875dea3d85e2439caa3dad","isMergeCommit":false,"messageTitle":"Update AboutUs","messageBody":"","fileTypesAndContributionMap":{"docs":{"insertions":4,"deletions":7}}},{"hash":"9baa1f9a1fc3ba16bd8847bb516b3f1f6c8e02d3","isMergeCommit":true,"messageTitle":"Merge branch \u0027master\u0027 into shennon-AboutUs","messageBody":"","fileTypesAndContributionMap":{}},{"hash":"5c87f49e3c1241a6ddf828f1cc731f024cb5601a","isMergeCommit":true,"messageTitle":"Merge pull request #4 from shennontay/shennon-AboutUs","messageBody":"Update AboutUs","fileTypesAndContributionMap":{}}]},{"date":"2025-10-09T00:00:00","commitResults":[{"hash":"d233e644aff57e4081b67681ad8f75f254094c76","isMergeCommit":true,"messageTitle":"Merge pull request #21 from zhengjie2002/branch-invalid-command-exception","messageBody":"Branch invalid command exception","fileTypesAndContributionMap":{}},{"hash":"9b88341d37c98b512fe4dc8c91d43fa57f82a4a0","isMergeCommit":true,"messageTitle":"Merge pull request #24 from xelisce/branch-list-command","messageBody":"Branch list command","fileTypesAndContributionMap":{}},{"hash":"42bbddb3f6d790b88037736490e62e404c1777a2","isMergeCommit":false,"messageTitle":"Add EditCommand class","messageBody":"","fileTypesAndContributionMap":{"functional-code":{"insertions":34,"deletions":0}}},{"hash":"484b7be79ade20893d34c4aa6aa46ca84834b486","isMergeCommit":false,"messageTitle":"Add exception for invalid edit commands","messageBody":"","fileTypesAndContributionMap":{"functional-code":{"insertions":7,"deletions":0}}},{"hash":"843c14426025c911cc3142a39dfa6b049b03e4b9","isMergeCommit":false,"messageTitle":"Implement edit case function","messageBody":"","fileTypesAndContributionMap":{"functional-code":{"insertions":109,"deletions":2}}},{"hash":"595b21538e5dbbdd9938f2568cac7471245fbb01","isMergeCommit":true,"messageTitle":"Merge remote-tracking branch \u0027upstream/master\u0027 into edit-command","messageBody":"","fileTypesAndContributionMap":{}},{"hash":"55c287ba30755b85ea522868bc6c569661f33142","isMergeCommit":false,"messageTitle":"Fix CI errors","messageBody":"","fileTypesAndContributionMap":{"functional-code":{"insertions":6,"deletions":4}}},{"hash":"e909328482c774bf5635b8c313cba88d1ccb85f6","isMergeCommit":false,"messageTitle":"Add JUnit tests for edit function","messageBody":"","fileTypesAndContributionMap":{"test-code":{"insertions":35,"deletions":0}}}]},{"date":"2025-10-10T00:00:00","commitResults":[{"hash":"131459fc5a2dc198e8fc1ae9d24021d747910be3","isMergeCommit":true,"messageTitle":"Merge pull request #38 from limeiy1/branch-junit-close-command","messageBody":"Add JUnit test for close command parser","fileTypesAndContributionMap":{}}]},{"date":"2025-10-14T00:00:00","commitResults":[{"hash":"5485f3d0be148fe7154461eb11906eb403b3ac44","isMergeCommit":true,"messageTitle":"Merge pull request #44 from zhengjie2002/branch-v1-user-guide","messageBody":"Branch v1 user guide","fileTypesAndContributionMap":{}}]},{"date":"2025-10-17T00:00:00","commitResults":[{"hash":"18b493d8c201e5132738c2d0ce3d86bf0c3972a1","isMergeCommit":false,"messageTitle":"Add assertions and logging statements","messageBody":"","fileTypesAndContributionMap":{"functional-code":{"insertions":3,"deletions":0}}}]},{"date":"2025-10-18T00:00:00","commitResults":[{"hash":"f4d5151f24a20dcad75eca534d28af7ae5c46615","isMergeCommit":false,"messageTitle":"Extract validateRequiredFlags","messageBody":"","fileTypesAndContributionMap":{"functional-code":{"insertions":6,"deletions":2}}},{"hash":"c9486cc9883d0f18f5422ef75c55577063fbb896","isMergeCommit":false,"messageTitle":"Create execute method for editCommand","messageBody":"","fileTypesAndContributionMap":{"functional-code":{"insertions":41,"deletions":20}}},{"hash":"7d6928850aa14d0b77485af8964f93d656ca659d","isMergeCommit":false,"messageTitle":"Change caseNumber to caseId in edit command","messageBody":"","fileTypesAndContributionMap":{"functional-code":{"insertions":8,"deletions":12}}},{"hash":"7a285e0deae52897ecf5d7ec30559905f06344b9","isMergeCommit":false,"messageTitle":"Add method to check for valid caseId","messageBody":"","fileTypesAndContributionMap":{"functional-code":{"insertions":21,"deletions":9}}},{"hash":"5c669cf8f5a009b22c45df8bdd142fd8ab05c29d","isMergeCommit":false,"messageTitle":"Update parserTest.java","messageBody":"","fileTypesAndContributionMap":{"test-code":{"insertions":9,"deletions":5}}},{"hash":"456ac814f60b899c06395f4a1c4b4e38e639e265","isMergeCommit":false,"messageTitle":"Fix checkstyle error","messageBody":"","fileTypesAndContributionMap":{"functional-code":{"insertions":0,"deletions":1}}}]},{"date":"2025-10-19T00:00:00","commitResults":[{"hash":"06f6fe539f66821e09009a60c105b3d095dfdf8d","isMergeCommit":false,"messageTitle":"Move display operations from caseManager to execute class","messageBody":"","fileTypesAndContributionMap":{"functional-code":{"insertions":13,"deletions":15}}},{"hash":"d38ba1e936b04f1fb73aa878759fa6934b0447d7","isMergeCommit":false,"messageTitle":"Use validator class","messageBody":"","fileTypesAndContributionMap":{"functional-code":{"insertions":28,"deletions":44}}},{"hash":"731ceae9049b49ec04b634927365babcb114c895","isMergeCommit":false,"messageTitle":"Add caseNotFoundException","messageBody":"","fileTypesAndContributionMap":{"functional-code":{"insertions":20,"deletions":4},"test-code":{"insertions":1,"deletions":0}}},{"hash":"bb8dd07b02aefcd937314151404496c5020e9110","isMergeCommit":false,"messageTitle":"Remove unused import statement","messageBody":"","fileTypesAndContributionMap":{"test-code":{"insertions":0,"deletions":1}}}]},{"date":"2025-10-24T00:00:00","commitResults":[{"hash":"740fb903d99e240ea328dd249545fb2649d755a5","isMergeCommit":true,"messageTitle":"Merge pull request #115 from limeiy1/branch-reopen-command","messageBody":"Branch reopen command","fileTypesAndContributionMap":{}},{"hash":"daa848af78d9df1fb0b82e78143f26843f0244a2","isMergeCommit":false,"messageTitle":"Describe UI component","messageBody":"","fileTypesAndContributionMap":{"docs":{"insertions":37,"deletions":0}}},{"hash":"9a21a57539623b39b623502bfeba22b84768818f","isMergeCommit":true,"messageTitle":"Merge pull request #110 from limeiy1/branch-category","messageBody":"Branch category","fileTypesAndContributionMap":{}}]},{"date":"2025-10-25T00:00:00","commitResults":[{"hash":"2e9cf8f80c752169fa245332d1360b8069ba4977","isMergeCommit":false,"messageTitle":"Enable use of edit command without flags","messageBody":"","fileTypesAndContributionMap":{"functional-code":{"insertions":49,"deletions":0}}},{"hash":"0447a37a56d1ce1d792ab699ed7f1243df75893a","isMergeCommit":false,"messageTitle":"Allow every case to return its valid flags","messageBody":"","fileTypesAndContributionMap":{"functional-code":{"insertions":11,"deletions":3}}},{"hash":"aa9a0ba9ed28eff8cf589a95fbbe770eeca2f514","isMergeCommit":false,"messageTitle":"Validate edit flags in domain level","messageBody":"","fileTypesAndContributionMap":{"functional-code":{"insertions":70,"deletions":5}}},{"hash":"3c20cf4a319d914c47202343338c766a717e5389","isMergeCommit":false,"messageTitle":"Extract regex magic string","messageBody":"","fileTypesAndContributionMap":{"functional-code":{"insertions":5,"deletions":4}}},{"hash":"e0e1792b83879b1c7517eb7676c7cc206ded5d92","isMergeCommit":false,"messageTitle":"Account for changes in parser and editcommand","messageBody":"","fileTypesAndContributionMap":{"functional-code":{"insertions":19,"deletions":8},"test-code":{"insertions":11,"deletions":11}}},{"hash":"2ded490490720c42708937c15c2acbd536e71823","isMergeCommit":false,"messageTitle":"Add overrides to relevant cases and add tests","messageBody":"","fileTypesAndContributionMap":{"functional-code":{"insertions":94,"deletions":13},"test-code":{"insertions":66,"deletions":19}}}]},{"date":"2025-10-27T00:00:00","commitResults":[{"hash":"bfcb526316f3753680015d5f60ac6bc809381356","isMergeCommit":false,"messageTitle":"Fix based on comments","messageBody":"","fileTypesAndContributionMap":{"functional-code":{"insertions":18,"deletions":12},"test-code":{"insertions":15,"deletions":1}}}]}]},"authorFileTypeContributionMap":{"Michael-Low":{"docs":20,"functional-code":86,"test-code":0},"limeiy1":{"docs":7,"functional-code":538,"test-code":105},"xelisce":{"docs":58,"functional-code":683,"test-code":332,"other":2},"zhengjie2002":{"docs":218,"functional-code":427,"test-code":201,"other":1},"shennontay":{"docs":39,"functional-code":393,"test-code":96}},"authorContributionVariance":{"Michael-Low":787.0112,"limeiy1":7675.4614,"xelisce":23371.219,"zhengjie2002":7786.589,"shennontay":5231.9766},"authorDisplayNameMap":{"Michael-Low":"CS2113-W13-3 MICH.. ZHI","limeiy1":"CS2113-W13-3 LI M..EIYI","xelisce":"CS2113-W13-3 CELE.. TAN","zhengjie2002":"CS2113-W13-3 TAN .. JIE","shennontay":"CS2113-W13-3 SHEN.. TAY"}}
