{"authorDailyContributionsMap":{"Michael-Low":[{"date":"2025-10-01T00:00:00","commitResults":[{"hash":"7b1d7e75955213ac1339dd7ddeae26b3593b0ece","isMergeCommit":false,"messageTitle":"add details to AboutUs.md file","messageBody":"","fileTypesAndContributionMap":{"docs":{"insertions":3,"deletions":7}}},{"hash":"765688c5b6014db72acaa564233616d0fa888866","isMergeCommit":true,"messageTitle":"Merge branch \u0027master\u0027 into MichaelLow-AboutUs","messageBody":"","fileTypesAndContributionMap":{}},{"hash":"d625c897e9bc5ce1bf67e7fd9e81fd34032cfd1a","isMergeCommit":true,"messageTitle":"Merge pull request #5 from Michael-Low/MichaelLow-AboutUs","messageBody":"add details to AboutUs.md file","fileTypesAndContributionMap":{}}]},{"date":"2025-10-13T00:00:00","commitResults":[{"hash":"ecb3d4eac9a36b34b4f60e55d949627623078435","isMergeCommit":false,"messageTitle":"Add DeleteCommand class","messageBody":"","fileTypesAndContributionMap":{"functional-code":{"insertions":23,"deletions":1}}},{"hash":"d9939f04339b7b817ff52f4b7d180e732ff9f1de","isMergeCommit":true,"messageTitle":"Merge pull request #49 from zhengjie2002/branch-more-defensive","messageBody":"","fileTypesAndContributionMap":{}},{"hash":"32389685ae64b5c46d6a8f1b6f415d11aca70226","isMergeCommit":false,"messageTitle":"Implement the delete cases functionality","messageBody":"","fileTypesAndContributionMap":{"functional-code":{"insertions":45,"deletions":20}}},{"hash":"c365be584886db55db208863cefa68019af674f8","isMergeCommit":false,"messageTitle":"Revert change to import statements","messageBody":"","fileTypesAndContributionMap":{"functional-code":{"insertions":24,"deletions":4}}},{"hash":"640ce3425ae8d91ad3c71f620750f00a45df9ee3","isMergeCommit":true,"messageTitle":"Merge branch \u0027master\u0027 into branch-add-delete-functionality","messageBody":"","fileTypesAndContributionMap":{}},{"hash":"3712fd33d6d062ed0de6a6c3e53b49b6fa14fba3","isMergeCommit":false,"messageTitle":"Fix formatting","messageBody":"","fileTypesAndContributionMap":{"functional-code":{"insertions":2,"deletions":2}}}]},{"date":"2025-10-14T00:00:00","commitResults":[{"hash":"c22532761b916ecba1109ed544e1c74e9cfd36e4","isMergeCommit":true,"messageTitle":"Merge branch \u0027master\u0027 into branch-add-delete-functionality","messageBody":"# Conflicts:\n#\tsrc/main/java/seedu/sgsafe/utils/ui/Parser.java\n","fileTypesAndContributionMap":{}},{"hash":"7ccc4bc1392a35a0714e330f77ac1769b44eb7a3","isMergeCommit":false,"messageTitle":"Refactor code to use the new Validator class","messageBody":"","fileTypesAndContributionMap":{"functional-code":{"insertions":17,"deletions":6}}},{"hash":"4e8b17a5b04d9fc57f0a77c73554794f5db5a052","isMergeCommit":false,"messageTitle":"Add javadoc comment for deleteCase method","messageBody":"","fileTypesAndContributionMap":{"functional-code":{"insertions":7,"deletions":0}}},{"hash":"0dd9488237650e0d5b1edec9812df1e7bfa72dc6","isMergeCommit":false,"messageTitle":"Fix typo in printed message","messageBody":"","fileTypesAndContributionMap":{"functional-code":{"insertions":1,"deletions":1}}}]}],"limeiy1":[{"date":"2025-10-01T00:00:00","commitResults":[{"hash":"723a9befbf1134a60b27bca10c6be31c700ca01e","isMergeCommit":false,"messageTitle":"update AboutUs","messageBody":"","fileTypesAndContributionMap":{"docs":{"insertions":3,"deletions":7}}},{"hash":"e511db49249b6dda380a5ae617a2a089f05bf6f4","isMergeCommit":true,"messageTitle":"Merge branch \u0027master\u0027 into meiyi-AboutUs-branch","messageBody":"","fileTypesAndContributionMap":{}},{"hash":"712ba5b7b95421674ccd74edf80ff427c85a2ecc","isMergeCommit":true,"messageTitle":"Merge pull request #2 from limeiy1/meiyi-AboutUs-branch","messageBody":"update AboutUs","fileTypesAndContributionMap":{}}]},{"date":"2025-10-10T00:00:00","commitResults":[{"hash":"f372a9e1f9fa28464d50d6f42cb2d4328137c9ac","isMergeCommit":false,"messageTitle":"Add CloseCommand class","messageBody":"","fileTypesAndContributionMap":{"functional-code":{"insertions":14,"deletions":0}}},{"hash":"ceeb4d3bc8f2a45392826877e5cffe1b96ac0a91","isMergeCommit":false,"messageTitle":"Add exception for index out of bounds and invalid close commands","messageBody":"","fileTypesAndContributionMap":{"functional-code":{"insertions":21,"deletions":0}}},{"hash":"d95698e6e33750983f18a1884fd03f0fc0287038","isMergeCommit":false,"messageTitle":"Update parser to parse CloseCommand","messageBody":"","fileTypesAndContributionMap":{"functional-code":{"insertions":20,"deletions":0}}},{"hash":"b492969507cf66741c7719eebf4c7598510e2080","isMergeCommit":false,"messageTitle":"Update CaseManager with close case feature","messageBody":"","fileTypesAndContributionMap":{"functional-code":{"insertions":16,"deletions":0}}},{"hash":"7ce8c8e6951fa82c7f15330e217a119dfefe2f55","isMergeCommit":false,"messageTitle":"Add method to close and open case in Case class","messageBody":"","fileTypesAndContributionMap":{"functional-code":{"insertions":8,"deletions":0}}},{"hash":"6cf3577c5b5aab2b0ca1ca4acbb08b37bba947d6","isMergeCommit":false,"messageTitle":"Add handling of close case command","messageBody":"","fileTypesAndContributionMap":{"functional-code":{"insertions":10,"deletions":1}}},{"hash":"8a2894a435282c491f24a341eeaf835f26130cd5","isMergeCommit":false,"messageTitle":"Delete commented code","messageBody":"","fileTypesAndContributionMap":{"functional-code":{"insertions":0,"deletions":2}}},{"hash":"4e5a08fe38e7251564d9c151af5b5b948f337b79","isMergeCommit":true,"messageTitle":"Merge pull request #35 from xelisce/branch-readability","messageBody":"Modify Parser: split up long method","fileTypesAndContributionMap":{}},{"hash":"d1478657f8ad9383795edd1ad6dc6486edb8c5bb","isMergeCommit":true,"messageTitle":"Merge pull request #36 from xelisce/branch-list-command","messageBody":"Modify List Command: split up long methods","fileTypesAndContributionMap":{}},{"hash":"88eb52090d53a39e0169256b6c32982f2f2cf7cc","isMergeCommit":false,"messageTitle":"Add JUnit test for close command parser","messageBody":"","fileTypesAndContributionMap":{"test-code":{"insertions":27,"deletions":0}}}]}],"xelisce":[{"date":"2025-10-01T00:00:00","commitResults":[{"hash":"5890906052e297b11b9b4cfa127c74bd4f4dc338","isMergeCommit":false,"messageTitle":"Modified AboutUs table","messageBody":"","fileTypesAndContributionMap":{"docs":{"insertions":3,"deletions":7}}},{"hash":"d671ab42a0992b4d83a1c36f7083f85644dcc93b","isMergeCommit":true,"messageTitle":"Merge pull request #1 from xelisce/Celeste-AboutUs","messageBody":"Modified AboutUs table","fileTypesAndContributionMap":{}},{"hash":"a7fa23503dca943e22650f98d31e888bcb00b861","isMergeCommit":false,"messageTitle":"Rename all instances of Duke to SGSafe","messageBody":"","fileTypesAndContributionMap":{"functional-code":{"insertions":12,"deletions":21},"other":{"insertions":4,"deletions":4},"docs":{"insertions":2,"deletions":8}}},{"hash":"8a4b6c93559c38413619202416fbb90cf3b4e155","isMergeCommit":false,"messageTitle":"Add basic Display, Parser, Command, CommandType and InvalidCommand","messageBody":"","fileTypesAndContributionMap":{"functional-code":{"insertions":108,"deletions":3}}}]},{"date":"2025-10-04T00:00:00","commitResults":[{"hash":"3b6104693716694abda66611eb3c0603afc33ef4","isMergeCommit":false,"messageTitle":"Add Case and CaseManager classes","messageBody":"","fileTypesAndContributionMap":{"functional-code":{"insertions":25,"deletions":0}}},{"hash":"d088b908cc77ae383b0013d9abc85f36d6e24f82","isMergeCommit":false,"messageTitle":"Add ListCommand for displaying all Cases","messageBody":"","fileTypesAndContributionMap":{"functional-code":{"insertions":190,"deletions":7}}},{"hash":"48e21b80a0c917ca9e4372c4a64613e9e8d7a056","isMergeCommit":false,"messageTitle":"Fix check error: Checkstyle","messageBody":"","fileTypesAndContributionMap":{"functional-code":{"insertions":5,"deletions":4}}},{"hash":"c305eb74bf286d984935e07e5ed6fbde91dff618","isMergeCommit":false,"messageTitle":"Modified code from code review comments and add Javadoc","messageBody":"","fileTypesAndContributionMap":{"functional-code":{"insertions":203,"deletions":96}}},{"hash":"eeec817dff2d09309efef1275f86679405f0805b","isMergeCommit":false,"messageTitle":"Fix check error: Checkstyle","messageBody":"","fileTypesAndContributionMap":{"functional-code":{"insertions":17,"deletions":17}}},{"hash":"06feb8c8adebc2c98dcd7a860aa593ecb9c0581c","isMergeCommit":false,"messageTitle":"Fix check error: Checkstyle","messageBody":"","fileTypesAndContributionMap":{"functional-code":{"insertions":3,"deletions":3}}}]},{"date":"2025-10-08T00:00:00","commitResults":[{"hash":"8e0df5e9d194240ac1577a03c1f8187e36aef591","isMergeCommit":true,"messageTitle":"Merge pull request #18 from zhengjie2002/branch-create-case","messageBody":"Branch create case","fileTypesAndContributionMap":{}}]},{"date":"2025-10-09T00:00:00","commitResults":[{"hash":"18b6ceaddb999a4b6fbde4f8a1f545cfe56286df","isMergeCommit":false,"messageTitle":"Remove InvalidCommand classes in favor of using exceptions","messageBody":"","fileTypesAndContributionMap":{"functional-code":{"insertions":3,"deletions":4},"other":{"insertions":6,"deletions":0}}},{"hash":"72de29ac9c90f4a9bf1089018ec3db20317b1988","isMergeCommit":false,"messageTitle":"Modify ListCommand in Parser to use exceptions","messageBody":"","fileTypesAndContributionMap":{"functional-code":{"insertions":24,"deletions":11}}},{"hash":"54bd9e0757f8b6b27d68f92d55f8e45ebecbf460","isMergeCommit":false,"messageTitle":"Fix check error: Checkstyle","messageBody":"","fileTypesAndContributionMap":{"functional-code":{"insertions":3,"deletions":3}}},{"hash":"a12685ca9abb065532c25924aa28ecdeff9533d9","isMergeCommit":false,"messageTitle":"Fix check error: Checkstyle","messageBody":"","fileTypesAndContributionMap":{"functional-code":{"insertions":0,"deletions":1}}},{"hash":"6bdf82ac5e9ab7b43198e01f48d4228ff249de1f","isMergeCommit":false,"messageTitle":"Add Parser and List Parser JUnit tests","messageBody":"","fileTypesAndContributionMap":{"test-code":{"insertions":48,"deletions":0}}},{"hash":"027cb5fb6d10f9693639e6e160edfe8c9b452ad1","isMergeCommit":false,"messageTitle":"Fix check error: Checkstyle","messageBody":"","fileTypesAndContributionMap":{"test-code":{"insertions":2,"deletions":1}}},{"hash":"ffe4e68f2e0f3b89700188f2dacd0b65ae1ad3aa","isMergeCommit":false,"messageTitle":"Add JUnit tests for CaseManager list cases","messageBody":"","fileTypesAndContributionMap":{"functional-code":{"insertions":2,"deletions":1},"test-code":{"insertions":24,"deletions":0}}},{"hash":"1ec0124fae3fe3dc63620fbf36be7a992e03e64a","isMergeCommit":false,"messageTitle":"Modify Parser javadoc to reflect exceptions","messageBody":"","fileTypesAndContributionMap":{"functional-code":{"insertions":6,"deletions":4}}},{"hash":"d37cb551fceffc74013145cbb8516fe908fd8588","isMergeCommit":false,"messageTitle":"Add JUnit tests for CaseManager list cases","messageBody":"","fileTypesAndContributionMap":{"functional-code":{"insertions":2,"deletions":2}}}]},{"date":"2025-10-10T00:00:00","commitResults":[{"hash":"250468cfea6a1257d47f831ac782d37a4cd5c880","isMergeCommit":true,"messageTitle":"Merge pull request #27 from shennontay/edit-command","messageBody":"Implement edit command function","fileTypesAndContributionMap":{}},{"hash":"7c85b589c6b74e6d5a74f325dbda6e6b2075596e","isMergeCommit":true,"messageTitle":"Merge pull request #29 from zhengjie2002/branch-add-command-error-handling","messageBody":"Implement error handling for add command","fileTypesAndContributionMap":{}},{"hash":"82fc5ab903ad43e1e1550ec61251cffddf2f7e5f","isMergeCommit":true,"messageTitle":"Merge pull request #31 from zhengjie2002/branch-junit-add-command-class","messageBody":"Add JUnit test for AddCommand class","fileTypesAndContributionMap":{}},{"hash":"a03d28a07c4b0d5ca24772f4c9a63d97a5fb8980","isMergeCommit":false,"messageTitle":"Modify Parser: split up long method","messageBody":"","fileTypesAndContributionMap":{"functional-code":{"insertions":48,"deletions":11}}},{"hash":"c88e426f895e5251633cd223581cd5f4f67b7ceb","isMergeCommit":false,"messageTitle":"Modified CaseManager List command remove long methods","messageBody":"","fileTypesAndContributionMap":{"functional-code":{"insertions":70,"deletions":11},"test-code":{"insertions":24,"deletions":8}}},{"hash":"327fdfcbe022d3d60ea15c81c7773b3071c0b260","isMergeCommit":false,"messageTitle":"Add JUnit tests for CaseManager list cases","messageBody":"","fileTypesAndContributionMap":{"test-code":{"insertions":25,"deletions":14}}},{"hash":"fcdbaabb9c6701fb7cfd67f3316969d9e68c684f","isMergeCommit":false,"messageTitle":"Fix check error: Checkstyle","messageBody":"","fileTypesAndContributionMap":{"functional-code":{"insertions":0,"deletions":1},"test-code":{"insertions":1,"deletions":1}}},{"hash":"7b0ca95bd406d7cc47386a0a784611982bfd25dd","isMergeCommit":true,"messageTitle":"Merge pull request #37 from limeiy1/branch-close-command","messageBody":"Branch close command","fileTypesAndContributionMap":{}}]},{"date":"2025-10-14T00:00:00","commitResults":[{"hash":"2fb8fb2986056ad0b1130b0220a03544a3cb0306","isMergeCommit":true,"messageTitle":"Merge pull request #40 from zhengjie2002/branch-issue-template-bug","messageBody":"Branch issue template bug","fileTypesAndContributionMap":{}},{"hash":"517ebfc1f129133f4f80be47580d21ad8dff0298","isMergeCommit":true,"messageTitle":"Merge pull request #42 from zhengjie2002/branch-test-case-manager-add-case","messageBody":"Branch test case manager add case","fileTypesAndContributionMap":{}},{"hash":"b028f1c3fb91c658f8c0b2e3da8013c441f7bb33","isMergeCommit":true,"messageTitle":"Merge pull request #52 from zhengjie2002/branch-validator-class","messageBody":"Branch validator class","fileTypesAndContributionMap":{}},{"hash":"b5a16211e5fa3b1ad53b49a00148675c76b8699c","isMergeCommit":true,"messageTitle":"Merge pull request #54 from zhengjie2002/branch-length-validation","messageBody":"Branch length validation","fileTypesAndContributionMap":{}}]}],"zhengjie2002":[{"date":"2025-10-01T00:00:00","commitResults":[{"hash":"2249bfe414370cdfaad82883d33ff5ed769048c0","isMergeCommit":false,"messageTitle":"Update team info","messageBody":"","fileTypesAndContributionMap":{"docs":{"insertions":3,"deletions":7}}},{"hash":"ce3da0726bda96b86fede1a1054b1d0d960a82be","isMergeCommit":true,"messageTitle":"Merge branch \u0027master\u0027 into ZhengJie-AboutUs","messageBody":"","fileTypesAndContributionMap":{}},{"hash":"8abe84a01ba8527853ba9754189f8ca472f304ea","isMergeCommit":true,"messageTitle":"Merge pull request #3 from zhengjie2002/ZhengJie-AboutUs","messageBody":"Update team info","fileTypesAndContributionMap":{}}]},{"date":"2025-10-04T00:00:00","commitResults":[{"hash":"ff2fea7f983e0229dea76badd03f6ac8abce6c1c","isMergeCommit":true,"messageTitle":"Merge pull request #7 from xelisce/branch-rename","messageBody":"Rename all instances of Duke to SGSafe","fileTypesAndContributionMap":{}},{"hash":"aebcee51f113d00f38adfafd6d17ea2b0d9fb62d","isMergeCommit":true,"messageTitle":"Merge pull request #8 from xelisce/branch-ui-base","messageBody":"Add UI display and user input class bases","fileTypesAndContributionMap":{}},{"hash":"3c8c6aaca9d4bf2a8b794d01b6ebc9a98f1d3532","isMergeCommit":true,"messageTitle":"Merge pull request #9 from xelisce/branch-case-base","messageBody":"Branch case base","fileTypesAndContributionMap":{}},{"hash":"85c20274541784e5679ca46f4247b9cbb633515f","isMergeCommit":true,"messageTitle":"Merge pull request #11 from xelisce/branch-list-command","messageBody":"Branch list command","fileTypesAndContributionMap":{}}]},{"date":"2025-10-08T00:00:00","commitResults":[{"hash":"f328dc9dc400d1887f6f4db47dcc5d263dec645d","isMergeCommit":false,"messageTitle":"Add add command to support adding cases","messageBody":"","fileTypesAndContributionMap":{"functional-code":{"insertions":71,"deletions":1}}},{"hash":"a345f974cdd67084166c5951d9692dd32df45cd2","isMergeCommit":false,"messageTitle":"Update parser to parse add command","messageBody":"","fileTypesAndContributionMap":{"functional-code":{"insertions":54,"deletions":1}}},{"hash":"53496de669eff7fc40f2d883c8e90d1baec9c705","isMergeCommit":false,"messageTitle":"Update case manager with add case feature","messageBody":"","fileTypesAndContributionMap":{"functional-code":{"insertions":15,"deletions":0}}},{"hash":"a2b4dd5b92871bf2e4f853f461281cd179ca9a81","isMergeCommit":false,"messageTitle":"Add handling for addCase command","messageBody":"","fileTypesAndContributionMap":{"functional-code":{"insertions":9,"deletions":0}}},{"hash":"56d83ffd573ccdb392a86bfc3ce100a37b4f6221","isMergeCommit":false,"messageTitle":"Refactor add command parser for better abstraction","messageBody":"","fileTypesAndContributionMap":{"functional-code":{"insertions":46,"deletions":14}}}]},{"date":"2025-10-09T00:00:00","commitResults":[{"hash":"d88eb9f3d0f97de416e8426bc29f5ffb76c65151","isMergeCommit":false,"messageTitle":"Add InvalidCommandException abstract class","messageBody":"","fileTypesAndContributionMap":{"functional-code":{"insertions":14,"deletions":0}}},{"hash":"69cc2f80f989fa9266a64deb37a652facac36fd6","isMergeCommit":false,"messageTitle":"Add exception class for empty and unknown command","messageBody":"","fileTypesAndContributionMap":{"functional-code":{"insertions":14,"deletions":0}}},{"hash":"e2581f9fd00649a8765e9f94ee8af5d2a7e42b85","isMergeCommit":false,"messageTitle":"Implement exception for unknown and empty command","messageBody":"","fileTypesAndContributionMap":{"functional-code":{"insertions":27,"deletions":18}}},{"hash":"51b9aa2d66345bf99f9d0d624614c7f40e494895","isMergeCommit":false,"messageTitle":"Implement error handling for add command","messageBody":"","fileTypesAndContributionMap":{"functional-code":{"insertions":71,"deletions":27}}},{"hash":"46475a53f4f3a7915d3311a9fda5f9be0cc5d69c","isMergeCommit":false,"messageTitle":"Add JUnit test for AddCommand class","messageBody":"","fileTypesAndContributionMap":{"test-code":{"insertions":52,"deletions":0}}}]},{"date":"2025-10-10T00:00:00","commitResults":[{"hash":"f189628ce0ad04e871b698d05314bdb166581204","isMergeCommit":true,"messageTitle":"Merge branch \u0027master\u0027 into branch-add-command-error-handling","messageBody":"","fileTypesAndContributionMap":{}}]},{"date":"2025-10-12T00:00:00","commitResults":[{"hash":"3fa78568333238166dc34e1f8596e8dab059c49d","isMergeCommit":false,"messageTitle":"Add bug report issue template","messageBody":"","fileTypesAndContributionMap":{"docs":{"insertions":27,"deletions":0}}},{"hash":"916e2859852f2c54ae6cef538e74badc098322d3","isMergeCommit":false,"messageTitle":"Format bug report issue template","messageBody":"","fileTypesAndContributionMap":{"docs":{"insertions":2,"deletions":1}}}]},{"date":"2025-10-13T00:00:00","commitResults":[{"hash":"9079119dcb24ce023fa2d11b13d41aea462c3b63","isMergeCommit":false,"messageTitle":"Add getters for case class","messageBody":"","fileTypesAndContributionMap":{"functional-code":{"insertions":45,"deletions":0}}},{"hash":"d8feb955f836c5a2449362dd28390807f5fa39b7","isMergeCommit":false,"messageTitle":"Add JUnit test for CaseManager addCase method","messageBody":"","fileTypesAndContributionMap":{"test-code":{"insertions":49,"deletions":0}}},{"hash":"fe717b12b78fa4d32489751614a8b64bdee5a565","isMergeCommit":false,"messageTitle":"Add assertion to check command not null","messageBody":"","fileTypesAndContributionMap":{"functional-code":{"insertions":1,"deletions":0}}},{"hash":"dd3c0678eb230923d0eb2f6bb4261f06811cee76","isMergeCommit":false,"messageTitle":"Add Junit test for add command parser","messageBody":"","fileTypesAndContributionMap":{"test-code":{"insertions":48,"deletions":0}}},{"hash":"cd512966d9a5d8ebdca6196d8440fe4800a69a54","isMergeCommit":false,"messageTitle":"Add logger to log application statuses","messageBody":"","fileTypesAndContributionMap":{"functional-code":{"insertions":22,"deletions":0}}}]},{"date":"2025-10-14T00:00:00","commitResults":[{"hash":"7a0c3b79c8d29e6cea990a76061e0f9750476cf8","isMergeCommit":false,"messageTitle":"Rename InvalidAddCommandException","messageBody":"","fileTypesAndContributionMap":{"other":{"insertions":0,"deletions":0}}},{"hash":"5acfdf8b65a433038ae4f6135198fec7a1e42983","isMergeCommit":false,"messageTitle":"Update references of InvalidAddCommandException","messageBody":"","fileTypesAndContributionMap":{"functional-code":{"insertions":2,"deletions":2},"test-code":{"insertions":4,"deletions":4}}},{"hash":"45c91febcda65ceec140aaf3ea114d99eb67ae16","isMergeCommit":false,"messageTitle":"Add validator class","messageBody":"","fileTypesAndContributionMap":{"functional-code":{"insertions":89,"deletions":39}}},{"hash":"7e627c6dfded92257f0fc61ecc96cdb44f1ea53b","isMergeCommit":false,"messageTitle":"Add tests for validator class","messageBody":"","fileTypesAndContributionMap":{"test-code":{"insertions":62,"deletions":0}}},{"hash":"7c7cf57ec69edd2b246e1a83474b5f23f9bce6d7","isMergeCommit":false,"messageTitle":"Add validation for input length","messageBody":"","fileTypesAndContributionMap":{"functional-code":{"insertions":21,"deletions":0}}},{"hash":"6443cb49c2ae4cbed713dc4cb6882ce93f72fa70","isMergeCommit":false,"messageTitle":"Add test for input length validation","messageBody":"","fileTypesAndContributionMap":{"test-code":{"insertions":11,"deletions":0}}},{"hash":"ef9579a7988c3203243195963eb2d34d56dc2a23","isMergeCommit":true,"messageTitle":"Merge pull request #50 from Michael-Low/branch-add-delete-functionality","messageBody":"Branch add delete functionality","fileTypesAndContributionMap":{}}]}],"shennontay":[{"date":"2025-10-01T00:00:00","commitResults":[{"hash":"619b3e18a0110e8783875dea3d85e2439caa3dad","isMergeCommit":false,"messageTitle":"Update AboutUs","messageBody":"","fileTypesAndContributionMap":{"docs":{"insertions":4,"deletions":7}}},{"hash":"9baa1f9a1fc3ba16bd8847bb516b3f1f6c8e02d3","isMergeCommit":true,"messageTitle":"Merge branch \u0027master\u0027 into shennon-AboutUs","messageBody":"","fileTypesAndContributionMap":{}},{"hash":"5c87f49e3c1241a6ddf828f1cc731f024cb5601a","isMergeCommit":true,"messageTitle":"Merge pull request #4 from shennontay/shennon-AboutUs","messageBody":"Update AboutUs","fileTypesAndContributionMap":{}}]},{"date":"2025-10-09T00:00:00","commitResults":[{"hash":"d233e644aff57e4081b67681ad8f75f254094c76","isMergeCommit":true,"messageTitle":"Merge pull request #21 from zhengjie2002/branch-invalid-command-exception","messageBody":"Branch invalid command exception","fileTypesAndContributionMap":{}},{"hash":"9b88341d37c98b512fe4dc8c91d43fa57f82a4a0","isMergeCommit":true,"messageTitle":"Merge pull request #24 from xelisce/branch-list-command","messageBody":"Branch list command","fileTypesAndContributionMap":{}},{"hash":"42bbddb3f6d790b88037736490e62e404c1777a2","isMergeCommit":false,"messageTitle":"Add EditCommand class","messageBody":"","fileTypesAndContributionMap":{"functional-code":{"insertions":34,"deletions":0}}},{"hash":"484b7be79ade20893d34c4aa6aa46ca84834b486","isMergeCommit":false,"messageTitle":"Add exception for invalid edit commands","messageBody":"","fileTypesAndContributionMap":{"functional-code":{"insertions":7,"deletions":0}}},{"hash":"843c14426025c911cc3142a39dfa6b049b03e4b9","isMergeCommit":false,"messageTitle":"Implement edit case function","messageBody":"","fileTypesAndContributionMap":{"functional-code":{"insertions":109,"deletions":2}}},{"hash":"595b21538e5dbbdd9938f2568cac7471245fbb01","isMergeCommit":true,"messageTitle":"Merge remote-tracking branch \u0027upstream/master\u0027 into edit-command","messageBody":"","fileTypesAndContributionMap":{}},{"hash":"55c287ba30755b85ea522868bc6c569661f33142","isMergeCommit":false,"messageTitle":"Fix CI errors","messageBody":"","fileTypesAndContributionMap":{"functional-code":{"insertions":6,"deletions":4}}},{"hash":"e909328482c774bf5635b8c313cba88d1ccb85f6","isMergeCommit":false,"messageTitle":"Add JUnit tests for edit function","messageBody":"","fileTypesAndContributionMap":{"test-code":{"insertions":35,"deletions":0}}}]},{"date":"2025-10-10T00:00:00","commitResults":[{"hash":"131459fc5a2dc198e8fc1ae9d24021d747910be3","isMergeCommit":true,"messageTitle":"Merge pull request #38 from limeiy1/branch-junit-close-command","messageBody":"Add JUnit test for close command parser","fileTypesAndContributionMap":{}}]}]},"authorFileTypeContributionMap":{"Michael-Low":{"docs":1,"functional-code":93,"test-code":0},"limeiy1":{"docs":1,"functional-code":75,"test-code":27},"xelisce":{"docs":3,"functional-code":424,"test-code":102,"other":2},"zhengjie2002":{"docs":29,"functional-code":389,"test-code":222},"shennontay":{"docs":2,"functional-code":164,"test-code":35}},"authorContributionVariance":{"Michael-Low":567.0429,"limeiy1":523.8832,"xelisce":14426.782,"zhengjie2002":5689.167,"shennontay":1433.3077},"authorDisplayNameMap":{"Michael-Low":"CS2113-W13-3 MICH.. ZHI","limeiy1":"CS2113-W13-3 LI M..EIYI","xelisce":"CS2113-W13-3 CELE.. TAN","zhengjie2002":"CS2113-W13-3 TAN .. JIE","shennontay":"CS2113-W13-3 SHEN.. TAY"}}
