{"authorDailyContributionsMap":{"gumingyoujia":[{"date":"2025-10-01T00:00:00","commitResults":[{"hash":"1fc11ff6183feb84c35ac794db2c6591c1a9c0f7","isMergeCommit":false,"messageTitle":"feat: add list and statistics functionality","messageBody":"","fileTypesAndContributionMap":{"functional-code":{"insertions":96,"deletions":3}}},{"hash":"6bfe5b3248c0c58fd2799aa44378d9393d7a477b","isMergeCommit":false,"messageTitle":"fix: fix typos","messageBody":"","fileTypesAndContributionMap":{"functional-code":{"insertions":6,"deletions":6}}},{"hash":"f154bca88ce226ae9a925981ac4c36200270b517","isMergeCommit":true,"messageTitle":"Merge pull request #13 from gumingyoujia/list","messageBody":"View budget, total expenses, remaining budget and list of expenses","fileTypesAndContributionMap":{}}]},{"date":"2025-10-02T00:00:00","commitResults":[{"hash":"80dd65738d510c10fc79722730e9087aa665e8df","isMergeCommit":false,"messageTitle":"docs: update AboutUs.md for Youjia","messageBody":"","fileTypesAndContributionMap":{"docs":{"insertions":3,"deletions":7}}},{"hash":"266a81ed8f20ba76fc3fae401e5052b6566011db","isMergeCommit":true,"messageTitle":"Merge branch \u0027master\u0027 into GUMINGYOUJIA-AboutUs","messageBody":"","fileTypesAndContributionMap":{}},{"hash":"008dd62cbefe6b768f837f7115bed72c2818b9fc","isMergeCommit":true,"messageTitle":"Merge pull request #18 from gumingyoujia/GUMINGYOUJIA-AboutUs","messageBody":"docs: update AboutUs.md for Youjia","fileTypesAndContributionMap":{}},{"hash":"da3ca881f40f0a979e4854d96fa2ffa25ab90499","isMergeCommit":false,"messageTitle":"fix: resolve coding standards violation","messageBody":"","fileTypesAndContributionMap":{"functional-code":{"insertions":2,"deletions":1}}},{"hash":"9c7bc5af60912c0203f875f27a1f4b0142178d81","isMergeCommit":true,"messageTitle":"Merge pull request #20 from gumingyoujia/fix/coding-standards","messageBody":"Change code to comply with coding standards","fileTypesAndContributionMap":{}},{"hash":"38d9029caaf99e22dd2af135f1798c081c660006","isMergeCommit":false,"messageTitle":"fix: adjust list feature to follow v1.0 docs","messageBody":"","fileTypesAndContributionMap":{"functional-code":{"insertions":7,"deletions":18}}},{"hash":"2358c7097636cacff7131a91d3a8c10ef8b4dbad","isMergeCommit":true,"messageTitle":"Merge pull request #21 from gumingyoujia/fix/list","messageBody":"fix: adjust list feature to follow v1.0 docs","fileTypesAndContributionMap":{}}]},{"date":"2025-10-08T00:00:00","commitResults":[{"hash":"d91a0e6ebae234d9e54e18851efde463ba343502","isMergeCommit":false,"messageTitle":"test: add JUnit Tests for list feature","messageBody":"","fileTypesAndContributionMap":{"functional-code":{"insertions":3,"deletions":2},"test-code":{"insertions":58,"deletions":0}}},{"hash":"6c82573a42bfaa9dfe3f0531ad83df2c89e79bde","isMergeCommit":true,"messageTitle":"Merge pull request #44 from gumingyoujia/test/expensemanager-list","messageBody":"Add JUnit Tests for list feature","fileTypesAndContributionMap":{}},{"hash":"dc0be49018f0bfe2cfe32d7dc82a538dfec1f234","isMergeCommit":true,"messageTitle":"Merge pull request #42 from muadzyamani/test/26-expensemanager-mark","messageBody":"test: add unit tests for marking and unmarking expenses","fileTypesAndContributionMap":{}},{"hash":"cc85cdb1f7a0e71b4357b58501507bffd908194d","isMergeCommit":false,"messageTitle":"feature: add help feature","messageBody":"","fileTypesAndContributionMap":{"functional-code":{"insertions":24,"deletions":0}}},{"hash":"53e17f5c29c29754fa38598e953a8552fa16e7da","isMergeCommit":true,"messageTitle":"Merge pull request #45 from gumingyoujia/feature/help","messageBody":"feature: add help feature","fileTypesAndContributionMap":{}},{"hash":"5128f888bc6e9a5a4ac733f0585cf7b0d35bdcf4","isMergeCommit":false,"messageTitle":"fix(test): adjust the code to comply with coding standards","messageBody":"","fileTypesAndContributionMap":{"test-code":{"insertions":14,"deletions":8}}},{"hash":"2b908709c5928355c26124785f03db65968ddb4d","isMergeCommit":true,"messageTitle":"Merge pull request #46 from gumingyoujia/fix/ExpenseManagerListTest-coding-standards","messageBody":"fix(test): adjust the code to comply with coding standards","fileTypesAndContributionMap":{}}]},{"date":"2025-10-13T00:00:00","commitResults":[{"hash":"4c733ffae522caf0527b2512e7a5030bcb068190","isMergeCommit":false,"messageTitle":"feat: enhance list and help command with assertions, exception handling, and logging","messageBody":"","fileTypesAndContributionMap":{"functional-code":{"insertions":46,"deletions":7},"test-code":{"insertions":1,"deletions":1}}}]},{"date":"2025-10-14T00:00:00","commitResults":[{"hash":"ccaaefcd7bb397bf124c648226c8918752341dc7","isMergeCommit":false,"messageTitle":"fix: standardise list usage message","messageBody":"","fileTypesAndContributionMap":{"functional-code":{"insertions":6,"deletions":33},"test-code":{"insertions":2,"deletions":2}}}]},{"date":"2025-10-19T00:00:00","commitResults":[{"hash":"6f9f5d5086c4e78a044a47155c0dd469cf07b2cd","isMergeCommit":true,"messageTitle":"Merge pull request #82 from muadzyamani/feature/67-find-expense","messageBody":"feat: implement find an expense by category or description","fileTypesAndContributionMap":{}},{"hash":"c1eb6e3e6feaa3f61274e5d6cf143b6eae01261a","isMergeCommit":true,"messageTitle":"Merge pull request #83 from limzerui/docs/developer-guide","messageBody":"docs: edit DeveloperGuide.md to incorporate added features and appendix","fileTypesAndContributionMap":{}},{"hash":"cdcaa01eec1b28b26c65a7297b89d84496b0f8f3","isMergeCommit":false,"messageTitle":"feature: add alert feature","messageBody":"","fileTypesAndContributionMap":{"functional-code":{"insertions":49,"deletions":1}}},{"hash":"213c3042f4e7ef689f149f3fcba81362d51522cf","isMergeCommit":false,"messageTitle":"feature: add logging and assertion for alert feature","messageBody":"","fileTypesAndContributionMap":{"functional-code":{"insertions":12,"deletions":1}}},{"hash":"bf8daa4ce0564a541db52d776845016719262e10","isMergeCommit":false,"messageTitle":"test: add jUnit test class covering alert feature","messageBody":"","fileTypesAndContributionMap":{"test-code":{"insertions":95,"deletions":0}}},{"hash":"7b8ffd604d08a0fcfc0d07e939d6b8550ac72c44","isMergeCommit":false,"messageTitle":"fix: move alert test into orcashbuddy.alert package","messageBody":"","fileTypesAndContributionMap":{"other":{"insertions":1,"deletions":1}}},{"hash":"f433c7d7ae672751a846bcba78b9dfd9bd49204f","isMergeCommit":true,"messageTitle":"Merge pull request #84 from gumingyoujia/feature/alert","messageBody":"feat: add expense alert feature","fileTypesAndContributionMap":{}}]},{"date":"2025-10-20T00:00:00","commitResults":[{"hash":"c0fc670182309fd50e90ecd946a5480912f99dd1","isMergeCommit":false,"messageTitle":"feature: implement edit expense feature and refactor OrCashBuddyException","messageBody":"","fileTypesAndContributionMap":{"functional-code":{"insertions":135,"deletions":18}}},{"hash":"be64fd04061d25dd67c4596d54cf36dc3cc3a4f2","isMergeCommit":false,"messageTitle":"feature: update menu of available commands","messageBody":"","fileTypesAndContributionMap":{"functional-code":{"insertions":2,"deletions":0}}},{"hash":"b3634a807a67e6886756393798ae918d25e8b176","isMergeCommit":false,"messageTitle":"feature: add assertion and logging for edit feature","messageBody":"","fileTypesAndContributionMap":{"functional-code":{"insertions":16,"deletions":1}}},{"hash":"13e9da1b84d233fadc5241bf6a8eab85ec5a77bd","isMergeCommit":false,"messageTitle":"test: add jUnit test for edit expense feature","messageBody":"","fileTypesAndContributionMap":{"test-code":{"insertions":91,"deletions":0}}}]},{"date":"2025-10-21T00:00:00","commitResults":[{"hash":"9751e54adcffbb01430951ada33a76455e8c0bac","isMergeCommit":true,"messageTitle":"Merge pull request #94 from limzerui/docs/update-dev-guide","messageBody":"docs: update sequence diagrams to include StorageManager interactions…","fileTypesAndContributionMap":{}},{"hash":"590d43f17939f5c7618bfe8c0e49610c8b49d45a","isMergeCommit":false,"messageTitle":"docs: update user guide for edit and alert features","messageBody":"","fileTypesAndContributionMap":{"docs":{"insertions":16,"deletions":1}}}]},{"date":"2025-10-22T00:00:00","commitResults":[{"hash":"bdc5d7b9f18900ad84bc8c3ffb25e5b899261fed","isMergeCommit":false,"messageTitle":"docs: update developer guide for edit feature","messageBody":"","fileTypesAndContributionMap":{"docs":{"insertions":95,"deletions":0}}},{"hash":"63a322aa724d2453df17bd627e6a3bb296b64325","isMergeCommit":false,"messageTitle":"gradle: enable assertion","messageBody":"","fileTypesAndContributionMap":{"other":{"insertions":1,"deletions":0}}}]}],"aydrienlaw":[{"date":"2025-09-29T00:00:00","commitResults":[{"hash":"d514fc1d33f90e9cf196504199a383682afdde98","isMergeCommit":true,"messageTitle":"Merge pull request #10 from muadzyamani/feature/4-mark-unmark","messageBody":"feat: add mark and unmark functionality for expenses","fileTypesAndContributionMap":{}},{"hash":"ed0c6a7e808f3d6a354ef0213515dacaccc81845","isMergeCommit":false,"messageTitle":"feat: add set budget functionality","messageBody":"- ExpenseManager: add handleSetBudget method\n- Ui: add showNewBudget and showSetBudgetUsage methods\n- Main: add case to handle set budget command\n","fileTypesAndContributionMap":{"functional-code":{"insertions":53,"deletions":0}}},{"hash":"3de27bf1a6cb448d1680740c304680a529626c03","isMergeCommit":false,"messageTitle":"doc: add JavaDoc comments for budget-related methods","messageBody":"","fileTypesAndContributionMap":{"functional-code":{"insertions":24,"deletions":0}}}]},{"date":"2025-10-02T00:00:00","commitResults":[{"hash":"5fb4f22262ae02f11a62933c897ddae35ac9a51b","isMergeCommit":false,"messageTitle":"docs: update AboutUs.md to include Adrian Law","messageBody":"","fileTypesAndContributionMap":{"docs":{"insertions":7,"deletions":7}}},{"hash":"e90d790c3550b8742652cdfbf67f3342378acc5f","isMergeCommit":true,"messageTitle":"Merge branch \u0027master\u0027 into Zerui-AboutUs","messageBody":"","fileTypesAndContributionMap":{}},{"hash":"9e3dbb3d52994346723a271f73b18a5fd9a03ae7","isMergeCommit":true,"messageTitle":"Merge pull request #14 from limzerui/Zerui-AboutUs","messageBody":"fix(docs): update team portfolio links for Lim Zerui","fileTypesAndContributionMap":{}}]},{"date":"2025-10-09T00:00:00","commitResults":[{"hash":"2d49c292adff58e733882f3e7222b8770348c051","isMergeCommit":false,"messageTitle":"test: add JUnit Tests for set budget feature","messageBody":"","fileTypesAndContributionMap":{"functional-code":{"insertions":6,"deletions":6},"test-code":{"insertions":59,"deletions":0}}},{"hash":"216b962084e90d1b11dedf3ac88646565e8703bc","isMergeCommit":false,"messageTitle":"style: remove \u0027.*\u0027 import to comply with Gradle checkstyleTest","messageBody":"","fileTypesAndContributionMap":{"test-code":{"insertions":1,"deletions":1}}}]},{"date":"2025-10-15T00:00:00","commitResults":[{"hash":"37209f829491cf24558cad62383ab78b615c3da2","isMergeCommit":false,"messageTitle":"refactor: reorganize package structure for all classes","messageBody":"","fileTypesAndContributionMap":{"functional-code":{"insertions":4,"deletions":0},"other":{"insertions":27,"deletions":12},"test-code":{"insertions":15,"deletions":0}}},{"hash":"8156282b3ef1b4464558b6099352b420d4b23966","isMergeCommit":false,"messageTitle":"feat: add abstract Command class for command execution framework","messageBody":"","fileTypesAndContributionMap":{"functional-code":{"insertions":13,"deletions":0}}},{"hash":"65bf5e7af23b7ac93a2791ba9f034666cded6a3c","isMergeCommit":false,"messageTitle":"feat: implement AddCommand for adding new expenses","messageBody":"","fileTypesAndContributionMap":{"functional-code":{"insertions":43,"deletions":0}}},{"hash":"a796075ed6712a781ef6b9290dd44bc9a069f950","isMergeCommit":false,"messageTitle":"feat: implement DeleteCommand for removing expenses","messageBody":"","fileTypesAndContributionMap":{"functional-code":{"insertions":37,"deletions":0}}},{"hash":"6b5a67eb260cc4a8aa0564c4726c8187d825618b","isMergeCommit":false,"messageTitle":"feat: implement HelpCommand for displaying help menu","messageBody":"","fileTypesAndContributionMap":{"functional-code":{"insertions":20,"deletions":0}}},{"hash":"1497b2e5b8260c74e0d3ede1ec333333d36eafae","isMergeCommit":false,"messageTitle":"feat: add InvalidCommand for handling unknown commands","messageBody":"","fileTypesAndContributionMap":{"functional-code":{"insertions":15,"deletions":0}}},{"hash":"98dd090126ec1b3fbb0470c4b2e2a317d2d91e39","isMergeCommit":false,"messageTitle":"feat: implement ListCommand for displaying all expenses with budget summary","messageBody":"","fileTypesAndContributionMap":{"functional-code":{"insertions":19,"deletions":0}}},{"hash":"c32efb3277148d34bdc3fdea4eff604cef282d14","isMergeCommit":false,"messageTitle":"feat: implement MarkCommand and UnmarkCommand for managing expense status","messageBody":"","fileTypesAndContributionMap":{"functional-code":{"insertions":74,"deletions":0}}},{"hash":"6a7e518a4da5dca8b1441067717e52bb423f7902","isMergeCommit":false,"messageTitle":"feat: implement SetBudgetCommand for setting the budget amount","messageBody":"","fileTypesAndContributionMap":{"functional-code":{"insertions":28,"deletions":0}}},{"hash":"e3883a81f9d4b3ef99d58e182c60d02b43b9fd60","isMergeCommit":false,"messageTitle":"refactor: simplify ExpenseManager by removing unused methods and improving expense handling","messageBody":"","fileTypesAndContributionMap":{"functional-code":{"insertions":88,"deletions":269}}},{"hash":"8400f48ddfd4e4e956a04abe9c134dcf53df8860","isMergeCommit":false,"messageTitle":"refactor: enhance command execution flow by modularizing input handling and command parsing","messageBody":"","fileTypesAndContributionMap":{"functional-code":{"insertions":57,"deletions":11}}},{"hash":"d9e1d343a0356b269581fde25303c145d486319d","isMergeCommit":false,"messageTitle":"feat: add showError method to display general error messages","messageBody":"","fileTypesAndContributionMap":{"functional-code":{"insertions":9,"deletions":0}}},{"hash":"1a78a73c46cd4218ce6433a53558c48398aa9d09","isMergeCommit":false,"messageTitle":"refactor: improve command parsing by modularizing command handling and enhancing error management","messageBody":"","fileTypesAndContributionMap":{"functional-code":{"insertions":153,"deletions":52}}},{"hash":"1e39ed72b2c1227afd333927e3a4b085d8eafbca","isMergeCommit":false,"messageTitle":"refactor: introduce OrCashBuddyException for improved error handling in command execution","messageBody":"","fileTypesAndContributionMap":{"functional-code":{"insertions":175,"deletions":9}}},{"hash":"224d17f86cc7b0ad7321d240dc7fd8a3cebe5b2d","isMergeCommit":false,"messageTitle":"refactor: update expense methods to throw OrCashBuddyException for better error handling","messageBody":"","fileTypesAndContributionMap":{"functional-code":{"insertions":14,"deletions":19}}},{"hash":"8190ad4c4011006ba81ce2e451f4b2054c6189a6","isMergeCommit":false,"messageTitle":"refactor: add InvalidParsedCommand to handle command parse errors with contextual messages","messageBody":"","fileTypesAndContributionMap":{"functional-code":{"insertions":44,"deletions":0}}},{"hash":"6fd2fa212e5f46bb37221a8311ad109588763172","isMergeCommit":false,"messageTitle":"chore: add @@author annotations to classes","messageBody":"Added specific authorship tags to help with RepoSense tracking.\n","fileTypesAndContributionMap":{"functional-code":{"insertions":90,"deletions":63}}},{"hash":"f1b4b06017faaa699d715d87f11bb985202e3cc6","isMergeCommit":false,"messageTitle":"refactor: combine InvalidCommandParser and InvalidCommand to reduce duplication","messageBody":"","fileTypesAndContributionMap":{"functional-code":{"insertions":49,"deletions":45}}},{"hash":"aa86ab2812d3cfc846fb833db36e30bef937cb67","isMergeCommit":false,"messageTitle":"refactor: enhance command parsing by introducing helper methods for amount and description validation","messageBody":"","fileTypesAndContributionMap":{"functional-code":{"insertions":117,"deletions":57}}},{"hash":"df74fbc4b49c4e4b6107b0a9038a2028e4651c65","isMergeCommit":false,"messageTitle":"refactor(parser): split Parser into Parser, ArgumentParser, and InputValidator","messageBody":"","fileTypesAndContributionMap":{"functional-code":{"insertions":112,"deletions":137}}},{"hash":"c06a9256a11d2fd378ebed6c633a8c2edaffad0f","isMergeCommit":false,"messageTitle":"style: ensure all command classes end with a newline for consistency","messageBody":"","fileTypesAndContributionMap":{"functional-code":{"insertions":11,"deletions":10}}},{"hash":"2a8d325f9dac23eaf4d5810813924811e6b98df4","isMergeCommit":false,"messageTitle":"test: transition from ExpenseManager unit tests to command-level integration tests","messageBody":"- Replaced ExpenseManagerAdd/Delete/List/Mark/SetBudget tests with command-specific tests\n- Reflected command pattern architecture and Ui interaction flow\n- Increased test coverage realism while maintaining expected behavior validation\n- Removed outdated ExpenseManager*Test files\n","fileTypesAndContributionMap":{"test-code":{"insertions":352,"deletions":488}}},{"hash":"9f7aa09ca7c323b87ae6a2863d37dda99537fb48","isMergeCommit":false,"messageTitle":"fix(ExpenseManager): rebalance totalExpenses when deleting a marked expense","messageBody":"","fileTypesAndContributionMap":{"functional-code":{"insertions":9,"deletions":0}}},{"hash":"a5c149d71e120101956dc4aae3bf2bfd36dae6e4","isMergeCommit":false,"messageTitle":"test(DeleteCommand): verify total expenses are rebalanced after deleting a marked expense","messageBody":"","fileTypesAndContributionMap":{"test-code":{"insertions":26,"deletions":0}}}]},{"date":"2025-10-21T00:00:00","commitResults":[{"hash":"e2de88429a95919c5baffeca41469e2ef463d32d","isMergeCommit":true,"messageTitle":"Merge pull request #86 from saheer17/feature/storage-manager","messageBody":"feat: implement expenses storage function","fileTypesAndContributionMap":{}}]},{"date":"2025-10-22T00:00:00","commitResults":[{"hash":"bd30edcd5eb47a27b89b00f7b6d827f08de5f4ac","isMergeCommit":false,"messageTitle":"feat(ui): standardize CLI output and add uniform separator after each command","messageBody":"- Added [ERROR] prefix for clearer and consistent command feedback\n- Implemented `showSeparator()` for uniform visual spacing in CLI\n- Applied separator across all command outputs for improved readability\n- Removed budget threshold logic from UI to maintain separation of concerns\n","fileTypesAndContributionMap":{"functional-code":{"insertions":242,"deletions":271}}},{"hash":"2f7be9c6e025a1a71c0257c4eeb4878f492c2600","isMergeCommit":false,"messageTitle":"refactor(tests): replace ArrayList with List for consistency in command tests","messageBody":"","fileTypesAndContributionMap":{"functional-code":{"insertions":17,"deletions":14},"test-code":{"insertions":28,"deletions":35}}},{"hash":"5cac5ae6d926e492feb5e5331138b8f5bc2d3872","isMergeCommit":false,"messageTitle":"refactor: update method names and improve budget status checks in ExpenseManager and related commands","messageBody":"","fileTypesAndContributionMap":{"functional-code":{"insertions":205,"deletions":116},"test-code":{"insertions":7,"deletions":7}}}]},{"date":"2025-10-23T00:00:00","commitResults":[{"hash":"7f51978fe6b843894451d6aee216e1f8b64c031d","isMergeCommit":false,"messageTitle":"refactor(core): decouple Ui from ExpenseManager by moving budget status logic to commands","messageBody":"","fileTypesAndContributionMap":{"functional-code":{"insertions":44,"deletions":80}}},{"hash":"13c5890289b59a5ea085ce20199837b3f7c16f1c","isMergeCommit":false,"messageTitle":"test: update unit tests to align with Ui–ExpenseManager decoupling","messageBody":"","fileTypesAndContributionMap":{"test-code":{"insertions":28,"deletions":19}}},{"hash":"e647c02b235aaca5302278a561618a583e55e9b0","isMergeCommit":false,"messageTitle":"fix: prevent repeated remainingBalance and totalExpenses updates when marking or unmarking expenses","messageBody":"","fileTypesAndContributionMap":{"functional-code":{"insertions":8,"deletions":4}}},{"hash":"acf99726a5e2c9e342f3548f64e6af093b3e16e9","isMergeCommit":false,"messageTitle":"feat: add budget progress bar to list view","messageBody":"- Add visual progress bar showing budget usage in financial summary\n- Implement color-coded display (green/yellow/red) based on spending\n- Show percentage, amounts spent/remaining, and over-budget warnings\n- Use filled/empty bar characters for intuitive budget visualization\n","fileTypesAndContributionMap":{"functional-code":{"insertions":84,"deletions":2}}},{"hash":"55c2ca219a08b02e662adcad9d5e7662cb87e382","isMergeCommit":false,"messageTitle":"chore(ui): replace Unicode blocks with ASCII-safe progress bar characters","messageBody":"","fileTypesAndContributionMap":{"functional-code":{"insertions":2,"deletions":2}}},{"hash":"110ac17bd98336b83d80989640460804e17f957f","isMergeCommit":true,"messageTitle":"Merge pull request #106 from saheer17/docs/update-dev-guide","messageBody":"docs: update DeveloperGuide and UML diagrams for Delete Command, Sort Command and Storage functionality","fileTypesAndContributionMap":{}},{"hash":"dc47153238565aa47a078477d25492933e474224","isMergeCommit":true,"messageTitle":"Merge pull request #108 from aydrienlaw/chore/progress-bar-encoding","messageBody":"chore(ui): replace Unicode blocks with ASCII-safe progress bar characters","fileTypesAndContributionMap":{}}]},{"date":"2025-10-24T00:00:00","commitResults":[{"hash":"b7d8cfe7358ac1882d47600ca41e159edf39f058","isMergeCommit":false,"messageTitle":"docs: update Developer Guide with set budget feature details and implementation","messageBody":"","fileTypesAndContributionMap":{"docs":{"insertions":206,"deletions":3}}}]}],"saheer17":[{"date":"2025-09-26T00:00:00","commitResults":[{"hash":"f82637f3a68d9c3e1ae81af29a4712ee080504c0","isMergeCommit":false,"messageTitle":"Add delete expense functionality","messageBody":"","fileTypesAndContributionMap":{"functional-code":{"insertions":101,"deletions":39}}}]},{"date":"2025-10-02T00:00:00","commitResults":[{"hash":"12d09b7da832bc688715c73649c7f4bc039b0cd7","isMergeCommit":false,"messageTitle":"docs: update AboutUs.md for Ahmed","messageBody":"","fileTypesAndContributionMap":{"docs":{"insertions":4,"deletions":7}}},{"hash":"d72b517135b4929fca3ba2d128f285402dddb735","isMergeCommit":true,"messageTitle":"fix: resolve merge conflict in AboutUs.md","messageBody":"","fileTypesAndContributionMap":{}},{"hash":"43d5698a09871cff2940f464fea804e8d93f2c30","isMergeCommit":true,"messageTitle":"Merge pull request #17 from saheer17/Ahmed-AboutUs","messageBody":"docs: update AboutUs.md for Ahmed","fileTypesAndContributionMap":{}}]},{"date":"2025-10-07T00:00:00","commitResults":[{"hash":"7c67b1255bcd8c4c48bd67d5ed075e47607da609","isMergeCommit":true,"messageTitle":"Merge pull request #40 from limzerui/test/expensemanager-add","messageBody":"test(expensemanager): add JUnit tests for add command","fileTypesAndContributionMap":{}}]},{"date":"2025-10-08T00:00:00","commitResults":[{"hash":"58ec6c22d5fddf8fa7ced581ab04efa0aa6a37c6","isMergeCommit":false,"messageTitle":"test: add JUnit tests for ExpenseManager handleDelete method","messageBody":"","fileTypesAndContributionMap":{"test-code":{"insertions":90,"deletions":0}}}]},{"date":"2025-10-12T00:00:00","commitResults":[{"hash":"102bcea6ea54d2be7248cbebf343f4509cfd7c5d","isMergeCommit":false,"messageTitle":"refactor: split handleDelete into handleDelete and parseDeleteCommand","messageBody":"","fileTypesAndContributionMap":{"functional-code":{"insertions":13,"deletions":18}}},{"hash":"0735b724b14e5d037d5e6822c7bd970c3084e7af","isMergeCommit":false,"messageTitle":"feat: add DeleteCommandException to handleDelete command","messageBody":"","fileTypesAndContributionMap":{"functional-code":{"insertions":38,"deletions":12}}},{"hash":"6498e1c5a657e32538616d0ba85beac692fede54","isMergeCommit":false,"messageTitle":"refactor: add assertions to handleDelete and parseDeleteCommand","messageBody":"","fileTypesAndContributionMap":{"functional-code":{"insertions":15,"deletions":0}}},{"hash":"617a198edf78c4f3393365e47d5e5b9bed6cc9b3","isMergeCommit":false,"messageTitle":"refactor: add logging and integrate UI error display for handleDelete","messageBody":"","fileTypesAndContributionMap":{"functional-code":{"insertions":16,"deletions":2}}},{"hash":"4b2100bb9936cd73f76e831184504d7ec0fda8b1","isMergeCommit":false,"messageTitle":"test: update ExpenseManagerDeleteTest to match showDeleteUsage(String)","messageBody":"","fileTypesAndContributionMap":{"test-code":{"insertions":7,"deletions":1}}},{"hash":"b4752d22b9003db917fd74ac006fea9d0d2c9c88","isMergeCommit":false,"messageTitle":"docs: add Javadoc comments for handleDelete and parseDeleteCommand methods","messageBody":"","fileTypesAndContributionMap":{"functional-code":{"insertions":22,"deletions":13}}},{"hash":"fa7648b6c0a64f977d9559ad3086a0be750f2d14","isMergeCommit":false,"messageTitle":"docs: add Javadoc comments for DeleteCommandException class","messageBody":"","fileTypesAndContributionMap":{"functional-code":{"insertions":20,"deletions":1}}},{"hash":"d6424fa802a7c16cbaf068db9f8619033b4100e4","isMergeCommit":false,"messageTitle":"feat: suggest valid index range in delete command error message","messageBody":"","fileTypesAndContributionMap":{"functional-code":{"insertions":4,"deletions":3}}},{"hash":"3144e03163120e6c9e499b3a53e8b7ea387a4f45","isMergeCommit":false,"messageTitle":"fix: make delete command case-insensitive by lowercasing input","messageBody":"","fileTypesAndContributionMap":{"functional-code":{"insertions":1,"deletions":1}}}]},{"date":"2025-10-13T00:00:00","commitResults":[{"hash":"416b104576b4be74c226259e2e691cbb0babf63e","isMergeCommit":true,"messageTitle":"Merge pull request #55 from muadzyamani/chore/36-assertion-exception-logging-mark","messageBody":"chore: implement assertions, exception handling and logging for mark/unmark function","fileTypesAndContributionMap":{}}]},{"date":"2025-10-15T00:00:00","commitResults":[{"hash":"d053fcefde0dbd5b382537d8ebaa1179565b4782","isMergeCommit":true,"messageTitle":"Merge pull request #69 from aydrienlaw/fix/rebalance-on-delete","messageBody":"fix(expense): rebalance totalExpense when deleting a marked expense","tags":["v1.0"],"fileTypesAndContributionMap":{}}]},{"date":"2025-10-16T00:00:00","commitResults":[{"hash":"02a5e90538f0f4be0907038a460a3fdee391ae14","isMergeCommit":false,"messageTitle":"feat: implement sort command to display expenses in descending order","messageBody":"","fileTypesAndContributionMap":{"functional-code":{"insertions":50,"deletions":7}}}]},{"date":"2025-10-17T00:00:00","commitResults":[{"hash":"b94d277dfe08830e24a30410f0c73f590962ab04","isMergeCommit":false,"messageTitle":"test: add JUnit tests for SortCommand","messageBody":"","fileTypesAndContributionMap":{"functional-code":{"insertions":3,"deletions":0},"test-code":{"insertions":62,"deletions":0}}},{"hash":"4424e73056d1581fdb367f858e89db916950bf68","isMergeCommit":false,"messageTitle":"chore: add logging to sort command","messageBody":"","fileTypesAndContributionMap":{"functional-code":{"insertions":7,"deletions":1}}},{"hash":"dd1bf10f52984df6f46441c129dcad3b7557aa2c","isMergeCommit":false,"messageTitle":"feat: add assertions to sort command","messageBody":"","fileTypesAndContributionMap":{"functional-code":{"insertions":7,"deletions":3}}},{"hash":"dfc1f56a2620b51607ef3c4cffa08f337bde816b","isMergeCommit":false,"messageTitle":"docs: add Javadoc comments","messageBody":"","fileTypesAndContributionMap":{"functional-code":{"insertions":24,"deletions":1},"test-code":{"insertions":11,"deletions":2}}},{"hash":"79d5b668b69b403f6d00cb92b9895fd579d84a64","isMergeCommit":false,"messageTitle":"chore: remove extra line for formatting","messageBody":"","fileTypesAndContributionMap":{"test-code":{"insertions":0,"deletions":1}}},{"hash":"5ef613b3874aea1dc66c9a43a492ded9912d374e","isMergeCommit":true,"messageTitle":"Merge pull request #73 from limzerui/feature/categories-for-expense","messageBody":"feat: add support for categorizing expenses by type for add command","fileTypesAndContributionMap":{}},{"hash":"19cf6a2361015c0735abeef02d7b0f0f3c451aff","isMergeCommit":true,"messageTitle":"Merge pull request #74 from limzerui/feature/bye-command","messageBody":"feat: implement Bye command and remove hardcoded exit logic from Main","fileTypesAndContributionMap":{}}]},{"date":"2025-10-18T00:00:00","commitResults":[{"hash":"dba6ff5841c923f20d7d78107028247195fa3a7f","isMergeCommit":false,"messageTitle":"fix: prevent program freeze when sorting with no expenses","messageBody":"","fileTypesAndContributionMap":{"functional-code":{"insertions":0,"deletions":6}}},{"hash":"e1107584c36df9e993cf58162d6f2350172d55aa","isMergeCommit":true,"messageTitle":"Merge pull request #77 from limzerui/feature/user-guide-add","messageBody":"feat: edit user guide with detailed setup instructions and command descriptions","fileTypesAndContributionMap":{}},{"hash":"2ded03ae5409d7bc25388cfada81574f82eb34d1","isMergeCommit":false,"messageTitle":"fix: correct sort command test for empty list scenario","messageBody":"","fileTypesAndContributionMap":{"functional-code":{"insertions":7,"deletions":9},"test-code":{"insertions":13,"deletions":5}}}]},{"date":"2025-10-20T00:00:00","commitResults":[{"hash":"8308c18768c789419e214df33b05fe577ecb659f","isMergeCommit":true,"messageTitle":"Merge pull request #85 from gumingyoujia/feature/edit-expense","messageBody":"feat: add edit expense feature ","fileTypesAndContributionMap":{}},{"hash":"0bf87e63008243914cf2c6b02bb0dcada5762dcd","isMergeCommit":false,"messageTitle":"feat: add persistent storage with auto file and folder creation","messageBody":"","fileTypesAndContributionMap":{"functional-code":{"insertions":63,"deletions":3}}},{"hash":"6a6f9497a5ad5f162c06b89c3a1b44598711f4ad","isMergeCommit":false,"messageTitle":"feat: improve storage error messages to be user-friendly","messageBody":"","fileTypesAndContributionMap":{"functional-code":{"insertions":53,"deletions":17}}},{"hash":"fa14d25c2dae188584684aa8c639e6e33023806f","isMergeCommit":false,"messageTitle":"test: add JUnit tests for StorageManager","messageBody":"","fileTypesAndContributionMap":{"functional-code":{"insertions":17,"deletions":0},"test-code":{"insertions":98,"deletions":0}}},{"hash":"96558d60ee7dd9d7ce3d89f99befcf5463ffae37","isMergeCommit":false,"messageTitle":"chore: remove unused method","messageBody":"","fileTypesAndContributionMap":{"test-code":{"insertions":0,"deletions":4}}},{"hash":"5899cf75df8ddc8b70c725b17fb1a412b6f9eda5","isMergeCommit":false,"messageTitle":"chore: add logging and assertions to StorageManager","messageBody":"","fileTypesAndContributionMap":{"functional-code":{"insertions":25,"deletions":1}}},{"hash":"e8d373badf5845f068da70637986bdc9bc1eb515","isMergeCommit":false,"messageTitle":"docs: add Javadoc comments to StorageManager and StorageManagerTest","messageBody":"","fileTypesAndContributionMap":{"functional-code":{"insertions":26,"deletions":0},"test-code":{"insertions":22,"deletions":7}}}]},{"date":"2025-10-21T00:00:00","commitResults":[{"hash":"593cf2eb126ef93114dede1ff668e44223d0d62a","isMergeCommit":false,"messageTitle":"style: fix code structure and formatting","messageBody":"","fileTypesAndContributionMap":{"functional-code":{"insertions":18,"deletions":18},"test-code":{"insertions":5,"deletions":2}}},{"hash":"5a940f32315551cfc18f80a392c20e40f10b022d","isMergeCommit":true,"messageTitle":"Merge pull request #88 from muadzyamani/docs/developer-guide","messageBody":"docs: update DeveloperGuide.md for Mark and Find implementations","fileTypesAndContributionMap":{}},{"hash":"12c0766711cd67d9431182debe727caef4e098ef","isMergeCommit":false,"messageTitle":"docs: add section on automatic saving and loading in UserGuide","messageBody":"","fileTypesAndContributionMap":{"docs":{"insertions":5,"deletions":4}}},{"hash":"87cfab862a98d77669cc5c0601c29c0d55898bf6","isMergeCommit":false,"messageTitle":"docs: add DeleteCommand sequence diagram and update dev guide","messageBody":"","fileTypesAndContributionMap":{"docs":{"insertions":199,"deletions":0}}},{"hash":"7593e0d4d4dc5907282f8d625883bacbe07125ac","isMergeCommit":false,"messageTitle":"docs: add SortCommand sequence diagram and update dev guide","messageBody":"","fileTypesAndContributionMap":{"docs":{"insertions":145,"deletions":0}}},{"hash":"399fc9807b9022b9817d1d86fb8e3f0263b49c05","isMergeCommit":false,"messageTitle":"docs: add StorageManager sequence diagram and update dev guide","messageBody":"","fileTypesAndContributionMap":{"docs":{"insertions":150,"deletions":1}}}]},{"date":"2025-10-23T00:00:00","commitResults":[{"hash":"9ca9769b5f190fe248b4a1362c8b0507909ded4d","isMergeCommit":false,"messageTitle":"docs: update DevGuide for delete command","messageBody":"","fileTypesAndContributionMap":{"docs":{"insertions":29,"deletions":34}}},{"hash":"ddabb6156cf706b096fda4256858a916ce1c50a9","isMergeCommit":false,"messageTitle":"docs: update DevGuide for sort command","messageBody":"","fileTypesAndContributionMap":{"docs":{"insertions":80,"deletions":23}}},{"hash":"57b5f3764fec18dc7f831a2ac67a3f7cec0b73f6","isMergeCommit":false,"messageTitle":"docs: update DevGuide for storage manager","messageBody":"","fileTypesAndContributionMap":{"docs":{"insertions":99,"deletions":29}}},{"hash":"dce93cc6764dbef9850f2f3142c0964a78934bd3","isMergeCommit":true,"messageTitle":"Merge pull request #105 from aydrienlaw/feat/budget-progress-bar","messageBody":"feat: add budget progress bar to list view","fileTypesAndContributionMap":{}}]}],"muadzyamani":[{"date":"2025-09-27T00:00:00","commitResults":[{"hash":"6fb95a9305687278e992f25e654d0a3d21add120","isMergeCommit":true,"messageTitle":"Merge pull request #9 from saheer17/add-delete-function","messageBody":"Add delete expense functionality","fileTypesAndContributionMap":{}},{"hash":"c1e742d72de7c3e67531fa5386b8775725598f27","isMergeCommit":false,"messageTitle":"Add mark and unmark functionality for expenses","messageBody":"","fileTypesAndContributionMap":{"functional-code":{"insertions":118,"deletions":2}}}]},{"date":"2025-09-30T00:00:00","commitResults":[{"hash":"3133eb2c1cc0d65445dbf4b3175d18de811e57f7","isMergeCommit":true,"messageTitle":"Merge pull request #12 from aydrienlaw/feature/set-budget","messageBody":"Add budgeting","fileTypesAndContributionMap":{}}]},{"date":"2025-10-02T00:00:00","commitResults":[{"hash":"3b528f9eca32a562ddc5b39b5b3622dfa2bb426a","isMergeCommit":false,"messageTitle":"docs: Update About Us section with new team member details","messageBody":"","fileTypesAndContributionMap":{"docs":{"insertions":7,"deletions":7}}},{"hash":"97b5567547298d67c6809b0dbfff94f29825b3ac","isMergeCommit":true,"messageTitle":"Merge branch \u0027master\u0027 into muadz-AboutUs","messageBody":"# Conflicts:\n#\tdocs/AboutUs.md\n","fileTypesAndContributionMap":{}},{"hash":"95fd656b857d400d1b43cb8fe52231bee3ece1c3","isMergeCommit":true,"messageTitle":"Merge pull request #16 from muadzyamani/muadz-AboutUs","messageBody":"docs: update About Us section details to include Muadz Yamani","fileTypesAndContributionMap":{}}]},{"date":"2025-10-08T00:00:00","commitResults":[{"hash":"2fbde9f00405a1b762d38a67af4611a5b7b50767","isMergeCommit":true,"messageTitle":"Merge pull request #41 from saheer17/test/expensemanager-handledelete","messageBody":"test: add JUnit tests for ExpenseManager handleDelete method","fileTypesAndContributionMap":{}},{"hash":"d74c5b501ba1b59e4c67729604ff6be4006ce304","isMergeCommit":false,"messageTitle":"test: add unit tests for marking and unmarking expenses in ExpenseManager","messageBody":"","fileTypesAndContributionMap":{"test-code":{"insertions":126,"deletions":0}}}]},{"date":"2025-10-11T00:00:00","commitResults":[{"hash":"fc6d86cdfd57a9b50c3c7393b8fc3aa7da8e40ca","isMergeCommit":true,"messageTitle":"Merge pull request #51 from limzerui/feature/add-hardening","messageBody":"chore: harden add command with logging and assertions","fileTypesAndContributionMap":{}}]},{"date":"2025-10-12T00:00:00","commitResults":[{"hash":"2b66f5de1617336202678d701ff711df3edc7035","isMergeCommit":false,"messageTitle":"test: add unit tests for parseMarkUnmarkCommand method in ExpenseManager","messageBody":"","fileTypesAndContributionMap":{"test-code":{"insertions":37,"deletions":2}}},{"hash":"8646c9433d0c2ff3462448ee5036e63bafab4a85","isMergeCommit":false,"messageTitle":"feat: add MarkUnmarkCommandException for handling mark/unmark command errors","messageBody":"","fileTypesAndContributionMap":{"functional-code":{"insertions":33,"deletions":0}}},{"hash":"5fafc9e3c98e624260b00106d023df6faa1020fa","isMergeCommit":false,"messageTitle":"feat: enhance mark and unmark command usage messages with error details","messageBody":"","fileTypesAndContributionMap":{"functional-code":{"insertions":8,"deletions":2}}},{"hash":"cea5f943beb81f3b2cbde84b2d0698fa5f7a713f","isMergeCommit":false,"messageTitle":"feat: improve mark/unmark command handling with enhanced validation and logging","messageBody":"","fileTypesAndContributionMap":{"functional-code":{"insertions":64,"deletions":25}}}]},{"date":"2025-10-13T00:00:00","commitResults":[{"hash":"bade49b0a7cf4b1b206846e719af4b9c4d5c9a37","isMergeCommit":false,"messageTitle":"feat: add method to display message for unknown commands","messageBody":"","fileTypesAndContributionMap":{"functional-code":{"insertions":6,"deletions":1}}},{"hash":"96f140a9bbfa7cc8623bb871bcfeda856e308006","isMergeCommit":false,"messageTitle":"refactor: improve command handling for readability and flow","messageBody":"","fileTypesAndContributionMap":{"functional-code":{"insertions":13,"deletions":19}}},{"hash":"77e23374ef1f8d3f84b62c41f1dd32e688d87aae","isMergeCommit":false,"messageTitle":"refactor: enhance mark/unmark logic via dedicated update methods","messageBody":"","fileTypesAndContributionMap":{"functional-code":{"insertions":35,"deletions":7}}}]},{"date":"2025-10-14T00:00:00","commitResults":[{"hash":"039dc3907c36a5e82316862ec1fec9f202a4c7a6","isMergeCommit":true,"messageTitle":"Merge pull request #58 from gumingyoujia/chore/list-assertions-logging-exception","messageBody":"chore: implement assertions, exception handling and logging for list/help function ","fileTypesAndContributionMap":{}},{"hash":"c78710442bd7e4b8d434dfbef01663f6a3156930","isMergeCommit":false,"messageTitle":"refactor: simplify command handling by delegating to Parser class","messageBody":"","fileTypesAndContributionMap":{"functional-code":{"insertions":2,"deletions":19}}},{"hash":"b8428d6b3ea78f2d2d0513954f8da8a9f49693e1","isMergeCommit":false,"messageTitle":"feat: implement Parser class for user input handling and command execution","messageBody":"","fileTypesAndContributionMap":{"functional-code":{"insertions":75,"deletions":0}}},{"hash":"bf34767072e40fee5e2c864e7176e27ef0e5383c","isMergeCommit":true,"messageTitle":"Merge pull request #59 from muadzyamani/refactor/33-parser","messageBody":"refactor: add parser class","fileTypesAndContributionMap":{}}]},{"date":"2025-10-15T00:00:00","commitResults":[{"hash":"f9e22de4e39750922e17165f726c0582017a7a70","isMergeCommit":true,"messageTitle":"Merge pull request #68 from aydrienlaw/refactor/commands","messageBody":"refactor: add commands classes","fileTypesAndContributionMap":{}}]},{"date":"2025-10-18T00:00:00","commitResults":[{"hash":"4efb6b69b21ab593db11976ff43e237fdb85d456","isMergeCommit":true,"messageTitle":"Merge pull request #80 from saheer17/fix/sort-command-test","messageBody":"fix: correct sort command test for empty list scenario","fileTypesAndContributionMap":{}},{"hash":"30c8352d590d67a0f694288ec5dc57c34927b3f6","isMergeCommit":false,"messageTitle":"fix: remove \u0027.*\u0027 and unused imports","messageBody":"","fileTypesAndContributionMap":{"test-code":{"insertions":2,"deletions":2}}},{"hash":"25d2b515a106c2ae3100cb03a3d88757dde414e6","isMergeCommit":false,"messageTitle":"test: add unit tests for FindCommand functionality","messageBody":"","fileTypesAndContributionMap":{"test-code":{"insertions":201,"deletions":0}}},{"hash":"0ff04edd0f243e596706dbb894705cceb44e01a6","isMergeCommit":false,"messageTitle":"feat: add methods to find expenses by category and description","messageBody":"","fileTypesAndContributionMap":{"functional-code":{"insertions":49,"deletions":0}}},{"hash":"e683458897bb65c98e1d6b7925a5cb638452d4cf","isMergeCommit":false,"messageTitle":"feat: implement FindCommand to search expenses by category or description","messageBody":"","fileTypesAndContributionMap":{"functional-code":{"insertions":51,"deletions":0}}},{"hash":"fb6e5faa3abe8816d1d8a04d60563e8152fe0c03","isMergeCommit":false,"messageTitle":"feat: add usage instructions for find command in InvalidCommand","messageBody":"","fileTypesAndContributionMap":{"functional-code":{"insertions":2,"deletions":0}}},{"hash":"47ce40b8894bc3d33397be724b4e0572b6c5a44f","isMergeCommit":false,"messageTitle":"feat: add parsing logic for find command in Parser","messageBody":"","fileTypesAndContributionMap":{"functional-code":{"insertions":19,"deletions":0}}},{"hash":"154286db439885057c328f4893e5df6f1d6a0d1c","isMergeCommit":false,"messageTitle":"feat: add find command usage instructions and display logic for found expenses","messageBody":"","fileTypesAndContributionMap":{"functional-code":{"insertions":30,"deletions":0}}},{"hash":"f8ab3686b59eb2fcfc62e2058ac71b4ae9520cbb","isMergeCommit":false,"messageTitle":"fix: add missing newline at end of FindCommand.java","messageBody":"","fileTypesAndContributionMap":{"functional-code":{"insertions":1,"deletions":1}}},{"hash":"3911e359f676790787f42bb50b182b94254ee77c","isMergeCommit":false,"messageTitle":"fix: remove \u0027.*\u0027 imports","messageBody":"","fileTypesAndContributionMap":{"test-code":{"insertions":6,"deletions":2}}}]},{"date":"2025-10-21T00:00:00","commitResults":[{"hash":"9328c8f9c8df5cac01e110369803034dca86fb16","isMergeCommit":false,"messageTitle":"docs: add sequence diagrams for find, mark, and unmark commands","messageBody":"","fileTypesAndContributionMap":{"docs":{"insertions":357,"deletions":0}}},{"hash":"2d4fee2647fd466168ce56d81ef495cd16b461dc","isMergeCommit":false,"messageTitle":"style: format THRESHOLD_REMAINING_BALANCE declaration in ExpenseManager","messageBody":"","fileTypesAndContributionMap":{"functional-code":{"insertions":1,"deletions":1}}},{"hash":"53b6c54642913c409ea95296f6b6dc808b9b9305","isMergeCommit":false,"messageTitle":"docs: add author tag to FindCommand.java","messageBody":"","fileTypesAndContributionMap":{"functional-code":{"insertions":1,"deletions":0}}},{"hash":"caaec50b4305a6e1b9e6a8be4394dd90723a1ecf","isMergeCommit":false,"messageTitle":"docs: update Developer Guide with Mark/Unmark and Find Expense features","messageBody":"","fileTypesAndContributionMap":{"docs":{"insertions":195,"deletions":2}}},{"hash":"0144fd826f6ddd9b799c1746670402ab00fe57c4","isMergeCommit":false,"messageTitle":"docs: update Developer Guide to correct numbering for Appendix E","messageBody":"","fileTypesAndContributionMap":{"docs":{"insertions":4,"deletions":4}}},{"hash":"c971ee7240d246e58384dbb87f21e2032687933f","isMergeCommit":true,"messageTitle":"Merge pull request #90 from saheer17/docs/update-user-and-dev-guide","messageBody":"docs: update DeveloperGuide, UserGuide for Delete and Sort commands and Storage implementation ","fileTypesAndContributionMap":{}},{"hash":"c2a50872b4316ba8f42c2421bf2c7194ba09fb2f","isMergeCommit":false,"messageTitle":"docs: update User Guide to include find command and its usage examples","messageBody":"","fileTypesAndContributionMap":{"docs":{"insertions":18,"deletions":0}}}]},{"date":"2025-10-22T00:00:00","commitResults":[{"hash":"0904ce810ae8c1b09d2a3001f0ffa257cb324c1a","isMergeCommit":true,"messageTitle":"Merge pull request #98 from aydrienlaw/feature/cli-output-uniformity","messageBody":"feat(ui): standardize CLI output, add uniform separator, and remove budget logic","fileTypesAndContributionMap":{}}]},{"date":"2025-10-23T00:00:00","commitResults":[{"hash":"b72dc0705c765c22bac6d03174166a163f3d67b5","isMergeCommit":true,"messageTitle":"Merge pull request #103 from aydrienlaw/fix/mark-unmark-balance-update","messageBody":"fix: marking or unmarking expenses repeatedly updates total expenses and remaining balance","fileTypesAndContributionMap":{}}]},{"date":"2025-10-24T00:00:00","commitResults":[{"hash":"667be57e72491a21d0adaa1264361869a2f0729d","isMergeCommit":true,"messageTitle":"Merge pull request #109 from limzerui/docs/update-dev-guide-2","messageBody":"feat: update sequence diagrams for AddCommand and ByeCommand to inclu…","fileTypesAndContributionMap":{}},{"hash":"664870fd3af188faa1d242eb73a2a444bdf8623f","isMergeCommit":false,"messageTitle":"docs: update Mark/Unmark and Find sections after refactoring","messageBody":"","fileTypesAndContributionMap":{"docs":{"insertions":105,"deletions":46}}},{"hash":"32322b69ee8a3e529a948bb94eb365c226141121","isMergeCommit":false,"messageTitle":"docs: update find sequence diagram to reflect command execution flow and error handling","messageBody":"","fileTypesAndContributionMap":{"docs":{"insertions":44,"deletions":74}}},{"hash":"7fcb454c6cb7b2d21e356a2c20343a934f044d2d","isMergeCommit":false,"messageTitle":"docs: update mark sequence diagram to include storage management and budget status handling","messageBody":"","fileTypesAndContributionMap":{"docs":{"insertions":52,"deletions":55}}},{"hash":"f44eb513f182463ba80d0ff955a053b34d1e358a","isMergeCommit":false,"messageTitle":"docs: update unmark sequence diagram to include budget status handling and command execution flow","messageBody":"","fileTypesAndContributionMap":{"docs":{"insertions":53,"deletions":56}}},{"hash":"ccb9bfb97b588dbd2256753742d97a13068eea98","isMergeCommit":false,"messageTitle":"docs: add author annotation to OrCashBuddyException class","messageBody":"","fileTypesAndContributionMap":{"functional-code":{"insertions":1,"deletions":0}}},{"hash":"8a6e79dca81fdeaabc7c974f6776ebebc5ee18a4","isMergeCommit":true,"messageTitle":"Merge pull request #112 from aydrienlaw/docs/update-developer-guide","messageBody":"docs(developer-guide): add implementation details for Set Budget feature","fileTypesAndContributionMap":{}}]}],"limzerui":[{"date":"2025-09-24T00:00:00","commitResults":[{"hash":"931a63f5343fdcf918d8a8acc3255f6036498151","isMergeCommit":false,"messageTitle":"feat: add initial orCASHbuddy skeleton (Main, Ui, Expense, ExpenseManager)","messageBody":"Resolves #5.\n","fileTypesAndContributionMap":{"functional-code":{"insertions":72,"deletions":0},"other":{"insertions":2,"deletions":2}}},{"hash":"2204ffb4a79cbea89358a1e985626411803fd4da","isMergeCommit":true,"messageTitle":"Merge pull request #7 from limzerui/feature/issue-5-skeleton","messageBody":"Feature/issue 5\n","fileTypesAndContributionMap":{}},{"hash":"e01f2cee22908b631263642875ac7bc532c21a12","isMergeCommit":false,"messageTitle":"feat: implement minimal \u0027add\u0027 (a/AMOUNT desc/DESCRIPTION)","messageBody":"Resolves #1\n","fileTypesAndContributionMap":{"functional-code":{"insertions":91,"deletions":10}}},{"hash":"ba5df7e2c84f0d6465a9b5d3579bf37ed69dd922","isMergeCommit":true,"messageTitle":"Merge pull request #8 from limzerui/feature/issue-1-add-command","messageBody":"feat: implement minimal \u0027add\u0027 (a/AMOUNT desc/DESCRIPTION)","fileTypesAndContributionMap":{}}]},{"date":"2025-10-02T00:00:00","commitResults":[{"hash":"81438d38b48dba06a3695a10150f2ab585621ce9","isMergeCommit":false,"messageTitle":"fix(docs): update team portfolio links for Lim Zerui","messageBody":"- Corrected portfolio link from `docs/team/johndoe.md` to `docs/team/Zerui.md`\n- Ensured GitHub profile and portfolio references are accurate\n","fileTypesAndContributionMap":{"docs":{"insertions":1,"deletions":1}}},{"hash":"7864d2b44dbf2c346b7b40489d6899fb443e7891","isMergeCommit":true,"messageTitle":"Merge pull request #15 from aydrienlaw/Adrian-AboutUs","messageBody":"docs: update AboutUs.md to include Adrian Law","fileTypesAndContributionMap":{}}]},{"date":"2025-10-07T00:00:00","commitResults":[{"hash":"f5656c7b4ad30f25fe982e603541099a1ce7bdcd","isMergeCommit":false,"messageTitle":"test: add JUnit tests for add feature","messageBody":"","fileTypesAndContributionMap":{"test-code":{"insertions":63,"deletions":0}}}]},{"date":"2025-10-08T00:00:00","commitResults":[{"hash":"7fa2582829549c656c10a6547acafe5ffb04ed1f","isMergeCommit":false,"messageTitle":"test(checkstyle): fix EOF newline and LeftCurly in tests","messageBody":"","fileTypesAndContributionMap":{"test-code":{"insertions":2,"deletions":3}}},{"hash":"0a5e7c450a7803e69b6b1d313ccf08a58f43a3fb","isMergeCommit":true,"messageTitle":"Merge pull request #43 from limzerui/chore/checkstyle-tests","messageBody":"test(checkstyle): fix EOF newline and LeftCurly in tests","fileTypesAndContributionMap":{}}]},{"date":"2025-10-09T00:00:00","commitResults":[{"hash":"0c7402b6df9de725bf8a9079e10aa773b1f34b53","isMergeCommit":true,"messageTitle":"Merge pull request #48 from aydrienlaw/test/expensemanager-set-budget","messageBody":"test: add JUnit Tests for set budget feature","fileTypesAndContributionMap":{}},{"hash":"2b1fefbcffcfe4d6b68c925acbffaa8a52dc8808","isMergeCommit":true,"messageTitle":"Merge pull request #49 from aydrienlaw/test/expensemanager-set-budget","messageBody":"style: remove \u0027.*\u0027 import to comply with Gradle checkstyleTest","fileTypesAndContributionMap":{}}]},{"date":"2025-10-11T00:00:00","commitResults":[{"hash":"6c76dab02ec4ee66227016b2b81555fc79e23856","isMergeCommit":false,"messageTitle":"chore: harden add command with logging and assertions","messageBody":"","fileTypesAndContributionMap":{"functional-code":{"insertions":69,"deletions":18},"other":{"insertions":2,"deletions":0},"test-code":{"insertions":31,"deletions":0}}},{"hash":"3b25efe72f99bc852ca1e913183e09c4a6fff2cd","isMergeCommit":false,"messageTitle":"chore: document add exception and clean doubles","messageBody":"","fileTypesAndContributionMap":{"functional-code":{"insertions":19,"deletions":3}}}]},{"date":"2025-10-12T00:00:00","commitResults":[{"hash":"77bb967425a7541bc8dab165ab7ef76b5c4be351","isMergeCommit":true,"messageTitle":"Merge pull request #54 from saheer17/chore/add-assertions-logging-handling","messageBody":"chore: strengthen handleDelete command with assertions, logging, and exception handling","fileTypesAndContributionMap":{}}]},{"date":"2025-10-17T00:00:00","commitResults":[{"hash":"5cbdd97990f4b22cc36f9b5de0917ade2104642e","isMergeCommit":true,"messageTitle":"Merge pull request #71 from saheer17/feature/sort-by-price","messageBody":"feat: add sort command to list expenses by price","fileTypesAndContributionMap":{}},{"hash":"353726d12a22aab78035dd8307f840709992890c","isMergeCommit":false,"messageTitle":"feat: add category field to Expense class and update formatting","messageBody":"","fileTypesAndContributionMap":{"functional-code":{"insertions":11,"deletions":3}}},{"hash":"9a4d596230fdd808c31de3820c25bfb92598a28c","isMergeCommit":false,"messageTitle":"feat: add category validation and exceptions for InputValidator","messageBody":"","fileTypesAndContributionMap":{"functional-code":{"insertions":39,"deletions":0}}},{"hash":"feb7ba2f7386a2baf527529a43b66728a86eda1c","isMergeCommit":false,"messageTitle":"feat: add category prefix support in ArgumentParser","messageBody":"","fileTypesAndContributionMap":{"functional-code":{"insertions":21,"deletions":1}}},{"hash":"9bc27c89884bf103e188b6ac303b93e965ebca45","isMergeCommit":false,"messageTitle":"feat: add category support to AddCommand and Parser","messageBody":"","fileTypesAndContributionMap":{"functional-code":{"insertions":14,"deletions":7}}},{"hash":"963ea55b06c92e7b2d5f2d138833dd4d98a1a608","isMergeCommit":false,"messageTitle":"feat: enhance AddCommand and Ui to support category input","messageBody":"","fileTypesAndContributionMap":{"functional-code":{"insertions":16,"deletions":4}}},{"hash":"4763e21fc85da13095a98f3bcb24e2b0bb1cd4a8","isMergeCommit":false,"messageTitle":"feat: update tests to include category formatting in expense display","messageBody":"","fileTypesAndContributionMap":{"test-code":{"insertions":19,"deletions":9}}},{"hash":"df1615bd42e0a77845899eb6c00f301d741c3d8c","isMergeCommit":false,"messageTitle":"feat: update formatForDisplay to include category in expense representation","messageBody":"","fileTypesAndContributionMap":{"functional-code":{"insertions":2,"deletions":2}}},{"hash":"d3991bd3cf892bd0ca398f04a02abcdb75e1b072","isMergeCommit":false,"messageTitle":"feat: implement ByeCommand to exit application gracefully","messageBody":"","fileTypesAndContributionMap":{"functional-code":{"insertions":33,"deletions":1}}},{"hash":"8a615a55dc9b244ba4c1fd732964f150e5079bcd","isMergeCommit":false,"messageTitle":"feat: enhance command execution flow to support ByeCommand for graceful exit","messageBody":"","fileTypesAndContributionMap":{"functional-code":{"insertions":27,"deletions":18}}},{"hash":"560e2c5c472821119457896b37c74b8a99810742","isMergeCommit":false,"messageTitle":"feat: refactor Main to delegate exit handling and add ByeCommand tests","messageBody":"","fileTypesAndContributionMap":{"functional-code":{"insertions":4,"deletions":7},"test-code":{"insertions":34,"deletions":0}}}]},{"date":"2025-10-18T00:00:00","commitResults":[{"hash":"90c78fe9cb5d9a28b1e86836c348676aabdddf78","isMergeCommit":true,"messageTitle":"Merge pull request #76 from saheer17/bugfix/sort-command","messageBody":"fix: prevent program freeze when sorting with no expenses","fileTypesAndContributionMap":{}},{"hash":"2f443afe2366213e482f9f64a6effe18c47dd5f9","isMergeCommit":false,"messageTitle":"feat: expand user guide with detailed setup instructions and command descriptions","messageBody":"","fileTypesAndContributionMap":{"docs":{"insertions":106,"deletions":22}}},{"hash":"857bdffbb7dfbdf90f92bc6d1019f0dcaf655a11","isMergeCommit":false,"messageTitle":"feat: enhance Developer Guide with comprehensive setup instructions and detailed design documentation","messageBody":"","fileTypesAndContributionMap":{"docs":{"insertions":182,"deletions":19}}},{"hash":"519ecde6a8d8aefc5288b7db0df6bc87ce9c0bc9","isMergeCommit":false,"messageTitle":"feat: add sequence diagrams for AddCommand and ByeCommand interactions","messageBody":"","fileTypesAndContributionMap":{"docs":{"insertions":105,"deletions":0}}}]},{"date":"2025-10-19T00:00:00","commitResults":[{"hash":"04cc9c676f2989e7d96d3b72f7275425995f7a88","isMergeCommit":false,"messageTitle":"feat: update sequence diagrams to include handling of invalid commands","messageBody":"","fileTypesAndContributionMap":{"docs":{"insertions":119,"deletions":76}}}]},{"date":"2025-10-21T00:00:00","commitResults":[{"hash":"67cde358acd334434f34bec536e489f4a68d4f5d","isMergeCommit":false,"messageTitle":"docs: update sequence diagrams to include StorageManager interactions for AddCommand and ByeCommand","messageBody":"","fileTypesAndContributionMap":{"docs":{"insertions":45,"deletions":24}}},{"hash":"b5210585d6363ea88111761925809071066195a2","isMergeCommit":true,"messageTitle":"Merge pull request #93 from muadzyamani/docs/91-update-user-guide","messageBody":"docs: update UserGuide.md for Find feature","fileTypesAndContributionMap":{}}]},{"date":"2025-10-22T00:00:00","commitResults":[{"hash":"b94b8456410913b9397784b14885ae223c314d31","isMergeCommit":true,"messageTitle":"Merge pull request #96 from gumingyoujia/docs/update-user-and-dev-guide","messageBody":"docs: update DeveloperGuide, UserGuide for edit expense feature","fileTypesAndContributionMap":{}}]},{"date":"2025-10-23T00:00:00","commitResults":[{"hash":"d083bd14d24f505d18c86f737d3ec5760eaa24bb","isMergeCommit":true,"messageTitle":"Merge pull request #100 from aydrienlaw/refactor/expensemanager-decouple-ui","messageBody":"refactor: decouple Ui from ExpenseManager to improve modularity and SLAP compliance","fileTypesAndContributionMap":{}}]},{"date":"2025-10-24T00:00:00","commitResults":[{"hash":"e858adf5bea800560afa9c31264e8c9d08e0069b","isMergeCommit":false,"messageTitle":"feat: update sequence diagrams for AddCommand and ByeCommand to include separator display","messageBody":"","fileTypesAndContributionMap":{"docs":{"insertions":12,"deletions":0}}},{"hash":"06e273c1954720a12581805796f3448d1bdce868","isMergeCommit":true,"messageTitle":"Merge pull request #110 from muadzyamani/docs/104-update-design-guide","messageBody":"docs: update DeveloperGuide.md after refactoring for Mark/Unmark and Find feature","fileTypesAndContributionMap":{}}]}]},"authorFileTypeContributionMap":{"gumingyoujia":{"docs":113,"functional-code":241,"test-code":268,"other":1},"aydrienlaw":{"docs":204,"functional-code":630,"test-code":79},"saheer17":{"docs":621,"functional-code":429,"test-code":280},"muadzyamani":{"docs":586,"functional-code":432,"test-code":259},"limzerui":{"docs":446,"functional-code":446,"test-code":119,"other":4}},"authorContributionVariance":{"gumingyoujia":3130.339,"aydrienlaw":227174.16,"saheer17":13573.556,"muadzyamani":18599.742,"limzerui":8570.799},"authorDisplayNameMap":{"gumingyoujia":"CS2113-T11-2 GU M..UJIA","aydrienlaw":"CS2113-T11-2 ADRI.. HNG","saheer17":"CS2113-T11-2 AHME..HEER","muadzyamani":"CS2113-T11-2 MUAD..TAFA","limzerui":"CS2113-T11-2 LIM ..ERUI"}}
