{"authorDailyContributionsMap":{"gumingyoujia":[{"date":"2025-10-01T00:00:00","commitResults":[{"hash":"1fc11ff6183feb84c35ac794db2c6591c1a9c0f7","isMergeCommit":false,"messageTitle":"feat: add list and statistics functionality","messageBody":"","fileTypesAndContributionMap":{"functional-code":{"insertions":96,"deletions":3}}},{"hash":"6bfe5b3248c0c58fd2799aa44378d9393d7a477b","isMergeCommit":false,"messageTitle":"fix: fix typos","messageBody":"","fileTypesAndContributionMap":{"functional-code":{"insertions":6,"deletions":6}}},{"hash":"f154bca88ce226ae9a925981ac4c36200270b517","isMergeCommit":true,"messageTitle":"Merge pull request #13 from gumingyoujia/list","messageBody":"View budget, total expenses, remaining budget and list of expenses","fileTypesAndContributionMap":{}}]},{"date":"2025-10-02T00:00:00","commitResults":[{"hash":"80dd65738d510c10fc79722730e9087aa665e8df","isMergeCommit":false,"messageTitle":"docs: update AboutUs.md for Youjia","messageBody":"","fileTypesAndContributionMap":{"docs":{"insertions":3,"deletions":7}}},{"hash":"266a81ed8f20ba76fc3fae401e5052b6566011db","isMergeCommit":true,"messageTitle":"Merge branch \u0027master\u0027 into GUMINGYOUJIA-AboutUs","messageBody":"","fileTypesAndContributionMap":{}},{"hash":"008dd62cbefe6b768f837f7115bed72c2818b9fc","isMergeCommit":true,"messageTitle":"Merge pull request #18 from gumingyoujia/GUMINGYOUJIA-AboutUs","messageBody":"docs: update AboutUs.md for Youjia","fileTypesAndContributionMap":{}},{"hash":"da3ca881f40f0a979e4854d96fa2ffa25ab90499","isMergeCommit":false,"messageTitle":"fix: resolve coding standards violation","messageBody":"","fileTypesAndContributionMap":{"functional-code":{"insertions":2,"deletions":1}}},{"hash":"9c7bc5af60912c0203f875f27a1f4b0142178d81","isMergeCommit":true,"messageTitle":"Merge pull request #20 from gumingyoujia/fix/coding-standards","messageBody":"Change code to comply with coding standards","fileTypesAndContributionMap":{}},{"hash":"38d9029caaf99e22dd2af135f1798c081c660006","isMergeCommit":false,"messageTitle":"fix: adjust list feature to follow v1.0 docs","messageBody":"","fileTypesAndContributionMap":{"functional-code":{"insertions":7,"deletions":18}}},{"hash":"2358c7097636cacff7131a91d3a8c10ef8b4dbad","isMergeCommit":true,"messageTitle":"Merge pull request #21 from gumingyoujia/fix/list","messageBody":"fix: adjust list feature to follow v1.0 docs","fileTypesAndContributionMap":{}}]}],"aydrienlaw":[{"date":"2025-09-29T00:00:00","commitResults":[{"hash":"d514fc1d33f90e9cf196504199a383682afdde98","isMergeCommit":true,"messageTitle":"Merge pull request #10 from muadzyamani/feature/4-mark-unmark","messageBody":"feat: add mark and unmark functionality for expenses","fileTypesAndContributionMap":{}},{"hash":"ed0c6a7e808f3d6a354ef0213515dacaccc81845","isMergeCommit":false,"messageTitle":"feat: add set budget functionality","messageBody":"- ExpenseManager: add handleSetBudget method\n- Ui: add showNewBudget and showSetBudgetUsage methods\n- Main: add case to handle set budget command\n","fileTypesAndContributionMap":{"functional-code":{"insertions":53,"deletions":0}}},{"hash":"3de27bf1a6cb448d1680740c304680a529626c03","isMergeCommit":false,"messageTitle":"doc: add JavaDoc comments for budget-related methods","messageBody":"","fileTypesAndContributionMap":{"functional-code":{"insertions":24,"deletions":0}}}]},{"date":"2025-10-02T00:00:00","commitResults":[{"hash":"5fb4f22262ae02f11a62933c897ddae35ac9a51b","isMergeCommit":false,"messageTitle":"docs: update AboutUs.md to include Adrian Law","messageBody":"","fileTypesAndContributionMap":{"docs":{"insertions":7,"deletions":7}}},{"hash":"e90d790c3550b8742652cdfbf67f3342378acc5f","isMergeCommit":true,"messageTitle":"Merge branch \u0027master\u0027 into Zerui-AboutUs","messageBody":"","fileTypesAndContributionMap":{}},{"hash":"9e3dbb3d52994346723a271f73b18a5fd9a03ae7","isMergeCommit":true,"messageTitle":"Merge pull request #14 from limzerui/Zerui-AboutUs","messageBody":"fix(docs): update team portfolio links for Lim Zerui","fileTypesAndContributionMap":{}}]}],"saheer17":[{"date":"2025-09-26T00:00:00","commitResults":[{"hash":"f82637f3a68d9c3e1ae81af29a4712ee080504c0","isMergeCommit":false,"messageTitle":"Add delete expense functionality","messageBody":"","fileTypesAndContributionMap":{"functional-code":{"insertions":101,"deletions":39}}}]},{"date":"2025-10-02T00:00:00","commitResults":[{"hash":"12d09b7da832bc688715c73649c7f4bc039b0cd7","isMergeCommit":false,"messageTitle":"docs: update AboutUs.md for Ahmed","messageBody":"","fileTypesAndContributionMap":{"docs":{"insertions":4,"deletions":7}}},{"hash":"d72b517135b4929fca3ba2d128f285402dddb735","isMergeCommit":true,"messageTitle":"fix: resolve merge conflict in AboutUs.md","messageBody":"","fileTypesAndContributionMap":{}},{"hash":"43d5698a09871cff2940f464fea804e8d93f2c30","isMergeCommit":true,"messageTitle":"Merge pull request #17 from saheer17/Ahmed-AboutUs","messageBody":"docs: update AboutUs.md for Ahmed","fileTypesAndContributionMap":{}}]}],"muadzyamani":[{"date":"2025-09-27T00:00:00","commitResults":[{"hash":"6fb95a9305687278e992f25e654d0a3d21add120","isMergeCommit":true,"messageTitle":"Merge pull request #9 from saheer17/add-delete-function","messageBody":"Add delete expense functionality","fileTypesAndContributionMap":{}},{"hash":"c1e742d72de7c3e67531fa5386b8775725598f27","isMergeCommit":false,"messageTitle":"Add mark and unmark functionality for expenses","messageBody":"","fileTypesAndContributionMap":{"functional-code":{"insertions":118,"deletions":2}}}]},{"date":"2025-09-30T00:00:00","commitResults":[{"hash":"3133eb2c1cc0d65445dbf4b3175d18de811e57f7","isMergeCommit":true,"messageTitle":"Merge pull request #12 from aydrienlaw/feature/set-budget","messageBody":"Add budgeting","fileTypesAndContributionMap":{}}]},{"date":"2025-10-02T00:00:00","commitResults":[{"hash":"3b528f9eca32a562ddc5b39b5b3622dfa2bb426a","isMergeCommit":false,"messageTitle":"docs: Update About Us section with new team member details","messageBody":"","fileTypesAndContributionMap":{"docs":{"insertions":7,"deletions":7}}},{"hash":"97b5567547298d67c6809b0dbfff94f29825b3ac","isMergeCommit":true,"messageTitle":"Merge branch \u0027master\u0027 into muadz-AboutUs","messageBody":"# Conflicts:\n#\tdocs/AboutUs.md\n","fileTypesAndContributionMap":{}},{"hash":"95fd656b857d400d1b43cb8fe52231bee3ece1c3","isMergeCommit":true,"messageTitle":"Merge pull request #16 from muadzyamani/muadz-AboutUs","messageBody":"docs: update About Us section details to include Muadz Yamani","fileTypesAndContributionMap":{}}]}],"limzerui":[{"date":"2025-09-24T00:00:00","commitResults":[{"hash":"931a63f5343fdcf918d8a8acc3255f6036498151","isMergeCommit":false,"messageTitle":"feat: add initial orCASHbuddy skeleton (Main, Ui, Expense, ExpenseManager)","messageBody":"Resolves #5.\n","fileTypesAndContributionMap":{"functional-code":{"insertions":72,"deletions":0},"other":{"insertions":2,"deletions":2}}},{"hash":"2204ffb4a79cbea89358a1e985626411803fd4da","isMergeCommit":true,"messageTitle":"Merge pull request #7 from limzerui/feature/issue-5-skeleton","messageBody":"Feature/issue 5\n","fileTypesAndContributionMap":{}},{"hash":"e01f2cee22908b631263642875ac7bc532c21a12","isMergeCommit":false,"messageTitle":"feat: implement minimal \u0027add\u0027 (a/AMOUNT desc/DESCRIPTION)","messageBody":"Resolves #1\n","fileTypesAndContributionMap":{"functional-code":{"insertions":91,"deletions":10}}},{"hash":"ba5df7e2c84f0d6465a9b5d3579bf37ed69dd922","isMergeCommit":true,"messageTitle":"Merge pull request #8 from limzerui/feature/issue-1-add-command","messageBody":"feat: implement minimal \u0027add\u0027 (a/AMOUNT desc/DESCRIPTION)","fileTypesAndContributionMap":{}}]},{"date":"2025-10-02T00:00:00","commitResults":[{"hash":"81438d38b48dba06a3695a10150f2ab585621ce9","isMergeCommit":false,"messageTitle":"fix(docs): update team portfolio links for Lim Zerui","messageBody":"- Corrected portfolio link from `docs/team/johndoe.md` to `docs/team/Zerui.md`\n- Ensured GitHub profile and portfolio references are accurate\n","fileTypesAndContributionMap":{"docs":{"insertions":1,"deletions":1}}},{"hash":"7864d2b44dbf2c346b7b40489d6899fb443e7891","isMergeCommit":true,"messageTitle":"Merge pull request #15 from aydrienlaw/Adrian-AboutUs","messageBody":"docs: update AboutUs.md to include Adrian Law","fileTypesAndContributionMap":{}}]}]},"authorFileTypeContributionMap":{"gumingyoujia":{"docs":5,"functional-code":86,"test-code":0},"aydrienlaw":{"docs":0,"functional-code":74,"test-code":0},"saheer17":{"docs":1,"functional-code":101,"test-code":0},"muadzyamani":{"docs":0,"functional-code":118,"test-code":0},"limzerui":{"docs":0,"functional-code":112,"test-code":0,"other":2}},"authorContributionVariance":{"gumingyoujia":869.94385,"aydrienlaw":395.25,"saheer17":1292.3113,"muadzyamani":950.9593,"limzerui":2074.597},"authorDisplayNameMap":{"gumingyoujia":"CS2113-T11-2 GU M..UJIA","aydrienlaw":"CS2113-T11-2 ADRI.. HNG","saheer17":"CS2113-T11-2 AHME..HEER","muadzyamani":"CS2113-T11-2 MUAD..TAFA","limzerui":"CS2113-T11-2 LIM ..ERUI"}}
