[{"path":"docs/AboutUs.md","fileType":"docs","lines":[{"lineNumber":1,"author":{"gitId":"-"},"content":"# About us","lastModifiedDate":"2020-05-24T00:51:04","isFullCredit":false},{"lineNumber":2,"author":{"gitId":"-"},"content":"","lastModifiedDate":"2020-05-24T00:51:04","isFullCredit":false},{"lineNumber":3,"author":{"gitId":"-"},"content":"Display |     Name      |            Github Profile            | Portfolio ","lastModifiedDate":"2020-05-24T00:51:04","isFullCredit":false},{"lineNumber":4,"author":{"gitId":"EggsKay"},"content":"--------|:-------------:|:------------------------------------:|:---------:","lastModifiedDate":"2025-10-01T12:15:44","isFullCredit":false},{"lineNumber":5,"author":{"gitId":"andrewcai8"},"content":"![](https://via.placeholder.com/100.png?text\u003dPhoto) | Andrew Cai | [Github](https://github.com/andrewcai8) | [Portfolio](docs/team/andrewcai8.md)","lastModifiedDate":"2025-10-01T12:30:03","isFullCredit":false},{"lineNumber":6,"author":{"gitId":"EggsKay"},"content":"![](https://via.placeholder.com/100.png?text\u003dPhoto) |     Zenden     |  [Github](https://github.com/ZT712002)  | [Portfolio](team/zt712002.md)","lastModifiedDate":"2025-10-01T12:34:08","isFullCredit":false},{"lineNumber":7,"author":{"gitId":"EggsKay"},"content":"![](https://via.placeholder.com/100.png?text\u003dPhoto) | Ong Xiang Kai  |  [Github](https://github.com/EggsKay)   | [Portfolio](team/eggskay.md)","lastModifiedDate":"2025-10-01T12:34:08","isFullCredit":false},{"lineNumber":8,"author":{"gitId":"abefqy"},"content":"![](https://via.placeholder.com/100.png?text\u003dPhoto) | Abe Foo  | [Github](https://github.com/abefqy) | [Portfolio](docs/team/abefoo.md)","lastModifiedDate":"2025-10-01T12:21:12","isFullCredit":false},{"lineNumber":9,"author":{"gitId":"abefqy"},"content":"","lastModifiedDate":"2025-10-01T12:21:12","isFullCredit":false},{"lineNumber":10,"author":{"gitId":"EggsKay"},"content":"","lastModifiedDate":"2025-10-01T12:38:13","isFullCredit":false}],"authorContributionMap":{"abefqy":2,"andrewcai8":1,"EggsKay":4,"-":3}},{"path":"docs/team/andrewcai8.md","fileType":"docs","lines":[{"lineNumber":1,"author":{"gitId":"andrewcai8"},"content":"# Andrew Cai - Project Portfolio Page","lastModifiedDate":"2025-10-01T12:19:12","isFullCredit":false},{"lineNumber":2,"author":{"gitId":"andrewcai8"},"content":"","lastModifiedDate":"2025-10-01T12:19:12","isFullCredit":false},{"lineNumber":3,"author":{"gitId":"andrewcai8"},"content":"## Overview","lastModifiedDate":"2025-10-01T12:19:12","isFullCredit":false},{"lineNumber":4,"author":{"gitId":"andrewcai8"},"content":"","lastModifiedDate":"2025-10-01T12:19:12","isFullCredit":false},{"lineNumber":5,"author":{"gitId":"andrewcai8"},"content":"### Summary of Contributions","lastModifiedDate":"2025-10-01T12:19:12","isFullCredit":false}],"authorContributionMap":{"andrewcai8":5}},{"path":"docs/team/eggskay.md","fileType":"docs","lines":[{"lineNumber":1,"author":{"gitId":"EggsKay"},"content":"                  Hi im Xiang Kai ","lastModifiedDate":"2025-10-01T12:34:08","isFullCredit":false}],"authorContributionMap":{"EggsKay":1}},{"path":"docs/team/zt712002.md","fileType":"docs","lines":[{"lineNumber":1,"author":{"gitId":"ZT712002"},"content":"# Zenden - Project Portfolio Page","lastModifiedDate":"2025-10-01T12:05:28","isFullCredit":false},{"lineNumber":2,"author":{"gitId":"ZT712002"},"content":"","lastModifiedDate":"2025-10-01T12:05:28","isFullCredit":false},{"lineNumber":3,"author":{"gitId":"ZT712002"},"content":"## Overview","lastModifiedDate":"2025-10-01T12:05:28","isFullCredit":false},{"lineNumber":4,"author":{"gitId":"ZT712002"},"content":"I love to ctrl+c and ctrl+v","lastModifiedDate":"2025-10-01T12:05:28","isFullCredit":false},{"lineNumber":5,"author":{"gitId":"ZT712002"},"content":"","lastModifiedDate":"2025-10-01T12:05:28","isFullCredit":false},{"lineNumber":6,"author":{"gitId":"ZT712002"},"content":"### Summary of Contributions","lastModifiedDate":"2025-10-01T12:05:28","isFullCredit":false},{"lineNumber":7,"author":{"gitId":"ZT712002"},"content":"tbd","lastModifiedDate":"2025-10-01T12:05:28","isFullCredit":false}],"authorContributionMap":{"ZT712002":7}}]
