{"authorDailyContributionsMap":{"abefqy":[{"date":"2025-10-01T00:00:00","commitResults":[{"hash":"bca80685f43a684fcb4cb4fe5f2e2f2ad527f95c","isMergeCommit":false,"messageTitle":"Edited AboutUs and added Github link","messageBody":"","fileTypesAndContributionMap":{"docs":{"insertions":4,"deletions":7}}},{"hash":"873e1a213c166ed4bfacdf0f75bf7511e93f141a","isMergeCommit":false,"messageTitle":"Edited AboutUs and added Github link","messageBody":"","fileTypesAndContributionMap":{"docs":{"insertions":0,"deletions":0}}},{"hash":"8f069e48af8c976c8c96b6d01bd0cb08a6cea5b6","isMergeCommit":true,"messageTitle":"Merge branch \u0027master\u0027 into Abe-AboutUs-branch","messageBody":"","fileTypesAndContributionMap":{}},{"hash":"86e7ee5081a042ab931564d59860327adb51160c","isMergeCommit":true,"messageTitle":"Merge pull request #4 from abefqy/Abe-AboutUs-branch","messageBody":"Edited AboutUs and added Github link","fileTypesAndContributionMap":{}}]},{"date":"2025-10-10T00:00:00","commitResults":[{"hash":"4cf3562e66d0381c604150bfce7943cf9fb9de63","isMergeCommit":true,"messageTitle":"Merge branch \u0027master\u0027 of https://github.com/abefqy/tp","messageBody":"","fileTypesAndContributionMap":{}}]},{"date":"2025-10-13T00:00:00","commitResults":[{"hash":"e0c98c91c2b994174698aedfb7c2ef7452803d23","isMergeCommit":true,"messageTitle":"Merge branch \u0027master\u0027 of https://github.com/abefqy/tp","messageBody":"","fileTypesAndContributionMap":{}},{"hash":"f138bafe525df08bcf6965d2668ca0b4d63b4c74","isMergeCommit":false,"messageTitle":"Implemented Meeting class","messageBody":"","fileTypesAndContributionMap":{"functional-code":{"insertions":140,"deletions":10},"docs":{"insertions":7,"deletions":2}}}]},{"date":"2025-10-14T00:00:00","commitResults":[{"hash":"584fd20f8f9cab899d5f425d9f75499e8d56a36e","isMergeCommit":true,"messageTitle":"Merge pull request #23 from abefqy/Abe-MeetingClass","messageBody":"[Featureset for V1 .0] CRD Meeting Class","fileTypesAndContributionMap":{}}]},{"date":"2025-10-17T00:00:00","commitResults":[{"hash":"dd25ce0f529f7b06703d18c8de6eb9f7021379e3","isMergeCommit":false,"messageTitle":"Add JUnit test for meetings","messageBody":"","fileTypesAndContributionMap":{"test-code":{"insertions":43,"deletions":0}}}]},{"date":"2025-10-18T00:00:00","commitResults":[{"hash":"3d56296633dfa2f15a73970a3ca31d5a561b2fde","isMergeCommit":false,"messageTitle":"Add JUnit test for meetings","messageBody":"","fileTypesAndContributionMap":{"functional-code":{"insertions":3,"deletions":0},"test-code":{"insertions":44,"deletions":0}}},{"hash":"80f35949ef4d71405bdb99a93b0df0b2ef263473","isMergeCommit":false,"messageTitle":"Add assertions and logging for meetings","messageBody":"","fileTypesAndContributionMap":{"functional-code":{"insertions":31,"deletions":0}}},{"hash":"5a227ee10a6b6ea4e9acf79f01376626aadd94f3","isMergeCommit":true,"messageTitle":"Amend MeetingParserTest","messageBody":"","fileTypesAndContributionMap":{}}]},{"date":"2025-10-19T00:00:00","commitResults":[{"hash":"b5f373000854a1d8fa45b9fb8c783cfac3c3378d","isMergeCommit":false,"messageTitle":"Fixed MeetingParserTest unused import","messageBody":"","fileTypesAndContributionMap":{"test-code":{"insertions":0,"deletions":1}}}]},{"date":"2025-10-20T00:00:00","commitResults":[{"hash":"b5f35cacbbecfb34b3004e57e7851add13d54976","isMergeCommit":true,"messageTitle":"Merge pull request #28 from abefqy/Abe-MeetingClass","messageBody":"[Defensive Coding for v1.0] JUnit test, Assertions and Logging for Meetings","fileTypesAndContributionMap":{}}]},{"date":"2025-10-24T00:00:00","commitResults":[{"hash":"2231ff03342afc09ccac5923d861fcd670244cc0","isMergeCommit":false,"messageTitle":"Add search Command for client","messageBody":"","fileTypesAndContributionMap":{"functional-code":{"insertions":53,"deletions":0}}},{"hash":"da3699fa62399ed77fa0923bd44018afc3a95efc","isMergeCommit":false,"messageTitle":"Add date and time validation for meeting","messageBody":"","fileTypesAndContributionMap":{"functional-code":{"insertions":26,"deletions":2}}},{"hash":"da32ec9cbf3d2159f4b50986695839351f3a6610","isMergeCommit":false,"messageTitle":"Add assertions for date and time in meeting","messageBody":"","fileTypesAndContributionMap":{"functional-code":{"insertions":5,"deletions":1}}},{"hash":"ec2906cd4ee174fa76128194fc24a7692259cc15","isMergeCommit":false,"messageTitle":"Add forecast for meeting","messageBody":"","fileTypesAndContributionMap":{"functional-code":{"insertions":71,"deletions":15}}},{"hash":"fe9b3264686ed1b172bae804c074d99152b77c95","isMergeCommit":false,"messageTitle":"Add assertions for forecast","messageBody":"","fileTypesAndContributionMap":{"functional-code":{"insertions":2,"deletions":0}}},{"hash":"5f08afeb2c97b4d97e83cb4df8ff36a463c19afd","isMergeCommit":false,"messageTitle":"Add JUnit for meeting list and forecast","messageBody":"","fileTypesAndContributionMap":{"functional-code":{"insertions":1,"deletions":1},"test-code":{"insertions":17,"deletions":1}}},{"hash":"e8b417ad1c1d08fc35245006653a58f88ce3a012","isMergeCommit":false,"messageTitle":"Add JUnit tests for ClientSearch","messageBody":"","fileTypesAndContributionMap":{"test-code":{"insertions":23,"deletions":0}}},{"hash":"c698aa25a943d0ea96d3ba38b20c2bf26c1902ff","isMergeCommit":false,"messageTitle":"Add archive, restore and listarchived for clients","messageBody":"","fileTypesAndContributionMap":{"functional-code":{"insertions":168,"deletions":2}}},{"hash":"1a0510b325c789f057e55f265fd3b09edd217c95","isMergeCommit":false,"messageTitle":"Add JUnit tests for archive","messageBody":"","fileTypesAndContributionMap":{"test-code":{"insertions":47,"deletions":0}}},{"hash":"7fae1c44c40ee194c7cbc2ac336417632eb5e548","isMergeCommit":false,"messageTitle":"Add assertions for archiveClient","messageBody":"","fileTypesAndContributionMap":{"functional-code":{"insertions":7,"deletions":1}}}]},{"date":"2025-10-25T00:00:00","commitResults":[{"hash":"91b0e8f3445d4b1dd3e2e4dfcfa1d6bed647ad92","isMergeCommit":true,"messageTitle":"Merge branch \u0027master\u0027 into Abe-clientSearch","messageBody":"","fileTypesAndContributionMap":{}},{"hash":"42a19dabf867f70ed7f762fa966db61fecd1bc37","isMergeCommit":false,"messageTitle":"Fixed command imports in MeetingParser","messageBody":"","fileTypesAndContributionMap":{"functional-code":{"insertions":4,"deletions":1}}},{"hash":"179e0961ebdf56ee4f5e1cc29973aeceb355687b","isMergeCommit":false,"messageTitle":"Fix missing newline at end of Meeting.java","messageBody":"","fileTypesAndContributionMap":{"functional-code":{"insertions":1,"deletions":1}}},{"hash":"547789b6b93285ed0155f77c3f81c954e55206e5","isMergeCommit":false,"messageTitle":"Add import for ForecastCommand in MeetingParser","messageBody":"","fileTypesAndContributionMap":{"functional-code":{"insertions":1,"deletions":0}}},{"hash":"774c696e3e873535a7ac8fd6e3a51768cc6a3b43","isMergeCommit":true,"messageTitle":"Merge branch \u0027master\u0027 into Abe-ClientArchive","messageBody":"","fileTypesAndContributionMap":{}},{"hash":"098034649f4d320808727faea696704d918dbb29","isMergeCommit":false,"messageTitle":"Fixed command import in ClientParser.java","messageBody":"","fileTypesAndContributionMap":{"functional-code":{"insertions":1,"deletions":1}}},{"hash":"bf2560a062621be7fc2fbd932d12ec13da37950b","isMergeCommit":false,"messageTitle":"Fixed case naming","messageBody":"","fileTypesAndContributionMap":{"functional-code":{"insertions":1,"deletions":1}}},{"hash":"293a4181fbb641e8dd5972f3916d12aa919d10af","isMergeCommit":false,"messageTitle":"Fixed checkstyle errors","messageBody":"","fileTypesAndContributionMap":{"functional-code":{"insertions":6,"deletions":4}}}]},{"date":"2025-10-27T00:00:00","commitResults":[{"hash":"b43246cd9e665f1074d06a851a3b0846a13a7bf5","isMergeCommit":true,"messageTitle":"Merge pull request #42 from abefqy/Abe-clientSearch","messageBody":"[Featureset for v2.0] Client Search method","fileTypesAndContributionMap":{}},{"hash":"f799aeaf2aafdf28426d3a760d0df338f643cb2d","isMergeCommit":true,"messageTitle":"Merge pull request #43 from abefqy/Abe-meetingForecast","messageBody":"[Featureset for v2.0] Meeting Forecast ","fileTypesAndContributionMap":{}},{"hash":"f997d778a65b222f57b770bc41f69b73335852e9","isMergeCommit":true,"messageTitle":"Merge branch \u0027master\u0027 into Abe-ClientArchive","messageBody":"","fileTypesAndContributionMap":{}},{"hash":"7fd8cbd54a9f2e50a6ec67462ceb1f3ab8b487cc","isMergeCommit":false,"messageTitle":"Fixed duplicate import","messageBody":"","fileTypesAndContributionMap":{"functional-code":{"insertions":0,"deletions":3}}},{"hash":"9960f163603145c52c5609ce5275f90a0d96660f","isMergeCommit":false,"messageTitle":"Fixed date format for test","messageBody":"","fileTypesAndContributionMap":{"test-code":{"insertions":1,"deletions":1}}},{"hash":"2f2ff75b629b60706371863e3af49f797f37ec51","isMergeCommit":false,"messageTitle":"Fixed LookUpTable constructor calls in test files","messageBody":"","fileTypesAndContributionMap":{"test-code":{"insertions":16,"deletions":4}}},{"hash":"5f386f7fbab8ecbe1cfaa2d4152ec57b942da4ba","isMergeCommit":false,"messageTitle":"Revert date format for test","messageBody":"","fileTypesAndContributionMap":{"test-code":{"insertions":1,"deletions":1}}},{"hash":"b7f711627ec7b3c10d13b696066aa49b7cdab846","isMergeCommit":true,"messageTitle":"Merge pull request #44 from abefqy/Abe-ClientArchive","messageBody":"[Featureset for v2.0] Client Archive method","fileTypesAndContributionMap":{}}]}],"ZT712002":[{"date":"2025-10-01T00:00:00","commitResults":[{"hash":"8b49f7ffd02977b95917264e183b25a628dfe62e","isMergeCommit":false,"messageTitle":"Add Zenden Details","messageBody":"","fileTypesAndContributionMap":{"docs":{"insertions":12,"deletions":5}}},{"hash":"10b6853f079a733594a763d6e05fed7823ef7a6b","isMergeCommit":false,"messageTitle":"Rename File Names","messageBody":"","fileTypesAndContributionMap":{"docs":{"insertions":1,"deletions":1}}},{"hash":"de575c662324ec033a1ef82aae27f647fef0a311","isMergeCommit":false,"messageTitle":"Fix hyperlink","messageBody":"","fileTypesAndContributionMap":{"docs":{"insertions":1,"deletions":1}}},{"hash":"e9292e15407747ab2629c1d2d4db5a9fb6e5b5fb","isMergeCommit":true,"messageTitle":"Merge pull request #1 from ZT712002/Zenden-AboutUs","messageBody":"[PR] Add my own details","fileTypesAndContributionMap":{}}]},{"date":"2025-10-02T00:00:00","commitResults":[{"hash":"4f855899407ebbe368848c59040740c51b0b5b3a","isMergeCommit":false,"messageTitle":"Add class files","messageBody":"","fileTypesAndContributionMap":{"functional-code":{"insertions":93,"deletions":0}}}]},{"date":"2025-10-03T00:00:00","commitResults":[{"hash":"43599d4224b724f885906202e72c9f279d86efa1","isMergeCommit":false,"messageTitle":"Rename duke class and added Ui class","messageBody":"","fileTypesAndContributionMap":{"functional-code":{"insertions":62,"deletions":0},"other":{"insertions":1,"deletions":1}}},{"hash":"8f28aa530ec92180636d0a3c2674dc1f6e544bd0","isMergeCommit":false,"messageTitle":"Add constructor for FPP","messageBody":"","fileTypesAndContributionMap":{"functional-code":{"insertions":21,"deletions":7}}},{"hash":"eb5b3d853c3048d06e87192e56c2947b4598b1f3","isMergeCommit":false,"messageTitle":"Add Command And Parser Class","messageBody":"","fileTypesAndContributionMap":{"functional-code":{"insertions":24,"deletions":11}}},{"hash":"1771e77bf204306885ca6c169d11bbee30e93288","isMergeCommit":false,"messageTitle":"Add custom exception","messageBody":"","fileTypesAndContributionMap":{"functional-code":{"insertions":41,"deletions":6}}},{"hash":"959684eb16f0319e9ee83388b0002bb03e535faf","isMergeCommit":false,"messageTitle":"Add command,lookup table and parser","messageBody":"Added commands with child classes to abstract away multiple classes so\nwhen teammates implement their own classes is easier. Same thing with\nParser. For LookUptable, I realised a generic execute command can take\nin a hashmap and then depending on which class, or type of parser it\nwill use whichever list it needs to modify respectively.\n","fileTypesAndContributionMap":{"functional-code":{"insertions":130,"deletions":17}}},{"hash":"e0f4aa738282131e8126e7a80d68d9476f937005","isMergeCommit":false,"messageTitle":"Add ListContainer Interface","messageBody":"","fileTypesAndContributionMap":{"functional-code":{"insertions":36,"deletions":22}}}]},{"date":"2025-10-04T00:00:00","commitResults":[{"hash":"438de03f769cc0e2ebaffdb72c06ce0c2c8bc1a7","isMergeCommit":false,"messageTitle":"Add exit Command","messageBody":"","fileTypesAndContributionMap":{"functional-code":{"insertions":16,"deletions":43},"other":{"insertions":1,"deletions":1}}},{"hash":"2e2b4307b1ac17b732b3e1bec68a4bc2d2120ddc","isMergeCommit":false,"messageTitle":"Add error check","messageBody":"","fileTypesAndContributionMap":{"functional-code":{"insertions":11,"deletions":6}}},{"hash":"fb2f9abec96a52e3829d514c1db02ec023ff293e","isMergeCommit":false,"messageTitle":"Add subclass enum","messageBody":"","fileTypesAndContributionMap":{"functional-code":{"insertions":57,"deletions":3}}},{"hash":"2ebb638251e66b434a18100f4d355f6f0d6020e1","isMergeCommit":false,"messageTitle":"Add Add command done","messageBody":"","fileTypesAndContributionMap":{"functional-code":{"insertions":131,"deletions":55}}}]},{"date":"2025-10-05T00:00:00","commitResults":[{"hash":"ce9e9a91879736764b363a607da15218d33b24db","isMergeCommit":false,"messageTitle":"Add toString Method for policy","messageBody":"","fileTypesAndContributionMap":{"functional-code":{"insertions":17,"deletions":3}}},{"hash":"ed662e204097bd2069f75eda59d24f8b02373e36","isMergeCommit":false,"messageTitle":"Fix Default Case in ClientParser","messageBody":"","fileTypesAndContributionMap":{"functional-code":{"insertions":36,"deletions":7}}},{"hash":"95f5fa0a015b0db58cf0dcc4d33cca501f639488","isMergeCommit":false,"messageTitle":"Add list comamand for client","messageBody":"","fileTypesAndContributionMap":{"functional-code":{"insertions":57,"deletions":4}}},{"hash":"ed5ce7672e156c59281979e2e6b32aba7fffd0f2","isMergeCommit":false,"messageTitle":"Add error handler for not implemented methods","messageBody":"","fileTypesAndContributionMap":{"functional-code":{"insertions":12,"deletions":12}}},{"hash":"e34e2d7ac154b27a906b6cdbbf8f265a66fbeacd","isMergeCommit":false,"messageTitle":"Add delete command","messageBody":"","fileTypesAndContributionMap":{"functional-code":{"insertions":45,"deletions":4}}},{"hash":"340a0d58c91a0fd8b07d9ea405f244ea0fd33e6b","isMergeCommit":false,"messageTitle":"Refactor code to comply with Code Quality","messageBody":"","fileTypesAndContributionMap":{"functional-code":{"insertions":15,"deletions":35}}},{"hash":"8e86ce353665c7ab5c45eaf4a336e7d5d3e2d3a3","isMergeCommit":false,"messageTitle":"Add import statements","messageBody":"","fileTypesAndContributionMap":{"functional-code":{"insertions":22,"deletions":6}}},{"hash":"69c13e406a43937eba8e7d497ebd87f38a9237e8","isMergeCommit":false,"messageTitle":"Add IO test","messageBody":"","fileTypesAndContributionMap":{"functional-code":{"insertions":5,"deletions":0}}},{"hash":"9b87f618f86f23deb66b0172baa1a7383a415c1d","isMergeCommit":false,"messageTitle":"Remove welcome message","messageBody":"","fileTypesAndContributionMap":{"functional-code":{"insertions":1,"deletions":7}}},{"hash":"58bf5cccfb6a4dfa26fb408733b4d36313607ed8","isMergeCommit":false,"messageTitle":"Fix whitespace error","messageBody":"","fileTypesAndContributionMap":{"functional-code":{"insertions":4,"deletions":1}}}]},{"date":"2025-10-09T00:00:00","commitResults":[{"hash":"8ff530fd803a3ca6c4e87e5d7b87d8b47eac75d6","isMergeCommit":true,"messageTitle":"Merge pull request #16 from ZT712002/Zenden-Clientclass","messageBody":"[Featureset for V1 .0] CRD Client Class, List functionality for Client Class","fileTypesAndContributionMap":{}}]},{"date":"2025-10-10T00:00:00","commitResults":[{"hash":"12d5ad9431649ddfc37909e92913e9345156ce3e","isMergeCommit":false,"messageTitle":"Add ClientParser tests","messageBody":"","fileTypesAndContributionMap":{"test-code":{"insertions":120,"deletions":0}}},{"hash":"193701307a7958afaa30be8bc2d046c14da8150f","isMergeCommit":false,"messageTitle":"Add ListParser tests","messageBody":"","fileTypesAndContributionMap":{"test-code":{"insertions":69,"deletions":4}}}]},{"date":"2025-10-11T00:00:00","commitResults":[{"hash":"e1b95a8a83cad5426178f921df0ba9dbe6c03132","isMergeCommit":true,"messageTitle":"Merge pull request #17 from ZT712002/Zenden-ClientTests","messageBody":"[PR for V1.0] JUnits Tests for Parser Classes","fileTypesAndContributionMap":{}}]},{"date":"2025-10-13T00:00:00","commitResults":[{"hash":"34cf9721a8ce594a282dd9b10232dae965d53cff","isMergeCommit":false,"messageTitle":"Add assertions to clientlist","messageBody":"","fileTypesAndContributionMap":{"functional-code":{"insertions":10,"deletions":0}}},{"hash":"65c7b63aee7b3320124fa2fda8c56ba26f2fddb9","isMergeCommit":false,"messageTitle":"Add assertion to clientlist","messageBody":"","fileTypesAndContributionMap":{"functional-code":{"insertions":9,"deletions":0}}},{"hash":"cc6d32148fe626f52ce17b647067307f34921da1","isMergeCommit":false,"messageTitle":"Fix checkstyle error","messageBody":"","fileTypesAndContributionMap":{"functional-code":{"insertions":2,"deletions":1}}},{"hash":"8fa076046086c6895abefe2f527d6844c3ded115","isMergeCommit":false,"messageTitle":"Fix Unit Tests","messageBody":"","fileTypesAndContributionMap":{"test-code":{"insertions":3,"deletions":3}}},{"hash":"58abc7ebde8fd83ee528fabd3ebbb4f9444a14cf","isMergeCommit":false,"messageTitle":"Add Logger Setup","messageBody":"","fileTypesAndContributionMap":{"functional-code":{"insertions":42,"deletions":0}}}]},{"date":"2025-10-14T00:00:00","commitResults":[{"hash":"c3ac6987cebbff8f7659b0abd86ffb59ce6bd7e4","isMergeCommit":false,"messageTitle":"Add logging for client and clientlist","messageBody":"","fileTypesAndContributionMap":{"functional-code":{"insertions":10,"deletions":0},"other":{"insertions":1,"deletions":1},"test-code":{"insertions":3,"deletions":3}}}]},{"date":"2025-10-20T00:00:00","commitResults":[{"hash":"cee8aa8c3c1fcbe895564dd150e56ce64d9da16f","isMergeCommit":false,"messageTitle":"Remove policy list","messageBody":"","fileTypesAndContributionMap":{"functional-code":{"insertions":11,"deletions":2}}},{"hash":"5212f34ef344e796c99ef10bce622ca4a17cb818","isMergeCommit":false,"messageTitle":"Add error check for invalid policy","messageBody":"","fileTypesAndContributionMap":{"functional-code":{"insertions":63,"deletions":1}}},{"hash":"390e58fea776dc54d6460830f69dd83d837b3a59","isMergeCommit":false,"messageTitle":"Add unique Id check for client","messageBody":"","fileTypesAndContributionMap":{"functional-code":{"insertions":21,"deletions":0}}}]},{"date":"2025-10-21T00:00:00","commitResults":[{"hash":"f963797d3a8208608ae5bdd7dd7cc257a04ea4e7","isMergeCommit":false,"messageTitle":"Add uniqueness check for client NRIC","messageBody":"","fileTypesAndContributionMap":{"functional-code":{"insertions":10,"deletions":13}}},{"hash":"e6ef361112f89101b8da321f788fa91699d6ee5d","isMergeCommit":false,"messageTitle":"Add ClientPolicy class","messageBody":"","fileTypesAndContributionMap":{"functional-code":{"insertions":177,"deletions":16}}},{"hash":"0149962bb8635a85fd2bcdc90db4eec1d25fccf8","isMergeCommit":false,"messageTitle":"Add addpolicy command for client","messageBody":"","fileTypesAndContributionMap":{"functional-code":{"insertions":86,"deletions":37}}},{"hash":"bbd857943617a8a4d2057b11949492ca51bacaff","isMergeCommit":false,"messageTitle":"Add updatePolicy command for client","messageBody":"","fileTypesAndContributionMap":{"functional-code":{"insertions":188,"deletions":40}}},{"hash":"b10974dc6ac18d0291494d6fa688ccaee2bdf122","isMergeCommit":false,"messageTitle":"Add throwable","messageBody":"","fileTypesAndContributionMap":{"functional-code":{"insertions":4,"deletions":1}}},{"hash":"2798e5c59d5facbd55d12a5f606e89c071dccd50","isMergeCommit":false,"messageTitle":"Fix NewLine Error","messageBody":"","fileTypesAndContributionMap":{"functional-code":{"insertions":81,"deletions":70}}},{"hash":"07b25884c0bcdc8e2de0ffd3d512c17d1c27e1ee","isMergeCommit":false,"messageTitle":"Remove console log","messageBody":"","fileTypesAndContributionMap":{"functional-code":{"insertions":0,"deletions":6}}},{"hash":"b1e43de1ac43928bf8e66ac31f951311f1a669fc","isMergeCommit":false,"messageTitle":"Remove unused import","messageBody":"","fileTypesAndContributionMap":{"functional-code":{"insertions":0,"deletions":1}}},{"hash":"3111956f36095afcf20ca749fe83f6cec61d9156","isMergeCommit":false,"messageTitle":"Remove redundant test","messageBody":"","fileTypesAndContributionMap":{"test-code":{"insertions":0,"deletions":13}}}]},{"date":"2025-10-22T00:00:00","commitResults":[{"hash":"1d385d660f02914bb2ebff25d8c4afa74f99de4d","isMergeCommit":true,"messageTitle":"Merge pull request #36 from ZT712002/Zenden-clientPolicy","messageBody":"[Featureset for v2.0] Client Policy , Client add policy , client updatepolicy","fileTypesAndContributionMap":{}}]},{"date":"2025-10-23T00:00:00","commitResults":[{"hash":"aed7b24a3bdd3e76f6e768b2b4b52ac5bd12e479","isMergeCommit":false,"messageTitle":"Rename UpdatePolicyCommand","messageBody":"","fileTypesAndContributionMap":{"functional-code":{"insertions":17,"deletions":2},"other":{"insertions":2,"deletions":2}}},{"hash":"52af27f1fb249b744c69b211dc34e19dc6e42c6b","isMergeCommit":false,"messageTitle":"Add client view method","messageBody":"","fileTypesAndContributionMap":{"functional-code":{"insertions":83,"deletions":3}}},{"hash":"86799e4948ca832483899bac5c63acbe523d7828","isMergeCommit":false,"messageTitle":"Remove unused methods","messageBody":"","fileTypesAndContributionMap":{"functional-code":{"insertions":0,"deletions":1}}},{"hash":"32c430e776d1618c935666b26452665bd4f6522a","isMergeCommit":false,"messageTitle":"Fix whitespace error","messageBody":"","fileTypesAndContributionMap":{"functional-code":{"insertions":1,"deletions":1}}}]},{"date":"2025-10-24T00:00:00","commitResults":[{"hash":"2497121874bf16bcc78ba45ef55075abf0efac70","isMergeCommit":false,"messageTitle":"Add uml diagrams","messageBody":"","fileTypesAndContributionMap":{"docs":{"insertions":126,"deletions":4}}},{"hash":"77bb9f983c18a58a29937c215058db0fbaf588f3","isMergeCommit":true,"messageTitle":"Merge pull request #39 from ZT712002/Zenden-ClientView","messageBody":"[Featureset for v2.0] Client View method","fileTypesAndContributionMap":{}},{"hash":"119d1dc8a807f9aa46d97ed8cf5358d31e966eb2","isMergeCommit":true,"messageTitle":"Merge pull request #40 from ZT712002/Zenden-DG","messageBody":"[Documentation] Primary Architecture and LookUpTable component documentation","fileTypesAndContributionMap":{}},{"hash":"0675941c3b1e0d70a0e492befcbc4152f25fc8b9","isMergeCommit":false,"messageTitle":"Add user sequence diagram","messageBody":"","fileTypesAndContributionMap":{"docs":{"insertions":86,"deletions":2}}},{"hash":"3ca46b4daf551dd046e9723c3071a9da7dc216ad","isMergeCommit":true,"messageTitle":"Merge pull request #41 from ZT712002/Zenden-DG","messageBody":"Add user sequence diagram","fileTypesAndContributionMap":{}}]},{"date":"2025-10-25T00:00:00","commitResults":[{"hash":"6fadb6ad242474959cac036b047e338907fb3db2","isMergeCommit":false,"messageTitle":"Add ClientTests","messageBody":"","fileTypesAndContributionMap":{"functional-code":{"insertions":2,"deletions":2},"test-code":{"insertions":270,"deletions":0}}},{"hash":"6672909210730ccc6b2828d576e324b76aa36c07","isMergeCommit":false,"messageTitle":"Add clientList tests","messageBody":"","fileTypesAndContributionMap":{"functional-code":{"insertions":6,"deletions":0},"test-code":{"insertions":341,"deletions":2}}},{"hash":"1ecf7162123b10698134c1e16f99e0e1c9ba6a28","isMergeCommit":false,"messageTitle":"Add Tests for AddCommands","messageBody":"","fileTypesAndContributionMap":{"functional-code":{"insertions":2,"deletions":2},"test-code":{"insertions":305,"deletions":16}}},{"hash":"4ed5d9355c2da63d322ef3601942de9e5c6bc144","isMergeCommit":false,"messageTitle":"Add tests for update/add policy","messageBody":"","fileTypesAndContributionMap":{"test-code":{"insertions":226,"deletions":0}}},{"hash":"f5acf79a3160d554d9f4a3deb5731e94bc7d6e7d","isMergeCommit":false,"messageTitle":"Add unit test for ClientPolicy","messageBody":"","fileTypesAndContributionMap":{"functional-code":{"insertions":1,"deletions":1},"test-code":{"insertions":108,"deletions":0}}},{"hash":"b38519ab6a2e34717b4bbadcb4ee4abfbcab90c4","isMergeCommit":false,"messageTitle":"Fix checkstyle error","messageBody":"","fileTypesAndContributionMap":{"test-code":{"insertions":2,"deletions":2}}},{"hash":"a4bca2d1c1634e0c108681bd370f47d350b9b2e6","isMergeCommit":true,"messageTitle":"Merge pull request #45 from ZT712002/Zenden-V2Logging","messageBody":"Junit Test for Client Commands","fileTypesAndContributionMap":{}}]}],"andrewcai8":[{"date":"2025-10-01T00:00:00","commitResults":[{"hash":"61a664eaa608630e0b8ef1235fc79bd1ce67f957","isMergeCommit":false,"messageTitle":"update about us and andrew cai portfolio","messageBody":"","fileTypesAndContributionMap":{"docs":{"insertions":8,"deletions":7}}},{"hash":"747eded738d1273ef86c104274308fa7e74cd02a","isMergeCommit":true,"messageTitle":"Merge branch \u0027master\u0027 into andrew-AboutUs","messageBody":"","fileTypesAndContributionMap":{}},{"hash":"d75b2e308d2df9049f8db48ed6d750a4be183fba","isMergeCommit":true,"messageTitle":"Merge pull request #3 from andrewcai8/andrew-AboutUs","messageBody":"update about us and andrew cai portfolio","fileTypesAndContributionMap":{}},{"hash":"f7c61e9464da0c6fc26265417c57de7b5a5be3da","isMergeCommit":false,"messageTitle":"update portfolio name to github username","messageBody":"","fileTypesAndContributionMap":{"docs":{"insertions":0,"deletions":0}}},{"hash":"1b2429cb1ddbbe2550e9dada4271469470b15a78","isMergeCommit":false,"messageTitle":"update portfolio name to github username","messageBody":"","fileTypesAndContributionMap":{"docs":{"insertions":1,"deletions":1}}},{"hash":"2dafc875d92d4cddc87316dde01b7f9f89228332","isMergeCommit":true,"messageTitle":"update portfolio name to github username","messageBody":"","fileTypesAndContributionMap":{}},{"hash":"2921a3d2076ca479ff9ddae187d204695915f62b","isMergeCommit":true,"messageTitle":"Merge pull request #5 from andrewcai8/andrew-AboutUs","messageBody":"Andrew about us","fileTypesAndContributionMap":{}}]},{"date":"2025-10-12T00:00:00","commitResults":[{"hash":"f92d19860242a6a8f417da255db2b8ee818042a5","isMergeCommit":false,"messageTitle":"add welcome message to assist user","messageBody":"","fileTypesAndContributionMap":{"functional-code":{"insertions":12,"deletions":0}}},{"hash":"128c530d2d2088e00c64a97c3c27e6d7590cb715","isMergeCommit":false,"messageTitle":"updated welcome message to include policy","messageBody":"","fileTypesAndContributionMap":{"functional-code":{"insertions":5,"deletions":4}}},{"hash":"a02ec7efade38c450791eb3d4a645aaf140ed538","isMergeCommit":false,"messageTitle":"add policy command into parser","messageBody":"","fileTypesAndContributionMap":{"functional-code":{"insertions":2,"deletions":0}}},{"hash":"ff6c14e9128391405366885d7a67403fdd4e6e65","isMergeCommit":false,"messageTitle":"add policy and policy list class","messageBody":"","fileTypesAndContributionMap":{"functional-code":{"insertions":87,"deletions":7}}},{"hash":"3f913a1172b39a14d52d77a7134082fde4494688","isMergeCommit":false,"messageTitle":"add policy command parser","messageBody":"","fileTypesAndContributionMap":{"functional-code":{"insertions":36,"deletions":0}}},{"hash":"7371c19df0d06fde216ceae95b80273cdbe5c3ee","isMergeCommit":false,"messageTitle":"add junit tests for policy","messageBody":"","fileTypesAndContributionMap":{"test-code":{"insertions":85,"deletions":0}}}]},{"date":"2025-10-14T00:00:00","commitResults":[{"hash":"3dcb9a9441f15cfb85a730024d66d1591e09b3a2","isMergeCommit":true,"messageTitle":"Merge branch \u0027master\u0027 into andrew-policy","messageBody":"","fileTypesAndContributionMap":{}},{"hash":"3659f1e82ebd68fd25267b733127137f35d839d0","isMergeCommit":true,"messageTitle":"Merge pull request #20 from andrewcai8/andrew-policy","messageBody":"merge policy command implementations into main","fileTypesAndContributionMap":{}}]},{"date":"2025-10-25T00:00:00","commitResults":[{"hash":"4969516826c598eead950039feede255e9c7db9e","isMergeCommit":false,"messageTitle":"added assert statements to policy related classes","messageBody":"","fileTypesAndContributionMap":{"functional-code":{"insertions":73,"deletions":0}}},{"hash":"e084eb51abd93ea5b9e50e45551871bd5236e737","isMergeCommit":false,"messageTitle":"implemented task class","messageBody":"","fileTypesAndContributionMap":{"functional-code":{"insertions":88,"deletions":0}}},{"hash":"7b23319a443b54eb0f0e14c06e2eda84377645c2","isMergeCommit":false,"messageTitle":"implemented task class","messageBody":"","fileTypesAndContributionMap":{"functional-code":{"insertions":1,"deletions":19}}},{"hash":"4306c422193ce78aad876a439569852f93200ac3","isMergeCommit":false,"messageTitle":"implemented taskList class","messageBody":"","fileTypesAndContributionMap":{"functional-code":{"insertions":82,"deletions":0}}},{"hash":"26179a2843842b1e4ce5c1cc82498c584a704609","isMergeCommit":false,"messageTitle":"updated parser to parse task commands","messageBody":"","fileTypesAndContributionMap":{"functional-code":{"insertions":52,"deletions":5}}},{"hash":"39a651dc9c1954d7550163b590d910b53be72b0f","isMergeCommit":false,"messageTitle":"updated main file with tasks","messageBody":"","fileTypesAndContributionMap":{"functional-code":{"insertions":4,"deletions":4}}},{"hash":"d03181f704bf63d0f7d6fba459f86da8efa4b0f5","isMergeCommit":false,"messageTitle":"implemented task junit tests","messageBody":"","fileTypesAndContributionMap":{"test-code":{"insertions":52,"deletions":0}}},{"hash":"cc1449ce9fec0e89eb301845e5602c71338a1064","isMergeCommit":false,"messageTitle":"implemented taskList junit tests","messageBody":"","fileTypesAndContributionMap":{"test-code":{"insertions":80,"deletions":0}}},{"hash":"48a20546bfada84613ecaf50a67e0db94689aede","isMergeCommit":false,"messageTitle":"implemented taskParser junit tests","messageBody":"","fileTypesAndContributionMap":{"test-code":{"insertions":68,"deletions":0}}},{"hash":"8084a1ba6e7157ab8e6c4f11ab523945d8ed7280","isMergeCommit":false,"messageTitle":"updated add command test to include task add","messageBody":"","fileTypesAndContributionMap":{"test-code":{"insertions":6,"deletions":2}}},{"hash":"42e7ab35d22672b9e5ffa56f429d005072e0916e","isMergeCommit":false,"messageTitle":"added list task command test","messageBody":"","fileTypesAndContributionMap":{"test-code":{"insertions":10,"deletions":3}}},{"hash":"81990118b5cc89ef7ba3a8070b66591b73c1044a","isMergeCommit":false,"messageTitle":"updated tests to include task","messageBody":"","fileTypesAndContributionMap":{"test-code":{"insertions":8,"deletions":2}}}]},{"date":"2025-10-27T00:00:00","commitResults":[{"hash":"5861f65a0558e502a26328d39edb9bfe4090bf84","isMergeCommit":true,"messageTitle":"Merge pull request #46 from andrewcai8/andrew-policy","messageBody":"[Defensive Coding] Asserts for Policy classes","fileTypesAndContributionMap":{}}]},{"date":"2025-10-28T00:00:00","commitResults":[{"hash":"5478778825a7ebb06dfd61203799377e730247c8","isMergeCommit":true,"messageTitle":"Merge branch \u0027master\u0027 into andrew-task","messageBody":"","fileTypesAndContributionMap":{}},{"hash":"c056718635f230cfc5c4ce1678f027dce3dd113e","isMergeCommit":false,"messageTitle":"Changed Line to shorter to match code standard","messageBody":"","fileTypesAndContributionMap":{"functional-code":{"insertions":2,"deletions":1}}},{"hash":"8d95a35d2f794eea753e12f9a13f0dcf98877678","isMergeCommit":false,"messageTitle":"Shorter to meet code standard","messageBody":"","fileTypesAndContributionMap":{"test-code":{"insertions":2,"deletions":1}}},{"hash":"5936eaf8e2b92e41505b4cd22b999e86408074ea","isMergeCommit":true,"messageTitle":"Merge pull request #48 from andrewcai8/andrew-task","messageBody":"[Featureset for v2.0] Task, TaskList","fileTypesAndContributionMap":{}}]}],"EggsKay":[{"date":"2025-10-01T00:00:00","commitResults":[{"hash":"0b4af2350ba23099415c4a65e6149711df9f24ff","isMergeCommit":false,"messageTitle":"Add profile","messageBody":"","fileTypesAndContributionMap":{"docs":{"insertions":5,"deletions":7}}},{"hash":"5b061582f1c62eaae90cd984f55d412c07457db2","isMergeCommit":false,"messageTitle":"Fix merge confilcts","messageBody":"","fileTypesAndContributionMap":{"docs":{"insertions":4,"deletions":3}}},{"hash":"b350ba45fcf2a8322b16c62ab866fd8032828374","isMergeCommit":true,"messageTitle":"Merge branch \u0027master\u0027 into XiangKai-AboutUs","messageBody":"","fileTypesAndContributionMap":{}},{"hash":"006d31a9c2768b89eb520a3039956460530a1fab","isMergeCommit":true,"messageTitle":"Merge pull request #2 from EggsKay/XiangKai-AboutUs","messageBody":"Add Profile and GitHub link ","fileTypesAndContributionMap":{}}]},{"date":"2025-10-10T00:00:00","commitResults":[{"hash":"50001a480ce8a63d35af78b30187ec06ac008f18","isMergeCommit":false,"messageTitle":"Resolve merge conflicts","messageBody":"# Conflicts:\n#\tdocs/AboutUs.md\n#\tdocs/team/eggskay.md\n","fileTypesAndContributionMap":{"docs":{"insertions":7,"deletions":4}}}]},{"date":"2025-10-11T00:00:00","commitResults":[{"hash":"99aaf94926da7bb9d0f985e604e7979d580c2b54","isMergeCommit":false,"messageTitle":"Implement User class","messageBody":"","fileTypesAndContributionMap":{"functional-code":{"insertions":155,"deletions":3}}},{"hash":"91f14bb64c15cbc8482d96e8bbbb8202168c17bd","isMergeCommit":false,"messageTitle":"Resolved checkstyle errors","messageBody":"","fileTypesAndContributionMap":{"functional-code":{"insertions":14,"deletions":6}}}]},{"date":"2025-10-12T00:00:00","commitResults":[{"hash":"aea54c099fd9136e2cbef6629b15d668ac076bb0","isMergeCommit":true,"messageTitle":"Merge pull request #18 from EggsKay/branch-AddUser","messageBody":"[Featureset for V1 .0] CRD User Class, View functionality for User Class","fileTypesAndContributionMap":{}}]},{"date":"2025-10-14T00:00:00","commitResults":[{"hash":"95927d26328c41802649a36e9ed8bbb0b9d385b6","isMergeCommit":true,"messageTitle":"Merge pull request #24 from ZT712002/Zenden-Logging","messageBody":"[Defensive Coding for v1.0] Logging for client and clientlist\n\nNo issues found good to merge.","fileTypesAndContributionMap":{}},{"hash":"62551af59468e902204335b6ca075a0e61e4ebae","isMergeCommit":true,"messageTitle":"Merge pull request #22 from ZT712002/Zenden-Assertions","messageBody":"[Defensive Coding for v1.0] Assertions for Client \u0026 ClientList\n\nLooks clean, no issues found.","fileTypesAndContributionMap":{}}]},{"date":"2025-10-18T00:00:00","commitResults":[{"hash":"fea2f9bb0a379b328eaad6bc2f2ffc942ed809dc","isMergeCommit":false,"messageTitle":"Added Assertions for User class","messageBody":"","fileTypesAndContributionMap":{"functional-code":{"insertions":24,"deletions":2}}}]},{"date":"2025-10-20T00:00:00","commitResults":[{"hash":"b7e642037531d0ae97bbb181d40f6a6e5b57a52a","isMergeCommit":true,"messageTitle":"Merge pull request #27 from EggsKay/Branch-UserAssertions","messageBody":"[Defensive Coding] Assertions for User and UserList","fileTypesAndContributionMap":{}},{"hash":"88c70cdcb6d9f4cb1f9dbe4b739a2af63ffaf3a3","isMergeCommit":false,"messageTitle":"Add User JUnit tests and logging","messageBody":"","fileTypesAndContributionMap":{"functional-code":{"insertions":7,"deletions":0},"test-code":{"insertions":67,"deletions":0}}},{"hash":"30c7b130cdc1c1530ef93419c4ead517b2fb835d","isMergeCommit":false,"messageTitle":"Fix checkstyle errors","messageBody":"","fileTypesAndContributionMap":{"test-code":{"insertions":1,"deletions":1}}}]},{"date":"2025-10-22T00:00:00","commitResults":[{"hash":"eb44010dd3b9f27bba9e6ddb5b56ae63cbe94041","isMergeCommit":true,"messageTitle":"Merge pull request #32 from EggsKay/branch-UserLogging","messageBody":"[Defensive Coding]Add User JUnit tests and logging","fileTypesAndContributionMap":{}}]},{"date":"2025-10-26T00:00:00","commitResults":[{"hash":"fa1c0596b6ad65cc90a3fa4b4e274ae0e4a9bee7","isMergeCommit":false,"messageTitle":"implement storage for client, meeting, policy and user","messageBody":"","fileTypesAndContributionMap":{"functional-code":{"insertions":278,"deletions":1}}},{"hash":"1bdd9206d85a59d834886c2ee23c626e7c21f467","isMergeCommit":false,"messageTitle":"Fix checkstyle errors","messageBody":"","fileTypesAndContributionMap":{"functional-code":{"insertions":2,"deletions":2}}},{"hash":"00720fc87c405f70d40815ee57fba5fb46184abb","isMergeCommit":false,"messageTitle":"Fix run test","messageBody":"","fileTypesAndContributionMap":{"functional-code":{"insertions":22,"deletions":19}}},{"hash":"395b1b7a3f89565c967d219aba696387f1b0b2d2","isMergeCommit":false,"messageTitle":"Fix checkstyle errors","messageBody":"","fileTypesAndContributionMap":{"functional-code":{"insertions":6,"deletions":2}}},{"hash":"cfbc8f872496600373640007ffda9f11d508b529","isMergeCommit":false,"messageTitle":"Fix checkstyle errors","messageBody":"","fileTypesAndContributionMap":{"functional-code":{"insertions":1,"deletions":1}}}]},{"date":"2025-10-27T00:00:00","commitResults":[{"hash":"8bc683eb808f4098b7cf2acc2a6f44f74ed873ac","isMergeCommit":true,"messageTitle":"Merge branch \u0027master\u0027 into branch-AddStorage","messageBody":"","fileTypesAndContributionMap":{}},{"hash":"8e04b45a5f9573fcc8d915e3cb5b028823d4447c","isMergeCommit":true,"messageTitle":"Merge pull request #50 from EggsKay/branch-AddStorage","messageBody":"[Feature set for V2.0]Implement storage for client, meeting, policy and user","fileTypesAndContributionMap":{}}]}]},"authorFileTypeContributionMap":{"abefqy":{"docs":8,"functional-code":491,"test-code":137},"ZT712002":{"docs":216,"functional-code":1206,"test-code":1407,"other":2},"andrewcai8":{"docs":5,"functional-code":414,"test-code":298},"EggsKay":{"docs":8,"functional-code":475,"test-code":67}},"authorContributionVariance":{"abefqy":5385.79,"ZT712002":57403.28,"andrewcai8":8816.0,"EggsKay":3495.14},"authorDisplayNameMap":{"abefqy":"CS2113-W12-2 ABE .. YIN","ZT712002":"CS2113-W12-2 TAN ..NDEN","andrewcai8":"CS2113-W12-2 CAI ..NGZE","EggsKay":"CS2113-W12-2 ONG .. KAI"}}
