{"authorDailyContributionsMap":{"abefqy":[{"date":"2025-10-01T00:00:00","commitResults":[{"hash":"bca80685f43a684fcb4cb4fe5f2e2f2ad527f95c","isMergeCommit":false,"messageTitle":"Edited AboutUs and added Github link","messageBody":"","fileTypesAndContributionMap":{"docs":{"insertions":4,"deletions":7}}},{"hash":"873e1a213c166ed4bfacdf0f75bf7511e93f141a","isMergeCommit":false,"messageTitle":"Edited AboutUs and added Github link","messageBody":"","fileTypesAndContributionMap":{"docs":{"insertions":0,"deletions":0}}},{"hash":"8f069e48af8c976c8c96b6d01bd0cb08a6cea5b6","isMergeCommit":true,"messageTitle":"Merge branch \u0027master\u0027 into Abe-AboutUs-branch","messageBody":"","fileTypesAndContributionMap":{}},{"hash":"86e7ee5081a042ab931564d59860327adb51160c","isMergeCommit":true,"messageTitle":"Merge pull request #4 from abefqy/Abe-AboutUs-branch","messageBody":"Edited AboutUs and added Github link","fileTypesAndContributionMap":{}}]},{"date":"2025-10-10T00:00:00","commitResults":[{"hash":"4cf3562e66d0381c604150bfce7943cf9fb9de63","isMergeCommit":true,"messageTitle":"Merge branch \u0027master\u0027 of https://github.com/abefqy/tp","messageBody":"","fileTypesAndContributionMap":{}}]},{"date":"2025-10-13T00:00:00","commitResults":[{"hash":"e0c98c91c2b994174698aedfb7c2ef7452803d23","isMergeCommit":true,"messageTitle":"Merge branch \u0027master\u0027 of https://github.com/abefqy/tp","messageBody":"","fileTypesAndContributionMap":{}},{"hash":"f138bafe525df08bcf6965d2668ca0b4d63b4c74","isMergeCommit":false,"messageTitle":"Implemented Meeting class","messageBody":"","fileTypesAndContributionMap":{"functional-code":{"insertions":140,"deletions":10},"docs":{"insertions":7,"deletions":2}}}]},{"date":"2025-10-14T00:00:00","commitResults":[{"hash":"584fd20f8f9cab899d5f425d9f75499e8d56a36e","isMergeCommit":true,"messageTitle":"Merge pull request #23 from abefqy/Abe-MeetingClass","messageBody":"[Featureset for V1 .0] CRD Meeting Class","fileTypesAndContributionMap":{}}]},{"date":"2025-10-17T00:00:00","commitResults":[{"hash":"dd25ce0f529f7b06703d18c8de6eb9f7021379e3","isMergeCommit":false,"messageTitle":"Add JUnit test for meetings","messageBody":"","fileTypesAndContributionMap":{"test-code":{"insertions":43,"deletions":0}}}]},{"date":"2025-10-18T00:00:00","commitResults":[{"hash":"3d56296633dfa2f15a73970a3ca31d5a561b2fde","isMergeCommit":false,"messageTitle":"Add JUnit test for meetings","messageBody":"","fileTypesAndContributionMap":{"functional-code":{"insertions":3,"deletions":0},"test-code":{"insertions":44,"deletions":0}}},{"hash":"80f35949ef4d71405bdb99a93b0df0b2ef263473","isMergeCommit":false,"messageTitle":"Add assertions and logging for meetings","messageBody":"","fileTypesAndContributionMap":{"functional-code":{"insertions":31,"deletions":0}}},{"hash":"5a227ee10a6b6ea4e9acf79f01376626aadd94f3","isMergeCommit":true,"messageTitle":"Amend MeetingParserTest","messageBody":"","fileTypesAndContributionMap":{}}]},{"date":"2025-10-19T00:00:00","commitResults":[{"hash":"b5f373000854a1d8fa45b9fb8c783cfac3c3378d","isMergeCommit":false,"messageTitle":"Fixed MeetingParserTest unused import","messageBody":"","fileTypesAndContributionMap":{"test-code":{"insertions":0,"deletions":1}}}]},{"date":"2025-10-20T00:00:00","commitResults":[{"hash":"b5f35cacbbecfb34b3004e57e7851add13d54976","isMergeCommit":true,"messageTitle":"Merge pull request #28 from abefqy/Abe-MeetingClass","messageBody":"[Defensive Coding for v1.0] JUnit test, Assertions and Logging for Meetings","fileTypesAndContributionMap":{}}]},{"date":"2025-10-24T00:00:00","commitResults":[{"hash":"2231ff03342afc09ccac5923d861fcd670244cc0","isMergeCommit":false,"messageTitle":"Add search Command for client","messageBody":"","fileTypesAndContributionMap":{"functional-code":{"insertions":53,"deletions":0}}},{"hash":"da3699fa62399ed77fa0923bd44018afc3a95efc","isMergeCommit":false,"messageTitle":"Add date and time validation for meeting","messageBody":"","fileTypesAndContributionMap":{"functional-code":{"insertions":26,"deletions":2}}},{"hash":"da32ec9cbf3d2159f4b50986695839351f3a6610","isMergeCommit":false,"messageTitle":"Add assertions for date and time in meeting","messageBody":"","fileTypesAndContributionMap":{"functional-code":{"insertions":5,"deletions":1}}},{"hash":"ec2906cd4ee174fa76128194fc24a7692259cc15","isMergeCommit":false,"messageTitle":"Add forecast for meeting","messageBody":"","fileTypesAndContributionMap":{"functional-code":{"insertions":71,"deletions":15}}},{"hash":"fe9b3264686ed1b172bae804c074d99152b77c95","isMergeCommit":false,"messageTitle":"Add assertions for forecast","messageBody":"","fileTypesAndContributionMap":{"functional-code":{"insertions":2,"deletions":0}}},{"hash":"5f08afeb2c97b4d97e83cb4df8ff36a463c19afd","isMergeCommit":false,"messageTitle":"Add JUnit for meeting list and forecast","messageBody":"","fileTypesAndContributionMap":{"functional-code":{"insertions":1,"deletions":1},"test-code":{"insertions":17,"deletions":1}}},{"hash":"e8b417ad1c1d08fc35245006653a58f88ce3a012","isMergeCommit":false,"messageTitle":"Add JUnit tests for ClientSearch","messageBody":"","fileTypesAndContributionMap":{"test-code":{"insertions":23,"deletions":0}}},{"hash":"c698aa25a943d0ea96d3ba38b20c2bf26c1902ff","isMergeCommit":false,"messageTitle":"Add archive, restore and listarchived for clients","messageBody":"","fileTypesAndContributionMap":{"functional-code":{"insertions":168,"deletions":2}}},{"hash":"1a0510b325c789f057e55f265fd3b09edd217c95","isMergeCommit":false,"messageTitle":"Add JUnit tests for archive","messageBody":"","fileTypesAndContributionMap":{"test-code":{"insertions":47,"deletions":0}}},{"hash":"7fae1c44c40ee194c7cbc2ac336417632eb5e548","isMergeCommit":false,"messageTitle":"Add assertions for archiveClient","messageBody":"","fileTypesAndContributionMap":{"functional-code":{"insertions":7,"deletions":1}}}]},{"date":"2025-10-25T00:00:00","commitResults":[{"hash":"91b0e8f3445d4b1dd3e2e4dfcfa1d6bed647ad92","isMergeCommit":true,"messageTitle":"Merge branch \u0027master\u0027 into Abe-clientSearch","messageBody":"","fileTypesAndContributionMap":{}},{"hash":"42a19dabf867f70ed7f762fa966db61fecd1bc37","isMergeCommit":false,"messageTitle":"Fixed command imports in MeetingParser","messageBody":"","fileTypesAndContributionMap":{"functional-code":{"insertions":4,"deletions":1}}},{"hash":"179e0961ebdf56ee4f5e1cc29973aeceb355687b","isMergeCommit":false,"messageTitle":"Fix missing newline at end of Meeting.java","messageBody":"","fileTypesAndContributionMap":{"functional-code":{"insertions":1,"deletions":1}}},{"hash":"547789b6b93285ed0155f77c3f81c954e55206e5","isMergeCommit":false,"messageTitle":"Add import for ForecastCommand in MeetingParser","messageBody":"","fileTypesAndContributionMap":{"functional-code":{"insertions":1,"deletions":0}}},{"hash":"774c696e3e873535a7ac8fd6e3a51768cc6a3b43","isMergeCommit":true,"messageTitle":"Merge branch \u0027master\u0027 into Abe-ClientArchive","messageBody":"","fileTypesAndContributionMap":{}},{"hash":"098034649f4d320808727faea696704d918dbb29","isMergeCommit":false,"messageTitle":"Fixed command import in ClientParser.java","messageBody":"","fileTypesAndContributionMap":{"functional-code":{"insertions":1,"deletions":1}}},{"hash":"bf2560a062621be7fc2fbd932d12ec13da37950b","isMergeCommit":false,"messageTitle":"Fixed case naming","messageBody":"","fileTypesAndContributionMap":{"functional-code":{"insertions":1,"deletions":1}}},{"hash":"293a4181fbb641e8dd5972f3916d12aa919d10af","isMergeCommit":false,"messageTitle":"Fixed checkstyle errors","messageBody":"","fileTypesAndContributionMap":{"functional-code":{"insertions":6,"deletions":4}}}]},{"date":"2025-10-27T00:00:00","commitResults":[{"hash":"b43246cd9e665f1074d06a851a3b0846a13a7bf5","isMergeCommit":true,"messageTitle":"Merge pull request #42 from abefqy/Abe-clientSearch","messageBody":"[Featureset for v2.0] Client Search method","fileTypesAndContributionMap":{}},{"hash":"f799aeaf2aafdf28426d3a760d0df338f643cb2d","isMergeCommit":true,"messageTitle":"Merge pull request #43 from abefqy/Abe-meetingForecast","messageBody":"[Featureset for v2.0] Meeting Forecast ","fileTypesAndContributionMap":{}},{"hash":"f997d778a65b222f57b770bc41f69b73335852e9","isMergeCommit":true,"messageTitle":"Merge branch \u0027master\u0027 into Abe-ClientArchive","messageBody":"","fileTypesAndContributionMap":{}},{"hash":"7fd8cbd54a9f2e50a6ec67462ceb1f3ab8b487cc","isMergeCommit":false,"messageTitle":"Fixed duplicate import","messageBody":"","fileTypesAndContributionMap":{"functional-code":{"insertions":0,"deletions":3}}},{"hash":"9960f163603145c52c5609ce5275f90a0d96660f","isMergeCommit":false,"messageTitle":"Fixed date format for test","messageBody":"","fileTypesAndContributionMap":{"test-code":{"insertions":1,"deletions":1}}},{"hash":"2f2ff75b629b60706371863e3af49f797f37ec51","isMergeCommit":false,"messageTitle":"Fixed LookUpTable constructor calls in test files","messageBody":"","fileTypesAndContributionMap":{"test-code":{"insertions":16,"deletions":4}}},{"hash":"5f386f7fbab8ecbe1cfaa2d4152ec57b942da4ba","isMergeCommit":false,"messageTitle":"Revert date format for test","messageBody":"","fileTypesAndContributionMap":{"test-code":{"insertions":1,"deletions":1}}},{"hash":"b7f711627ec7b3c10d13b696066aa49b7cdab846","isMergeCommit":true,"messageTitle":"Merge pull request #44 from abefqy/Abe-ClientArchive","messageBody":"[Featureset for v2.0] Client Archive method","fileTypesAndContributionMap":{}}]},{"date":"2025-10-28T00:00:00","commitResults":[{"hash":"ac7613a4357adcae9590b591aa1c6270c36f76d2","isMergeCommit":false,"messageTitle":"Add sequence diagram for meeting forecast","messageBody":"","fileTypesAndContributionMap":{"docs":{"insertions":59,"deletions":0}}},{"hash":"90b6699fd601fc16db27f19f68176fb093e7824a","isMergeCommit":false,"messageTitle":"Add description for meeting forecast in DG","messageBody":"","fileTypesAndContributionMap":{"docs":{"insertions":10,"deletions":0}}},{"hash":"20b10840d326eca0ca8c1418e4903ff9359697e4","isMergeCommit":true,"messageTitle":"Merge pull request #54 from abefqy/Abe-DG","messageBody":"Add MeetingForecast sequence diagram","fileTypesAndContributionMap":{}}]},{"date":"2025-10-30T00:00:00","commitResults":[{"hash":"32a1a938f74a8568acdcbf2681be66a1e6163fad","isMergeCommit":false,"messageTitle":"Add client search, client archive and meetings to UserGuide","messageBody":"","fileTypesAndContributionMap":{"docs":{"insertions":164,"deletions":0}}},{"hash":"5eb11de65d167037c8c536651180f05dd9b8681e","isMergeCommit":false,"messageTitle":"Removed client listarchived command","messageBody":"","fileTypesAndContributionMap":{"functional-code":{"insertions":1,"deletions":3}}},{"hash":"14c38a7ca0a3ea4cb66ce2eaf7a6af53efa3a295","isMergeCommit":false,"messageTitle":"Added archived to list parser","messageBody":"","fileTypesAndContributionMap":{"functional-code":{"insertions":3,"deletions":3}}},{"hash":"b8ef781100a5e2b8278fff24cb142b2ac2e849d8","isMergeCommit":false,"messageTitle":"Edit test cases for client list archived","messageBody":"","fileTypesAndContributionMap":{"test-code":{"insertions":11,"deletions":11}}},{"hash":"93045cffe4ebb69d434da212c62e6afddfe7ad94","isMergeCommit":true,"messageTitle":"Merge pull request #69 from abefqy/Abe-ClientArchive","messageBody":"Changed implementation of list archived ","fileTypesAndContributionMap":{}},{"hash":"e28bd415dcf7d5454d52167f837fda1b8b803dbd","isMergeCommit":false,"messageTitle":"Update list archived command in UserGuide","messageBody":"","fileTypesAndContributionMap":{"docs":{"insertions":14,"deletions":14}}}]},{"date":"2025-10-31T00:00:00","commitResults":[{"hash":"75a11133e393950cf0643c006cc962ab471701af","isMergeCommit":false,"messageTitle":"Add Project Portfolio Page","messageBody":"","fileTypesAndContributionMap":{"docs":{"insertions":81,"deletions":0}}},{"hash":"f8317b069b08d25ea5f5881d175cbc3cd9360fd0","isMergeCommit":true,"messageTitle":"Merge pull request #79 from abefqy/Abe-PPP","messageBody":"Add Project Portfolio Page","fileTypesAndContributionMap":{}}]},{"date":"2025-11-02T00:00:00","commitResults":[{"hash":"9f77a354db5f3fc3b447885c0358bf9cae41bff7","isMergeCommit":false,"messageTitle":"Fix meeting list example format error in UG","messageBody":"","fileTypesAndContributionMap":{"docs":{"insertions":2,"deletions":1}}},{"hash":"24b2356771cca5c5b94f1f78199b647b8545ca3c","isMergeCommit":false,"messageTitle":"Add start and end meeting time check","messageBody":"","fileTypesAndContributionMap":{"functional-code":{"insertions":15,"deletions":1}}},{"hash":"9bc7c821e530081afdc9d77f2410451de1f9ec0c","isMergeCommit":false,"messageTitle":"Add test for meeting start and end time","messageBody":"","fileTypesAndContributionMap":{"test-code":{"insertions":14,"deletions":0}}},{"hash":"231cbcdd381447ce1a9fbe36c5ddc7ad0eba11ce","isMergeCommit":false,"messageTitle":"Add argument note for meeting end time","messageBody":"","fileTypesAndContributionMap":{"docs":{"insertions":1,"deletions":1}}},{"hash":"cb296da4d4c60d0dc6517f1c18d4550dbe7e4f73","isMergeCommit":false,"messageTitle":"Removed \"meeting list\" command for consistency","messageBody":"","fileTypesAndContributionMap":{"functional-code":{"insertions":3,"deletions":4}}},{"hash":"568b427d37d549596403f2eff9b48553add638cb","isMergeCommit":false,"messageTitle":"Removed \"meeting list\" test from MeetingParserTest","messageBody":"","fileTypesAndContributionMap":{"test-code":{"insertions":25,"deletions":10}}},{"hash":"383726d2cb80545f61fd7b5437cd50c12f523218","isMergeCommit":false,"messageTitle":"Add \"list meeting\" test to ListParserTest","messageBody":"","fileTypesAndContributionMap":{"test-code":{"insertions":7,"deletions":0}}},{"hash":"7e8e6951b212fe2f8265b426bd3f8c6acee11fa6","isMergeCommit":false,"messageTitle":"Remove \"meeting list\" command in UG","messageBody":"","fileTypesAndContributionMap":{"docs":{"insertions":3,"deletions":3}}},{"hash":"972393c6e8ea4a68f69413b2c454e551a767666d","isMergeCommit":false,"messageTitle":"Fix unused imports","messageBody":"","fileTypesAndContributionMap":{"functional-code":{"insertions":0,"deletions":1},"test-code":{"insertions":1,"deletions":2}}},{"hash":"2daa892006e87ed2f0f60f7971569ce5eb492936","isMergeCommit":false,"messageTitle":"Add restoration details for client policies and todos in UG","messageBody":"","fileTypesAndContributionMap":{"docs":{"insertions":5,"deletions":1}}},{"hash":"6cc0d9017c093864b161f5d91a910084b2a6ad19","isMergeCommit":true,"messageTitle":"Merge pull request #124 from abefqy/Abe-BugFix","messageBody":"[Bug fixes] Fix meeting bugs","fileTypesAndContributionMap":{}}]},{"date":"2025-11-03T00:00:00","commitResults":[{"hash":"5eba7e1dbc15da5f8740d82a88cb1c8d6198d179","isMergeCommit":false,"messageTitle":"Update meeting forecast sequence diagram","messageBody":"","fileTypesAndContributionMap":{"docs":{"insertions":26,"deletions":16}}},{"hash":"f159be2d45a9eb65f1210412cc0498ae35736b92","isMergeCommit":false,"messageTitle":"Add meeting class diagram","messageBody":"","fileTypesAndContributionMap":{"docs":{"insertions":53,"deletions":0}}},{"hash":"815606056310b6fb9c0d2db86741e1fd2f6be9f9","isMergeCommit":false,"messageTitle":"Add details for meeting features in DG","messageBody":"","fileTypesAndContributionMap":{"docs":{"insertions":53,"deletions":3}}},{"hash":"dd60ee08cb1835b683252f3a3448c48a9dc429ca","isMergeCommit":false,"messageTitle":"Update meeting forecast sequence diagram","messageBody":"","fileTypesAndContributionMap":{"docs":{"insertions":80,"deletions":51}}},{"hash":"b2ddca8a117241e8783b1e3c40430f220c4b9dcc","isMergeCommit":false,"messageTitle":"Update DG and forecast SD","messageBody":"","fileTypesAndContributionMap":{"docs":{"insertions":3,"deletions":4}}},{"hash":"b4135f4d021118d2dc3c8d5b87eec828f3e6c25c","isMergeCommit":true,"messageTitle":"Merge branch \u0027Abe-DG\u0027 of https://github.com/abefqy/tp into Abe-DG","messageBody":"","fileTypesAndContributionMap":{}},{"hash":"9d4925732d8a86d5d34b409bb787e7bbc5dbd8f1","isMergeCommit":true,"messageTitle":"Merge branch \u0027Abe-DG\u0027 of https://github.com/abefqy/tp into Abe-DG","messageBody":"","fileTypesAndContributionMap":{}},{"hash":"58a0c2a0b8883547f3f850d693304bb3f1a55459","isMergeCommit":true,"messageTitle":"Merge branch \u0027Abe-DG\u0027 of https://github.com/abefqy/tp into Abe-DG","messageBody":"","fileTypesAndContributionMap":{}},{"hash":"6b182cd48566bf778937422b02a2611f2c48b388","isMergeCommit":true,"messageTitle":"Merge pull request #141 from abefqy/Abe-DG","messageBody":"[DG] Meeting class diagram and forecast SD","fileTypesAndContributionMap":{}},{"hash":"a99c0d860ada86d496c51ae67ef71736c18c2492","isMergeCommit":false,"messageTitle":"Add meeting functionality tests","messageBody":"","fileTypesAndContributionMap":{"test-code":{"insertions":398,"deletions":0}}},{"hash":"b746d9fef8eb661934f75ef82f4705d1fbc4bf63","isMergeCommit":false,"messageTitle":"Add client archive and restore tests","messageBody":"","fileTypesAndContributionMap":{"test-code":{"insertions":384,"deletions":0}}},{"hash":"0f60d20b3e21d55ea696c5672e760e9ca28a7e08","isMergeCommit":false,"messageTitle":"Add client search functionality tests","messageBody":"","fileTypesAndContributionMap":{"test-code":{"insertions":142,"deletions":0}}},{"hash":"023f69a40787373f09f50291d1bb4a0a3128bb5e","isMergeCommit":false,"messageTitle":"Add Javadoc for client archive and search","messageBody":"","fileTypesAndContributionMap":{"functional-code":{"insertions":65,"deletions":0}}},{"hash":"192898a5f9b270465b63aa7bbc3b73deaf02fdf7","isMergeCommit":false,"messageTitle":"Add Javadoc for meeting","messageBody":"","fileTypesAndContributionMap":{"functional-code":{"insertions":53,"deletions":0}}},{"hash":"36d90a72a57efb988c831dda82a32b5025b65d11","isMergeCommit":true,"messageTitle":"Merge pull request #142 from abefqy/Abe-Junits","messageBody":"Improve Junit coverage ","fileTypesAndContributionMap":{}},{"hash":"b677a0163f1907636e92d65e2b5bd0487d47b022","isMergeCommit":false,"messageTitle":"Update and shorten PPP","messageBody":"","fileTypesAndContributionMap":{"docs":{"insertions":8,"deletions":19}}},{"hash":"baad40ae98c06a7291a2a467483a543e78d1a4ce","isMergeCommit":true,"messageTitle":"Merge pull request #146 from abefqy/Abe-PPP","messageBody":"Update and shorten PPP","fileTypesAndContributionMap":{}}]}],"ZT712002":[{"date":"2025-10-01T00:00:00","commitResults":[{"hash":"8b49f7ffd02977b95917264e183b25a628dfe62e","isMergeCommit":false,"messageTitle":"Add Zenden Details","messageBody":"","fileTypesAndContributionMap":{"docs":{"insertions":12,"deletions":5}}},{"hash":"10b6853f079a733594a763d6e05fed7823ef7a6b","isMergeCommit":false,"messageTitle":"Rename File Names","messageBody":"","fileTypesAndContributionMap":{"docs":{"insertions":1,"deletions":1}}},{"hash":"de575c662324ec033a1ef82aae27f647fef0a311","isMergeCommit":false,"messageTitle":"Fix hyperlink","messageBody":"","fileTypesAndContributionMap":{"docs":{"insertions":1,"deletions":1}}},{"hash":"e9292e15407747ab2629c1d2d4db5a9fb6e5b5fb","isMergeCommit":true,"messageTitle":"Merge pull request #1 from ZT712002/Zenden-AboutUs","messageBody":"[PR] Add my own details","fileTypesAndContributionMap":{}}]},{"date":"2025-10-02T00:00:00","commitResults":[{"hash":"4f855899407ebbe368848c59040740c51b0b5b3a","isMergeCommit":false,"messageTitle":"Add class files","messageBody":"","fileTypesAndContributionMap":{"functional-code":{"insertions":93,"deletions":0}}}]},{"date":"2025-10-03T00:00:00","commitResults":[{"hash":"43599d4224b724f885906202e72c9f279d86efa1","isMergeCommit":false,"messageTitle":"Rename duke class and added Ui class","messageBody":"","fileTypesAndContributionMap":{"functional-code":{"insertions":62,"deletions":0},"other":{"insertions":1,"deletions":1}}},{"hash":"8f28aa530ec92180636d0a3c2674dc1f6e544bd0","isMergeCommit":false,"messageTitle":"Add constructor for FPP","messageBody":"","fileTypesAndContributionMap":{"functional-code":{"insertions":21,"deletions":7}}},{"hash":"eb5b3d853c3048d06e87192e56c2947b4598b1f3","isMergeCommit":false,"messageTitle":"Add Command And Parser Class","messageBody":"","fileTypesAndContributionMap":{"functional-code":{"insertions":24,"deletions":11}}},{"hash":"1771e77bf204306885ca6c169d11bbee30e93288","isMergeCommit":false,"messageTitle":"Add custom exception","messageBody":"","fileTypesAndContributionMap":{"functional-code":{"insertions":41,"deletions":6}}},{"hash":"959684eb16f0319e9ee83388b0002bb03e535faf","isMergeCommit":false,"messageTitle":"Add command,lookup table and parser","messageBody":"Added commands with child classes to abstract away multiple classes so\nwhen teammates implement their own classes is easier. Same thing with\nParser. For LookUptable, I realised a generic execute command can take\nin a hashmap and then depending on which class, or type of parser it\nwill use whichever list it needs to modify respectively.\n","fileTypesAndContributionMap":{"functional-code":{"insertions":130,"deletions":17}}},{"hash":"e0f4aa738282131e8126e7a80d68d9476f937005","isMergeCommit":false,"messageTitle":"Add ListContainer Interface","messageBody":"","fileTypesAndContributionMap":{"functional-code":{"insertions":36,"deletions":22}}}]},{"date":"2025-10-04T00:00:00","commitResults":[{"hash":"438de03f769cc0e2ebaffdb72c06ce0c2c8bc1a7","isMergeCommit":false,"messageTitle":"Add exit Command","messageBody":"","fileTypesAndContributionMap":{"functional-code":{"insertions":16,"deletions":43},"other":{"insertions":1,"deletions":1}}},{"hash":"2e2b4307b1ac17b732b3e1bec68a4bc2d2120ddc","isMergeCommit":false,"messageTitle":"Add error check","messageBody":"","fileTypesAndContributionMap":{"functional-code":{"insertions":11,"deletions":6}}},{"hash":"fb2f9abec96a52e3829d514c1db02ec023ff293e","isMergeCommit":false,"messageTitle":"Add subclass enum","messageBody":"","fileTypesAndContributionMap":{"functional-code":{"insertions":57,"deletions":3}}},{"hash":"2ebb638251e66b434a18100f4d355f6f0d6020e1","isMergeCommit":false,"messageTitle":"Add Add command done","messageBody":"","fileTypesAndContributionMap":{"functional-code":{"insertions":131,"deletions":55}}}]},{"date":"2025-10-05T00:00:00","commitResults":[{"hash":"ce9e9a91879736764b363a607da15218d33b24db","isMergeCommit":false,"messageTitle":"Add toString Method for policy","messageBody":"","fileTypesAndContributionMap":{"functional-code":{"insertions":17,"deletions":3}}},{"hash":"ed662e204097bd2069f75eda59d24f8b02373e36","isMergeCommit":false,"messageTitle":"Fix Default Case in ClientParser","messageBody":"","fileTypesAndContributionMap":{"functional-code":{"insertions":36,"deletions":7}}},{"hash":"95f5fa0a015b0db58cf0dcc4d33cca501f639488","isMergeCommit":false,"messageTitle":"Add list comamand for client","messageBody":"","fileTypesAndContributionMap":{"functional-code":{"insertions":57,"deletions":4}}},{"hash":"ed5ce7672e156c59281979e2e6b32aba7fffd0f2","isMergeCommit":false,"messageTitle":"Add error handler for not implemented methods","messageBody":"","fileTypesAndContributionMap":{"functional-code":{"insertions":12,"deletions":12}}},{"hash":"e34e2d7ac154b27a906b6cdbbf8f265a66fbeacd","isMergeCommit":false,"messageTitle":"Add delete command","messageBody":"","fileTypesAndContributionMap":{"functional-code":{"insertions":45,"deletions":4}}},{"hash":"340a0d58c91a0fd8b07d9ea405f244ea0fd33e6b","isMergeCommit":false,"messageTitle":"Refactor code to comply with Code Quality","messageBody":"","fileTypesAndContributionMap":{"functional-code":{"insertions":15,"deletions":35}}},{"hash":"8e86ce353665c7ab5c45eaf4a336e7d5d3e2d3a3","isMergeCommit":false,"messageTitle":"Add import statements","messageBody":"","fileTypesAndContributionMap":{"functional-code":{"insertions":22,"deletions":6}}},{"hash":"69c13e406a43937eba8e7d497ebd87f38a9237e8","isMergeCommit":false,"messageTitle":"Add IO test","messageBody":"","fileTypesAndContributionMap":{"functional-code":{"insertions":5,"deletions":0}}},{"hash":"9b87f618f86f23deb66b0172baa1a7383a415c1d","isMergeCommit":false,"messageTitle":"Remove welcome message","messageBody":"","fileTypesAndContributionMap":{"functional-code":{"insertions":1,"deletions":7}}},{"hash":"58bf5cccfb6a4dfa26fb408733b4d36313607ed8","isMergeCommit":false,"messageTitle":"Fix whitespace error","messageBody":"","fileTypesAndContributionMap":{"functional-code":{"insertions":4,"deletions":1}}}]},{"date":"2025-10-09T00:00:00","commitResults":[{"hash":"8ff530fd803a3ca6c4e87e5d7b87d8b47eac75d6","isMergeCommit":true,"messageTitle":"Merge pull request #16 from ZT712002/Zenden-Clientclass","messageBody":"[Featureset for V1 .0] CRD Client Class, List functionality for Client Class","fileTypesAndContributionMap":{}}]},{"date":"2025-10-10T00:00:00","commitResults":[{"hash":"12d5ad9431649ddfc37909e92913e9345156ce3e","isMergeCommit":false,"messageTitle":"Add ClientParser tests","messageBody":"","fileTypesAndContributionMap":{"test-code":{"insertions":120,"deletions":0}}},{"hash":"193701307a7958afaa30be8bc2d046c14da8150f","isMergeCommit":false,"messageTitle":"Add ListParser tests","messageBody":"","fileTypesAndContributionMap":{"test-code":{"insertions":69,"deletions":4}}}]},{"date":"2025-10-11T00:00:00","commitResults":[{"hash":"e1b95a8a83cad5426178f921df0ba9dbe6c03132","isMergeCommit":true,"messageTitle":"Merge pull request #17 from ZT712002/Zenden-ClientTests","messageBody":"[PR for V1.0] JUnits Tests for Parser Classes","fileTypesAndContributionMap":{}}]},{"date":"2025-10-13T00:00:00","commitResults":[{"hash":"34cf9721a8ce594a282dd9b10232dae965d53cff","isMergeCommit":false,"messageTitle":"Add assertions to clientlist","messageBody":"","fileTypesAndContributionMap":{"functional-code":{"insertions":10,"deletions":0}}},{"hash":"65c7b63aee7b3320124fa2fda8c56ba26f2fddb9","isMergeCommit":false,"messageTitle":"Add assertion to clientlist","messageBody":"","fileTypesAndContributionMap":{"functional-code":{"insertions":9,"deletions":0}}},{"hash":"cc6d32148fe626f52ce17b647067307f34921da1","isMergeCommit":false,"messageTitle":"Fix checkstyle error","messageBody":"","fileTypesAndContributionMap":{"functional-code":{"insertions":2,"deletions":1}}},{"hash":"8fa076046086c6895abefe2f527d6844c3ded115","isMergeCommit":false,"messageTitle":"Fix Unit Tests","messageBody":"","fileTypesAndContributionMap":{"test-code":{"insertions":3,"deletions":3}}},{"hash":"58abc7ebde8fd83ee528fabd3ebbb4f9444a14cf","isMergeCommit":false,"messageTitle":"Add Logger Setup","messageBody":"","fileTypesAndContributionMap":{"functional-code":{"insertions":42,"deletions":0}}}]},{"date":"2025-10-14T00:00:00","commitResults":[{"hash":"c3ac6987cebbff8f7659b0abd86ffb59ce6bd7e4","isMergeCommit":false,"messageTitle":"Add logging for client and clientlist","messageBody":"","fileTypesAndContributionMap":{"functional-code":{"insertions":10,"deletions":0},"other":{"insertions":1,"deletions":1},"test-code":{"insertions":3,"deletions":3}}}]},{"date":"2025-10-20T00:00:00","commitResults":[{"hash":"cee8aa8c3c1fcbe895564dd150e56ce64d9da16f","isMergeCommit":false,"messageTitle":"Remove policy list","messageBody":"","fileTypesAndContributionMap":{"functional-code":{"insertions":11,"deletions":2}}},{"hash":"5212f34ef344e796c99ef10bce622ca4a17cb818","isMergeCommit":false,"messageTitle":"Add error check for invalid policy","messageBody":"","fileTypesAndContributionMap":{"functional-code":{"insertions":63,"deletions":1}}},{"hash":"390e58fea776dc54d6460830f69dd83d837b3a59","isMergeCommit":false,"messageTitle":"Add unique Id check for client","messageBody":"","fileTypesAndContributionMap":{"functional-code":{"insertions":21,"deletions":0}}}]},{"date":"2025-10-21T00:00:00","commitResults":[{"hash":"f963797d3a8208608ae5bdd7dd7cc257a04ea4e7","isMergeCommit":false,"messageTitle":"Add uniqueness check for client NRIC","messageBody":"","fileTypesAndContributionMap":{"functional-code":{"insertions":10,"deletions":13}}},{"hash":"e6ef361112f89101b8da321f788fa91699d6ee5d","isMergeCommit":false,"messageTitle":"Add ClientPolicy class","messageBody":"","fileTypesAndContributionMap":{"functional-code":{"insertions":177,"deletions":16}}},{"hash":"0149962bb8635a85fd2bcdc90db4eec1d25fccf8","isMergeCommit":false,"messageTitle":"Add addpolicy command for client","messageBody":"","fileTypesAndContributionMap":{"functional-code":{"insertions":86,"deletions":37}}},{"hash":"bbd857943617a8a4d2057b11949492ca51bacaff","isMergeCommit":false,"messageTitle":"Add updatePolicy command for client","messageBody":"","fileTypesAndContributionMap":{"functional-code":{"insertions":188,"deletions":40}}},{"hash":"b10974dc6ac18d0291494d6fa688ccaee2bdf122","isMergeCommit":false,"messageTitle":"Add throwable","messageBody":"","fileTypesAndContributionMap":{"functional-code":{"insertions":4,"deletions":1}}},{"hash":"2798e5c59d5facbd55d12a5f606e89c071dccd50","isMergeCommit":false,"messageTitle":"Fix NewLine Error","messageBody":"","fileTypesAndContributionMap":{"functional-code":{"insertions":81,"deletions":70}}},{"hash":"07b25884c0bcdc8e2de0ffd3d512c17d1c27e1ee","isMergeCommit":false,"messageTitle":"Remove console log","messageBody":"","fileTypesAndContributionMap":{"functional-code":{"insertions":0,"deletions":6}}},{"hash":"b1e43de1ac43928bf8e66ac31f951311f1a669fc","isMergeCommit":false,"messageTitle":"Remove unused import","messageBody":"","fileTypesAndContributionMap":{"functional-code":{"insertions":0,"deletions":1}}},{"hash":"3111956f36095afcf20ca749fe83f6cec61d9156","isMergeCommit":false,"messageTitle":"Remove redundant test","messageBody":"","fileTypesAndContributionMap":{"test-code":{"insertions":0,"deletions":13}}}]},{"date":"2025-10-22T00:00:00","commitResults":[{"hash":"1d385d660f02914bb2ebff25d8c4afa74f99de4d","isMergeCommit":true,"messageTitle":"Merge pull request #36 from ZT712002/Zenden-clientPolicy","messageBody":"[Featureset for v2.0] Client Policy , Client add policy , client updatepolicy","fileTypesAndContributionMap":{}}]},{"date":"2025-10-23T00:00:00","commitResults":[{"hash":"aed7b24a3bdd3e76f6e768b2b4b52ac5bd12e479","isMergeCommit":false,"messageTitle":"Rename UpdatePolicyCommand","messageBody":"","fileTypesAndContributionMap":{"functional-code":{"insertions":17,"deletions":2},"other":{"insertions":2,"deletions":2}}},{"hash":"52af27f1fb249b744c69b211dc34e19dc6e42c6b","isMergeCommit":false,"messageTitle":"Add client view method","messageBody":"","fileTypesAndContributionMap":{"functional-code":{"insertions":83,"deletions":3}}},{"hash":"86799e4948ca832483899bac5c63acbe523d7828","isMergeCommit":false,"messageTitle":"Remove unused methods","messageBody":"","fileTypesAndContributionMap":{"functional-code":{"insertions":0,"deletions":1}}},{"hash":"32c430e776d1618c935666b26452665bd4f6522a","isMergeCommit":false,"messageTitle":"Fix whitespace error","messageBody":"","fileTypesAndContributionMap":{"functional-code":{"insertions":1,"deletions":1}}}]},{"date":"2025-10-24T00:00:00","commitResults":[{"hash":"2497121874bf16bcc78ba45ef55075abf0efac70","isMergeCommit":false,"messageTitle":"Add uml diagrams","messageBody":"","fileTypesAndContributionMap":{"docs":{"insertions":126,"deletions":4}}},{"hash":"77bb9f983c18a58a29937c215058db0fbaf588f3","isMergeCommit":true,"messageTitle":"Merge pull request #39 from ZT712002/Zenden-ClientView","messageBody":"[Featureset for v2.0] Client View method","fileTypesAndContributionMap":{}},{"hash":"119d1dc8a807f9aa46d97ed8cf5358d31e966eb2","isMergeCommit":true,"messageTitle":"Merge pull request #40 from ZT712002/Zenden-DG","messageBody":"[Documentation] Primary Architecture and LookUpTable component documentation","fileTypesAndContributionMap":{}},{"hash":"0675941c3b1e0d70a0e492befcbc4152f25fc8b9","isMergeCommit":false,"messageTitle":"Add user sequence diagram","messageBody":"","fileTypesAndContributionMap":{"docs":{"insertions":86,"deletions":2}}},{"hash":"3ca46b4daf551dd046e9723c3071a9da7dc216ad","isMergeCommit":true,"messageTitle":"Merge pull request #41 from ZT712002/Zenden-DG","messageBody":"Add user sequence diagram","fileTypesAndContributionMap":{}}]},{"date":"2025-10-25T00:00:00","commitResults":[{"hash":"6fadb6ad242474959cac036b047e338907fb3db2","isMergeCommit":false,"messageTitle":"Add ClientTests","messageBody":"","fileTypesAndContributionMap":{"functional-code":{"insertions":2,"deletions":2},"test-code":{"insertions":270,"deletions":0}}},{"hash":"6672909210730ccc6b2828d576e324b76aa36c07","isMergeCommit":false,"messageTitle":"Add clientList tests","messageBody":"","fileTypesAndContributionMap":{"functional-code":{"insertions":6,"deletions":0},"test-code":{"insertions":341,"deletions":2}}},{"hash":"1ecf7162123b10698134c1e16f99e0e1c9ba6a28","isMergeCommit":false,"messageTitle":"Add Tests for AddCommands","messageBody":"","fileTypesAndContributionMap":{"functional-code":{"insertions":2,"deletions":2},"test-code":{"insertions":305,"deletions":16}}},{"hash":"4ed5d9355c2da63d322ef3601942de9e5c6bc144","isMergeCommit":false,"messageTitle":"Add tests for update/add policy","messageBody":"","fileTypesAndContributionMap":{"test-code":{"insertions":226,"deletions":0}}},{"hash":"f5acf79a3160d554d9f4a3deb5731e94bc7d6e7d","isMergeCommit":false,"messageTitle":"Add unit test for ClientPolicy","messageBody":"","fileTypesAndContributionMap":{"functional-code":{"insertions":1,"deletions":1},"test-code":{"insertions":108,"deletions":0}}},{"hash":"b38519ab6a2e34717b4bbadcb4ee4abfbcab90c4","isMergeCommit":false,"messageTitle":"Fix checkstyle error","messageBody":"","fileTypesAndContributionMap":{"test-code":{"insertions":2,"deletions":2}}},{"hash":"a4bca2d1c1634e0c108681bd370f47d350b9b2e6","isMergeCommit":true,"messageTitle":"Merge pull request #45 from ZT712002/Zenden-V2Logging","messageBody":"Junit Test for Client Commands","fileTypesAndContributionMap":{}}]},{"date":"2025-10-28T00:00:00","commitResults":[{"hash":"85c283613ea9daccc91cefe31ad57737419afdd2","isMergeCommit":false,"messageTitle":"Add Clients DG","messageBody":"","fileTypesAndContributionMap":{"docs":{"insertions":198,"deletions":2}}},{"hash":"667dd40d0924f49a1d4aa170f0c06e9dd62a65e7","isMergeCommit":false,"messageTitle":"Add list DG","messageBody":"","fileTypesAndContributionMap":{"docs":{"insertions":115,"deletions":2}}},{"hash":"b4520581415dbed633c0e4915179388d6f5d0d83","isMergeCommit":true,"messageTitle":"Merge branch \u0027master\u0027 into Zenden-DG","messageBody":"","fileTypesAndContributionMap":{}},{"hash":"9252e5e70fec013ccf04d3160fb5de3aabc9281a","isMergeCommit":true,"messageTitle":"Merge pull request #57 from ZT712002/Zenden-DG","messageBody":"[Developer Guide] Client and List DGs","fileTypesAndContributionMap":{}},{"hash":"bebd9266a1db941c83ab903b580330d4bd023e4d","isMergeCommit":false,"messageTitle":"Fix Typos","messageBody":"","fileTypesAndContributionMap":{"docs":{"insertions":8,"deletions":6}}},{"hash":"323108eaaa8a47f9025f5b712e6a33d39e9b7b9a","isMergeCommit":true,"messageTitle":"Merge pull request #58 from ZT712002/Zenden-DG","messageBody":"[Developer Guide] Fix Typos for Client part of DG","fileTypesAndContributionMap":{}}]},{"date":"2025-10-29T00:00:00","commitResults":[{"hash":"6e8fbf679235278d3de0e9eae7d0a9648a2cd441","isMergeCommit":false,"messageTitle":"Update PPP","messageBody":"","fileTypesAndContributionMap":{"docs":{"insertions":43,"deletions":5}}},{"hash":"9ed18ed49ccb5102ccf9c430c20019a74b5953bb","isMergeCommit":false,"messageTitle":"Add PPP details","messageBody":"","fileTypesAndContributionMap":{"docs":{"insertions":46,"deletions":14}}},{"hash":"7946e28a7ce5cb364da752bd5e43c9bee5a40288","isMergeCommit":true,"messageTitle":"Merge pull request #59 from ZT712002/Zenden-PPP","messageBody":"[Documentation] zt712002 PPP","fileTypesAndContributionMap":{}},{"hash":"8b7c1170e61d831160f3ea36e0b7f675012b982e","isMergeCommit":false,"messageTitle":"Add Client Delete Policy Methods","messageBody":"","fileTypesAndContributionMap":{"functional-code":{"insertions":58,"deletions":12}}},{"hash":"b3b436600346c0a1aaa50dc2f62e80bc87e56eef","isMergeCommit":false,"messageTitle":"Add junit tests for deleteclientpolicy command","messageBody":"","fileTypesAndContributionMap":{"functional-code":{"insertions":2,"deletions":1},"test-code":{"insertions":152,"deletions":0}}},{"hash":"18488cec59f3d075683d57feb9cf9c154222e7ca","isMergeCommit":false,"messageTitle":"Standardize date format","messageBody":"","fileTypesAndContributionMap":{"functional-code":{"insertions":13,"deletions":10}}},{"hash":"4284ff0c8c5775bfc553c5cf32a961744ba1f0dd","isMergeCommit":false,"messageTitle":"Update client view method","messageBody":"","fileTypesAndContributionMap":{"functional-code":{"insertions":6,"deletions":0}}},{"hash":"1e387354f608594724d9391c31b45973b294a02e","isMergeCommit":false,"messageTitle":"Fix Checkstle","messageBody":"","fileTypesAndContributionMap":{"functional-code":{"insertions":18,"deletions":3},"test-code":{"insertions":1,"deletions":1}}},{"hash":"20801c750ab6d758167008532024791b662b7a2e","isMergeCommit":false,"messageTitle":"Add template","messageBody":"","fileTypesAndContributionMap":{"docs":{"insertions":9,"deletions":5}}},{"hash":"4eff53aedeadb4fd9bbf381bf6f81104a1276eed","isMergeCommit":false,"messageTitle":"Fix Junit Tests","messageBody":"","fileTypesAndContributionMap":{"test-code":{"insertions":58,"deletions":76}}},{"hash":"e00ece2ec97e76d23edc25ea1896bf2ebdcc3425","isMergeCommit":false,"messageTitle":"Add template","messageBody":"","fileTypesAndContributionMap":{"docs":{"insertions":11,"deletions":11}}},{"hash":"612dafcb9a3193a3a82cdabdebe9b5945bc476f0","isMergeCommit":false,"messageTitle":"Fix checkstyle tests","messageBody":"","fileTypesAndContributionMap":{"test-code":{"insertions":1,"deletions":1}}},{"hash":"3f8449caadd68e8e2bdb78a0ec23c0ffec9d9d04","isMergeCommit":true,"messageTitle":"Merge pull request #61 from ZT712002/Zenden-UG","messageBody":"[UG]Template","fileTypesAndContributionMap":{}},{"hash":"55b19fd077abbc20f89832f99008c65ccc4da000","isMergeCommit":true,"messageTitle":"Merge pull request #60 from ZT712002/Zenden-ClientPolicyDelete","messageBody":"[Featureset for V2.0] Update client view method, deletepolicy method for client","fileTypesAndContributionMap":{}},{"hash":"0cc658f3dbb8fda745a6a1832a865d92f58823c1","isMergeCommit":false,"messageTitle":"Add NFR","messageBody":"","fileTypesAndContributionMap":{"docs":{"insertions":92,"deletions":8}}},{"hash":"a87f887a422686336ca2b5fdc15ac6e39425e867","isMergeCommit":false,"messageTitle":"Fix typos","messageBody":"","fileTypesAndContributionMap":{"docs":{"insertions":6,"deletions":12}}},{"hash":"2c8258871855be6efb5ca4b86e1f268b245a34de","isMergeCommit":false,"messageTitle":"Fix link","messageBody":"","fileTypesAndContributionMap":{"docs":{"insertions":8,"deletions":3}}},{"hash":"f645dbb16b275909ad6776d070fdc8c97d871435","isMergeCommit":true,"messageTitle":"Merge pull request #62 from ZT712002/Zenden-DG","messageBody":"[DG] Add NFRs and fix hyperlinks","fileTypesAndContributionMap":{}},{"hash":"f180a3581bea68ad6bf30e954c10847b933b3200","isMergeCommit":false,"messageTitle":"Add client features","messageBody":"","fileTypesAndContributionMap":{"docs":{"insertions":172,"deletions":1}}},{"hash":"0ff83d90a05e21766eb0eab8f6ce7b66da91ff19","isMergeCommit":false,"messageTitle":"Add cheat sheet","messageBody":"","fileTypesAndContributionMap":{"docs":{"insertions":28,"deletions":2}}},{"hash":"950dcac76c4dc2a63ea6e6e3a4f663c6dac6ed51","isMergeCommit":false,"messageTitle":"Rename management","messageBody":"","fileTypesAndContributionMap":{"docs":{"insertions":0,"deletions":5}}},{"hash":"e836b843842572eecde6e9bf1979446f91858b31","isMergeCommit":true,"messageTitle":"Merge pull request #63 from ZT712002/Zenden-UG","messageBody":"[UG]Client Commands","fileTypesAndContributionMap":{}}]},{"date":"2025-10-30T00:00:00","commitResults":[{"hash":"dcb147da1642342a079f53906f90179a80d0123d","isMergeCommit":false,"messageTitle":"Add Contributions","messageBody":"","fileTypesAndContributionMap":{"docs":{"insertions":8,"deletions":2}}},{"hash":"d0673aa2fa995e95dfa48741858f94585ba59b68","isMergeCommit":true,"messageTitle":"Merge pull request #66 from ZT712002/Zenden-PPP","messageBody":"[PPP]Zenden Update PPP","fileTypesAndContributionMap":{}},{"hash":"7915e64003744691d0bb62a4d3d9af6e6c2d314e","isMergeCommit":false,"messageTitle":"Add quick link section","messageBody":"","fileTypesAndContributionMap":{"docs":{"insertions":18,"deletions":2}}},{"hash":"c736be84f33d64d8a786f3b667aa8b69348bf0db","isMergeCommit":false,"messageTitle":"Add user stories","messageBody":"","fileTypesAndContributionMap":{"docs":{"insertions":27,"deletions":5}}},{"hash":"f07870908921946f1b5dac207b29db91a47f38c9","isMergeCommit":false,"messageTitle":"Add uppercase","messageBody":"","fileTypesAndContributionMap":{"docs":{"insertions":15,"deletions":15}}},{"hash":"a18193d8c605dcb036f9cba1c71b7ba21d522f7b","isMergeCommit":true,"messageTitle":"Merge pull request #68 from ZT712002/Zenden-DG","messageBody":"[DG]Add quick links and user stories","fileTypesAndContributionMap":{}},{"hash":"752cd1e77f9920a88a4983a561965e219c9f7d53","isMergeCommit":false,"messageTitle":"Fix whitespace","messageBody":"","fileTypesAndContributionMap":{"docs":{"insertions":27,"deletions":27}}},{"hash":"c0e76196bd812c3dfecc252be5243c49747c0ddb","isMergeCommit":true,"messageTitle":"Merge pull request #72 from ZT712002/Z-DGFIX","messageBody":"[DG]Fix whitespace","fileTypesAndContributionMap":{}},{"hash":"fc399751acb61c2151179483ce6ed27886171a21","isMergeCommit":false,"messageTitle":"Fix tables","messageBody":"","fileTypesAndContributionMap":{"docs":{"insertions":29,"deletions":29}}},{"hash":"74eea50c53533a47464f357eb331b958b42d7df5","isMergeCommit":true,"messageTitle":"Merge pull request #73 from ZT712002/Z-DGFIX","messageBody":"[DG] Fix tables","fileTypesAndContributionMap":{}},{"hash":"7d00e822658505eb445545d2aaf2e8a5b69f956f","isMergeCommit":false,"messageTitle":"Add newline","messageBody":"","fileTypesAndContributionMap":{"docs":{"insertions":32,"deletions":28}}},{"hash":"590ecd1fe6d5c79d795a7d91660384328e99e664","isMergeCommit":true,"messageTitle":"Merge pull request #75 from ZT712002/Z-DGFIX","messageBody":"[DG] Add newline","fileTypesAndContributionMap":{}},{"hash":"74e0a7822fd4868b764944435208238c1b2155c5","isMergeCommit":true,"messageTitle":"Merge pull request #74 from andrewcai8/andrew-ug","messageBody":"[UG] Task and Policy Features","fileTypesAndContributionMap":{}},{"hash":"4fe474ab19e2b2ae8108c1cf3d80281fa3608a3f","isMergeCommit":true,"messageTitle":"Merge pull request #77 from andrewcai8/andrew-dg-manualtesting","messageBody":"[DG] Added Manual Testing Section","fileTypesAndContributionMap":{}},{"hash":"e86aac77df4dc149e3a87af9c972185a80cc5fe3","isMergeCommit":true,"messageTitle":"Merge pull request #76 from andrewcai8/andrew-ppp","messageBody":"[PPP] Andrew Project Portfolio Page","tags":["v2.0"],"fileTypesAndContributionMap":{}}]},{"date":"2025-11-01T00:00:00","commitResults":[{"hash":"fd855591febfb9e53f20aac785524c8ffd2822df","isMergeCommit":false,"messageTitle":"Fix addclient error","messageBody":"","fileTypesAndContributionMap":{"functional-code":{"insertions":6,"deletions":2}}},{"hash":"b4b3c8b6533fad004a366a56ef195a96682ac6e5","isMergeCommit":false,"messageTitle":"Add fixed errors for client","messageBody":"","fileTypesAndContributionMap":{"functional-code":{"insertions":11,"deletions":0},"docs":{"insertions":1,"deletions":1}}},{"hash":"1c6e1b90083bd82ff4321195522767c911a8d7d9","isMergeCommit":false,"messageTitle":"Fix negative number for premium","messageBody":"","fileTypesAndContributionMap":{"functional-code":{"insertions":10,"deletions":6}}},{"hash":"1506624a5c09d58ec193e425bcd4f11b92de2e50","isMergeCommit":false,"messageTitle":"Centralise errors","messageBody":"","fileTypesAndContributionMap":{"functional-code":{"insertions":13,"deletions":9}}},{"hash":"b3a571f083ef60828db91617b6130f72ed06dec5","isMergeCommit":false,"messageTitle":"Fix trailing whitespace error","messageBody":"","fileTypesAndContributionMap":{"functional-code":{"insertions":1,"deletions":1}}},{"hash":"32f3f7d4387792eca25c787c76f3c7ff5c337511","isMergeCommit":false,"messageTitle":"Fix Tests","messageBody":"","fileTypesAndContributionMap":{"test-code":{"insertions":16,"deletions":7}}},{"hash":"6ad7d99b94f5fdea8bf47e3330f9e0cee60109ba","isMergeCommit":false,"messageTitle":"Fix NRIC Validity","messageBody":"","fileTypesAndContributionMap":{"functional-code":{"insertions":20,"deletions":1},"test-code":{"insertions":26,"deletions":26}}},{"hash":"d628cbdbc7ced2fa43b677fbe0339b27cb004b36","isMergeCommit":true,"messageTitle":"Merge pull request #121 from ZT712002/Zenden-BG","messageBody":"[Bug fixes]Various bug fixes","fileTypesAndContributionMap":{}},{"hash":"aa598235556e3f3113dbdd7ffca34b8f9392e502","isMergeCommit":false,"messageTitle":"Fix whitespace error extended","messageBody":"","fileTypesAndContributionMap":{"functional-code":{"insertions":18,"deletions":10}}},{"hash":"df25a2118aee93d8e9503f5ac8672ff94bc9851b","isMergeCommit":false,"messageTitle":"Fix 2dp error","messageBody":"","fileTypesAndContributionMap":{"functional-code":{"insertions":26,"deletions":5}}},{"hash":"cc8bb778f882b131e7ca90dc723a6a38ed6060b4","isMergeCommit":false,"messageTitle":"Fix command case insensitive","messageBody":"","fileTypesAndContributionMap":{"functional-code":{"insertions":3,"deletions":2}}},{"hash":"3f1677974c3ac8ee7233f2ce46b5d4d04d42f0a9","isMergeCommit":false,"messageTitle":"Add deletion of policy removes user policy","messageBody":"","fileTypesAndContributionMap":{"functional-code":{"insertions":76,"deletions":1}}},{"hash":"f7994d6588b5c61792bb7dcda470bc665ef1c175","isMergeCommit":false,"messageTitle":"Fix NRIC Uppercase","messageBody":"","fileTypesAndContributionMap":{"functional-code":{"insertions":4,"deletions":3}}},{"hash":"8190066265635f08d7b6d98a2ae5e4d6b459b321","isMergeCommit":true,"messageTitle":"Merge pull request #122 from ZT712002/Zenden-BF","messageBody":"[Bug fixes] Various bug fixes no.2","fileTypesAndContributionMap":{}}]},{"date":"2025-11-02T00:00:00","commitResults":[{"hash":"d4694552939aeb27695341ab0800477b2eacca13","isMergeCommit":false,"messageTitle":"Fix nullcheck for updatepolicy","messageBody":"","fileTypesAndContributionMap":{"functional-code":{"insertions":4,"deletions":2}}},{"hash":"586dc3dc7044900d599991c9eba1ddafd5048c8a","isMergeCommit":true,"messageTitle":"Merge pull request #127 from ZT712002/Z-Fixv2","messageBody":"[Bug fixes ]Fix nullcheck for updatepolicy","fileTypesAndContributionMap":{}},{"hash":"ccdd0093e50346d2c92dffa07b01fe92a37643b2","isMergeCommit":false,"messageTitle":"Add exit command in UG","messageBody":"","fileTypesAndContributionMap":{"docs":{"insertions":20,"deletions":2}}},{"hash":"70b761399ff814652228b6392702538bde86a8e3","isMergeCommit":false,"messageTitle":"Remove Bolding","messageBody":"","fileTypesAndContributionMap":{"docs":{"insertions":3,"deletions":1}}},{"hash":"021f88a964eae1cd30e4f824f996d0babb6df3cc","isMergeCommit":false,"messageTitle":"Reduce length","messageBody":"","fileTypesAndContributionMap":{"docs":{"insertions":3,"deletions":3}}},{"hash":"b48fc8e7f241f66baa3d3ab836f75262861bae72","isMergeCommit":false,"messageTitle":"Add high res image","messageBody":"","fileTypesAndContributionMap":{"docs":{"insertions":1,"deletions":1}}},{"hash":"3608ac744e2a4e90d592969b4ee3ec74df22ea06","isMergeCommit":true,"messageTitle":"Merge pull request #128 from ZT712002/Zenden-DG","messageBody":"[Bug fixes] UG and DG Fixes","fileTypesAndContributionMap":{}},{"hash":"b2d634fbd40b97044e86268bf165a4966eddecad","isMergeCommit":false,"messageTitle":"Update UML icons","messageBody":"","fileTypesAndContributionMap":{"docs":{"insertions":16,"deletions":10}}},{"hash":"85f69cf12f5fc97956fc81089666cd573d1af703","isMergeCommit":true,"messageTitle":"Merge pull request #129 from ZT712002/Zenden-DG","messageBody":"[Bug Fixes] DG Update UML icons","fileTypesAndContributionMap":{}}]},{"date":"2025-11-03T00:00:00","commitResults":[{"hash":"82c25c402b1a90beeca3466b173570171d554d83","isMergeCommit":false,"messageTitle":"Change Architecture Diagram","messageBody":"","fileTypesAndContributionMap":{"docs":{"insertions":4,"deletions":0}}},{"hash":"6b201adf0fef3f6348ad0267f486a7269dadf3b7","isMergeCommit":false,"messageTitle":"Fix user stories","messageBody":"","fileTypesAndContributionMap":{"docs":{"insertions":27,"deletions":27}}},{"hash":"54f06cf41afb379464fdcf647f40cbe7129e5698","isMergeCommit":false,"messageTitle":"Abstract Parser Sequence","messageBody":"","fileTypesAndContributionMap":{"docs":{"insertions":150,"deletions":91}}},{"hash":"9cbc8293d16a59893f7c2c6fe62417a537874bca","isMergeCommit":true,"messageTitle":"Merge pull request #131 from ZT712002/Zenden-DG","messageBody":"[DG]Abstracted Parser Sequence","fileTypesAndContributionMap":{}},{"hash":"64cfc298e1ea9c6206f3d2b2f95389ae87c2e305","isMergeCommit":false,"messageTitle":"Add design principles and considerations","messageBody":"","fileTypesAndContributionMap":{"docs":{"insertions":100,"deletions":10}}},{"hash":"96220f933cc39cd9ad4ea8f005daee71ff812ebf","isMergeCommit":false,"messageTitle":"Refactor List Class Diagram","messageBody":"","fileTypesAndContributionMap":{"docs":{"insertions":25,"deletions":25}}},{"hash":"79a31a72fc407dbf3439ef2f39e656794019bac2","isMergeCommit":false,"messageTitle":"Add changes to class diagrams","messageBody":"","fileTypesAndContributionMap":{"docs":{"insertions":34,"deletions":34}}},{"hash":"f85bd18f2d835a872068f95dede24f2bc7239f6b","isMergeCommit":true,"messageTitle":"Merge pull request #132 from ZT712002/Zenden-DG","messageBody":"[DG] Changes to class diagrams","fileTypesAndContributionMap":{}},{"hash":"cdb3eb60c6a0b4ae8381de150c739fd56b08e7f4","isMergeCommit":false,"messageTitle":"Change UG layout","messageBody":"","fileTypesAndContributionMap":{"docs":{"insertions":60,"deletions":61}}},{"hash":"e1d00fec9611f247559e72db07abc578fe51c2ab","isMergeCommit":false,"messageTitle":"Format changes","messageBody":"","fileTypesAndContributionMap":{"docs":{"insertions":4,"deletions":5}}},{"hash":"1f8120e79ab55a6b8be28ce71be6d8bf4b09fc20","isMergeCommit":false,"messageTitle":"Add contact number check","messageBody":"","fileTypesAndContributionMap":{"functional-code":{"insertions":9,"deletions":3},"test-code":{"insertions":17,"deletions":18}}},{"hash":"819571404d0d88aad092e3fcbbb3db7c65477a60","isMergeCommit":false,"messageTitle":"Add comment in UG","messageBody":"","fileTypesAndContributionMap":{"docs":{"insertions":1,"deletions":1}}},{"hash":"ef7665f56a51a0cc40579189b85e45db4928207b","isMergeCommit":true,"messageTitle":"Merge pull request #133 from ZT712002/Z-UGv2","messageBody":"[UG] Slightly Changed Format","fileTypesAndContributionMap":{}},{"hash":"3078305ff873cb71d8564516ed376adff1582931","isMergeCommit":true,"messageTitle":"Merge pull request #135 from ZT712002/Z-EnforceContactNumber","messageBody":"[Bug Fix ] Client Contact Number","fileTypesAndContributionMap":{}},{"hash":"96e8f2392fbe8add68357577433f1101a9f17e4c","isMergeCommit":false,"messageTitle":"Add case insensitive policy name","messageBody":"","fileTypesAndContributionMap":{"functional-code":{"insertions":22,"deletions":12},"test-code":{"insertions":18,"deletions":24}}},{"hash":"67c6bba0f295c52143910848499ed41fb02d2bf4","isMergeCommit":false,"messageTitle":"Remove p/ client add feature","messageBody":"","fileTypesAndContributionMap":{"functional-code":{"insertions":8,"deletions":32},"docs":{"insertions":14,"deletions":18},"test-code":{"insertions":9,"deletions":54}}},{"hash":"06306b965fbfbce20ac324e427cd8d85ad9b167b","isMergeCommit":true,"messageTitle":"Merge branch \u0027master\u0027 into Z-EnforceContactNumber","messageBody":"","fileTypesAndContributionMap":{}},{"hash":"d8b4c17ea35b9a8cedd9cd133803e6bb2fe64bf4","isMergeCommit":false,"messageTitle":"Fix Checkstyle errors","messageBody":"","fileTypesAndContributionMap":{"test-code":{"insertions":1,"deletions":2}}},{"hash":"805484daecece4a4026d71da1a8eadbcedff2f95","isMergeCommit":true,"messageTitle":"Merge branch \u0027Z-EnforceContactNumber\u0027 of https://github.com/ZT712002/tp into Z-EnforceContactNumber","messageBody":"","fileTypesAndContributionMap":{}},{"hash":"139a8ab78801bff267d4215f3e5e3012e2cfdbe3","isMergeCommit":true,"messageTitle":"Merge pull request #137 from ZT712002/Z-EnforceContactNumber","messageBody":"[Bug Fix] Remove p/ Feature","fileTypesAndContributionMap":{}},{"hash":"78262a603e07c8c4fea9a6b1c5b6c4ce3c732f86","isMergeCommit":false,"messageTitle":"Add exit command to DG","messageBody":"","fileTypesAndContributionMap":{"docs":{"insertions":16,"deletions":19}}},{"hash":"7668c585415be54774d72c6fcd569a734243edbd","isMergeCommit":true,"messageTitle":"Merge pull request #138 from ZT712002/Z-EnforceContactNumber","messageBody":"[DG] Add exit command to DG","fileTypesAndContributionMap":{}},{"hash":"c258739a5acf3eeeedb7b36f4c79b4fc593ce222","isMergeCommit":false,"messageTitle":"Add clientpolicy and todo count","messageBody":"","fileTypesAndContributionMap":{"functional-code":{"insertions":20,"deletions":1},"test-code":{"insertions":1,"deletions":1}}},{"hash":"099ff566e8fd2178b02942dc35a234262038420e","isMergeCommit":true,"messageTitle":"Merge pull request #139 from ZT712002/Z-EnforceContactNumber","messageBody":"[Featureset for v2.1]Add clientpolicy and todo count","fileTypesAndContributionMap":{}},{"hash":"aeaa8ff773b74531de524345088918b2695e93e7","isMergeCommit":false,"messageTitle":"Add strict checks for list,addpolicy,updatepolicy","messageBody":"","fileTypesAndContributionMap":{"functional-code":{"insertions":45,"deletions":14},"test-code":{"insertions":4,"deletions":8}}},{"hash":"81b312e33f12ecb65c0cc6c3d5cd702f6cc4f0f6","isMergeCommit":false,"messageTitle":"Fix Table for exit","messageBody":"","fileTypesAndContributionMap":{"docs":{"insertions":4,"deletions":3}}},{"hash":"0c9a0541e42661d7b80ec88130c47109e26a900e","isMergeCommit":false,"messageTitle":"Add Junit Tests","messageBody":"","fileTypesAndContributionMap":{"functional-code":{"insertions":3,"deletions":5},"test-code":{"insertions":245,"deletions":0}}},{"hash":"9636f17bc500a21d76b694ef28fd074fc12138b9","isMergeCommit":false,"messageTitle":"Add help command","messageBody":"","fileTypesAndContributionMap":{"functional-code":{"insertions":116,"deletions":9},"docs":{"insertions":3,"deletions":2},"test-code":{"insertions":58,"deletions":2}}},{"hash":"3ad637410cdc9f62e4dea1f8be957ea273203792","isMergeCommit":false,"messageTitle":"Fix checkstyle","messageBody":"","fileTypesAndContributionMap":{"functional-code":{"insertions":7,"deletions":4},"test-code":{"insertions":17,"deletions":11}}},{"hash":"d343ff254bf768d255488271a1fd77b0bba5e437","isMergeCommit":false,"messageTitle":"Add junit tests for logging","messageBody":"","fileTypesAndContributionMap":{"docs":{"insertions":1,"deletions":1},"test-code":{"insertions":59,"deletions":0}}},{"hash":"c14673d03a558af9c95e62dbda799311f8ef8dc9","isMergeCommit":false,"messageTitle":"Add newline","messageBody":"","fileTypesAndContributionMap":{"test-code":{"insertions":1,"deletions":1}}},{"hash":"85eddd13a61e49d1513093e6b815d2c63fc202fe","isMergeCommit":true,"messageTitle":"Merge pull request #143 from ZT712002/Z-StrictCommands","messageBody":"[Featureset] Added Help Command","fileTypesAndContributionMap":{}},{"hash":"3205e6c398cddf9d4dd3be9fe5b8dc0ff4d724e4","isMergeCommit":false,"messageTitle":"Shorten PPP","messageBody":"","fileTypesAndContributionMap":{"docs":{"insertions":0,"deletions":10}}},{"hash":"c0e058def2c8154014f5a358788895fd6bb79e15","isMergeCommit":true,"messageTitle":"Merge pull request #144 from ZT712002/Zenden-PPP","messageBody":"[PPP]Shorten PPP","fileTypesAndContributionMap":{}},{"hash":"c745ce3265a3dc87ece97a0bd42c8b3b9c2e1912","isMergeCommit":false,"messageTitle":"Shorten PPP","messageBody":"","fileTypesAndContributionMap":{"docs":{"insertions":0,"deletions":15}}},{"hash":"a91e1c1405dd1f1c906555cfd098dfc9237159fa","isMergeCommit":true,"messageTitle":"Merge pull request #145 from ZT712002/Zenden-PPP","messageBody":"[PPP] Shorten PPP","fileTypesAndContributionMap":{}}]},{"date":"2025-11-04T00:00:00","commitResults":[{"hash":"6020f102a6618a6dd3c5fadbf77e60dcd626dc9e","isMergeCommit":false,"messageTitle":"Add date enforcement","messageBody":"","fileTypesAndContributionMap":{"functional-code":{"insertions":62,"deletions":20}}},{"hash":"b6bf4f368335fa899596c40af00316b700bdbd25","isMergeCommit":true,"messageTitle":"Merge pull request #147 from ZT712002/Z-DateEnforcement","messageBody":"[Bug fixes]Add date enforcement","fileTypesAndContributionMap":{}},{"hash":"c378e0ae6bd080587acd3b4dbff5046beeb5441a","isMergeCommit":false,"messageTitle":"Add Strict command for client deletepolicy","messageBody":"","fileTypesAndContributionMap":{"functional-code":{"insertions":5,"deletions":1},"test-code":{"insertions":4,"deletions":4}}},{"hash":"60705e8ce71a363a40ab834716f31b7ecfa3727f","isMergeCommit":true,"messageTitle":"Merge pull request #148 from ZT712002/Z-DateEnforcement","messageBody":"[BG]Add Strict command for client deletepolicy","fileTypesAndContributionMap":{}},{"hash":"8ff98c22312f7e843babecbf2afdaa6d46ea9ac9","isMergeCommit":false,"messageTitle":"Add newline for table format","messageBody":"","fileTypesAndContributionMap":{"docs":{"insertions":3,"deletions":0}}},{"hash":"6d1c9f4161cec774f704a66648691544026e834b","isMergeCommit":true,"messageTitle":"Merge pull request #149 from ZT712002/Z-DateEnforcement","messageBody":"[DG]Add newline for table format","fileTypesAndContributionMap":{}},{"hash":"41a02c4206dd5ef982b52ae3c9be36e6863a82b4","isMergeCommit":false,"messageTitle":"Add help command in manual testing","messageBody":"","fileTypesAndContributionMap":{"docs":{"insertions":1,"deletions":0}}},{"hash":"6402793fd71588b0eefe786109827ea6f0dcc8db","isMergeCommit":true,"messageTitle":"Merge pull request #151 from ZT712002/Z-DateEnforcement","messageBody":"[DG] Add help command in manual testing","fileTypesAndContributionMap":{}},{"hash":"7fc43f73e5012095db51ef64a69bad863105c834","isMergeCommit":false,"messageTitle":"Add help in UG","messageBody":"","fileTypesAndContributionMap":{"docs":{"insertions":5,"deletions":0}}},{"hash":"65e6f091c4b324cf518e8b6f2efcaaa736d8e224","isMergeCommit":true,"messageTitle":"Merge pull request #158 from ZT712002/Z-DateEnforcement","messageBody":"[UG]Add help in UG","fileTypesAndContributionMap":{}}]}],"andrewcai8":[{"date":"2025-10-01T00:00:00","commitResults":[{"hash":"61a664eaa608630e0b8ef1235fc79bd1ce67f957","isMergeCommit":false,"messageTitle":"update about us and andrew cai portfolio","messageBody":"","fileTypesAndContributionMap":{"docs":{"insertions":8,"deletions":7}}},{"hash":"747eded738d1273ef86c104274308fa7e74cd02a","isMergeCommit":true,"messageTitle":"Merge branch \u0027master\u0027 into andrew-AboutUs","messageBody":"","fileTypesAndContributionMap":{}},{"hash":"d75b2e308d2df9049f8db48ed6d750a4be183fba","isMergeCommit":true,"messageTitle":"Merge pull request #3 from andrewcai8/andrew-AboutUs","messageBody":"update about us and andrew cai portfolio","fileTypesAndContributionMap":{}},{"hash":"f7c61e9464da0c6fc26265417c57de7b5a5be3da","isMergeCommit":false,"messageTitle":"update portfolio name to github username","messageBody":"","fileTypesAndContributionMap":{"docs":{"insertions":0,"deletions":0}}},{"hash":"1b2429cb1ddbbe2550e9dada4271469470b15a78","isMergeCommit":false,"messageTitle":"update portfolio name to github username","messageBody":"","fileTypesAndContributionMap":{"docs":{"insertions":1,"deletions":1}}},{"hash":"2dafc875d92d4cddc87316dde01b7f9f89228332","isMergeCommit":true,"messageTitle":"update portfolio name to github username","messageBody":"","fileTypesAndContributionMap":{}},{"hash":"2921a3d2076ca479ff9ddae187d204695915f62b","isMergeCommit":true,"messageTitle":"Merge pull request #5 from andrewcai8/andrew-AboutUs","messageBody":"Andrew about us","fileTypesAndContributionMap":{}}]},{"date":"2025-10-12T00:00:00","commitResults":[{"hash":"f92d19860242a6a8f417da255db2b8ee818042a5","isMergeCommit":false,"messageTitle":"add welcome message to assist user","messageBody":"","fileTypesAndContributionMap":{"functional-code":{"insertions":12,"deletions":0}}},{"hash":"128c530d2d2088e00c64a97c3c27e6d7590cb715","isMergeCommit":false,"messageTitle":"updated welcome message to include policy","messageBody":"","fileTypesAndContributionMap":{"functional-code":{"insertions":5,"deletions":4}}},{"hash":"a02ec7efade38c450791eb3d4a645aaf140ed538","isMergeCommit":false,"messageTitle":"add policy command into parser","messageBody":"","fileTypesAndContributionMap":{"functional-code":{"insertions":2,"deletions":0}}},{"hash":"ff6c14e9128391405366885d7a67403fdd4e6e65","isMergeCommit":false,"messageTitle":"add policy and policy list class","messageBody":"","fileTypesAndContributionMap":{"functional-code":{"insertions":87,"deletions":7}}},{"hash":"3f913a1172b39a14d52d77a7134082fde4494688","isMergeCommit":false,"messageTitle":"add policy command parser","messageBody":"","fileTypesAndContributionMap":{"functional-code":{"insertions":36,"deletions":0}}},{"hash":"7371c19df0d06fde216ceae95b80273cdbe5c3ee","isMergeCommit":false,"messageTitle":"add junit tests for policy","messageBody":"","fileTypesAndContributionMap":{"test-code":{"insertions":85,"deletions":0}}}]},{"date":"2025-10-14T00:00:00","commitResults":[{"hash":"3dcb9a9441f15cfb85a730024d66d1591e09b3a2","isMergeCommit":true,"messageTitle":"Merge branch \u0027master\u0027 into andrew-policy","messageBody":"","fileTypesAndContributionMap":{}},{"hash":"3659f1e82ebd68fd25267b733127137f35d839d0","isMergeCommit":true,"messageTitle":"Merge pull request #20 from andrewcai8/andrew-policy","messageBody":"merge policy command implementations into main","fileTypesAndContributionMap":{}}]},{"date":"2025-10-25T00:00:00","commitResults":[{"hash":"4969516826c598eead950039feede255e9c7db9e","isMergeCommit":false,"messageTitle":"added assert statements to policy related classes","messageBody":"","fileTypesAndContributionMap":{"functional-code":{"insertions":73,"deletions":0}}},{"hash":"e084eb51abd93ea5b9e50e45551871bd5236e737","isMergeCommit":false,"messageTitle":"implemented task class","messageBody":"","fileTypesAndContributionMap":{"functional-code":{"insertions":88,"deletions":0}}},{"hash":"7b23319a443b54eb0f0e14c06e2eda84377645c2","isMergeCommit":false,"messageTitle":"implemented task class","messageBody":"","fileTypesAndContributionMap":{"functional-code":{"insertions":1,"deletions":19}}},{"hash":"4306c422193ce78aad876a439569852f93200ac3","isMergeCommit":false,"messageTitle":"implemented taskList class","messageBody":"","fileTypesAndContributionMap":{"functional-code":{"insertions":82,"deletions":0}}},{"hash":"26179a2843842b1e4ce5c1cc82498c584a704609","isMergeCommit":false,"messageTitle":"updated parser to parse task commands","messageBody":"","fileTypesAndContributionMap":{"functional-code":{"insertions":52,"deletions":5}}},{"hash":"39a651dc9c1954d7550163b590d910b53be72b0f","isMergeCommit":false,"messageTitle":"updated main file with tasks","messageBody":"","fileTypesAndContributionMap":{"functional-code":{"insertions":4,"deletions":4}}},{"hash":"d03181f704bf63d0f7d6fba459f86da8efa4b0f5","isMergeCommit":false,"messageTitle":"implemented task junit tests","messageBody":"","fileTypesAndContributionMap":{"test-code":{"insertions":52,"deletions":0}}},{"hash":"cc1449ce9fec0e89eb301845e5602c71338a1064","isMergeCommit":false,"messageTitle":"implemented taskList junit tests","messageBody":"","fileTypesAndContributionMap":{"test-code":{"insertions":80,"deletions":0}}},{"hash":"48a20546bfada84613ecaf50a67e0db94689aede","isMergeCommit":false,"messageTitle":"implemented taskParser junit tests","messageBody":"","fileTypesAndContributionMap":{"test-code":{"insertions":68,"deletions":0}}},{"hash":"8084a1ba6e7157ab8e6c4f11ab523945d8ed7280","isMergeCommit":false,"messageTitle":"updated add command test to include task add","messageBody":"","fileTypesAndContributionMap":{"test-code":{"insertions":6,"deletions":2}}},{"hash":"42e7ab35d22672b9e5ffa56f429d005072e0916e","isMergeCommit":false,"messageTitle":"added list task command test","messageBody":"","fileTypesAndContributionMap":{"test-code":{"insertions":10,"deletions":3}}},{"hash":"81990118b5cc89ef7ba3a8070b66591b73c1044a","isMergeCommit":false,"messageTitle":"updated tests to include task","messageBody":"","fileTypesAndContributionMap":{"test-code":{"insertions":8,"deletions":2}}}]},{"date":"2025-10-27T00:00:00","commitResults":[{"hash":"5861f65a0558e502a26328d39edb9bfe4090bf84","isMergeCommit":true,"messageTitle":"Merge pull request #46 from andrewcai8/andrew-policy","messageBody":"[Defensive Coding] Asserts for Policy classes","fileTypesAndContributionMap":{}}]},{"date":"2025-10-28T00:00:00","commitResults":[{"hash":"5478778825a7ebb06dfd61203799377e730247c8","isMergeCommit":true,"messageTitle":"Merge branch \u0027master\u0027 into andrew-task","messageBody":"","fileTypesAndContributionMap":{}},{"hash":"c056718635f230cfc5c4ce1678f027dce3dd113e","isMergeCommit":false,"messageTitle":"Changed Line to shorter to match code standard","messageBody":"","fileTypesAndContributionMap":{"functional-code":{"insertions":2,"deletions":1}}},{"hash":"8d95a35d2f794eea753e12f9a13f0dcf98877678","isMergeCommit":false,"messageTitle":"Shorter to meet code standard","messageBody":"","fileTypesAndContributionMap":{"test-code":{"insertions":2,"deletions":1}}},{"hash":"5936eaf8e2b92e41505b4cd22b999e86408074ea","isMergeCommit":true,"messageTitle":"Merge pull request #48 from andrewcai8/andrew-task","messageBody":"[Featureset for v2.0] Task, TaskList","fileTypesAndContributionMap":{}},{"hash":"005d07c6e24421223e67701e9a73168490a9f034","isMergeCommit":false,"messageTitle":"updated Client to include adding and listing todos","messageBody":"","fileTypesAndContributionMap":{"functional-code":{"insertions":33,"deletions":0}}},{"hash":"01028e73cf64dbcdd4a9bd8ee12e54c11eddec5b","isMergeCommit":false,"messageTitle":"updated ClientParser to parse adding and listing todos","messageBody":"","fileTypesAndContributionMap":{"functional-code":{"insertions":6,"deletions":0}}},{"hash":"370af697fb98f87d2aecb6fe18cbcb55fb477175","isMergeCommit":false,"messageTitle":"implemented add client todo command","messageBody":"","fileTypesAndContributionMap":{"functional-code":{"insertions":114,"deletions":0}}},{"hash":"9597118ec90305e5d4d8eee8b5713b7bfbca41ca","isMergeCommit":false,"messageTitle":"added j unit tests for add and list client todos","messageBody":"","fileTypesAndContributionMap":{"test-code":{"insertions":274,"deletions":0}}},{"hash":"544864ee0142851a67c2063e1150caa45110e7a1","isMergeCommit":true,"messageTitle":"Merge branch \u0027master\u0027 into andrew-todo","messageBody":"","fileTypesAndContributionMap":{}},{"hash":"4d9f02bc522ef0c311ae9d846166b5a50757a033","isMergeCommit":false,"messageTitle":"added archived client list parameter to lookuptable","messageBody":"","fileTypesAndContributionMap":{"test-code":{"insertions":3,"deletions":1}}},{"hash":"473d21f40505c303c3ab8dc0aac7f8cd49cabb55","isMergeCommit":false,"messageTitle":"added archived client list parameter to lookuptable","messageBody":"","fileTypesAndContributionMap":{"test-code":{"insertions":2,"deletions":1}}},{"hash":"e5dc0092d625b69ba0decfe2276349977be8fc12","isMergeCommit":false,"messageTitle":"Added missing ArchivedClientList import","messageBody":"","fileTypesAndContributionMap":{"test-code":{"insertions":1,"deletions":0}}},{"hash":"edfadd02aa867f2196a25249d0a1bcbaa215585d","isMergeCommit":false,"messageTitle":"add missing ArchivedClientList import","messageBody":"","fileTypesAndContributionMap":{"test-code":{"insertions":1,"deletions":0}}},{"hash":"b2b6dc1bbde02b42eb16603163285f20d4617261","isMergeCommit":true,"messageTitle":"Merge pull request #53 from andrewcai8/andrew-todo","messageBody":"[Featureset for v2.0] Client Add and List Todo","fileTypesAndContributionMap":{}},{"hash":"061f3f2a72a4dbb18b080a42b65e3daa03ae848f","isMergeCommit":false,"messageTitle":"updated developer guide with adding tasks","messageBody":"","fileTypesAndContributionMap":{"docs":{"insertions":25,"deletions":0}}},{"hash":"937ba2418dfd1034fab8b3ef3268be8b98567703","isMergeCommit":false,"messageTitle":"added sequence diagram for adding tasks","messageBody":"","fileTypesAndContributionMap":{"docs":{"insertions":98,"deletions":0}}},{"hash":"8bba9f25ceba93ab16d1d3f33533b0ee03d2dd52","isMergeCommit":true,"messageTitle":"Merge pull request #56 from andrewcai8/andrew-dg","messageBody":"Developer Guide for Adding Tasks","fileTypesAndContributionMap":{}}]},{"date":"2025-10-30T00:00:00","commitResults":[{"hash":"169b1e01f39d28bdff1c6aad117c91b97ec3c2fc","isMergeCommit":false,"messageTitle":"updated user guide with policy features","messageBody":"","fileTypesAndContributionMap":{"docs":{"insertions":60,"deletions":1}}},{"hash":"cae0cc4e3c904edc7d5e4251b915ea0b036ee7c8","isMergeCommit":false,"messageTitle":"updated user guide with task features","messageBody":"","fileTypesAndContributionMap":{"docs":{"insertions":60,"deletions":1}}},{"hash":"b63b9d4efa8fa5bf6e1ab8115c55ca4be15df3f0","isMergeCommit":true,"messageTitle":"Merge pull request #70 from abefqy/Abe-UserGuide","messageBody":"Add User Guide for client search, archive and meetings","fileTypesAndContributionMap":{}},{"hash":"8c8996dbbd07b8cd882f4c5f41cb0cb6da7cdc6a","isMergeCommit":false,"messageTitle":"completed Andrew Project Portfolio Page","messageBody":"","fileTypesAndContributionMap":{"docs":{"insertions":81,"deletions":0}}},{"hash":"8a999a1c121a2118cba24439bdb484c1451357c9","isMergeCommit":false,"messageTitle":"added manual testing section to developer guide.","messageBody":"","fileTypesAndContributionMap":{"docs":{"insertions":180,"deletions":1}}}]},{"date":"2025-11-04T00:00:00","commitResults":[{"hash":"1c99d1dfdb910f0627b49bc6cf7323c95fd6bd2c","isMergeCommit":false,"messageTitle":"clarified exception addtodo command","messageBody":"","fileTypesAndContributionMap":{"functional-code":{"insertions":8,"deletions":2}}},{"hash":"58ef123359e13279f8fb55f4c1d4679c98862b13","isMergeCommit":false,"messageTitle":"added test case to addtodo command","messageBody":"","fileTypesAndContributionMap":{"test-code":{"insertions":18,"deletions":0}}},{"hash":"23566a13b15bca75fb4392939b75e3fe3325bbaa","isMergeCommit":true,"messageTitle":"Merge pull request #154 from andrewcai8/andrew-addtodo-fix","messageBody":"[Bug Fixes] Exception for addtodo command more clear","fileTypesAndContributionMap":{}},{"hash":"63eb1f4d3114c33e331975dd3dfd394cf34735d0","isMergeCommit":false,"messageTitle":"addclient todo only allows reasonable data numbers","messageBody":"","fileTypesAndContributionMap":{"functional-code":{"insertions":12,"deletions":0},"test-code":{"insertions":27,"deletions":0}}},{"hash":"f34459d600d2ae24315f8721405f495200b307b3","isMergeCommit":true,"messageTitle":"Merge pull request #155 from andrewcai8/andrew-addtodo-fix","messageBody":"[Bug Fixes] addclient todo and add task only accepts reasonable dates","fileTypesAndContributionMap":{}},{"hash":"29a202a76e26698bcde3d3b2735cbf95cee99e57","isMergeCommit":false,"messageTitle":"updated sequence diagram to include colons before class name","messageBody":"","fileTypesAndContributionMap":{"docs":{"insertions":9,"deletions":9}}},{"hash":"d1db77f820d87545eb23710815b907cc49c60887","isMergeCommit":false,"messageTitle":"updated task sequence diagram with abstract parsing sequence.","messageBody":"","fileTypesAndContributionMap":{"docs":{"insertions":9,"deletions":28}}},{"hash":"e40e277aa2be637dfda24ff7698168c7bff545c1","isMergeCommit":false,"messageTitle":"updated developer guide with Design Patterns and Considerations","messageBody":"","fileTypesAndContributionMap":{"docs":{"insertions":230,"deletions":0}}},{"hash":"b9756e807247d2d14b27b4e1150ca572447f964a","isMergeCommit":false,"messageTitle":"updated user guide with tips and best practices","messageBody":"","fileTypesAndContributionMap":{"docs":{"insertions":35,"deletions":0}}},{"hash":"1aed52208f4abfa92d70fee8536e579c4a30a3d1","isMergeCommit":false,"messageTitle":"updated PPP","messageBody":"","fileTypesAndContributionMap":{"docs":{"insertions":26,"deletions":0}}},{"hash":"7f07b3b95d59072d7cae8f428de504d57e7b672d","isMergeCommit":true,"messageTitle":"Merge pull request #157 from andrewcai8/andrew-dg","messageBody":"[DG] Fixed TaskSequence Diagram and update developer guide","fileTypesAndContributionMap":{}},{"hash":"728cef357a91e81bd0746d8df307b42941cc79f6","isMergeCommit":true,"messageTitle":"Merge pull request #159 from andrewcai8/andrew-ug","messageBody":"[UG] updated user guide with tips and best practices","fileTypesAndContributionMap":{}},{"hash":"9243a6d7941eab2d9bf78ffbd649b330b158f314","isMergeCommit":true,"messageTitle":"Merge pull request #160 from andrewcai8/andrew-ppp","messageBody":"[PPP] updated Andrew PPP","tags":["V2.1"],"fileTypesAndContributionMap":{}}]}],"EggsKay":[{"date":"2025-10-01T00:00:00","commitResults":[{"hash":"0b4af2350ba23099415c4a65e6149711df9f24ff","isMergeCommit":false,"messageTitle":"Add profile","messageBody":"","fileTypesAndContributionMap":{"docs":{"insertions":5,"deletions":7}}},{"hash":"5b061582f1c62eaae90cd984f55d412c07457db2","isMergeCommit":false,"messageTitle":"Fix merge confilcts","messageBody":"","fileTypesAndContributionMap":{"docs":{"insertions":4,"deletions":3}}},{"hash":"b350ba45fcf2a8322b16c62ab866fd8032828374","isMergeCommit":true,"messageTitle":"Merge branch \u0027master\u0027 into XiangKai-AboutUs","messageBody":"","fileTypesAndContributionMap":{}},{"hash":"006d31a9c2768b89eb520a3039956460530a1fab","isMergeCommit":true,"messageTitle":"Merge pull request #2 from EggsKay/XiangKai-AboutUs","messageBody":"Add Profile and GitHub link ","fileTypesAndContributionMap":{}}]},{"date":"2025-10-10T00:00:00","commitResults":[{"hash":"50001a480ce8a63d35af78b30187ec06ac008f18","isMergeCommit":false,"messageTitle":"Resolve merge conflicts","messageBody":"# Conflicts:\n#\tdocs/AboutUs.md\n#\tdocs/team/eggskay.md\n","fileTypesAndContributionMap":{"docs":{"insertions":7,"deletions":4}}}]},{"date":"2025-10-11T00:00:00","commitResults":[{"hash":"99aaf94926da7bb9d0f985e604e7979d580c2b54","isMergeCommit":false,"messageTitle":"Implement User class","messageBody":"","fileTypesAndContributionMap":{"functional-code":{"insertions":155,"deletions":3}}},{"hash":"91f14bb64c15cbc8482d96e8bbbb8202168c17bd","isMergeCommit":false,"messageTitle":"Resolved checkstyle errors","messageBody":"","fileTypesAndContributionMap":{"functional-code":{"insertions":14,"deletions":6}}}]},{"date":"2025-10-12T00:00:00","commitResults":[{"hash":"aea54c099fd9136e2cbef6629b15d668ac076bb0","isMergeCommit":true,"messageTitle":"Merge pull request #18 from EggsKay/branch-AddUser","messageBody":"[Featureset for V1 .0] CRD User Class, View functionality for User Class","fileTypesAndContributionMap":{}}]},{"date":"2025-10-14T00:00:00","commitResults":[{"hash":"95927d26328c41802649a36e9ed8bbb0b9d385b6","isMergeCommit":true,"messageTitle":"Merge pull request #24 from ZT712002/Zenden-Logging","messageBody":"[Defensive Coding for v1.0] Logging for client and clientlist\n\nNo issues found good to merge.","fileTypesAndContributionMap":{}},{"hash":"62551af59468e902204335b6ca075a0e61e4ebae","isMergeCommit":true,"messageTitle":"Merge pull request #22 from ZT712002/Zenden-Assertions","messageBody":"[Defensive Coding for v1.0] Assertions for Client \u0026 ClientList\n\nLooks clean, no issues found.","fileTypesAndContributionMap":{}}]},{"date":"2025-10-18T00:00:00","commitResults":[{"hash":"fea2f9bb0a379b328eaad6bc2f2ffc942ed809dc","isMergeCommit":false,"messageTitle":"Added Assertions for User class","messageBody":"","fileTypesAndContributionMap":{"functional-code":{"insertions":24,"deletions":2}}}]},{"date":"2025-10-20T00:00:00","commitResults":[{"hash":"b7e642037531d0ae97bbb181d40f6a6e5b57a52a","isMergeCommit":true,"messageTitle":"Merge pull request #27 from EggsKay/Branch-UserAssertions","messageBody":"[Defensive Coding] Assertions for User and UserList","fileTypesAndContributionMap":{}},{"hash":"88c70cdcb6d9f4cb1f9dbe4b739a2af63ffaf3a3","isMergeCommit":false,"messageTitle":"Add User JUnit tests and logging","messageBody":"","fileTypesAndContributionMap":{"functional-code":{"insertions":7,"deletions":0},"test-code":{"insertions":67,"deletions":0}}},{"hash":"30c7b130cdc1c1530ef93419c4ead517b2fb835d","isMergeCommit":false,"messageTitle":"Fix checkstyle errors","messageBody":"","fileTypesAndContributionMap":{"test-code":{"insertions":1,"deletions":1}}}]},{"date":"2025-10-22T00:00:00","commitResults":[{"hash":"eb44010dd3b9f27bba9e6ddb5b56ae63cbe94041","isMergeCommit":true,"messageTitle":"Merge pull request #32 from EggsKay/branch-UserLogging","messageBody":"[Defensive Coding]Add User JUnit tests and logging","fileTypesAndContributionMap":{}}]},{"date":"2025-10-26T00:00:00","commitResults":[{"hash":"fa1c0596b6ad65cc90a3fa4b4e274ae0e4a9bee7","isMergeCommit":false,"messageTitle":"implement storage for client, meeting, policy and user","messageBody":"","fileTypesAndContributionMap":{"functional-code":{"insertions":278,"deletions":1}}},{"hash":"1bdd9206d85a59d834886c2ee23c626e7c21f467","isMergeCommit":false,"messageTitle":"Fix checkstyle errors","messageBody":"","fileTypesAndContributionMap":{"functional-code":{"insertions":2,"deletions":2}}},{"hash":"00720fc87c405f70d40815ee57fba5fb46184abb","isMergeCommit":false,"messageTitle":"Fix run test","messageBody":"","fileTypesAndContributionMap":{"functional-code":{"insertions":22,"deletions":19}}},{"hash":"395b1b7a3f89565c967d219aba696387f1b0b2d2","isMergeCommit":false,"messageTitle":"Fix checkstyle errors","messageBody":"","fileTypesAndContributionMap":{"functional-code":{"insertions":6,"deletions":2}}},{"hash":"cfbc8f872496600373640007ffda9f11d508b529","isMergeCommit":false,"messageTitle":"Fix checkstyle errors","messageBody":"","fileTypesAndContributionMap":{"functional-code":{"insertions":1,"deletions":1}}}]},{"date":"2025-10-27T00:00:00","commitResults":[{"hash":"8bc683eb808f4098b7cf2acc2a6f44f74ed873ac","isMergeCommit":true,"messageTitle":"Merge branch \u0027master\u0027 into branch-AddStorage","messageBody":"","fileTypesAndContributionMap":{}},{"hash":"8e04b45a5f9573fcc8d915e3cb5b028823d4447c","isMergeCommit":true,"messageTitle":"Merge pull request #50 from EggsKay/branch-AddStorage","messageBody":"[Feature set for V2.0]Implement storage for client, meeting, policy and user","fileTypesAndContributionMap":{}},{"hash":"2643469f7e55cbf10a1c1cdbf11890e3dc2f44c5","isMergeCommit":false,"messageTitle":"Add archived clients storage funtion","messageBody":"","fileTypesAndContributionMap":{"functional-code":{"insertions":72,"deletions":19}}}]},{"date":"2025-10-28T00:00:00","commitResults":[{"hash":"af5a94dea2968d6983e49819ebb7da7f14746a8d","isMergeCommit":false,"messageTitle":"Update client parser to add mulitple policies at once","messageBody":"","fileTypesAndContributionMap":{"functional-code":{"insertions":58,"deletions":111}}},{"hash":"4126537e388f58159d6faec41c3b30cbdecccd98","isMergeCommit":false,"messageTitle":"Fixed JUnit issues","messageBody":"","fileTypesAndContributionMap":{"functional-code":{"insertions":18,"deletions":3},"test-code":{"insertions":19,"deletions":18}}},{"hash":"95f1c5be32a03bc03db890ee686da43333b6ce3f","isMergeCommit":false,"messageTitle":"Fix checkstyle issues","messageBody":"","fileTypesAndContributionMap":{"functional-code":{"insertions":3,"deletions":1}}},{"hash":"636d7188e5256b1cc040a1c4698aba4e79c0ae80","isMergeCommit":false,"messageTitle":"Fix checkstyle issues","messageBody":"","fileTypesAndContributionMap":{"functional-code":{"insertions":3,"deletions":1}}},{"hash":"97541b5989765fc7d925951aec8c28604c0dc547","isMergeCommit":false,"messageTitle":"Initial Developer Guide","messageBody":"","fileTypesAndContributionMap":{"functional-code":{"insertions":1,"deletions":2},"docs":{"insertions":297,"deletions":0}}},{"hash":"2892b3238e7926ca718937228b125a966ffbbcfb","isMergeCommit":true,"messageTitle":"Merge branch \u0027master\u0027 into branch-UpgradeStorage","messageBody":"","fileTypesAndContributionMap":{}},{"hash":"0fdfb7819329c854ac9ba397e3c0e99625f4a770","isMergeCommit":true,"messageTitle":"Merge pull request #51 from EggsKay/branch-UpgradeStorage","messageBody":"Upgrade storage of client for multiple policies ","fileTypesAndContributionMap":{}},{"hash":"cb294dc54386d4013e65486482a4e0f18d720e00","isMergeCommit":false,"messageTitle":"Add Task storage funtion","messageBody":"","fileTypesAndContributionMap":{"functional-code":{"insertions":44,"deletions":0}}},{"hash":"bcde8f9dba5a048477bab6f2fada6afa320b4a80","isMergeCommit":true,"messageTitle":"Merge pull request #52 from EggsKay/branch-TaskStorage","messageBody":"[Feature for V2.0]Add Task storage function","fileTypesAndContributionMap":{}},{"hash":"537c5eb9937bfcb0b04769ae508ef96b0be1cac9","isMergeCommit":false,"messageTitle":"Developer Guide for Storage object","messageBody":"","fileTypesAndContributionMap":{"docs":{"insertions":29,"deletions":93}}},{"hash":"2000356ad3622b1e8cb6b619d320ab5dfc3ee98d","isMergeCommit":true,"messageTitle":"Merge pull request #55 from EggsKay/AddDeveloperGuide","messageBody":"Add developer guide for storage class","fileTypesAndContributionMap":{}}]},{"date":"2025-10-30T00:00:00","commitResults":[{"hash":"8615c422460633973b6ad7a9b50558b7366e6b44","isMergeCommit":false,"messageTitle":"Implement per-client todo storage and autosave","messageBody":"","fileTypesAndContributionMap":{"functional-code":{"insertions":36,"deletions":1}}},{"hash":"e251a5d69c2368391227c47eedc9308a8a5cbb18","isMergeCommit":false,"messageTitle":"Reformat code","messageBody":"","fileTypesAndContributionMap":{"functional-code":{"insertions":16,"deletions":13}}},{"hash":"ab0701e777751e2267ed3e3d44e2e539552a2044","isMergeCommit":false,"messageTitle":"Fix checkstyle errors","messageBody":"","fileTypesAndContributionMap":{"functional-code":{"insertions":6,"deletions":2}}},{"hash":"7cc3080aac40a398daac8855ffe70db3c54693bd","isMergeCommit":true,"messageTitle":"Merge pull request #64 from EggsKay/branch-ClientTodoStorage","messageBody":"Implement client todo storage","fileTypesAndContributionMap":{}},{"hash":"449f7aa25e4f37985a02b7ae86a8003f445575d1","isMergeCommit":false,"messageTitle":"Add User Guide for user","messageBody":"","fileTypesAndContributionMap":{"functional-code":{"insertions":13,"deletions":13},"docs":{"insertions":52,"deletions":0}}},{"hash":"729b51941f40ae6e2ae794e88a36d668d5b3482b","isMergeCommit":false,"messageTitle":"Fix checkstyle errors","messageBody":"","fileTypesAndContributionMap":{"functional-code":{"insertions":7,"deletions":3}}},{"hash":"c5ceddacd76240c80c563a93d9f1d9b67e329abd","isMergeCommit":true,"messageTitle":"Merge pull request #65 from EggsKay/branch-UserGuideUser","messageBody":"Add User Guide for user","fileTypesAndContributionMap":{}},{"hash":"05c596990f0ca3430b8381ff3ef78e136bff5bfd","isMergeCommit":false,"messageTitle":"Update Developer Guide","messageBody":"","fileTypesAndContributionMap":{"docs":{"insertions":56,"deletions":45}}},{"hash":"057a3c45a274f740d30fbb4de3387c3d715bf835","isMergeCommit":true,"messageTitle":"Merge pull request #67 from EggsKay/branch-DeveloperGuide","messageBody":"Update Developer Guide","fileTypesAndContributionMap":{}},{"hash":"0e0355f9e5b2e19468744e1352ab88c73aeaf15d","isMergeCommit":false,"messageTitle":"Fix table issues","messageBody":"","fileTypesAndContributionMap":{"docs":{"insertions":9,"deletions":3}}},{"hash":"63fbbca0b3144e4bb6625943f807db853b7a8a3c","isMergeCommit":true,"messageTitle":"Merge pull request #71 from EggsKay/branch_DGRepair","messageBody":"Fix table issues","fileTypesAndContributionMap":{}},{"hash":"014b043cb0f92660fa1fa3f998fe2b056c4a4710","isMergeCommit":false,"messageTitle":"Fix project name from FinancialProPlus to FinanceProPlus","messageBody":"","fileTypesAndContributionMap":{"docs":{"insertions":1,"deletions":1}}}]},{"date":"2025-10-31T00:00:00","commitResults":[{"hash":"2dcf842bafde232a1086748d586ca6bdc52e83a5","isMergeCommit":false,"messageTitle":"Update PPP","messageBody":"","fileTypesAndContributionMap":{"docs":{"insertions":95,"deletions":3}}},{"hash":"1f85f47fe76536aa89ac24f5e915542fd4bb0fcc","isMergeCommit":true,"messageTitle":"Merge pull request #78 from EggsKay/branch-XKPPP","messageBody":"Update PPP","fileTypesAndContributionMap":{}}]},{"date":"2025-11-02T00:00:00","commitResults":[{"hash":"dc75658c3092a8843ee43c74874993daaedafa7f","isMergeCommit":false,"messageTitle":"Remove user delete for edit feature","messageBody":"","fileTypesAndContributionMap":{"functional-code":{"insertions":58,"deletions":5}}},{"hash":"6b4c7e3b469a542a51d2aa68a12ed39241da0e0c","isMergeCommit":false,"messageTitle":"Include email verification","messageBody":"","fileTypesAndContributionMap":{"functional-code":{"insertions":9,"deletions":0}}},{"hash":"56ac0c3473837ad7f850b50b1bd670d1c8b817ec","isMergeCommit":false,"messageTitle":"Fix checkstlye errors","messageBody":"","fileTypesAndContributionMap":{"functional-code":{"insertions":3,"deletions":1}}},{"hash":"35005be1077b7ad1d964ba1b48953530a0f98957","isMergeCommit":false,"messageTitle":"Fix JUnit tests","messageBody":"","fileTypesAndContributionMap":{"test-code":{"insertions":1,"deletions":8}}},{"hash":"29edef337e9c1dcf1973af3a19cbbcb36843b8a4","isMergeCommit":false,"messageTitle":"Fix JUnit tests","messageBody":"","fileTypesAndContributionMap":{"test-code":{"insertions":1,"deletions":1}}},{"hash":"8205587d028369ec7f976f4b02207835bb5a7c87","isMergeCommit":true,"messageTitle":"Merge pull request #123 from EggsKay/branch-UserEdit","messageBody":"[Bug Fixes] Fix User bugs","fileTypesAndContributionMap":{}},{"hash":"b68f536d067fac1dc22b23fa1411daca6ecf32d0","isMergeCommit":false,"messageTitle":"Fixed UG DG bugs","messageBody":"","fileTypesAndContributionMap":{"docs":{"insertions":48,"deletions":55}}},{"hash":"99a8af0949c7a6749c3b4a78d8ad013df3d47d11","isMergeCommit":false,"messageTitle":"Fix more UG DG bugs","messageBody":"","fileTypesAndContributionMap":{"docs":{"insertions":5,"deletions":5}}},{"hash":"4e5405ae46a09445340fbd97add023300644e1f2","isMergeCommit":true,"messageTitle":"Merge pull request #125 from EggsKay/branch-UserUserGuideUpdate","messageBody":"[Bug Fixes]Branch user user guide update","fileTypesAndContributionMap":{}},{"hash":"7a7a9d953f15b75d2d4e3148a48e455b70240c87","isMergeCommit":false,"messageTitle":"Detect duplicate client","messageBody":"","fileTypesAndContributionMap":{"functional-code":{"insertions":18,"deletions":1}}},{"hash":"0fafcf508edd443b0daed70408ae595820812a64","isMergeCommit":false,"messageTitle":"Storage for client policies","messageBody":"","fileTypesAndContributionMap":{"functional-code":{"insertions":98,"deletions":14}}},{"hash":"aa5c0bef1e4b160e185e9167fdf4b515d226c2f0","isMergeCommit":true,"messageTitle":"Merge pull request #126 from EggsKay/branch-UpdateStorage","messageBody":"[Bug Fixes] Client policy storage","fileTypesAndContributionMap":{}}]},{"date":"2025-11-03T00:00:00","commitResults":[{"hash":"49399ceef6de7b21b0076b936f9efbc557947272","isMergeCommit":false,"messageTitle":"Improve JUnit coverage","messageBody":"","fileTypesAndContributionMap":{"functional-code":{"insertions":1,"deletions":20},"test-code":{"insertions":421,"deletions":7}}},{"hash":"ce5715df62909a84326bdac885651f819eb70bda","isMergeCommit":false,"messageTitle":"Fix checkstyle errors","messageBody":"","fileTypesAndContributionMap":{"test-code":{"insertions":20,"deletions":4}}},{"hash":"b59556bec3c117f359df66d9c5b181e41d43a381","isMergeCommit":false,"messageTitle":"Fix checkstyle errors","messageBody":"","fileTypesAndContributionMap":{"test-code":{"insertions":3,"deletions":1}}},{"hash":"902b4eb9e3db84cbf13aa54b4cb1913bca68a887","isMergeCommit":true,"messageTitle":"Merge pull request #130 from EggsKay/branch-JUint","messageBody":"Improve JUnit coverage","fileTypesAndContributionMap":{}},{"hash":"0af56fa984eb079cb771f5300df6f79909cb8b09","isMergeCommit":false,"messageTitle":"Code Quality improvements","messageBody":"","fileTypesAndContributionMap":{"functional-code":{"insertions":59,"deletions":14}}},{"hash":"34ec516edf096d9f4322377092752353b83792f4","isMergeCommit":true,"messageTitle":"Merge pull request #134 from EggsKay/branch-XKCodeQuality","messageBody":"Code Quality improvements","fileTypesAndContributionMap":{}},{"hash":"86974d72d909cef2110ee29fd5e3362f7e698c69","isMergeCommit":false,"messageTitle":"Enforce 8 digit contact","messageBody":"","fileTypesAndContributionMap":{"functional-code":{"insertions":23,"deletions":13}}},{"hash":"cb5154720229574f022bd882bf366a4c25867f09","isMergeCommit":true,"messageTitle":"Merge pull request #136 from EggsKay/branch-UserContact","messageBody":"[Bug Fix] User contact number","fileTypesAndContributionMap":{}},{"hash":"6aeada26ca6308238cab88d2aaf4ad3af7efd43a","isMergeCommit":false,"messageTitle":"Update PPP","messageBody":"","fileTypesAndContributionMap":{"functional-code":{"insertions":0,"deletions":3},"docs":{"insertions":15,"deletions":20}}},{"hash":"f45d69be46b1700b4fb38f38eb338e37070d4a08","isMergeCommit":true,"messageTitle":"Merge pull request #140 from EggsKay/branch-PPPUpdate","messageBody":"Update XK\u0027s PPP ","fileTypesAndContributionMap":{}}]},{"date":"2025-11-04T00:00:00","commitResults":[{"hash":"2ca3330ecdeee4af0552fbb63463e6d2ea44d8a8","isMergeCommit":false,"messageTitle":"Include : to Sequence diagram","messageBody":"","fileTypesAndContributionMap":{"docs":{"insertions":22,"deletions":16}}},{"hash":"59b982df82ee7dc0dbb4046e48c7b811a06f3ad8","isMergeCommit":false,"messageTitle":"Update Storage images","messageBody":"","fileTypesAndContributionMap":{"docs":{"insertions":2,"deletions":2}}},{"hash":"a1cf36eeda75968bc516e61ea8e49bd714664f28","isMergeCommit":true,"messageTitle":"Merge pull request #150 from EggsKay/branch-DGupdate","messageBody":"[Bug Fixes]Include : to Sequence diagram","fileTypesAndContributionMap":{}},{"hash":"a0aca991780478c03b20f8cac2c3d0509721582b","isMergeCommit":false,"messageTitle":"Update DG","messageBody":"","fileTypesAndContributionMap":{"docs":{"insertions":17,"deletions":14}}},{"hash":"238e85ca5bd77d09174afe6015a5884b00487cbd","isMergeCommit":true,"messageTitle":"Merge pull request #152 from EggsKay/branch-DG","messageBody":"[DG]Update DG to include client policy","fileTypesAndContributionMap":{}},{"hash":"08f13d52f8be4b4dcc1973cec7eca14e23ba387e","isMergeCommit":false,"messageTitle":"Reduce PPP pages","messageBody":"","fileTypesAndContributionMap":{"docs":{"insertions":6,"deletions":20}}},{"hash":"25be59ecaef508bfbc325233089c5368ec981ac2","isMergeCommit":true,"messageTitle":"Merge pull request #153 from EggsKay/XK-PPP","messageBody":"[PPP] Reduce length of XK\u0027s PPP","fileTypesAndContributionMap":{}},{"hash":"1bfaa9d29e7f4f52e65e25b6a6749e5e7ab2fa2e","isMergeCommit":false,"messageTitle":"Reduce PPP length","messageBody":"","fileTypesAndContributionMap":{"docs":{"insertions":3,"deletions":7}}},{"hash":"4fefec3ae9243916f1265110f578ad2c358c20c2","isMergeCommit":true,"messageTitle":"Merge pull request #156 from EggsKay/XK-PPPupdate","messageBody":"[PPP]Reduce PPP length","fileTypesAndContributionMap":{}}]}]},"authorFileTypeContributionMap":{"abefqy":{"docs":407,"functional-code":617,"test-code":1099},"ZT712002":{"docs":1119,"functional-code":1554,"test-code":1843,"other":2},"andrewcai8":{"docs":751,"functional-code":574,"test-code":619},"EggsKay":{"docs":387,"functional-code":860,"test-code":509}},"authorContributionVariance":{"abefqy":42571.375,"ZT712002":111051.414,"andrewcai8":19274.893,"EggsKay":22790.271},"authorDisplayNameMap":{"abefqy":"CS2113-W12-2 ABE .. YIN","ZT712002":"CS2113-W12-2 TAN ..NDEN","andrewcai8":"CS2113-W12-2 CAI ..NGZE","EggsKay":"CS2113-W12-2 ONG .. KAI"}}
