{"authorDailyContributionsMap":{"abefqy":[{"date":"2025-10-01T00:00:00","commitResults":[{"hash":"bca80685f43a684fcb4cb4fe5f2e2f2ad527f95c","isMergeCommit":false,"messageTitle":"Edited AboutUs and added Github link","messageBody":"","fileTypesAndContributionMap":{"docs":{"insertions":4,"deletions":7}}},{"hash":"873e1a213c166ed4bfacdf0f75bf7511e93f141a","isMergeCommit":false,"messageTitle":"Edited AboutUs and added Github link","messageBody":"","fileTypesAndContributionMap":{"docs":{"insertions":0,"deletions":0}}},{"hash":"8f069e48af8c976c8c96b6d01bd0cb08a6cea5b6","isMergeCommit":true,"messageTitle":"Merge branch \u0027master\u0027 into Abe-AboutUs-branch","messageBody":"","fileTypesAndContributionMap":{}},{"hash":"86e7ee5081a042ab931564d59860327adb51160c","isMergeCommit":true,"messageTitle":"Merge pull request #4 from abefqy/Abe-AboutUs-branch","messageBody":"Edited AboutUs and added Github link","fileTypesAndContributionMap":{}}]},{"date":"2025-10-10T00:00:00","commitResults":[{"hash":"4cf3562e66d0381c604150bfce7943cf9fb9de63","isMergeCommit":true,"messageTitle":"Merge branch \u0027master\u0027 of https://github.com/abefqy/tp","messageBody":"","fileTypesAndContributionMap":{}}]},{"date":"2025-10-13T00:00:00","commitResults":[{"hash":"e0c98c91c2b994174698aedfb7c2ef7452803d23","isMergeCommit":true,"messageTitle":"Merge branch \u0027master\u0027 of https://github.com/abefqy/tp","messageBody":"","fileTypesAndContributionMap":{}},{"hash":"f138bafe525df08bcf6965d2668ca0b4d63b4c74","isMergeCommit":false,"messageTitle":"Implemented Meeting class","messageBody":"","fileTypesAndContributionMap":{"functional-code":{"insertions":140,"deletions":10},"docs":{"insertions":7,"deletions":2}}}]},{"date":"2025-10-14T00:00:00","commitResults":[{"hash":"584fd20f8f9cab899d5f425d9f75499e8d56a36e","isMergeCommit":true,"messageTitle":"Merge pull request #23 from abefqy/Abe-MeetingClass","messageBody":"[Featureset for V1 .0] CRD Meeting Class","fileTypesAndContributionMap":{}}]}],"ZT712002":[{"date":"2025-10-01T00:00:00","commitResults":[{"hash":"8b49f7ffd02977b95917264e183b25a628dfe62e","isMergeCommit":false,"messageTitle":"Add Zenden Details","messageBody":"","fileTypesAndContributionMap":{"docs":{"insertions":12,"deletions":5}}},{"hash":"10b6853f079a733594a763d6e05fed7823ef7a6b","isMergeCommit":false,"messageTitle":"Rename File Names","messageBody":"","fileTypesAndContributionMap":{"docs":{"insertions":1,"deletions":1}}},{"hash":"de575c662324ec033a1ef82aae27f647fef0a311","isMergeCommit":false,"messageTitle":"Fix hyperlink","messageBody":"","fileTypesAndContributionMap":{"docs":{"insertions":1,"deletions":1}}},{"hash":"e9292e15407747ab2629c1d2d4db5a9fb6e5b5fb","isMergeCommit":true,"messageTitle":"Merge pull request #1 from ZT712002/Zenden-AboutUs","messageBody":"[PR] Add my own details","fileTypesAndContributionMap":{}}]},{"date":"2025-10-02T00:00:00","commitResults":[{"hash":"4f855899407ebbe368848c59040740c51b0b5b3a","isMergeCommit":false,"messageTitle":"Add class files","messageBody":"","fileTypesAndContributionMap":{"functional-code":{"insertions":93,"deletions":0}}}]},{"date":"2025-10-03T00:00:00","commitResults":[{"hash":"43599d4224b724f885906202e72c9f279d86efa1","isMergeCommit":false,"messageTitle":"Rename duke class and added Ui class","messageBody":"","fileTypesAndContributionMap":{"functional-code":{"insertions":62,"deletions":0},"other":{"insertions":1,"deletions":1}}},{"hash":"8f28aa530ec92180636d0a3c2674dc1f6e544bd0","isMergeCommit":false,"messageTitle":"Add constructor for FPP","messageBody":"","fileTypesAndContributionMap":{"functional-code":{"insertions":21,"deletions":7}}},{"hash":"eb5b3d853c3048d06e87192e56c2947b4598b1f3","isMergeCommit":false,"messageTitle":"Add Command And Parser Class","messageBody":"","fileTypesAndContributionMap":{"functional-code":{"insertions":24,"deletions":11}}},{"hash":"1771e77bf204306885ca6c169d11bbee30e93288","isMergeCommit":false,"messageTitle":"Add custom exception","messageBody":"","fileTypesAndContributionMap":{"functional-code":{"insertions":41,"deletions":6}}},{"hash":"959684eb16f0319e9ee83388b0002bb03e535faf","isMergeCommit":false,"messageTitle":"Add command,lookup table and parser","messageBody":"Added commands with child classes to abstract away multiple classes so\nwhen teammates implement their own classes is easier. Same thing with\nParser. For LookUptable, I realised a generic execute command can take\nin a hashmap and then depending on which class, or type of parser it\nwill use whichever list it needs to modify respectively.\n","fileTypesAndContributionMap":{"functional-code":{"insertions":130,"deletions":17}}},{"hash":"e0f4aa738282131e8126e7a80d68d9476f937005","isMergeCommit":false,"messageTitle":"Add ListContainer Interface","messageBody":"","fileTypesAndContributionMap":{"functional-code":{"insertions":36,"deletions":22}}}]},{"date":"2025-10-04T00:00:00","commitResults":[{"hash":"438de03f769cc0e2ebaffdb72c06ce0c2c8bc1a7","isMergeCommit":false,"messageTitle":"Add exit Command","messageBody":"","fileTypesAndContributionMap":{"functional-code":{"insertions":16,"deletions":43},"other":{"insertions":1,"deletions":1}}},{"hash":"2e2b4307b1ac17b732b3e1bec68a4bc2d2120ddc","isMergeCommit":false,"messageTitle":"Add error check","messageBody":"","fileTypesAndContributionMap":{"functional-code":{"insertions":11,"deletions":6}}},{"hash":"fb2f9abec96a52e3829d514c1db02ec023ff293e","isMergeCommit":false,"messageTitle":"Add subclass enum","messageBody":"","fileTypesAndContributionMap":{"functional-code":{"insertions":57,"deletions":3}}},{"hash":"2ebb638251e66b434a18100f4d355f6f0d6020e1","isMergeCommit":false,"messageTitle":"Add Add command done","messageBody":"","fileTypesAndContributionMap":{"functional-code":{"insertions":131,"deletions":55}}}]},{"date":"2025-10-05T00:00:00","commitResults":[{"hash":"ce9e9a91879736764b363a607da15218d33b24db","isMergeCommit":false,"messageTitle":"Add toString Method for policy","messageBody":"","fileTypesAndContributionMap":{"functional-code":{"insertions":17,"deletions":3}}},{"hash":"ed662e204097bd2069f75eda59d24f8b02373e36","isMergeCommit":false,"messageTitle":"Fix Default Case in ClientParser","messageBody":"","fileTypesAndContributionMap":{"functional-code":{"insertions":36,"deletions":7}}},{"hash":"95f5fa0a015b0db58cf0dcc4d33cca501f639488","isMergeCommit":false,"messageTitle":"Add list comamand for client","messageBody":"","fileTypesAndContributionMap":{"functional-code":{"insertions":57,"deletions":4}}},{"hash":"ed5ce7672e156c59281979e2e6b32aba7fffd0f2","isMergeCommit":false,"messageTitle":"Add error handler for not implemented methods","messageBody":"","fileTypesAndContributionMap":{"functional-code":{"insertions":12,"deletions":12}}},{"hash":"e34e2d7ac154b27a906b6cdbbf8f265a66fbeacd","isMergeCommit":false,"messageTitle":"Add delete command","messageBody":"","fileTypesAndContributionMap":{"functional-code":{"insertions":45,"deletions":4}}},{"hash":"340a0d58c91a0fd8b07d9ea405f244ea0fd33e6b","isMergeCommit":false,"messageTitle":"Refactor code to comply with Code Quality","messageBody":"","fileTypesAndContributionMap":{"functional-code":{"insertions":15,"deletions":35}}},{"hash":"8e86ce353665c7ab5c45eaf4a336e7d5d3e2d3a3","isMergeCommit":false,"messageTitle":"Add import statements","messageBody":"","fileTypesAndContributionMap":{"functional-code":{"insertions":22,"deletions":6}}},{"hash":"69c13e406a43937eba8e7d497ebd87f38a9237e8","isMergeCommit":false,"messageTitle":"Add IO test","messageBody":"","fileTypesAndContributionMap":{"functional-code":{"insertions":5,"deletions":0}}},{"hash":"9b87f618f86f23deb66b0172baa1a7383a415c1d","isMergeCommit":false,"messageTitle":"Remove welcome message","messageBody":"","fileTypesAndContributionMap":{"functional-code":{"insertions":1,"deletions":7}}},{"hash":"58bf5cccfb6a4dfa26fb408733b4d36313607ed8","isMergeCommit":false,"messageTitle":"Fix whitespace error","messageBody":"","fileTypesAndContributionMap":{"functional-code":{"insertions":4,"deletions":1}}}]},{"date":"2025-10-09T00:00:00","commitResults":[{"hash":"8ff530fd803a3ca6c4e87e5d7b87d8b47eac75d6","isMergeCommit":true,"messageTitle":"Merge pull request #16 from ZT712002/Zenden-Clientclass","messageBody":"[Featureset for V1 .0] CRD Client Class, List functionality for Client Class","fileTypesAndContributionMap":{}}]},{"date":"2025-10-10T00:00:00","commitResults":[{"hash":"12d5ad9431649ddfc37909e92913e9345156ce3e","isMergeCommit":false,"messageTitle":"Add ClientParser tests","messageBody":"","fileTypesAndContributionMap":{"test-code":{"insertions":120,"deletions":0}}},{"hash":"193701307a7958afaa30be8bc2d046c14da8150f","isMergeCommit":false,"messageTitle":"Add ListParser tests","messageBody":"","fileTypesAndContributionMap":{"test-code":{"insertions":69,"deletions":4}}}]},{"date":"2025-10-11T00:00:00","commitResults":[{"hash":"e1b95a8a83cad5426178f921df0ba9dbe6c03132","isMergeCommit":true,"messageTitle":"Merge pull request #17 from ZT712002/Zenden-ClientTests","messageBody":"[PR for V1.0] JUnits Tests for Parser Classes","fileTypesAndContributionMap":{}}]}],"andrewcai8":[{"date":"2025-10-01T00:00:00","commitResults":[{"hash":"61a664eaa608630e0b8ef1235fc79bd1ce67f957","isMergeCommit":false,"messageTitle":"update about us and andrew cai portfolio","messageBody":"","fileTypesAndContributionMap":{"docs":{"insertions":8,"deletions":7}}},{"hash":"747eded738d1273ef86c104274308fa7e74cd02a","isMergeCommit":true,"messageTitle":"Merge branch \u0027master\u0027 into andrew-AboutUs","messageBody":"","fileTypesAndContributionMap":{}},{"hash":"d75b2e308d2df9049f8db48ed6d750a4be183fba","isMergeCommit":true,"messageTitle":"Merge pull request #3 from andrewcai8/andrew-AboutUs","messageBody":"update about us and andrew cai portfolio","fileTypesAndContributionMap":{}},{"hash":"f7c61e9464da0c6fc26265417c57de7b5a5be3da","isMergeCommit":false,"messageTitle":"update portfolio name to github username","messageBody":"","fileTypesAndContributionMap":{"docs":{"insertions":0,"deletions":0}}},{"hash":"1b2429cb1ddbbe2550e9dada4271469470b15a78","isMergeCommit":false,"messageTitle":"update portfolio name to github username","messageBody":"","fileTypesAndContributionMap":{"docs":{"insertions":1,"deletions":1}}},{"hash":"2dafc875d92d4cddc87316dde01b7f9f89228332","isMergeCommit":true,"messageTitle":"update portfolio name to github username","messageBody":"","fileTypesAndContributionMap":{}},{"hash":"2921a3d2076ca479ff9ddae187d204695915f62b","isMergeCommit":true,"messageTitle":"Merge pull request #5 from andrewcai8/andrew-AboutUs","messageBody":"Andrew about us","fileTypesAndContributionMap":{}}]},{"date":"2025-10-12T00:00:00","commitResults":[{"hash":"f92d19860242a6a8f417da255db2b8ee818042a5","isMergeCommit":false,"messageTitle":"add welcome message to assist user","messageBody":"","fileTypesAndContributionMap":{"functional-code":{"insertions":12,"deletions":0}}},{"hash":"128c530d2d2088e00c64a97c3c27e6d7590cb715","isMergeCommit":false,"messageTitle":"updated welcome message to include policy","messageBody":"","fileTypesAndContributionMap":{"functional-code":{"insertions":5,"deletions":4}}},{"hash":"a02ec7efade38c450791eb3d4a645aaf140ed538","isMergeCommit":false,"messageTitle":"add policy command into parser","messageBody":"","fileTypesAndContributionMap":{"functional-code":{"insertions":2,"deletions":0}}},{"hash":"ff6c14e9128391405366885d7a67403fdd4e6e65","isMergeCommit":false,"messageTitle":"add policy and policy list class","messageBody":"","fileTypesAndContributionMap":{"functional-code":{"insertions":87,"deletions":7}}},{"hash":"3f913a1172b39a14d52d77a7134082fde4494688","isMergeCommit":false,"messageTitle":"add policy command parser","messageBody":"","fileTypesAndContributionMap":{"functional-code":{"insertions":36,"deletions":0}}},{"hash":"7371c19df0d06fde216ceae95b80273cdbe5c3ee","isMergeCommit":false,"messageTitle":"add junit tests for policy","messageBody":"","fileTypesAndContributionMap":{"test-code":{"insertions":85,"deletions":0}}}]},{"date":"2025-10-14T00:00:00","commitResults":[{"hash":"3dcb9a9441f15cfb85a730024d66d1591e09b3a2","isMergeCommit":true,"messageTitle":"Merge branch \u0027master\u0027 into andrew-policy","messageBody":"","fileTypesAndContributionMap":{}},{"hash":"3659f1e82ebd68fd25267b733127137f35d839d0","isMergeCommit":true,"messageTitle":"Merge pull request #20 from andrewcai8/andrew-policy","messageBody":"merge policy command implementations into main","fileTypesAndContributionMap":{}}]}],"EggsKay":[{"date":"2025-10-01T00:00:00","commitResults":[{"hash":"0b4af2350ba23099415c4a65e6149711df9f24ff","isMergeCommit":false,"messageTitle":"Add profile","messageBody":"","fileTypesAndContributionMap":{"docs":{"insertions":5,"deletions":7}}},{"hash":"5b061582f1c62eaae90cd984f55d412c07457db2","isMergeCommit":false,"messageTitle":"Fix merge confilcts","messageBody":"","fileTypesAndContributionMap":{"docs":{"insertions":4,"deletions":3}}},{"hash":"b350ba45fcf2a8322b16c62ab866fd8032828374","isMergeCommit":true,"messageTitle":"Merge branch \u0027master\u0027 into XiangKai-AboutUs","messageBody":"","fileTypesAndContributionMap":{}},{"hash":"006d31a9c2768b89eb520a3039956460530a1fab","isMergeCommit":true,"messageTitle":"Merge pull request #2 from EggsKay/XiangKai-AboutUs","messageBody":"Add Profile and GitHub link ","fileTypesAndContributionMap":{}}]},{"date":"2025-10-10T00:00:00","commitResults":[{"hash":"50001a480ce8a63d35af78b30187ec06ac008f18","isMergeCommit":false,"messageTitle":"Resolve merge conflicts","messageBody":"# Conflicts:\n#\tdocs/AboutUs.md\n#\tdocs/team/eggskay.md\n","fileTypesAndContributionMap":{"docs":{"insertions":7,"deletions":4}}}]},{"date":"2025-10-11T00:00:00","commitResults":[{"hash":"99aaf94926da7bb9d0f985e604e7979d580c2b54","isMergeCommit":false,"messageTitle":"Implement User class","messageBody":"","fileTypesAndContributionMap":{"functional-code":{"insertions":155,"deletions":3}}},{"hash":"91f14bb64c15cbc8482d96e8bbbb8202168c17bd","isMergeCommit":false,"messageTitle":"Resolved checkstyle errors","messageBody":"","fileTypesAndContributionMap":{"functional-code":{"insertions":14,"deletions":6}}}]},{"date":"2025-10-12T00:00:00","commitResults":[{"hash":"aea54c099fd9136e2cbef6629b15d668ac076bb0","isMergeCommit":true,"messageTitle":"Merge pull request #18 from EggsKay/branch-AddUser","messageBody":"[Featureset for V1 .0] CRD User Class, View functionality for User Class","fileTypesAndContributionMap":{}}]}]},"authorFileTypeContributionMap":{"abefqy":{"docs":8,"functional-code":140,"test-code":0},"ZT712002":{"docs":7,"functional-code":580,"test-code":185,"other":1},"andrewcai8":{"docs":5,"functional-code":138,"test-code":85},"EggsKay":{"docs":8,"functional-code":163,"test-code":0}},"authorContributionVariance":{"abefqy":934.2485,"ZT712002":12134.797,"andrewcai8":2093.54,"EggsKay":1173.1538},"authorDisplayNameMap":{"abefqy":"CS2113-W12-2 ABE .. YIN","ZT712002":"CS2113-W12-2 TAN ..NDEN","andrewcai8":"CS2113-W12-2 CAI ..NGZE","EggsKay":"CS2113-W12-2 ONG .. KAI"}}
