{"authorDailyContributionsMap":{"duckyfuz":[{"date":"2025-10-01T00:00:00","commitResults":[{"hash":"623d93eca3ce510e1421c240837fad04df030e04","isMergeCommit":false,"messageTitle":"Update AboutUs file","messageBody":"","fileTypesAndContributionMap":{"docs":{"insertions":1,"deletions":5}}},{"hash":"860e27f33abbea92b3f8b2a5010e03ed544729b8","isMergeCommit":true,"messageTitle":"Merge pull request #5 from noellethen/Noelle-AboutUs","messageBody":"Update AboutUs (Noelle)","fileTypesAndContributionMap":{}},{"hash":"82004b0d1d4fee35745a475169fbc466137ceb35","isMergeCommit":true,"messageTitle":"Merge branch \u0027master\u0027 of github.com:AY2526S1-CS2113-W12-4/tp into Kenneth-AboutUs","messageBody":"","fileTypesAndContributionMap":{}}]},{"date":"2025-10-06T00:00:00","commitResults":[{"hash":"4eace9f0e73f73e3a9d2ade1066191113bfd8582","isMergeCommit":false,"messageTitle":"Create UI class","messageBody":"","fileTypesAndContributionMap":{"functional-code":{"insertions":55,"deletions":0}}},{"hash":"65518fdb631913bbcfb53e41aff6482598876a8c","isMergeCommit":false,"messageTitle":"Rename Duke to FinTrack and handle command loop using UI class","messageBody":"","fileTypesAndContributionMap":{"functional-code":{"insertions":20,"deletions":21}}},{"hash":"7987f10d19519ed04425277dba0e084076fed6d1","isMergeCommit":false,"messageTitle":"Fix tests to handle namechange to FinTrack","messageBody":"","fileTypesAndContributionMap":{"functional-code":{"insertions":1,"deletions":1},"other":{"insertions":4,"deletions":4}}},{"hash":"2b111ac1c54e6f741354aa8e98f6b1ec4c016b4f","isMergeCommit":false,"messageTitle":"Remove unused import","messageBody":"","fileTypesAndContributionMap":{"functional-code":{"insertions":0,"deletions":2}}},{"hash":"77ca430cb8b99dc0977ca878ee9c098ffd05b8ba","isMergeCommit":false,"messageTitle":"Refactor to follow class declaration order","messageBody":"","fileTypesAndContributionMap":{"functional-code":{"insertions":4,"deletions":4}}},{"hash":"f4ed1fe157586c89106a15d2883f0c577f155593","isMergeCommit":false,"messageTitle":"Create deleteExpense and deleteIncome methods","messageBody":"","fileTypesAndContributionMap":{"functional-code":{"insertions":26,"deletions":0}}},{"hash":"a2166b08fd8d71f87b8bdc47a89e3380f288d390","isMergeCommit":false,"messageTitle":"Upgrade parser for deletion by throwing with different error messages","messageBody":"","fileTypesAndContributionMap":{"functional-code":{"insertions":34,"deletions":10}}},{"hash":"08de585aa17f0c1fa3af0d0b15b87cbc83a7f8ae","isMergeCommit":false,"messageTitle":"Create Ui text for deletion operations","messageBody":"","fileTypesAndContributionMap":{"functional-code":{"insertions":20,"deletions":0}}},{"hash":"405cf084f530c02650cb3e4a2fd6db4dc48f1358","isMergeCommit":false,"messageTitle":"handle delete commands in FinTrack command loop","messageBody":"","fileTypesAndContributionMap":{"functional-code":{"insertions":8,"deletions":6}}}]},{"date":"2025-10-08T00:00:00","commitResults":[{"hash":"00ec1cd3293be43948942d3d1cebe55b8eb8312c","isMergeCommit":false,"messageTitle":"Create tests for FinanceManager","messageBody":"","fileTypesAndContributionMap":{"test-code":{"insertions":291,"deletions":0}}},{"hash":"48852a8142c55c27325f241fab82bfb8da252fed","isMergeCommit":false,"messageTitle":"Resolve linting errors","messageBody":"","fileTypesAndContributionMap":{"test-code":{"insertions":1,"deletions":2}}},{"hash":"37a056afd151e05b3094f22de6f59e4b0c294d7c","isMergeCommit":true,"messageTitle":"Merge pull request #39 from goodguyryan/TestModel-Branch","messageBody":"","fileTypesAndContributionMap":{}}]},{"date":"2025-10-12T00:00:00","commitResults":[{"hash":"78cb8eabb37aa06f296247442d4769fd2e4d3fa5","isMergeCommit":true,"messageTitle":"Merge pull request #47 from JordanTwz/User-Guide","messageBody":"Update User Guide for v1.0","fileTypesAndContributionMap":{}},{"hash":"429fb9877c130ea8725a5f9178fe80c297f7c3ad","isMergeCommit":false,"messageTitle":"Create assertions for Expense/Income class","messageBody":"","fileTypesAndContributionMap":{"functional-code":{"insertions":6,"deletions":0}}},{"hash":"7e5495a76fd63a6f7271e4582617e055aae80c30","isMergeCommit":false,"messageTitle":"Add logger for invalid values","messageBody":"","fileTypesAndContributionMap":{"functional-code":{"insertions":36,"deletions":0}}},{"hash":"2fd6f8b224563b9995d71310a55de6ba86f6cd29","isMergeCommit":false,"messageTitle":"Set expense description to null if description isBlank","messageBody":"","fileTypesAndContributionMap":{"functional-code":{"insertions":1,"deletions":1}}},{"hash":"04069c7697045db480d1713f42ec79cfcb6a48a8","isMergeCommit":false,"messageTitle":"Update test to disallow expense with value of 0","messageBody":"","fileTypesAndContributionMap":{"test-code":{"insertions":2,"deletions":2}}},{"hash":"6660e0e45db04f60fb1a2ed16075a545201ee144","isMergeCommit":false,"messageTitle":"Update test to accept null on empty description","messageBody":"","fileTypesAndContributionMap":{"test-code":{"insertions":1,"deletions":1}}},{"hash":"01a0a1c81be6fa6f6075a42cff433d5c6d7fba0c","isMergeCommit":true,"messageTitle":"Merge branch \u0027master\u0027 into Add-assertions-and-logging-for-ExpenceAndIncome","messageBody":"","fileTypesAndContributionMap":{}}]},{"date":"2025-10-13T00:00:00","commitResults":[{"hash":"577491b273a4caa9b1b2c1beaa5db53d3ddfe6a5","isMergeCommit":true,"messageTitle":"Merge pull request #53 from sanjay-shiva-kumar/branch-Add-assertions-logging-and-exceptions-to-ExpenseList","messageBody":"Add assertions, logging and exceptions to expense list","tags":["v1.0"],"fileTypesAndContributionMap":{}}]},{"date":"2025-10-18T00:00:00","commitResults":[{"hash":"33e7bee5f4ad4e1afb8360b5a8543926b11347dd","isMergeCommit":true,"messageTitle":"Merge pull request #60 from goodguyryan/Category-Branch","messageBody":"Add Categories","fileTypesAndContributionMap":{}}]},{"date":"2025-10-20T00:00:00","commitResults":[{"hash":"d70009c6e98dfb8f7f524abe7a31876629efbf9f","isMergeCommit":false,"messageTitle":"Add new feature to modify existing entries","messageBody":"","fileTypesAndContributionMap":{"functional-code":{"insertions":193,"deletions":0}}},{"hash":"405e5a8b04856a6dcf3e51af91e3cba36fb10da2","isMergeCommit":false,"messageTitle":"Format properly with line break","messageBody":"","fileTypesAndContributionMap":{"functional-code":{"insertions":12,"deletions":4}}},{"hash":"643186ca08d8a1173d2ca5f54e5f8ad299be05f9","isMergeCommit":false,"messageTitle":"Create junit test for new modify commands","messageBody":"","fileTypesAndContributionMap":{"test-code":{"insertions":179,"deletions":0}}},{"hash":"a29935eee5ce7eb2753e034940fff68dd473b433","isMergeCommit":false,"messageTitle":"Remove line break for formatting","messageBody":"","fileTypesAndContributionMap":{"test-code":{"insertions":0,"deletions":1}}},{"hash":"299dee61469b5ea2f13ea5a22b98821fd7103509","isMergeCommit":false,"messageTitle":"Remove incorrectly placed javadoc","messageBody":"","fileTypesAndContributionMap":{"test-code":{"insertions":0,"deletions":4}}},{"hash":"29c8d22bc509210c5091c41a7ffc39eaeb6ca1eb","isMergeCommit":false,"messageTitle":"Readd removed javadoc","messageBody":"","fileTypesAndContributionMap":{"test-code":{"insertions":4,"deletions":0}}}]},{"date":"2025-10-21T00:00:00","commitResults":[{"hash":"e0efc22061cf71d0f83603bd40fb775e1c41e8b2","isMergeCommit":true,"messageTitle":"Merge pull request #70 from JordanTwz/argument-bug-fix","messageBody":"Enforce strict argument checks for zero-argument commands","fileTypesAndContributionMap":{}},{"hash":"4b942db586ae83e182177b1fbc55461ff3a34c18","isMergeCommit":false,"messageTitle":"Add export function to csv file","messageBody":"","fileTypesAndContributionMap":{"functional-code":{"insertions":120,"deletions":0}}},{"hash":"fddcbc79fc98794721ef24b6e1f7c1eae83eeef5","isMergeCommit":false,"messageTitle":"Allow exports to home dir","messageBody":"","fileTypesAndContributionMap":{"functional-code":{"insertions":36,"deletions":2}}},{"hash":"9f6ef32e5a2c13a95bc0c9b479e0a0060353579d","isMergeCommit":false,"messageTitle":"Resolve linting errors","messageBody":"","fileTypesAndContributionMap":{"functional-code":{"insertions":8,"deletions":3}}},{"hash":"6bebc8f075d2f9409071343884380571946dc882","isMergeCommit":false,"messageTitle":"Fix redirection test","messageBody":"","fileTypesAndContributionMap":{"functional-code":{"insertions":0,"deletions":2}}}]},{"date":"2025-10-23T00:00:00","commitResults":[{"hash":"484a69627a80956831d8202acf23a10182f8f3ea","isMergeCommit":false,"messageTitle":"Improve error messages for delete and modify operations","messageBody":"","fileTypesAndContributionMap":{"functional-code":{"insertions":25,"deletions":3}}},{"hash":"304198f122ef5c78e747873254a7bf9462793f51","isMergeCommit":false,"messageTitle":"Make modify operation atomic","messageBody":"","fileTypesAndContributionMap":{"functional-code":{"insertions":20,"deletions":4}}},{"hash":"71af67fdc1410926541a23b99376656ea9cea5f8","isMergeCommit":false,"messageTitle":"Improve tests for modify and delete","messageBody":"","fileTypesAndContributionMap":{"test-code":{"insertions":279,"deletions":2}}},{"hash":"54b21a48f96601d9f2d48a47833bdb7a3c99a532","isMergeCommit":false,"messageTitle":"Add tests to check validity of rollbacks for atomicity","messageBody":"","fileTypesAndContributionMap":{"functional-code":{"insertions":0,"deletions":2},"test-code":{"insertions":171,"deletions":0}}},{"hash":"1904165d6052372cff076c12ad3781f921e14b3d","isMergeCommit":false,"messageTitle":"Create helper classes for export","messageBody":"","fileTypesAndContributionMap":{"functional-code":{"insertions":166,"deletions":0}}},{"hash":"3a33dc2e3d98bcdda7f3a1b90e15142832ab66bf","isMergeCommit":false,"messageTitle":"Use new helper classes for export","messageBody":"","fileTypesAndContributionMap":{"functional-code":{"insertions":9,"deletions":73}}},{"hash":"25db6b21e1b7d19c90ea635b008611fd3a434926","isMergeCommit":false,"messageTitle":"Add type column","messageBody":"","fileTypesAndContributionMap":{"functional-code":{"insertions":27,"deletions":46}}},{"hash":"d581feeed85262ec4845f63c1db26a1a5c6b75e3","isMergeCommit":false,"messageTitle":"Remove summary for proper CSV format","messageBody":"","fileTypesAndContributionMap":{"functional-code":{"insertions":0,"deletions":3}}},{"hash":"6d10dd16f847fbe3e3799b9e8b1b00d1796d688b","isMergeCommit":false,"messageTitle":"Create PUML for export function","messageBody":"","fileTypesAndContributionMap":{"docs":{"insertions":40,"deletions":0}}},{"hash":"70989677b19fead05aa4142e52932288bcb59739","isMergeCommit":false,"messageTitle":"Create PUML and DG entry for modify functions","messageBody":"","fileTypesAndContributionMap":{"docs":{"insertions":136,"deletions":22}}},{"hash":"0b5999a3d53d0b78de87cb3b3736e7697770b4d3","isMergeCommit":false,"messageTitle":"Add PUML code for diagrams","messageBody":"","fileTypesAndContributionMap":{"docs":{"insertions":221,"deletions":0}}}]},{"date":"2025-10-27T00:00:00","commitResults":[{"hash":"39b68552c5e9108a53ff13427dd2f5d9ed650fbc","isMergeCommit":false,"messageTitle":"Add section for user guide on modify and export","messageBody":"","fileTypesAndContributionMap":{"docs":{"insertions":75,"deletions":0}}},{"hash":"d322e121d847388a60a5ef532deb5003472354e5","isMergeCommit":false,"messageTitle":"Add manual testing instructions in developer guide","messageBody":"","fileTypesAndContributionMap":{"docs":{"insertions":64,"deletions":1}}},{"hash":"814611fd03d65e3511e633dbf01cc54f03348169","isMergeCommit":false,"messageTitle":"Add duckyfuz ppp","messageBody":"","fileTypesAndContributionMap":{"docs":{"insertions":52,"deletions":0}}},{"hash":"3a0730187cfd4c9cdea0019378ba800d1088ea2a","isMergeCommit":false,"messageTitle":"Add more for community","messageBody":"","fileTypesAndContributionMap":{"docs":{"insertions":2,"deletions":1}}},{"hash":"d074b2fe9cb390522ea4d775fc88b505ee463b77","isMergeCommit":true,"messageTitle":"Merge pull request #142 from JordanTwz/devguide-user-stories","messageBody":"Add user stories to DeveloperGuide.md","fileTypesAndContributionMap":{}},{"hash":"2566c9b92b0ed5be2e54ed79f45ef88a2f88ca93","isMergeCommit":false,"messageTitle":"Add ref PR","messageBody":"","fileTypesAndContributionMap":{"docs":{"insertions":1,"deletions":1}}},{"hash":"deb5d8099cc3e3350087d157a53f654201362da8","isMergeCommit":false,"messageTitle":"Fix formatting","messageBody":"","fileTypesAndContributionMap":{"docs":{"insertions":1,"deletions":0}}}]},{"date":"2025-10-28T00:00:00","commitResults":[{"hash":"a5f3caa6481a526eee1685563b4b72f067e839e2","isMergeCommit":false,"messageTitle":"Add new review line","messageBody":"","fileTypesAndContributionMap":{"docs":{"insertions":1,"deletions":1}}},{"hash":"fce82e99db2beb9302efcd5661ca2cda8e8f2432","isMergeCommit":true,"messageTitle":"Merge pull request #147 from sanjay-shiva-kumar/branch-Manual-testing-and-debugging-1","messageBody":"Improve parsing resilience to whitespace, enforce des/ as last arg, add non-finite amount checks","fileTypesAndContributionMap":{}}]}],"sanjay-shiva-kumar":[{"date":"2025-10-01T00:00:00","commitResults":[{"hash":"ac96b5613cfd5327adf96c04381d2baf0e605ac7","isMergeCommit":false,"messageTitle":"Update AboutUs.md","messageBody":"","fileTypesAndContributionMap":{"docs":{"insertions":4,"deletions":7}}},{"hash":"eed3fd9b37c78220d050f7e61fd3f3cc8cb099a9","isMergeCommit":true,"messageTitle":"Merge pull request #6 from goodguyryan/RyanNg-AboutUs","messageBody":"Update AboutUs.md to include personal information","fileTypesAndContributionMap":{}}]},{"date":"2025-10-06T00:00:00","commitResults":[{"hash":"3388619b643f7e282aca0955954c33e577e4f274","isMergeCommit":true,"messageTitle":"Merge pull request #15 from JordanTwz/Add-Income","messageBody":"Implement add-income and balance commands to close #14","fileTypesAndContributionMap":{}},{"hash":"9c16da9291d8b8ec451f1ad30c9d7bdaba88acba","isMergeCommit":true,"messageTitle":"Merge pull request #20 from duckyfuz/Allow-delete-by-id","messageBody":"Allow delete by transaction id (income / expense)","fileTypesAndContributionMap":{}}]},{"date":"2025-10-08T00:00:00","commitResults":[{"hash":"a8127bffa33fb0aca2368a5994b6a887839dff0c","isMergeCommit":false,"messageTitle":"Add ExpenseList that keeps newest-first","messageBody":"Maintain expenses in reverse chronological order at the data\nstructure level. Sorting happens after additions so callers\nalways see a newest-first view.\n\nThis centralizes the ordering invariant and removes sorting\nlogic from UI and command handlers.\n","fileTypesAndContributionMap":{"functional-code":{"insertions":86,"deletions":0}}},{"hash":"cbd5e96d93011afc86b828f00a82ae17a3a8ed9b","isMergeCommit":false,"messageTitle":"Switch FinanceManager to use ExpenseList","messageBody":"","fileTypesAndContributionMap":{"functional-code":{"insertions":16,"deletions":5}}},{"hash":"3c391836d338c808a587590461509e6f2a9a4b24","isMergeCommit":false,"messageTitle":"Implement list command to show list of expenses","messageBody":"Add a list command to display all recorded expenses in reverse\nchronological order with numbered rows. The command retrieves a\nnewest-first view from FinanceManager and prints it through\nUi.printListOfExpenses().\n\nIncludes:\n- printListOfExpenses() to format expense details.\n- printHorizontalLine(int) helper for consistent separators.\n- FinTrack case branch wiring for LIST_COMMAND.\n\nUsers can now type \u0027list\u0027 to view expenses ordered by date, with\nindex 1 representing the most recent expense.\n","fileTypesAndContributionMap":{"functional-code":{"insertions":31,"deletions":0}}},{"hash":"fb679850a75c9fba01806f36909c72f7c5648202","isMergeCommit":false,"messageTitle":"Add help command to display usage summary","messageBody":"","fileTypesAndContributionMap":{"functional-code":{"insertions":48,"deletions":0}}},{"hash":"9f38e40ca1465e79d51f66f7b9550a964161544d","isMergeCommit":false,"messageTitle":"Add JUnit tests for ExpenseList and Ui formatting","messageBody":"","fileTypesAndContributionMap":{"test-code":{"insertions":92,"deletions":0}}},{"hash":"125fc5df552ec9ce00295dfd3e65d3923a1a45e2","isMergeCommit":false,"messageTitle":"Shorten line to satisfy Checkstyle","messageBody":"","fileTypesAndContributionMap":{"functional-code":{"insertions":2,"deletions":1}}},{"hash":"2341635b7a16410753e09ba180e8d579750013f2","isMergeCommit":false,"messageTitle":"Add newline to end of exit message for macOS check","messageBody":"","fileTypesAndContributionMap":{"functional-code":{"insertions":1,"deletions":1},"test-code":{"insertions":3,"deletions":2}}},{"hash":"3eb05ba3d5355d52cb8815a4739dee780ef0a1ce","isMergeCommit":false,"messageTitle":"Update EXPECTED.TXT","messageBody":"","fileTypesAndContributionMap":{"functional-code":{"insertions":6,"deletions":2}}},{"hash":"5987531ea0c383e272042344db066d7356c11e13","isMergeCommit":false,"messageTitle":"Change line printing to ASCII only","messageBody":"","fileTypesAndContributionMap":{"functional-code":{"insertions":1,"deletions":1}}}]},{"date":"2025-10-12T00:00:00","commitResults":[{"hash":"121cbc54d8a01b0175298fce3c387120eec4b5ce","isMergeCommit":true,"messageTitle":"Merge pull request #48 from goodguyryan/FinanceManagerSecurity-Branch","messageBody":"Add assertions and logging to FinanceManager.java","fileTypesAndContributionMap":{}}]},{"date":"2025-10-13T00:00:00","commitResults":[{"hash":"a7413745c3cb34fb69ce66ea226cea46ddafdd9a","isMergeCommit":false,"messageTitle":"ExpenseList: Add assertions, logging, and exception handling","messageBody":"ExpenseList previously lacked robust input validation and developer-time\ninvariants. Invalid data such as null expenses, blank categories, or\nnegative amounts could silently corrupt the list.\n\nLet\u0027s add:\n* Input validation that throws informative exceptions for user-facing\n  errors.\n* Assertions to verify internal invariants such as newest-first order.\n* Logging at WARNING and FINE levels for easier debugging and audit.\n\nThese additions improve code safety and traceability without changing\nthe public API.\n","fileTypesAndContributionMap":{"functional-code":{"insertions":106,"deletions":0}}},{"hash":"1afa4bfb316f2c720df85a9f8634638baf18ea9c","isMergeCommit":false,"messageTitle":"ExpenseListTest: Update tests for new validation and ordering behaviour","messageBody":"Earlier tests only covered basic list operations and did not account for\nthe newly added exception handling and sort assertions in ExpenseList.\n\nLet\u0027s:\n* Add tests for invalid inputs (null, blank, negative).\n* Verify that the list remains sorted newest-first after insertions.\n* Ensure exception types and messages are correct.\n\nThis improves regression coverage and documents expected behaviour under\ninvalid user input scenarios.\n","fileTypesAndContributionMap":{"test-code":{"insertions":206,"deletions":25}}},{"hash":"5f5dd161863400c3b93abf910f967fac6e298e0b","isMergeCommit":false,"messageTitle":"Fix code style issues in ExpenseListTest","messageBody":"","fileTypesAndContributionMap":{"test-code":{"insertions":6,"deletions":4}}},{"hash":"4b2faf6ebdfe79b83f77a1ea9fa6da28ad967a79","isMergeCommit":false,"messageTitle":"Fix import form in ExpenseListTest","messageBody":"","fileTypesAndContributionMap":{"test-code":{"insertions":14,"deletions":4}}}]},{"date":"2025-10-20T00:00:00","commitResults":[{"hash":"db7ad855766043f81e841b0ac25dd278b925d7ea","isMergeCommit":true,"messageTitle":"Merge pull request #68 from duckyfuz/Allow-modification-of-existing-entries","messageBody":"Allow modification of existing entries","fileTypesAndContributionMap":{}}]},{"date":"2025-10-21T00:00:00","commitResults":[{"hash":"1a92b1d43cf10e29138b31dea87b943a3ecb024a","isMergeCommit":false,"messageTitle":"Implement ReverseChronoList and integrate IncomeList","messageBody":"Introduce ReverseChronoList\u003cT\u003e as a generic base class providing\nreverse-chronological ordering, validation, logging, and assertions.\n\nRefactor ExpenseList to extend ReverseChronoList\u003cExpense\u003e, removing\nduplicate sorting logic while preserving existing behavior and tests.\n\nImplement IncomeList extending ReverseChronoList\u003cIncome\u003e to ensure\nnewest-first ordering and consistent validation with ExpenseList.\n\nUpdate FinanceManager to use IncomeList instead of ArrayList for\nincome storage, ensuring unified ordering and unmodifiable views.\n\nEnhance Ui to display incomes in reverse chronological order.\n\nAdd comprehensive JUnit tests:\n- IncomeListTest for ordering, logging, and validation checks.\n- Update FinanceManagerTest for newest-first IncomeList behavior.\n- Verify ExpenseListTest and text-UI integration remain consistent.\n\nThis change improves maintainability, reduces duplicated logic,\nand ensures consistent list semantics across all transaction types.\n","fileTypesAndContributionMap":{"functional-code":{"insertions":305,"deletions":137},"test-code":{"insertions":344,"deletions":20}}},{"hash":"ce79a331d864ecab55d855c4b5ec3410ea0d5d36","isMergeCommit":false,"messageTitle":"Add month-specific balance, income, and expense views","messageBody":"Implement optional month filtering (YYYY-MM) for key FinTrack commands:\n\nbalance [YYYY-MM]: show total, income, and expense for that month\n\nlist [YYYY-MM]: show only expenses in that month (newest first)\n\nlist-income [YYYY-MM]: show only incomes in that month (newest first)\n\nUpdates include:\n\nFinanceManager: added getExpensesViewForMonth,\ngetIncomesViewForMonth, and getMonthlyBalance using\nExpenseList and IncomeList filtering logic.\n\nParser: added parseOptionalMonth* helpers with structured logging\nfor detecting optional YYYY-MM arguments.\n\nFinTrack: integrated new parser and FinanceManager calls within\nexisting commands—no new command words introduced.\n\nUi: updated help text and headers to document month-based variants.\n\nAll commands remain backward-compatible.\nLogging, exception handling, and assertions\nfollow established conventions.\n","fileTypesAndContributionMap":{"functional-code":{"insertions":205,"deletions":5}}},{"hash":"7aae5d6438ac5e5f1c9cd08b17f75a564addb903","isMergeCommit":false,"messageTitle":"Expand test coverage for month filtering, UI, and finance logic","messageBody":"- Updated input.txt and EXPECTED.txt to include multi-month tests\n  (Jan–Mar) for comprehensive validation of monthly balance, list,\n  and list-income commands.\n\n- Added ParserTest cases for new month parsing methods:\n  parseOptionalMonthForBalance(),\n  parseOptionalMonthForExpenseList(),\n  and parseOptionalMonthForIncomeList().\n  Includes valid YYYY-MM, malformed formats, and missing args.\n\n- Expanded UiTest with new cases for printListOfIncomes(),\n  printBudgets(), and empty list outputs. Verified help text and\n  cross-platform line ending consistency.\n\n- Added FinanceManagerTest cases for month filtering logic,\n  correct index maintenance after multiple deletions, and\n  consistent balance calculations after add/delete operations.\n","fileTypesAndContributionMap":{"functional-code":{"insertions":3,"deletions":3},"test-code":{"insertions":344,"deletions":1}}},{"hash":"65286859911fbc35675201d9a8a68dfd188e3aa5","isMergeCommit":true,"messageTitle":"Merge branch \u0027master\u0027 into branch-Add-balance-and-transactions-by-month","messageBody":"","fileTypesAndContributionMap":{}},{"hash":"5a6665f1004d0ced617130600911cabf92a093f1","isMergeCommit":true,"messageTitle":"Merge branch \u0027branch-Add-balance-and-transactions-by-month\u0027 of https://github.com/sanjay-shiva-kumar/tp into branch-Add-balance-and-transactions-by-month","messageBody":"","fileTypesAndContributionMap":{}},{"hash":"2c04893c044af295f1de2f166b803f9b771effe2","isMergeCommit":false,"messageTitle":"Delete unused getBalanceForMonth function","messageBody":"","fileTypesAndContributionMap":{"functional-code":{"insertions":0,"deletions":28}}}]},{"date":"2025-10-22T00:00:00","commitResults":[{"hash":"ceaf52a3866f187637973d9e39bbf9a7d9f1c23d","isMergeCommit":false,"messageTitle":"Update \u0027help\u0027 command for \u0027modify\u0027 commands","messageBody":"","fileTypesAndContributionMap":{"functional-code":{"insertions":33,"deletions":15}}},{"hash":"e070bde62f647e2fd72c32ea526625385b7e4b1a","isMergeCommit":true,"messageTitle":"Merge branch \u0027master\u0027 into branch-Add-balance-and-transactions-by-month","messageBody":"","fileTypesAndContributionMap":{}},{"hash":"d75fac5da9c75c6840079156079eec36edef5a0c","isMergeCommit":false,"messageTitle":"Modify \u0027help\u0027 command for \u0027export\u0027 command","messageBody":"","fileTypesAndContributionMap":{"functional-code":{"insertions":3,"deletions":3}}},{"hash":"8371e9182d5f3c66a2815e0f2a15234a440f34f3","isMergeCommit":false,"messageTitle":"Improve variable names","messageBody":"","fileTypesAndContributionMap":{"functional-code":{"insertions":38,"deletions":38}}},{"hash":"9a5217cdf8a482b20551a8cee59851bc09e9dee7","isMergeCommit":false,"messageTitle":"Improve variable names in ReverseChronoList","messageBody":"","fileTypesAndContributionMap":{"functional-code":{"insertions":17,"deletions":17}}}]},{"date":"2025-10-23T00:00:00","commitResults":[{"hash":"c16402d3b492288108ddbab2cfd035f3ad2e4883","isMergeCommit":true,"messageTitle":"Merge pull request #84 from goodguyryan/DG-Branch","messageBody":"Add documentation for budget and summary in DeveloperGuide","fileTypesAndContributionMap":{}},{"hash":"addf0284f09335c672a611d043919087e55592a2","isMergeCommit":true,"messageTitle":"Merge pull request #87 from duckyfuz/Use-better-indexing-for-index-error-messages","messageBody":"Use better indexing for index error messages and create atomic modify operation","fileTypesAndContributionMap":{}}]},{"date":"2025-10-24T00:00:00","commitResults":[{"hash":"e50deb5eedfa1eb75033b69b1146697fadbf9ff5","isMergeCommit":false,"messageTitle":"Create DG entry for FinanceManager","messageBody":"","fileTypesAndContributionMap":{"docs":{"insertions":46,"deletions":0}}},{"hash":"5a95a8d269a5718afc02c97b9a11c19943d6ad32","isMergeCommit":true,"messageTitle":"Merge branch \u0027master\u0027 into branch-FinanceManager-DG","messageBody":"","fileTypesAndContributionMap":{}}]},{"date":"2025-10-25T00:00:00","commitResults":[{"hash":"6ab0223f03087461cdd85040ded22262ecb5e3a7","isMergeCommit":true,"messageTitle":"Merge pull request #97 from goodguyryan/newTest-Branch","messageBody":"Add JUnit test for Tips and Summary Feature","fileTypesAndContributionMap":{}}]},{"date":"2025-10-26T00:00:00","commitResults":[{"hash":"ce997d01530f4e24f5ba140dc2b5ce5a27594d32","isMergeCommit":false,"messageTitle":"Add JUnit tests for FinTrack module","messageBody":"","fileTypesAndContributionMap":{"functional-code":{"insertions":22,"deletions":3},"docs":{"insertions":27,"deletions":0},"test-code":{"insertions":453,"deletions":3}}},{"hash":"c0e14c3ab234559300c952d48db2ca9876924bd1","isMergeCommit":false,"messageTitle":"Update monthly command outputs to display the month","messageBody":"","fileTypesAndContributionMap":{"functional-code":{"insertions":104,"deletions":5},"test-code":{"insertions":5,"deletions":5}}},{"hash":"622214bacaafec94075ca1983a6f6aed71b4d5cc","isMergeCommit":false,"messageTitle":"Change desc/ to des/, allow parsing of tab after first word","messageBody":"","fileTypesAndContributionMap":{"functional-code":{"insertions":26,"deletions":35},"docs":{"insertions":32,"deletions":26},"test-code":{"insertions":11,"deletions":22}}}]},{"date":"2025-10-27T00:00:00","commitResults":[{"hash":"dc804752bf06fea5c75d22b8d8eb790994921eaa","isMergeCommit":true,"messageTitle":"Merge branch \u0027master\u0027 into branch-Change-to-/des-and-improve-parser-readFirstWord()","messageBody":"","fileTypesAndContributionMap":{}},{"hash":"94b1104d33a16320aa53ff3e004814d5216e4ac5","isMergeCommit":true,"messageTitle":"Merge pull request #123 from noellethen/branch-UG","messageBody":"Update UG with details on list-income, budget and list-budget","fileTypesAndContributionMap":{}},{"hash":"3fc120c33f9ca3e9d538f574e6f897977187d16a","isMergeCommit":true,"messageTitle":"Merge pull request #126 from noellethen/branch-DG","messageBody":"Add class diagrams to Parser and FinTrack section of DG","fileTypesAndContributionMap":{}},{"hash":"2205f85f30c0d554cee99861e2b35842b227fd73","isMergeCommit":true,"messageTitle":"Merge branch \u0027master\u0027 into branch-Change-to-/des-and-improve-parser-readFirstWord()","messageBody":"","fileTypesAndContributionMap":{}},{"hash":"94d5fa9c3114d5cd8d945728ac6e99d783afb3e7","isMergeCommit":false,"messageTitle":"Update UG to include month filtering commands","messageBody":"","fileTypesAndContributionMap":{"docs":{"insertions":69,"deletions":6}}},{"hash":"ba05730bfc0ba8681be31d227c834e613d51874d","isMergeCommit":false,"messageTitle":"Update DG glossary","messageBody":"","fileTypesAndContributionMap":{"docs":{"insertions":8,"deletions":2}}},{"hash":"4d99a27f2774a5592a10048341143ee306fdbadb","isMergeCommit":true,"messageTitle":"Merge pull request #134 from JordanTwz/update-ppp-jordantwz","messageBody":"Rename jordantwz PPP file and refresh reviewed PR list","fileTypesAndContributionMap":{}},{"hash":"082131633399260bb2c58dfa9702c0b7258a912a","isMergeCommit":true,"messageTitle":"Merge pull request #135 from JordanTwz/update-aboutus","messageBody":"Fix AboutUs portfolio links","fileTypesAndContributionMap":{}},{"hash":"5c4d196d4a125a768bba151b4b52123105668d2f","isMergeCommit":true,"messageTitle":"Merge pull request #139 from duckyfuz/Add-mantest-instructions-to-developer-guide","messageBody":"Add manual testing instructions in developer guide","fileTypesAndContributionMap":{}},{"hash":"b0ac628d73f716bbed5b0c4a30759359b8ee313e","isMergeCommit":true,"messageTitle":"Merge pull request #141 from duckyfuz/Add-PPP-for-self","messageBody":"Add PPP for duckyfuz","fileTypesAndContributionMap":{}}]},{"date":"2025-10-28T00:00:00","commitResults":[{"hash":"dcc74cd3fc80059b73a1d1a2be46c7f0337cd57e","isMergeCommit":false,"messageTitle":"Enforce des/ being last argument, improve parsing whitespace resilience","messageBody":"","fileTypesAndContributionMap":{"functional-code":{"insertions":76,"deletions":21},"docs":{"insertions":2,"deletions":1},"test-code":{"insertions":270,"deletions":0}}},{"hash":"de7375382677cf8ddf3ed25f89ee0d533d8aee09","isMergeCommit":false,"messageTitle":"Add non-finite amount checks for adding, modifying, budgeting","messageBody":"","fileTypesAndContributionMap":{"functional-code":{"insertions":18,"deletions":0},"test-code":{"insertions":147,"deletions":0}}},{"hash":"6400f3407de6173376fc95f35f6fe22ea6c99663","isMergeCommit":false,"messageTitle":"Add javadoc headers for new helpers","messageBody":"","fileTypesAndContributionMap":{"functional-code":{"insertions":31,"deletions":1}}},{"hash":"e01da425e8288b9fd32d4082b461477bee89024a","isMergeCommit":false,"messageTitle":"Update DG to v2.0 implementations and explain monthly filtering","messageBody":"","fileTypesAndContributionMap":{"functional-code":{"insertions":1,"deletions":1},"docs":{"insertions":35,"deletions":6}}}]},{"date":"2025-10-29T00:00:00","commitResults":[{"hash":"b568d1c680eda0083ba6ceaf831c2f787d97435e","isMergeCommit":true,"messageTitle":"Merge pull request #149 from noellethen/branch-DG","messageBody":"Update sequence diagram for add_expense","fileTypesAndContributionMap":{}}]},{"date":"2025-10-30T00:00:00","commitResults":[{"hash":"93ab6299e1df290866b43425e88163ad15b98567","isMergeCommit":false,"messageTitle":"Make sequence diagram for add-expense more clear","messageBody":"","fileTypesAndContributionMap":{"docs":{"insertions":7,"deletions":11}}},{"hash":"0a1fbd0baed8173b5326ac0a90cb4f0b29808713","isMergeCommit":false,"messageTitle":"Add class diagram for FinTrack module","messageBody":"","fileTypesAndContributionMap":{"docs":{"insertions":34,"deletions":1}}}]}],"goodguyryan":[{"date":"2025-10-01T00:00:00","commitResults":[{"hash":"082cfb9e1febd1c1aa0850e282e9b4ab95f49c1d","isMergeCommit":false,"messageTitle":"Update AboutUs.md to include personal information","messageBody":"","fileTypesAndContributionMap":{"docs":{"insertions":4,"deletions":7}}},{"hash":"bfcab3d8f0ac86be861275e12599ad5811a79604","isMergeCommit":true,"messageTitle":"Merge branch \u0027master\u0027 into RyanNg-AboutUs","messageBody":"","fileTypesAndContributionMap":{}},{"hash":"477110a05d86bcb223539a78b9ea7ae517920a1f","isMergeCommit":true,"messageTitle":"Merge pull request #9 from JordanTwz/JordanTan-AboutUs","messageBody":"Update AboutUs.md with appropriate details","fileTypesAndContributionMap":{}}]},{"date":"2025-10-06T00:00:00","commitResults":[{"hash":"d9eac60ff12479213a8e05367e0922b8d3477c4e","isMergeCommit":false,"messageTitle":"Update Expense class and implement add expense feature","messageBody":"","fileTypesAndContributionMap":{"functional-code":{"insertions":31,"deletions":1}}},{"hash":"c20cde9d94b1be55b37073b9495bc32822e4354d","isMergeCommit":true,"messageTitle":"Merge pull request #19 from noellethen/branch-Parser","messageBody":"Update Parser \u0026 FinTrack class to handle more commands","fileTypesAndContributionMap":{}}]},{"date":"2025-10-07T00:00:00","commitResults":[{"hash":"f285143868e8e7749e8a03d144d2f82feb599bc3","isMergeCommit":true,"messageTitle":"Merge pull request #21 from noellethen/branch-ParserTest","messageBody":"Add JUnit tests for Parser class","fileTypesAndContributionMap":{}}]},{"date":"2025-10-08T00:00:00","commitResults":[{"hash":"da3906e543d76041e06bc6895fb8055d79431ab9","isMergeCommit":true,"messageTitle":"Merge pull request #38 from duckyfuz/Add-FinanceManagerTest-class","messageBody":"Create tests for FinanceManager","fileTypesAndContributionMap":{}},{"hash":"4310bd00541ad9646e8bff74439e4351eeff6047","isMergeCommit":false,"messageTitle":"Add JUnit test for Expense and Income class","messageBody":"","fileTypesAndContributionMap":{"test-code":{"insertions":101,"deletions":0}}}]},{"date":"2025-10-11T00:00:00","commitResults":[{"hash":"f42fc7ced552c21b4f85656baba5124a09f3e7e3","isMergeCommit":true,"messageTitle":"Merge pull request #41 from noellethen/branch-Defense","messageBody":"Add assertions, logging and exceptions to Parser.java","fileTypesAndContributionMap":{}}]},{"date":"2025-10-12T00:00:00","commitResults":[{"hash":"5912a175090a4d9e671db702ae0b09e817e51d91","isMergeCommit":false,"messageTitle":"Add assertions and logging to FinanceManager.java","messageBody":"","fileTypesAndContributionMap":{"functional-code":{"insertions":59,"deletions":11}}},{"hash":"2ccb8ee717b6fe8f3353e61b53a67f30b9552148","isMergeCommit":false,"messageTitle":"Edit logging imports","messageBody":"","fileTypesAndContributionMap":{"functional-code":{"insertions":2,"deletions":1}}},{"hash":"03c2aa8c6e26c6fbe547d0182f4c1cf4ffe3c71d","isMergeCommit":false,"messageTitle":"Edit logger declaration","messageBody":"","fileTypesAndContributionMap":{"functional-code":{"insertions":9,"deletions":9}}}]},{"date":"2025-10-15T00:00:00","commitResults":[{"hash":"d386d6c1dcf9dc693b47fa9bf5c4164aa9573951","isMergeCommit":false,"messageTitle":"Add javadoc comments for Expense and Income class","messageBody":"","fileTypesAndContributionMap":{"functional-code":{"insertions":57,"deletions":0}}},{"hash":"04285b0ca7188b3a168a4d85405ae84c59b96bca","isMergeCommit":true,"messageTitle":"Merge pull request #55 from noellethen/branch-ReassignCode","messageBody":"Reassign author of getters in Expense to goodguyryan","fileTypesAndContributionMap":{}}]},{"date":"2025-10-18T00:00:00","commitResults":[{"hash":"caf1907db22ef6a36fbc19554f843677c11fe545","isMergeCommit":false,"messageTitle":"Add ExpenseCategory enum and support for new enum","messageBody":"","fileTypesAndContributionMap":{"functional-code":{"insertions":24,"deletions":7},"test-code":{"insertions":46,"deletions":43}}},{"hash":"062b870031d4b491091aeeb602e60e86de40267a","isMergeCommit":false,"messageTitle":"Add IncomeCategory and support for IncomeCategory","messageBody":"","fileTypesAndContributionMap":{"functional-code":{"insertions":38,"deletions":7},"test-code":{"insertions":26,"deletions":23}}},{"hash":"b5bde90a3634eb621fa9b9b1930018eb25d9a0fe","isMergeCommit":true,"messageTitle":"Merge pull request #62 from noellethen/branch-Budget","messageBody":"Allow users to set budgets and list budgets for expense categories","fileTypesAndContributionMap":{}}]},{"date":"2025-10-22T00:00:00","commitResults":[{"hash":"a3abc958787049ad9dc290e04178d2f65dbfaefc","isMergeCommit":true,"messageTitle":"Merge pull request #75 from duckyfuz/Allow-users-to-export-data","messageBody":"Allow users to export data","fileTypesAndContributionMap":{}},{"hash":"ef189619dac3520727555b25eb0a2e199f3d4cce","isMergeCommit":true,"messageTitle":"Merge pull request #74 from sanjay-shiva-kumar/branch-Add-balance-and-transactions-by-month","messageBody":"Branch add balance and transactions by month","fileTypesAndContributionMap":{}},{"hash":"1ee6914858450a00f3086860a4a7f44c17923188","isMergeCommit":true,"messageTitle":"Merge pull request #78 from noellethen/branch-DG","messageBody":"Add documentation in Developer Guide for FinTrack and Parser","fileTypesAndContributionMap":{}}]},{"date":"2025-10-23T00:00:00","commitResults":[{"hash":"69ef4657da2702437ba67b6de1014ed16035e283","isMergeCommit":true,"messageTitle":"Merge pull request #80 from JordanTwz/stylistic-fix","messageBody":"Rename expense listing command and require d/ month prefix","fileTypesAndContributionMap":{}},{"hash":"b96a186eb2443ff7433eca151d23231a6349b263","isMergeCommit":false,"messageTitle":"Implement summary-expense and summary-income feature","messageBody":"","fileTypesAndContributionMap":{"functional-code":{"insertions":239,"deletions":11},"test-code":{"insertions":2,"deletions":2}}},{"hash":"a1c416048335f8fa7821c8bf2faa1b3b999827e0","isMergeCommit":false,"messageTitle":"Add documentation for budget and summary in DeveloperGuide","messageBody":"","fileTypesAndContributionMap":{"functional-code":{"insertions":3,"deletions":3},"docs":{"insertions":57,"deletions":9}}}]},{"date":"2025-10-24T00:00:00","commitResults":[{"hash":"3dbb70453ac182ffde302199b8d7b8deef515b13","isMergeCommit":true,"messageTitle":"Merge pull request #91 from duckyfuz/Create-DG-entries-for-edit-and-export-functionalities","messageBody":"Create dg entries for edit and export functionalities","fileTypesAndContributionMap":{}},{"hash":"4dcf2d3d58e011c50564f1cfadb30535e8250f6b","isMergeCommit":true,"messageTitle":"Merge pull request #93 from sanjay-shiva-kumar/branch-FinanceManager-DG","messageBody":"Create DG entry for FinanceManager","fileTypesAndContributionMap":{}},{"hash":"c49a471d2f4ec338ee4af3341077fd57bbd3644d","isMergeCommit":false,"messageTitle":"Implement Tips feature","messageBody":"","fileTypesAndContributionMap":{"functional-code":{"insertions":61,"deletions":3},"docs":{"insertions":80,"deletions":0}}},{"hash":"3192de2e4de873aace414819cdb9b55a7e9941bb","isMergeCommit":false,"messageTitle":"Fix indentation error","messageBody":"","fileTypesAndContributionMap":{"functional-code":{"insertions":10,"deletions":10}}}]},{"date":"2025-10-25T00:00:00","commitResults":[{"hash":"63544e8ff48a8cfb618940b722d6450704ac9d33","isMergeCommit":false,"messageTitle":"Add JUnit test for Tips and Summary Feature","messageBody":"","fileTypesAndContributionMap":{"functional-code":{"insertions":1,"deletions":2},"test-code":{"insertions":284,"deletions":8}}}]},{"date":"2025-10-26T00:00:00","commitResults":[{"hash":"e88448fa899a5c0769cdeb4ffb13be75fd54ea84","isMergeCommit":true,"messageTitle":"Merge pull request #107 from noellethen/Noelle-AboutUs","messageBody":"Update PPP with personal contributions","fileTypesAndContributionMap":{}},{"hash":"ea0ea90531dbf324532f699fa5fca46493ef1a3a","isMergeCommit":true,"messageTitle":"Merge pull request #106 from noellethen/branch-ParserTest","messageBody":"Add more tests to increase coverage for Parser and FinanceManager","fileTypesAndContributionMap":{}},{"hash":"6b23b37f957ac11a0368f015dc629838074052e3","isMergeCommit":true,"messageTitle":"Merge pull request #108 from noellethen/Noelle-AboutUs","messageBody":"Update link to portfolio on AboutUs page","fileTypesAndContributionMap":{}},{"hash":"b83668d7e42e95c35fc564921e1aa48f608b2459","isMergeCommit":true,"messageTitle":"Merge pull request #110 from JordanTwz/add-architecture","messageBody":"Document architecture overview and simplify DeveloperGuide UI headings","fileTypesAndContributionMap":{}},{"hash":"e63512d195ba003b129ca781b7c39e29712bf58a","isMergeCommit":false,"messageTitle":"Update DG, UG and PPP","messageBody":"","fileTypesAndContributionMap":{"functional-code":{"insertions":0,"deletions":2},"docs":{"insertions":189,"deletions":68}}}]},{"date":"2025-10-27T00:00:00","commitResults":[{"hash":"a9bd5d40fff5acc1ee3d85937087110261fd6cae","isMergeCommit":false,"messageTitle":"Fix link in AboutUs.md","messageBody":"","fileTypesAndContributionMap":{"docs":{"insertions":1,"deletions":1}}},{"hash":"c9a1161f72446c15d60b3d96aa3854f726c479a2","isMergeCommit":true,"messageTitle":"Merge pull request #121 from JordanTwz/add-ppp-jordan","messageBody":"Add PPP with contribution summary","fileTypesAndContributionMap":{}},{"hash":"f76d6effc71e68e5569247f770880181683ef4f0","isMergeCommit":true,"messageTitle":"Merge pull request #133 from JordanTwz/bug-fixes","messageBody":"Fix CSV summary omission, preserve des/ descriptions, prevent NaN summaries","fileTypesAndContributionMap":{}}]},{"date":"2025-10-28T00:00:00","commitResults":[{"hash":"8ba588b5a9bcf63d2fd498b1d7efa2f2a4380ecf","isMergeCommit":true,"messageTitle":"Merge pull request #144 from duckyfuz/Add-PPP-for-self","messageBody":"Update PPP for duckyfuz","fileTypesAndContributionMap":{}}]},{"date":"2025-10-29T00:00:00","commitResults":[{"hash":"c6ef1d4211ef2eaf3aeff5a28ed4a987c89a313a","isMergeCommit":true,"messageTitle":"Merge pull request #150 from noellethen/branch-DG","messageBody":"Update DG (FinTrack and Parser sections) according to PR review comments","fileTypesAndContributionMap":{}},{"hash":"266e9ed57396e38a7993b54303e9b188e16cbe3c","isMergeCommit":true,"messageTitle":"Merge pull request #152 from noellethen/branch-DG","messageBody":"Make activation bars more consistent for FinTrack and Parser sequence diagrams","fileTypesAndContributionMap":{}}]},{"date":"2025-10-30T00:00:00","commitResults":[{"hash":"317188a9a226659d47e55f4c7ba1124a87f096f6","isMergeCommit":false,"messageTitle":"Update DG with more approriate diagrams","messageBody":"","fileTypesAndContributionMap":{"docs":{"insertions":92,"deletions":37}}},{"hash":"93cff0c6b2e640333a31ff832bc901ab4932020f","isMergeCommit":false,"messageTitle":"Update architecture diagram","messageBody":"","fileTypesAndContributionMap":{"docs":{"insertions":1,"deletions":3}}},{"hash":"5fe3eb45a841cafa1d77149a03fad177817d5dfc","isMergeCommit":false,"messageTitle":"Fix Summary Expense diagram","messageBody":"","fileTypesAndContributionMap":{"docs":{"insertions":3,"deletions":3}}},{"hash":"d5a727d843444c1f1fe3d6186bca70c3a6d51301","isMergeCommit":true,"messageTitle":"Merge pull request #162 from noellethen/branch-DG","messageBody":"Update FinTrack sequence diagram and add FinanceManager class diagram","fileTypesAndContributionMap":{}}]}],"noellethen":[{"date":"2025-10-01T00:00:00","commitResults":[{"hash":"c55a69fdc198752e2b494b5cc8c79155e5562e99","isMergeCommit":false,"messageTitle":"Update AboutUs","messageBody":"","fileTypesAndContributionMap":{"docs":{"insertions":3,"deletions":7}}},{"hash":"6e75ea1117ffd546cca719d3187cc33d2f118ace","isMergeCommit":true,"messageTitle":"Merge pull request #8 from sanjay-shiva-kumar/sanjay-AboutUs","messageBody":"Update AboutUs.md (Sanjay)","fileTypesAndContributionMap":{}},{"hash":"07df8707187dc8f1f416d29e986cac3b66bef4cf","isMergeCommit":true,"messageTitle":"Merge branch \u0027master\u0027 into Noelle-AboutUs","messageBody":"","fileTypesAndContributionMap":{}}]},{"date":"2025-10-06T00:00:00","commitResults":[{"hash":"6c3aac95626fffb9dd704720649bc0f755263750","isMergeCommit":true,"messageTitle":"Merge pull request #17 from goodguyryan/AddIncome-Branch","messageBody":"Update Expense class and implement add expense feature","fileTypesAndContributionMap":{}},{"hash":"e8201b0114faaa00d5427271e82e5f6315feb607","isMergeCommit":true,"messageTitle":"Merge pull request #18 from JordanTwz/Add-Income","messageBody":"Standardise exit formatting and restore command accessors","fileTypesAndContributionMap":{}},{"hash":"ba67facb2152cc52f6364aeec9468e4971f70ad6","isMergeCommit":false,"messageTitle":"Update Parser class to sort through more commands","messageBody":"","fileTypesAndContributionMap":{"functional-code":{"insertions":107,"deletions":33}}},{"hash":"8df7c405463dfb7ec598af3cb9904ec65f6fa801","isMergeCommit":false,"messageTitle":"Update Ui class to include 2 separate delete commands","messageBody":"","fileTypesAndContributionMap":{"functional-code":{"insertions":3,"deletions":15}}},{"hash":"4b81b72fe571922352ad6b8d9571b4b8e87d9d86","isMergeCommit":false,"messageTitle":"Update FinTrack class to use switch-case statements, as well as handle more commands","messageBody":"","fileTypesAndContributionMap":{"functional-code":{"insertions":41,"deletions":10}}},{"hash":"99067819168fd4eaa9efc6032a28b00d6c686c48","isMergeCommit":false,"messageTitle":"Change commands and parameter prefixes to public","messageBody":"","fileTypesAndContributionMap":{"functional-code":{"insertions":12,"deletions":12}}},{"hash":"529f883923696b22243dc695bb925c8ebca67bab","isMergeCommit":false,"messageTitle":"Fix codestyle issues","messageBody":"","fileTypesAndContributionMap":{"functional-code":{"insertions":30,"deletions":8}}},{"hash":"6b818afc17689a4d52700cf61a8fa5fe5fa58c2d","isMergeCommit":false,"messageTitle":"Fix styling issues","messageBody":"","fileTypesAndContributionMap":{"functional-code":{"insertions":4,"deletions":3}}}]},{"date":"2025-10-07T00:00:00","commitResults":[{"hash":"884ebe75810fe3448eefbd9021323f2e61a17958","isMergeCommit":false,"messageTitle":"Update returnFirstWord method to handle leading spaces","messageBody":"","fileTypesAndContributionMap":{"functional-code":{"insertions":5,"deletions":3}}},{"hash":"c799686c02bf332106b2a8fd81ba8f50f0c35433","isMergeCommit":false,"messageTitle":"Add JUnit tests for Parser class","messageBody":"","fileTypesAndContributionMap":{"test-code":{"insertions":388,"deletions":0}}},{"hash":"ea7533df18d93f8b6c1c5e0dcfd69a66a567b62e","isMergeCommit":false,"messageTitle":"Fix checkstyle issues","messageBody":"","fileTypesAndContributionMap":{"test-code":{"insertions":3,"deletions":3}}},{"hash":"e11c0f587d9c9e901b6d55af5d013954a9a18310","isMergeCommit":false,"messageTitle":"Edit methods with three underscores in name","messageBody":"","fileTypesAndContributionMap":{"test-code":{"insertions":1,"deletions":1}}},{"hash":"4add0bec99825375138eefe272de7a28825e18ce","isMergeCommit":true,"messageTitle":"Merge pull request #30 from JordanTwz/Ui-Tests","messageBody":"Add comprehensive printing/constant tests for Ui.java","fileTypesAndContributionMap":{}}]},{"date":"2025-10-08T00:00:00","commitResults":[{"hash":"823a92c50ae9572f9a2062a1ace89550987a6998","isMergeCommit":true,"messageTitle":"Merge pull request #36 from sanjay-shiva-kumar/branch-list-expenses-and-view-help","messageBody":"Branch list expenses and view help","fileTypesAndContributionMap":{}}]},{"date":"2025-10-11T00:00:00","commitResults":[{"hash":"9f302a1bcd162b4342e97c15ce0c300db3eca218","isMergeCommit":false,"messageTitle":"Enable assertions for Java","messageBody":"","fileTypesAndContributionMap":{"other":{"insertions":1,"deletions":0}}},{"hash":"16ef722dda1df6aa3ef192d0d59566943117d1dc","isMergeCommit":false,"messageTitle":"Add logging, assertions and exception to Parser.java","messageBody":"","fileTypesAndContributionMap":{"functional-code":{"insertions":74,"deletions":8}}},{"hash":"4b7d0e1e6c4cb8fb65b69425abf73631804ad75f","isMergeCommit":false,"messageTitle":"Add Javadoc comments to all public (and non-trivial private) methods of Parser class","messageBody":"","fileTypesAndContributionMap":{"functional-code":{"insertions":59,"deletions":8}}},{"hash":"bc9f34f40e4b7d1b5c87014066cebd87570b923e","isMergeCommit":false,"messageTitle":"Add Javadoc comments to all methods of ParserTest class","messageBody":"","fileTypesAndContributionMap":{"test-code":{"insertions":104,"deletions":4}}},{"hash":"0df37db653f13964d65c415718983fcb2e708ef1","isMergeCommit":false,"messageTitle":"Fix indentation issues in some javadoc comments","messageBody":"","fileTypesAndContributionMap":{"functional-code":{"insertions":5,"deletions":5}}}]},{"date":"2025-10-12T00:00:00","commitResults":[{"hash":"c8dc185014cfcca02ce0ea72f5c76fbb773d51da","isMergeCommit":true,"messageTitle":"Merge pull request #46 from JordanTwz/Structured-Logging","messageBody":"Bootstrap logging and harden CLI UI","fileTypesAndContributionMap":{}}]},{"date":"2025-10-15T00:00:00","commitResults":[{"hash":"f4fa42dac07f3da5c8c4bc342aab2bb1535ce2c3","isMergeCommit":false,"messageTitle":"Reassign author of getters in Expense to goodguyryan","messageBody":"","fileTypesAndContributionMap":{"functional-code":{"insertions":1,"deletions":0}}}]},{"date":"2025-10-17T00:00:00","commitResults":[{"hash":"1527908f62be6aded169a4fb90fb16e32c2c051c","isMergeCommit":true,"messageTitle":"Merge pull request #57 from JordanTwz/list-incomes","messageBody":"Enable income listing via new list-income command","fileTypesAndContributionMap":{}}]},{"date":"2025-10-18T00:00:00","commitResults":[{"hash":"e138b24c93f5379c71147decf605496e48ce5c0d","isMergeCommit":false,"messageTitle":"Add new category and edit exception message","messageBody":"","fileTypesAndContributionMap":{"functional-code":{"insertions":5,"deletions":3}}},{"hash":"6950b389240b0e1890b936ca2573fe6ed52fe5ff","isMergeCommit":false,"messageTitle":"Implement adding budgets and listing budgets for expense categories","messageBody":"","fileTypesAndContributionMap":{"functional-code":{"insertions":218,"deletions":4}}},{"hash":"a5e56de89038cf013c0c5475f919accf1e14ac70","isMergeCommit":false,"messageTitle":"Fix checkstyle issues","messageBody":"","fileTypesAndContributionMap":{"functional-code":{"insertions":4,"deletions":4}}}]},{"date":"2025-10-21T00:00:00","commitResults":[{"hash":"2e586ded1b392e5ea6b3641b493153da91ab93db","isMergeCommit":true,"messageTitle":"Merge pull request #73 from JordanTwz/developer-guide","messageBody":"Document Ui console module design and sequencing (closes #72)","fileTypesAndContributionMap":{}}]},{"date":"2025-10-22T00:00:00","commitResults":[{"hash":"98af3d76e4ec08d6574d3eefd3878fc36c3ac121","isMergeCommit":false,"messageTitle":"Add documentation for FinTrack module","messageBody":"","fileTypesAndContributionMap":{"docs":{"insertions":28,"deletions":0}}},{"hash":"7afd66390e3a1a494956601c9f0d70146bfdf611","isMergeCommit":false,"messageTitle":"Add documentation for Parser","messageBody":"","fileTypesAndContributionMap":{"docs":{"insertions":125,"deletions":3}}},{"hash":"8eaac88e8095c1253257e42629b762575722cd48","isMergeCommit":false,"messageTitle":"Fix formatting","messageBody":"","fileTypesAndContributionMap":{"docs":{"insertions":8,"deletions":8}}},{"hash":"c0f120a6eea27fc3ed0630d2dcfed36534071e8f","isMergeCommit":false,"messageTitle":"Add \u0027Parser.java\u0027 to Parser module header","messageBody":"","fileTypesAndContributionMap":{"docs":{"insertions":1,"deletions":1}}}]},{"date":"2025-10-23T00:00:00","commitResults":[{"hash":"323ccff922dff72dc72ec50069e7936e7c479e85","isMergeCommit":true,"messageTitle":"Merge pull request #81 from goodguyryan/summary-Branch","messageBody":"Implement summary-expense and summary-income feature","fileTypesAndContributionMap":{}}]},{"date":"2025-10-24T00:00:00","commitResults":[{"hash":"7a1aff45a2afec50be4da66f561336c6409bd0e4","isMergeCommit":true,"messageTitle":"Merge pull request #90 from duckyfuz/Refactor-CSV-helper-to-class","messageBody":"Refactor csv helper to class and maintain proper CSV format","fileTypesAndContributionMap":{}}]},{"date":"2025-10-25T00:00:00","commitResults":[{"hash":"7c8767998fe4eb70f932116160e4f8b291c0e13f","isMergeCommit":true,"messageTitle":"Merge pull request #95 from goodguyryan/tips-Branch","messageBody":"Implement Tips feature","fileTypesAndContributionMap":{}}]},{"date":"2025-10-26T00:00:00","commitResults":[{"hash":"937087bffe76197506542a62877a60ef88064359","isMergeCommit":false,"messageTitle":"Update Developer Guide with non-functional requirements","messageBody":"","fileTypesAndContributionMap":{"docs":{"insertions":25,"deletions":1}}},{"hash":"3f6b1b078b59ef2f15bae8c8ca707ae91aa1b01c","isMergeCommit":false,"messageTitle":"Update README to change all instances of Duke to FinTrack","messageBody":"","fileTypesAndContributionMap":{"docs":{"insertions":9,"deletions":18}}},{"hash":"d208d00c710316dec4e6c9303e4497c5e45549d5","isMergeCommit":false,"messageTitle":"Add PPP","messageBody":"","fileTypesAndContributionMap":{"docs":{"insertions":31,"deletions":0}}},{"hash":"b05f4ba1c442468aa4f33e12937f1f6442690b72","isMergeCommit":false,"messageTitle":"Update tests to increase existing test coverage for FinanceManager from 58% to 100%","messageBody":"","fileTypesAndContributionMap":{"test-code":{"insertions":175,"deletions":0}}},{"hash":"29504dee06065117e23e82cb6aae14cc4d238574","isMergeCommit":false,"messageTitle":"Update tests for Parser to increase existing test coverage from 85% to 100%","messageBody":"","fileTypesAndContributionMap":{"test-code":{"insertions":207,"deletions":8}}},{"hash":"5cb6b2e45aee0c529d5f5e5d8081a360ec4e21ef","isMergeCommit":false,"messageTitle":"Update PPP with test coverage improvement information","messageBody":"","fileTypesAndContributionMap":{"docs":{"insertions":2,"deletions":6}}},{"hash":"d7693c6e5f6462949f72e9d98a35391ebe44031f","isMergeCommit":false,"messageTitle":"Fix checkstyle issues","messageBody":"","fileTypesAndContributionMap":{"test-code":{"insertions":14,"deletions":15}}},{"hash":"5ce35ed63aac8454da14f5bbc917ea632aee187e","isMergeCommit":false,"messageTitle":"Fix more checkstyle issues","messageBody":"","fileTypesAndContributionMap":{"test-code":{"insertions":0,"deletions":11}}},{"hash":"1e213da165fbc02860ea137ceedcb7b0ddaa1a1d","isMergeCommit":false,"messageTitle":"Update link to portfolio on AboutUs page","messageBody":"","fileTypesAndContributionMap":{"docs":{"insertions":1,"deletions":1}}}]},{"date":"2025-10-27T00:00:00","commitResults":[{"hash":"ec2f26aea2e032fa4e33171db2ff70ef3672835e","isMergeCommit":false,"messageTitle":"Update UG with details on list-income, budget and list-budget","messageBody":"","fileTypesAndContributionMap":{"functional-code":{"insertions":4,"deletions":2},"docs":{"insertions":187,"deletions":27}}},{"hash":"7d56575f053e2fee5fef3ac9f8a3de7de4aea2a6","isMergeCommit":true,"messageTitle":"Merge pull request #119 from JordanTwz/UG-list-incomes","messageBody":"Document list-income command and expand FAQ","fileTypesAndContributionMap":{}},{"hash":"8ba3beb74a17dc9505731499c1c88df18fa075cc","isMergeCommit":true,"messageTitle":"Merge branch \u0027master\u0027 into branch-UG","messageBody":"","fileTypesAndContributionMap":{}},{"hash":"9cc0b349a09753a0acf6f317ee620ab0d75440a6","isMergeCommit":false,"messageTitle":"Add class diagrams to Parser and FinTrack section of DG","messageBody":"","fileTypesAndContributionMap":{"docs":{"insertions":82,"deletions":1}}},{"hash":"21c1b8b795aa5616809be0d1a8e6215c65dbc923","isMergeCommit":true,"messageTitle":"Merge pull request #125 from sanjay-shiva-kumar/branch-Change-to-/des-and-improve-parser-readFirstWord()","messageBody":"Branch change to /des and improve parser read first word()","fileTypesAndContributionMap":{}},{"hash":"7e50bb9ef8c64ca24f9dac61a5b50e91340cbedb","isMergeCommit":true,"messageTitle":"Merge pull request #129 from sanjay-shiva-kumar/branch-Update-UG-for-monthly-commands","messageBody":"Update UG to include month filtering commands","fileTypesAndContributionMap":{}}]},{"date":"2025-10-29T00:00:00","commitResults":[{"hash":"f24076043e10af4c4b02ae35bdb586d6d24b86a6","isMergeCommit":false,"messageTitle":"Add puml code for the changed sequence diagram","messageBody":"","fileTypesAndContributionMap":{"docs":{"insertions":14,"deletions":36}}},{"hash":"6c898deddc08586dc8f1594a8efecf0ea335cd10","isMergeCommit":false,"messageTitle":"Update DG (FinTrack and Parser sections) according to PR review comments","messageBody":"","fileTypesAndContributionMap":{"docs":{"insertions":13,"deletions":94}}},{"hash":"74b77832e30965bc27fcd46cb9ad1139b780f133","isMergeCommit":false,"messageTitle":"Update diagrams for FinTrack and Parser to be more consistent in terms of activation bars within diagrams","messageBody":"","fileTypesAndContributionMap":{"docs":{"insertions":31,"deletions":2}}}]},{"date":"2025-10-30T00:00:00","commitResults":[{"hash":"2d8c89d76ff71be0490d6fc8ccbe9d1f6a5eea21","isMergeCommit":false,"messageTitle":"Update FinTrack sequence diagram","messageBody":"","fileTypesAndContributionMap":{"docs":{"insertions":3,"deletions":8}}},{"hash":"168e25a67a3d97d885dc3a6dfc4e79d2bc290cea","isMergeCommit":false,"messageTitle":"Add class diagram for FinanceManager along with description","messageBody":"","fileTypesAndContributionMap":{"docs":{"insertions":93,"deletions":0}}},{"hash":"572dd08186826eac9cf69756d20e946dfaa33fe6","isMergeCommit":true,"messageTitle":"Merge pull request #161 from sanjay-shiva-kumar/branch-Update-DG-post-review","messageBody":"Add FinTrack module class diagram, improve add-expense sequence diagram","fileTypesAndContributionMap":{}},{"hash":"1324d116d8f451daf64954ccf9cc10a67ef65a2e","isMergeCommit":false,"messageTitle":"Simplify class diagram for FinanceManager","messageBody":"","fileTypesAndContributionMap":{"docs":{"insertions":3,"deletions":23}}},{"hash":"4446ab2d30cf63c65ca787efd45d432286102fbb","isMergeCommit":true,"messageTitle":"Merge branch \u0027master\u0027 of https://github.com/AY2526S1-CS2113-W12-4/tp into branch-DG","messageBody":"","fileTypesAndContributionMap":{}},{"hash":"7f83efc113d0a61cd487be26b4ca0ac04cfebe28","isMergeCommit":true,"messageTitle":"Merge pull request #163 from goodguyryan/documentation-Branch","messageBody":"Update DG with more appropriate diagrams","fileTypesAndContributionMap":{}}]}],"JordanTwz":[{"date":"2025-10-01T00:00:00","commitResults":[{"hash":"a6bd08fa506edbb75d4207b802753a329d374647","isMergeCommit":false,"messageTitle":"Update AboutUs.md with appropriate details","messageBody":"","fileTypesAndContributionMap":{"docs":{"insertions":3,"deletions":7}}},{"hash":"7cb0df48fdee6434356090231092ae46ff8abe2d","isMergeCommit":true,"messageTitle":"Merge branch \u0027master\u0027 into JordanTan-AboutUs","messageBody":"","fileTypesAndContributionMap":{}},{"hash":"ce1d3e28399f6c3033053a1351de86f0d7872cd4","isMergeCommit":true,"messageTitle":"Merge pull request #7 from duckyfuz/Kenneth-AboutUs","messageBody":"Update AboutUs file (kenneth)","fileTypesAndContributionMap":{}}]},{"date":"2025-10-06T00:00:00","commitResults":[{"hash":"f14ebedb8831997077a129a29b16f271e100e002","isMergeCommit":true,"messageTitle":"Merge pull request #12 from duckyfuz/kenneth-create-main-entrypoint-and-UI-class","messageBody":"Implement FinTrack class and UI class","fileTypesAndContributionMap":{}},{"hash":"ce4e1426ec89deeb0aba24079533e19d9f1f5e73","isMergeCommit":false,"messageTitle":"Implement add-income and balance commands to close #14","messageBody":"","fileTypesAndContributionMap":{"functional-code":{"insertions":198,"deletions":21}}},{"hash":"9139e3915f79d5ad60864535f5e5ec0ec1fe48a5","isMergeCommit":false,"messageTitle":"Add Javadoc documentation","messageBody":"","fileTypesAndContributionMap":{"functional-code":{"insertions":17,"deletions":2}}},{"hash":"a3211e19873e7483efd0167abd85e0796fd9a19e","isMergeCommit":false,"messageTitle":"Use {@code} for command format to satisfy Checkstyle","messageBody":"","fileTypesAndContributionMap":{"functional-code":{"insertions":4,"deletions":2}}},{"hash":"91ee019135c31bf3602b2ce87e1d84c8f449c7cb","isMergeCommit":false,"messageTitle":"Correct Javadoc placement to satisfy Checkstyle (InvalidJavadocPosition)","messageBody":"","fileTypesAndContributionMap":{"functional-code":{"insertions":4,"deletions":3}}},{"hash":"8d8ee163ea963f80d5029a511dd4d39f2d88254c","isMergeCommit":false,"messageTitle":"Sync EXPECTED.TXT with current UI output","messageBody":"","fileTypesAndContributionMap":{"functional-code":{"insertions":1,"deletions":0}}},{"hash":"9ce7f4d0867ca8170dcf0a620e0e4e5a617da46d","isMergeCommit":false,"messageTitle":"Remove trailing newline in exit message to pass test","messageBody":"","fileTypesAndContributionMap":{"functional-code":{"insertions":1,"deletions":1}}},{"hash":"db4325fc4b642a6c73bfd725ea16cefc3c356ed8","isMergeCommit":false,"messageTitle":"Standardise exit formatting and restore command accessors","messageBody":"","fileTypesAndContributionMap":{"functional-code":{"insertions":12,"deletions":7}}},{"hash":"3b5af6b3ed24c7ca21883f842920db42c60172f9","isMergeCommit":false,"messageTitle":"Clarify Javadoc and comments","messageBody":"","fileTypesAndContributionMap":{"functional-code":{"insertions":3,"deletions":2}}}]},{"date":"2025-10-07T00:00:00","commitResults":[{"hash":"087fcc951323262d3ee8a6ec875cf9fcede58149","isMergeCommit":false,"messageTitle":"Add comprehensive printing/constant tests for Ui.java","messageBody":"","fileTypesAndContributionMap":{"test-code":{"insertions":206,"deletions":0}}},{"hash":"3748205ff712008f7a6febb7b3a3781982a1a26e","isMergeCommit":false,"messageTitle":"Shorten method names in UiTest to satisfy Checkstyle MethodName","messageBody":"","fileTypesAndContributionMap":{"test-code":{"insertions":4,"deletions":4}}}]},{"date":"2025-10-12T00:00:00","commitResults":[{"hash":"1df47826812d1aed6f45cf6707088b8aa11eb558","isMergeCommit":false,"messageTitle":"Bootstrap logging and harden CLI UI","messageBody":"","fileTypesAndContributionMap":{"functional-code":{"insertions":156,"deletions":11}}},{"hash":"ed1a6559184b66ef5e4a4cc048832ea43fbcf265","isMergeCommit":true,"messageTitle":"Merge pull request #43 from noellethen/branch-Javadoc","messageBody":"This PR adds clear and comprehensive Javadoc comments to the Parser class and its tests, improving code readability and maintainability.","fileTypesAndContributionMap":{}},{"hash":"1c1e27e70228696bc649966e95dfb8a0a9c00b9d","isMergeCommit":false,"messageTitle":"Correct invalid Javadoc position in FinTrack.java","messageBody":"","fileTypesAndContributionMap":{"functional-code":{"insertions":1,"deletions":1}}},{"hash":"e10c84c22777317e830fabba892deb9156b1e08d","isMergeCommit":false,"messageTitle":"Enrich CLI method Javadoc and logging notes","messageBody":"","fileTypesAndContributionMap":{"functional-code":{"insertions":82,"deletions":17}}},{"hash":"129babe516c4067c3938e6cef8351c448c8186d7","isMergeCommit":false,"messageTitle":"Update UserGuide.md for v1.0 (closes #44)","messageBody":"","fileTypesAndContributionMap":{"docs":{"insertions":189,"deletions":28}}},{"hash":"c5ebe6048ebc055ed14ab4fd8d24619063395592","isMergeCommit":true,"messageTitle":"Merge pull request #51 from duckyfuz/Add-assertions-and-logging-for-ExpenceAndIncome","messageBody":"LGTM!","fileTypesAndContributionMap":{}}]},{"date":"2025-10-15T00:00:00","commitResults":[{"hash":"e0e3ccce46b8fef6a1b6922e7c5cf31e8aac8020","isMergeCommit":true,"messageTitle":"Merge pull request #54 from goodguyryan/v1javaDocs-Branch","messageBody":"LGTM!","fileTypesAndContributionMap":{}}]},{"date":"2025-10-17T00:00:00","commitResults":[{"hash":"813193b8619f50df3cf83d6537b13b867e8e5d2c","isMergeCommit":false,"messageTitle":"Enable income listing via new list-income command","messageBody":"","fileTypesAndContributionMap":{"functional-code":{"insertions":68,"deletions":5},"test-code":{"insertions":18,"deletions":0}}}]},{"date":"2025-10-20T00:00:00","commitResults":[{"hash":"b7d84e24cf25c5240fd6f89867d3b223a6c786de","isMergeCommit":false,"messageTitle":"Enforce strict argument checks for zero-argument commands","messageBody":"","fileTypesAndContributionMap":{"functional-code":{"insertions":45,"deletions":1}}}]},{"date":"2025-10-21T00:00:00","commitResults":[{"hash":"b20d2aa35d351fc8c5c3a422e26f7cedf8e9e760","isMergeCommit":false,"messageTitle":"Document Ui console module design and sequencing (closes #72)","messageBody":"","fileTypesAndContributionMap":{"docs":{"insertions":40,"deletions":1}}},{"hash":"2d01d3519c1a85a0fa1aa38ed8f95f6765863853","isMergeCommit":false,"messageTitle":"Add PlantUML sources for developer guide diagrams","messageBody":"","fileTypesAndContributionMap":{"docs":{"insertions":97,"deletions":0}}}]},{"date":"2025-10-23T00:00:00","commitResults":[{"hash":"63a350d34c4e5b8ff982f919175eb15f4297f61f","isMergeCommit":false,"messageTitle":"Rename expense listing command and require d/ month prefix","messageBody":"","fileTypesAndContributionMap":{"functional-code":{"insertions":29,"deletions":20},"test-code":{"insertions":40,"deletions":15}}}]},{"date":"2025-10-26T00:00:00","commitResults":[{"hash":"e4041653c1e53d50f0513f9fa7b2ce5f9b163807","isMergeCommit":true,"messageTitle":"Merge pull request #104 from noellethen/branch-DG","messageBody":"Update Developer Guide with non-functional requirements","fileTypesAndContributionMap":{}},{"hash":"41590ddc7bd4773fbe2cbdf11f2f54613c6dd7eb","isMergeCommit":false,"messageTitle":"Document architecture overview","messageBody":"","fileTypesAndContributionMap":{"docs":{"insertions":12,"deletions":0}}},{"hash":"41be9c401eb82daecbd81532a63ec6cb8600361d","isMergeCommit":false,"messageTitle":"Update the Ui module subsection with clearer headings","messageBody":"","fileTypesAndContributionMap":{"docs":{"insertions":4,"deletions":4}}},{"hash":"771eb74f9f0dc8417a5c5e81a57edc91930f6dbf","isMergeCommit":true,"messageTitle":"Merge branch \u0027master\u0027 into add-architecture","messageBody":"","fileTypesAndContributionMap":{}},{"hash":"3005b344f497cfd628133fa765340e55c6eff3d9","isMergeCommit":true,"messageTitle":"Merge pull request #109 from sanjay-shiva-kumar/branch-Fintrack-JUnit-and-add-.puml","messageBody":"Add JUnit tests for FinTrack module","fileTypesAndContributionMap":{}},{"hash":"9bad7cecf71157b311824c4cf8ccc6b187f2db9f","isMergeCommit":false,"messageTitle":"Document list-income command","messageBody":"","fileTypesAndContributionMap":{"docs":{"insertions":30,"deletions":3}}},{"hash":"cafdfd84a8f67cc182f3f0318398d63c9427be8f","isMergeCommit":false,"messageTitle":"Expand FAQ with additional tips","messageBody":"","fileTypesAndContributionMap":{"docs":{"insertions":9,"deletions":0}}},{"hash":"8ce5cd587ca61d5931346c8f6125e4eec848bdb7","isMergeCommit":true,"messageTitle":"Merge pull request #117 from goodguyryan/documentation-Branch","messageBody":"Update DG, UG and PPP","fileTypesAndContributionMap":{}}]},{"date":"2025-10-27T00:00:00","commitResults":[{"hash":"769c9016b1711d5278dc78ded3dddf22c100413b","isMergeCommit":false,"messageTitle":"Add PPP with contribution summary","messageBody":"","fileTypesAndContributionMap":{"docs":{"insertions":27,"deletions":0}}},{"hash":"72558de2afcc3dba4a55b81f44f31ff58cdc0911","isMergeCommit":true,"messageTitle":"Merge pull request #122 from goodguyryan/AboutUs-Branch","messageBody":"Fix link in AboutUs.md","fileTypesAndContributionMap":{}},{"hash":"5319dd70cfdb7db84f3db543ce3053e3a9e3efbc","isMergeCommit":false,"messageTitle":"Fix CSV export missing summary section","messageBody":"","fileTypesAndContributionMap":{"functional-code":{"insertions":2,"deletions":0}}},{"hash":"a0f3c5adfdd20890e3d994f69e0745243c7961d0","isMergeCommit":false,"messageTitle":"Fix description parsing for des/ prefix","messageBody":"","fileTypesAndContributionMap":{"functional-code":{"insertions":27,"deletions":5}}},{"hash":"1561d951f9dd3806ac7c9f036ba9704f7c4e11a2","isMergeCommit":false,"messageTitle":"Prevent NaN percentages in summary output","messageBody":"","fileTypesAndContributionMap":{"functional-code":{"insertions":4,"deletions":4}}},{"hash":"1e819ea20ab150fb2d2ba59faedcf8ee4e289313","isMergeCommit":false,"messageTitle":"Add tests for CSV summary, description parsing, and zero totals","messageBody":"","fileTypesAndContributionMap":{"test-code":{"insertions":83,"deletions":0}}},{"hash":"86aa9c088576252bf11a7531e23655c30ed43da9","isMergeCommit":true,"messageTitle":"Merge pull request #131 from sanjay-shiva-kumar/branch-Update-DG-glossary","messageBody":"Update DG glossary","fileTypesAndContributionMap":{}},{"hash":"ea5b67509be23e471170f70ec944e4223b9d2d7a","isMergeCommit":false,"messageTitle":"Rename jordantwz PPP file and refresh reviewed PR list","messageBody":"","fileTypesAndContributionMap":{"docs":{"insertions":1,"deletions":1}}},{"hash":"0983a84d42447ea39d7316d75d253b81a3fc3b3a","isMergeCommit":false,"messageTitle":"Fix AboutUs portfolio links","messageBody":"","fileTypesAndContributionMap":{"docs":{"insertions":2,"deletions":2}}},{"hash":"bef548e9e3a338111db3c2340e5bf4f73660ce39","isMergeCommit":false,"messageTitle":"Fix Kenneth Gao portfolio link in AboutUs","messageBody":"","fileTypesAndContributionMap":{"docs":{"insertions":1,"deletions":1}}},{"hash":"112b3760a22c2e8ce8e431efb650fe1f44f6c727","isMergeCommit":true,"messageTitle":"Merge pull request #137 from duckyfuz/Explain-modify-and-export-in-user-guide","messageBody":"Add section for user guide on modify and export","fileTypesAndContributionMap":{}},{"hash":"b9a2ea78fc745cbfb38343cc463d67830e2b3857","isMergeCommit":false,"messageTitle":"Add user stories to DeveloperGuide.md","messageBody":"","fileTypesAndContributionMap":{"docs":{"insertions":14,"deletions":4}}}]},{"date":"2025-10-28T00:00:00","commitResults":[{"hash":"fa955f5daba1fa3d1ce9d061db43040c9511b925","isMergeCommit":true,"messageTitle":"Merge pull request #148 from sanjay-shiva-kumar/branch-Check-DG","messageBody":"Update DG for v2.0, update des/ in sequence diagrams","fileTypesAndContributionMap":{}}]}]},"authorFileTypeContributionMap":{"duckyfuz":{"docs":558,"functional-code":599,"test-code":901,"other":2},"sanjay-shiva-kumar":{"docs":235,"functional-code":913,"test-code":1801},"goodguyryan":{"docs":306,"functional-code":492,"test-code":440},"noellethen":{"docs":422,"functional-code":479,"test-code":831,"other":1},"JordanTwz":{"docs":385,"functional-code":513,"test-code":321}},"authorContributionVariance":{"duckyfuz":42002.008,"sanjay-shiva-kumar":67649.19,"goodguyryan":7314.099,"noellethen":15893.571,"JordanTwz":8875.705},"authorDisplayNameMap":{"duckyfuz":"CS2113-W12-4 GAO ..NETH","sanjay-shiva-kumar":"CS2113-W12-4 SANJ..UMAR","goodguyryan":"CS2113-W12-4 RYAN..GKAI","noellethen":"CS2113-W12-4 THEN..ELLE","JordanTwz":"CS2113-W12-4 JORD..HENG"}}
