{"authorDailyContributionsMap":{"duckyfuz":[{"date":"2025-10-01T00:00:00","commitResults":[{"hash":"623d93eca3ce510e1421c240837fad04df030e04","isMergeCommit":false,"messageTitle":"Update AboutUs file","messageBody":"","fileTypesAndContributionMap":{"docs":{"insertions":1,"deletions":5}}},{"hash":"860e27f33abbea92b3f8b2a5010e03ed544729b8","isMergeCommit":true,"messageTitle":"Merge pull request #5 from noellethen/Noelle-AboutUs","messageBody":"Update AboutUs (Noelle)","fileTypesAndContributionMap":{}},{"hash":"82004b0d1d4fee35745a475169fbc466137ceb35","isMergeCommit":true,"messageTitle":"Merge branch \u0027master\u0027 of github.com:AY2526S1-CS2113-W12-4/tp into Kenneth-AboutUs","messageBody":"","fileTypesAndContributionMap":{}}]},{"date":"2025-10-06T00:00:00","commitResults":[{"hash":"4eace9f0e73f73e3a9d2ade1066191113bfd8582","isMergeCommit":false,"messageTitle":"Create UI class","messageBody":"","fileTypesAndContributionMap":{"functional-code":{"insertions":55,"deletions":0}}},{"hash":"65518fdb631913bbcfb53e41aff6482598876a8c","isMergeCommit":false,"messageTitle":"Rename Duke to FinTrack and handle command loop using UI class","messageBody":"","fileTypesAndContributionMap":{"functional-code":{"insertions":20,"deletions":21}}},{"hash":"7987f10d19519ed04425277dba0e084076fed6d1","isMergeCommit":false,"messageTitle":"Fix tests to handle namechange to FinTrack","messageBody":"","fileTypesAndContributionMap":{"functional-code":{"insertions":1,"deletions":1},"other":{"insertions":4,"deletions":4}}},{"hash":"2b111ac1c54e6f741354aa8e98f6b1ec4c016b4f","isMergeCommit":false,"messageTitle":"Remove unused import","messageBody":"","fileTypesAndContributionMap":{"functional-code":{"insertions":0,"deletions":2}}},{"hash":"77ca430cb8b99dc0977ca878ee9c098ffd05b8ba","isMergeCommit":false,"messageTitle":"Refactor to follow class declaration order","messageBody":"","fileTypesAndContributionMap":{"functional-code":{"insertions":4,"deletions":4}}},{"hash":"f4ed1fe157586c89106a15d2883f0c577f155593","isMergeCommit":false,"messageTitle":"Create deleteExpense and deleteIncome methods","messageBody":"","fileTypesAndContributionMap":{"functional-code":{"insertions":26,"deletions":0}}},{"hash":"a2166b08fd8d71f87b8bdc47a89e3380f288d390","isMergeCommit":false,"messageTitle":"Upgrade parser for deletion by throwing with different error messages","messageBody":"","fileTypesAndContributionMap":{"functional-code":{"insertions":34,"deletions":10}}},{"hash":"08de585aa17f0c1fa3af0d0b15b87cbc83a7f8ae","isMergeCommit":false,"messageTitle":"Create Ui text for deletion operations","messageBody":"","fileTypesAndContributionMap":{"functional-code":{"insertions":20,"deletions":0}}},{"hash":"405cf084f530c02650cb3e4a2fd6db4dc48f1358","isMergeCommit":false,"messageTitle":"handle delete commands in FinTrack command loop","messageBody":"","fileTypesAndContributionMap":{"functional-code":{"insertions":8,"deletions":6}}}]},{"date":"2025-10-08T00:00:00","commitResults":[{"hash":"00ec1cd3293be43948942d3d1cebe55b8eb8312c","isMergeCommit":false,"messageTitle":"Create tests for FinanceManager","messageBody":"","fileTypesAndContributionMap":{"test-code":{"insertions":291,"deletions":0}}},{"hash":"48852a8142c55c27325f241fab82bfb8da252fed","isMergeCommit":false,"messageTitle":"Resolve linting errors","messageBody":"","fileTypesAndContributionMap":{"test-code":{"insertions":1,"deletions":2}}},{"hash":"37a056afd151e05b3094f22de6f59e4b0c294d7c","isMergeCommit":true,"messageTitle":"Merge pull request #39 from goodguyryan/TestModel-Branch","messageBody":"","fileTypesAndContributionMap":{}}]},{"date":"2025-10-12T00:00:00","commitResults":[{"hash":"78cb8eabb37aa06f296247442d4769fd2e4d3fa5","isMergeCommit":true,"messageTitle":"Merge pull request #47 from JordanTwz/User-Guide","messageBody":"Update User Guide for v1.0","fileTypesAndContributionMap":{}},{"hash":"429fb9877c130ea8725a5f9178fe80c297f7c3ad","isMergeCommit":false,"messageTitle":"Create assertions for Expense/Income class","messageBody":"","fileTypesAndContributionMap":{"functional-code":{"insertions":6,"deletions":0}}},{"hash":"7e5495a76fd63a6f7271e4582617e055aae80c30","isMergeCommit":false,"messageTitle":"Add logger for invalid values","messageBody":"","fileTypesAndContributionMap":{"functional-code":{"insertions":36,"deletions":0}}},{"hash":"2fd6f8b224563b9995d71310a55de6ba86f6cd29","isMergeCommit":false,"messageTitle":"Set expense description to null if description isBlank","messageBody":"","fileTypesAndContributionMap":{"functional-code":{"insertions":1,"deletions":1}}},{"hash":"04069c7697045db480d1713f42ec79cfcb6a48a8","isMergeCommit":false,"messageTitle":"Update test to disallow expense with value of 0","messageBody":"","fileTypesAndContributionMap":{"test-code":{"insertions":2,"deletions":2}}},{"hash":"6660e0e45db04f60fb1a2ed16075a545201ee144","isMergeCommit":false,"messageTitle":"Update test to accept null on empty description","messageBody":"","fileTypesAndContributionMap":{"test-code":{"insertions":1,"deletions":1}}},{"hash":"01a0a1c81be6fa6f6075a42cff433d5c6d7fba0c","isMergeCommit":true,"messageTitle":"Merge branch \u0027master\u0027 into Add-assertions-and-logging-for-ExpenceAndIncome","messageBody":"","fileTypesAndContributionMap":{}}]},{"date":"2025-10-13T00:00:00","commitResults":[{"hash":"577491b273a4caa9b1b2c1beaa5db53d3ddfe6a5","isMergeCommit":true,"messageTitle":"Merge pull request #53 from sanjay-shiva-kumar/branch-Add-assertions-logging-and-exceptions-to-ExpenseList","messageBody":"Add assertions, logging and exceptions to expense list","tags":["v1.0"],"fileTypesAndContributionMap":{}}]}],"sanjay-shiva-kumar":[{"date":"2025-10-01T00:00:00","commitResults":[{"hash":"ac96b5613cfd5327adf96c04381d2baf0e605ac7","isMergeCommit":false,"messageTitle":"Update AboutUs.md","messageBody":"","fileTypesAndContributionMap":{"docs":{"insertions":4,"deletions":7}}},{"hash":"eed3fd9b37c78220d050f7e61fd3f3cc8cb099a9","isMergeCommit":true,"messageTitle":"Merge pull request #6 from goodguyryan/RyanNg-AboutUs","messageBody":"Update AboutUs.md to include personal information","fileTypesAndContributionMap":{}}]},{"date":"2025-10-06T00:00:00","commitResults":[{"hash":"3388619b643f7e282aca0955954c33e577e4f274","isMergeCommit":true,"messageTitle":"Merge pull request #15 from JordanTwz/Add-Income","messageBody":"Implement add-income and balance commands to close #14","fileTypesAndContributionMap":{}},{"hash":"9c16da9291d8b8ec451f1ad30c9d7bdaba88acba","isMergeCommit":true,"messageTitle":"Merge pull request #20 from duckyfuz/Allow-delete-by-id","messageBody":"Allow delete by transaction id (income / expense)","fileTypesAndContributionMap":{}}]},{"date":"2025-10-08T00:00:00","commitResults":[{"hash":"a8127bffa33fb0aca2368a5994b6a887839dff0c","isMergeCommit":false,"messageTitle":"Add ExpenseList that keeps newest-first","messageBody":"Maintain expenses in reverse chronological order at the data\nstructure level. Sorting happens after additions so callers\nalways see a newest-first view.\n\nThis centralizes the ordering invariant and removes sorting\nlogic from UI and command handlers.\n","fileTypesAndContributionMap":{"functional-code":{"insertions":86,"deletions":0}}},{"hash":"cbd5e96d93011afc86b828f00a82ae17a3a8ed9b","isMergeCommit":false,"messageTitle":"Switch FinanceManager to use ExpenseList","messageBody":"","fileTypesAndContributionMap":{"functional-code":{"insertions":16,"deletions":5}}},{"hash":"3c391836d338c808a587590461509e6f2a9a4b24","isMergeCommit":false,"messageTitle":"Implement list command to show list of expenses","messageBody":"Add a list command to display all recorded expenses in reverse\nchronological order with numbered rows. The command retrieves a\nnewest-first view from FinanceManager and prints it through\nUi.printListOfExpenses().\n\nIncludes:\n- printListOfExpenses() to format expense details.\n- printHorizontalLine(int) helper for consistent separators.\n- FinTrack case branch wiring for LIST_COMMAND.\n\nUsers can now type \u0027list\u0027 to view expenses ordered by date, with\nindex 1 representing the most recent expense.\n","fileTypesAndContributionMap":{"functional-code":{"insertions":31,"deletions":0}}},{"hash":"fb679850a75c9fba01806f36909c72f7c5648202","isMergeCommit":false,"messageTitle":"Add help command to display usage summary","messageBody":"","fileTypesAndContributionMap":{"functional-code":{"insertions":48,"deletions":0}}},{"hash":"9f38e40ca1465e79d51f66f7b9550a964161544d","isMergeCommit":false,"messageTitle":"Add JUnit tests for ExpenseList and Ui formatting","messageBody":"","fileTypesAndContributionMap":{"test-code":{"insertions":92,"deletions":0}}},{"hash":"125fc5df552ec9ce00295dfd3e65d3923a1a45e2","isMergeCommit":false,"messageTitle":"Shorten line to satisfy Checkstyle","messageBody":"","fileTypesAndContributionMap":{"functional-code":{"insertions":2,"deletions":1}}},{"hash":"2341635b7a16410753e09ba180e8d579750013f2","isMergeCommit":false,"messageTitle":"Add newline to end of exit message for macOS check","messageBody":"","fileTypesAndContributionMap":{"functional-code":{"insertions":1,"deletions":1},"test-code":{"insertions":3,"deletions":2}}},{"hash":"3eb05ba3d5355d52cb8815a4739dee780ef0a1ce","isMergeCommit":false,"messageTitle":"Update EXPECTED.TXT","messageBody":"","fileTypesAndContributionMap":{"functional-code":{"insertions":6,"deletions":2}}},{"hash":"5987531ea0c383e272042344db066d7356c11e13","isMergeCommit":false,"messageTitle":"Change line printing to ASCII only","messageBody":"","fileTypesAndContributionMap":{"functional-code":{"insertions":1,"deletions":1}}}]},{"date":"2025-10-12T00:00:00","commitResults":[{"hash":"121cbc54d8a01b0175298fce3c387120eec4b5ce","isMergeCommit":true,"messageTitle":"Merge pull request #48 from goodguyryan/FinanceManagerSecurity-Branch","messageBody":"Add assertions and logging to FinanceManager.java","fileTypesAndContributionMap":{}}]},{"date":"2025-10-13T00:00:00","commitResults":[{"hash":"a7413745c3cb34fb69ce66ea226cea46ddafdd9a","isMergeCommit":false,"messageTitle":"ExpenseList: Add assertions, logging, and exception handling","messageBody":"ExpenseList previously lacked robust input validation and developer-time\ninvariants. Invalid data such as null expenses, blank categories, or\nnegative amounts could silently corrupt the list.\n\nLet\u0027s add:\n* Input validation that throws informative exceptions for user-facing\n  errors.\n* Assertions to verify internal invariants such as newest-first order.\n* Logging at WARNING and FINE levels for easier debugging and audit.\n\nThese additions improve code safety and traceability without changing\nthe public API.\n","fileTypesAndContributionMap":{"functional-code":{"insertions":106,"deletions":0}}},{"hash":"1afa4bfb316f2c720df85a9f8634638baf18ea9c","isMergeCommit":false,"messageTitle":"ExpenseListTest: Update tests for new validation and ordering behaviour","messageBody":"Earlier tests only covered basic list operations and did not account for\nthe newly added exception handling and sort assertions in ExpenseList.\n\nLet\u0027s:\n* Add tests for invalid inputs (null, blank, negative).\n* Verify that the list remains sorted newest-first after insertions.\n* Ensure exception types and messages are correct.\n\nThis improves regression coverage and documents expected behaviour under\ninvalid user input scenarios.\n","fileTypesAndContributionMap":{"test-code":{"insertions":206,"deletions":25}}},{"hash":"5f5dd161863400c3b93abf910f967fac6e298e0b","isMergeCommit":false,"messageTitle":"Fix code style issues in ExpenseListTest","messageBody":"","fileTypesAndContributionMap":{"test-code":{"insertions":6,"deletions":4}}},{"hash":"4b2faf6ebdfe79b83f77a1ea9fa6da28ad967a79","isMergeCommit":false,"messageTitle":"Fix import form in ExpenseListTest","messageBody":"","fileTypesAndContributionMap":{"test-code":{"insertions":14,"deletions":4}}}]}],"goodguyryan":[{"date":"2025-10-01T00:00:00","commitResults":[{"hash":"082cfb9e1febd1c1aa0850e282e9b4ab95f49c1d","isMergeCommit":false,"messageTitle":"Update AboutUs.md to include personal information","messageBody":"","fileTypesAndContributionMap":{"docs":{"insertions":4,"deletions":7}}},{"hash":"bfcab3d8f0ac86be861275e12599ad5811a79604","isMergeCommit":true,"messageTitle":"Merge branch \u0027master\u0027 into RyanNg-AboutUs","messageBody":"","fileTypesAndContributionMap":{}},{"hash":"477110a05d86bcb223539a78b9ea7ae517920a1f","isMergeCommit":true,"messageTitle":"Merge pull request #9 from JordanTwz/JordanTan-AboutUs","messageBody":"Update AboutUs.md with appropriate details","fileTypesAndContributionMap":{}}]},{"date":"2025-10-06T00:00:00","commitResults":[{"hash":"d9eac60ff12479213a8e05367e0922b8d3477c4e","isMergeCommit":false,"messageTitle":"Update Expense class and implement add expense feature","messageBody":"","fileTypesAndContributionMap":{"functional-code":{"insertions":31,"deletions":1}}},{"hash":"c20cde9d94b1be55b37073b9495bc32822e4354d","isMergeCommit":true,"messageTitle":"Merge pull request #19 from noellethen/branch-Parser","messageBody":"Update Parser \u0026 FinTrack class to handle more commands","fileTypesAndContributionMap":{}}]},{"date":"2025-10-07T00:00:00","commitResults":[{"hash":"f285143868e8e7749e8a03d144d2f82feb599bc3","isMergeCommit":true,"messageTitle":"Merge pull request #21 from noellethen/branch-ParserTest","messageBody":"Add JUnit tests for Parser class","fileTypesAndContributionMap":{}}]},{"date":"2025-10-08T00:00:00","commitResults":[{"hash":"da3906e543d76041e06bc6895fb8055d79431ab9","isMergeCommit":true,"messageTitle":"Merge pull request #38 from duckyfuz/Add-FinanceManagerTest-class","messageBody":"Create tests for FinanceManager","fileTypesAndContributionMap":{}},{"hash":"4310bd00541ad9646e8bff74439e4351eeff6047","isMergeCommit":false,"messageTitle":"Add JUnit test for Expense and Income class","messageBody":"","fileTypesAndContributionMap":{"test-code":{"insertions":101,"deletions":0}}}]},{"date":"2025-10-11T00:00:00","commitResults":[{"hash":"f42fc7ced552c21b4f85656baba5124a09f3e7e3","isMergeCommit":true,"messageTitle":"Merge pull request #41 from noellethen/branch-Defense","messageBody":"Add assertions, logging and exceptions to Parser.java","fileTypesAndContributionMap":{}}]},{"date":"2025-10-12T00:00:00","commitResults":[{"hash":"5912a175090a4d9e671db702ae0b09e817e51d91","isMergeCommit":false,"messageTitle":"Add assertions and logging to FinanceManager.java","messageBody":"","fileTypesAndContributionMap":{"functional-code":{"insertions":59,"deletions":11}}},{"hash":"2ccb8ee717b6fe8f3353e61b53a67f30b9552148","isMergeCommit":false,"messageTitle":"Edit logging imports","messageBody":"","fileTypesAndContributionMap":{"functional-code":{"insertions":2,"deletions":1}}},{"hash":"03c2aa8c6e26c6fbe547d0182f4c1cf4ffe3c71d","isMergeCommit":false,"messageTitle":"Edit logger declaration","messageBody":"","fileTypesAndContributionMap":{"functional-code":{"insertions":9,"deletions":9}}}]}],"noellethen":[{"date":"2025-10-01T00:00:00","commitResults":[{"hash":"c55a69fdc198752e2b494b5cc8c79155e5562e99","isMergeCommit":false,"messageTitle":"Update AboutUs","messageBody":"","fileTypesAndContributionMap":{"docs":{"insertions":3,"deletions":7}}},{"hash":"6e75ea1117ffd546cca719d3187cc33d2f118ace","isMergeCommit":true,"messageTitle":"Merge pull request #8 from sanjay-shiva-kumar/sanjay-AboutUs","messageBody":"Update AboutUs.md (Sanjay)","fileTypesAndContributionMap":{}},{"hash":"07df8707187dc8f1f416d29e986cac3b66bef4cf","isMergeCommit":true,"messageTitle":"Merge branch \u0027master\u0027 into Noelle-AboutUs","messageBody":"","fileTypesAndContributionMap":{}}]},{"date":"2025-10-06T00:00:00","commitResults":[{"hash":"6c3aac95626fffb9dd704720649bc0f755263750","isMergeCommit":true,"messageTitle":"Merge pull request #17 from goodguyryan/AddIncome-Branch","messageBody":"Update Expense class and implement add expense feature","fileTypesAndContributionMap":{}},{"hash":"e8201b0114faaa00d5427271e82e5f6315feb607","isMergeCommit":true,"messageTitle":"Merge pull request #18 from JordanTwz/Add-Income","messageBody":"Standardise exit formatting and restore command accessors","fileTypesAndContributionMap":{}},{"hash":"ba67facb2152cc52f6364aeec9468e4971f70ad6","isMergeCommit":false,"messageTitle":"Update Parser class to sort through more commands","messageBody":"","fileTypesAndContributionMap":{"functional-code":{"insertions":107,"deletions":33}}},{"hash":"8df7c405463dfb7ec598af3cb9904ec65f6fa801","isMergeCommit":false,"messageTitle":"Update Ui class to include 2 separate delete commands","messageBody":"","fileTypesAndContributionMap":{"functional-code":{"insertions":3,"deletions":15}}},{"hash":"4b81b72fe571922352ad6b8d9571b4b8e87d9d86","isMergeCommit":false,"messageTitle":"Update FinTrack class to use switch-case statements, as well as handle more commands","messageBody":"","fileTypesAndContributionMap":{"functional-code":{"insertions":41,"deletions":10}}},{"hash":"99067819168fd4eaa9efc6032a28b00d6c686c48","isMergeCommit":false,"messageTitle":"Change commands and parameter prefixes to public","messageBody":"","fileTypesAndContributionMap":{"functional-code":{"insertions":12,"deletions":12}}},{"hash":"529f883923696b22243dc695bb925c8ebca67bab","isMergeCommit":false,"messageTitle":"Fix codestyle issues","messageBody":"","fileTypesAndContributionMap":{"functional-code":{"insertions":30,"deletions":8}}},{"hash":"6b818afc17689a4d52700cf61a8fa5fe5fa58c2d","isMergeCommit":false,"messageTitle":"Fix styling issues","messageBody":"","fileTypesAndContributionMap":{"functional-code":{"insertions":4,"deletions":3}}}]},{"date":"2025-10-07T00:00:00","commitResults":[{"hash":"884ebe75810fe3448eefbd9021323f2e61a17958","isMergeCommit":false,"messageTitle":"Update returnFirstWord method to handle leading spaces","messageBody":"","fileTypesAndContributionMap":{"functional-code":{"insertions":5,"deletions":3}}},{"hash":"c799686c02bf332106b2a8fd81ba8f50f0c35433","isMergeCommit":false,"messageTitle":"Add JUnit tests for Parser class","messageBody":"","fileTypesAndContributionMap":{"test-code":{"insertions":388,"deletions":0}}},{"hash":"ea7533df18d93f8b6c1c5e0dcfd69a66a567b62e","isMergeCommit":false,"messageTitle":"Fix checkstyle issues","messageBody":"","fileTypesAndContributionMap":{"test-code":{"insertions":3,"deletions":3}}},{"hash":"e11c0f587d9c9e901b6d55af5d013954a9a18310","isMergeCommit":false,"messageTitle":"Edit methods with three underscores in name","messageBody":"","fileTypesAndContributionMap":{"test-code":{"insertions":1,"deletions":1}}},{"hash":"4add0bec99825375138eefe272de7a28825e18ce","isMergeCommit":true,"messageTitle":"Merge pull request #30 from JordanTwz/Ui-Tests","messageBody":"Add comprehensive printing/constant tests for Ui.java","fileTypesAndContributionMap":{}}]},{"date":"2025-10-08T00:00:00","commitResults":[{"hash":"823a92c50ae9572f9a2062a1ace89550987a6998","isMergeCommit":true,"messageTitle":"Merge pull request #36 from sanjay-shiva-kumar/branch-list-expenses-and-view-help","messageBody":"Branch list expenses and view help","fileTypesAndContributionMap":{}}]},{"date":"2025-10-11T00:00:00","commitResults":[{"hash":"9f302a1bcd162b4342e97c15ce0c300db3eca218","isMergeCommit":false,"messageTitle":"Enable assertions for Java","messageBody":"","fileTypesAndContributionMap":{"other":{"insertions":1,"deletions":0}}},{"hash":"16ef722dda1df6aa3ef192d0d59566943117d1dc","isMergeCommit":false,"messageTitle":"Add logging, assertions and exception to Parser.java","messageBody":"","fileTypesAndContributionMap":{"functional-code":{"insertions":74,"deletions":8}}},{"hash":"4b7d0e1e6c4cb8fb65b69425abf73631804ad75f","isMergeCommit":false,"messageTitle":"Add Javadoc comments to all public (and non-trivial private) methods of Parser class","messageBody":"","fileTypesAndContributionMap":{"functional-code":{"insertions":59,"deletions":8}}},{"hash":"bc9f34f40e4b7d1b5c87014066cebd87570b923e","isMergeCommit":false,"messageTitle":"Add Javadoc comments to all methods of ParserTest class","messageBody":"","fileTypesAndContributionMap":{"test-code":{"insertions":104,"deletions":4}}},{"hash":"0df37db653f13964d65c415718983fcb2e708ef1","isMergeCommit":false,"messageTitle":"Fix indentation issues in some javadoc comments","messageBody":"","fileTypesAndContributionMap":{"functional-code":{"insertions":5,"deletions":5}}}]},{"date":"2025-10-12T00:00:00","commitResults":[{"hash":"c8dc185014cfcca02ce0ea72f5c76fbb773d51da","isMergeCommit":true,"messageTitle":"Merge pull request #46 from JordanTwz/Structured-Logging","messageBody":"Bootstrap logging and harden CLI UI","fileTypesAndContributionMap":{}}]}],"JordanTwz":[{"date":"2025-10-01T00:00:00","commitResults":[{"hash":"a6bd08fa506edbb75d4207b802753a329d374647","isMergeCommit":false,"messageTitle":"Update AboutUs.md with appropriate details","messageBody":"","fileTypesAndContributionMap":{"docs":{"insertions":3,"deletions":7}}},{"hash":"7cb0df48fdee6434356090231092ae46ff8abe2d","isMergeCommit":true,"messageTitle":"Merge branch \u0027master\u0027 into JordanTan-AboutUs","messageBody":"","fileTypesAndContributionMap":{}},{"hash":"ce1d3e28399f6c3033053a1351de86f0d7872cd4","isMergeCommit":true,"messageTitle":"Merge pull request #7 from duckyfuz/Kenneth-AboutUs","messageBody":"Update AboutUs file (kenneth)","fileTypesAndContributionMap":{}}]},{"date":"2025-10-06T00:00:00","commitResults":[{"hash":"f14ebedb8831997077a129a29b16f271e100e002","isMergeCommit":true,"messageTitle":"Merge pull request #12 from duckyfuz/kenneth-create-main-entrypoint-and-UI-class","messageBody":"Implement FinTrack class and UI class","fileTypesAndContributionMap":{}},{"hash":"ce4e1426ec89deeb0aba24079533e19d9f1f5e73","isMergeCommit":false,"messageTitle":"Implement add-income and balance commands to close #14","messageBody":"","fileTypesAndContributionMap":{"functional-code":{"insertions":198,"deletions":21}}},{"hash":"9139e3915f79d5ad60864535f5e5ec0ec1fe48a5","isMergeCommit":false,"messageTitle":"Add Javadoc documentation","messageBody":"","fileTypesAndContributionMap":{"functional-code":{"insertions":17,"deletions":2}}},{"hash":"a3211e19873e7483efd0167abd85e0796fd9a19e","isMergeCommit":false,"messageTitle":"Use {@code} for command format to satisfy Checkstyle","messageBody":"","fileTypesAndContributionMap":{"functional-code":{"insertions":4,"deletions":2}}},{"hash":"91ee019135c31bf3602b2ce87e1d84c8f449c7cb","isMergeCommit":false,"messageTitle":"Correct Javadoc placement to satisfy Checkstyle (InvalidJavadocPosition)","messageBody":"","fileTypesAndContributionMap":{"functional-code":{"insertions":4,"deletions":3}}},{"hash":"8d8ee163ea963f80d5029a511dd4d39f2d88254c","isMergeCommit":false,"messageTitle":"Sync EXPECTED.TXT with current UI output","messageBody":"","fileTypesAndContributionMap":{"functional-code":{"insertions":1,"deletions":0}}},{"hash":"9ce7f4d0867ca8170dcf0a620e0e4e5a617da46d","isMergeCommit":false,"messageTitle":"Remove trailing newline in exit message to pass test","messageBody":"","fileTypesAndContributionMap":{"functional-code":{"insertions":1,"deletions":1}}},{"hash":"db4325fc4b642a6c73bfd725ea16cefc3c356ed8","isMergeCommit":false,"messageTitle":"Standardise exit formatting and restore command accessors","messageBody":"","fileTypesAndContributionMap":{"functional-code":{"insertions":12,"deletions":7}}},{"hash":"3b5af6b3ed24c7ca21883f842920db42c60172f9","isMergeCommit":false,"messageTitle":"Clarify Javadoc and comments","messageBody":"","fileTypesAndContributionMap":{"functional-code":{"insertions":3,"deletions":2}}}]},{"date":"2025-10-07T00:00:00","commitResults":[{"hash":"087fcc951323262d3ee8a6ec875cf9fcede58149","isMergeCommit":false,"messageTitle":"Add comprehensive printing/constant tests for Ui.java","messageBody":"","fileTypesAndContributionMap":{"test-code":{"insertions":206,"deletions":0}}},{"hash":"3748205ff712008f7a6febb7b3a3781982a1a26e","isMergeCommit":false,"messageTitle":"Shorten method names in UiTest to satisfy Checkstyle MethodName","messageBody":"","fileTypesAndContributionMap":{"test-code":{"insertions":4,"deletions":4}}}]},{"date":"2025-10-12T00:00:00","commitResults":[{"hash":"1df47826812d1aed6f45cf6707088b8aa11eb558","isMergeCommit":false,"messageTitle":"Bootstrap logging and harden CLI UI","messageBody":"","fileTypesAndContributionMap":{"functional-code":{"insertions":156,"deletions":11}}},{"hash":"ed1a6559184b66ef5e4a4cc048832ea43fbcf265","isMergeCommit":true,"messageTitle":"Merge pull request #43 from noellethen/branch-Javadoc","messageBody":"This PR adds clear and comprehensive Javadoc comments to the Parser class and its tests, improving code readability and maintainability.","fileTypesAndContributionMap":{}},{"hash":"1c1e27e70228696bc649966e95dfb8a0a9c00b9d","isMergeCommit":false,"messageTitle":"Correct invalid Javadoc position in FinTrack.java","messageBody":"","fileTypesAndContributionMap":{"functional-code":{"insertions":1,"deletions":1}}},{"hash":"e10c84c22777317e830fabba892deb9156b1e08d","isMergeCommit":false,"messageTitle":"Enrich CLI method Javadoc and logging notes","messageBody":"","fileTypesAndContributionMap":{"functional-code":{"insertions":82,"deletions":17}}},{"hash":"129babe516c4067c3938e6cef8351c448c8186d7","isMergeCommit":false,"messageTitle":"Update UserGuide.md for v1.0 (closes #44)","messageBody":"","fileTypesAndContributionMap":{"docs":{"insertions":189,"deletions":28}}},{"hash":"c5ebe6048ebc055ed14ab4fd8d24619063395592","isMergeCommit":true,"messageTitle":"Merge pull request #51 from duckyfuz/Add-assertions-and-logging-for-ExpenceAndIncome","messageBody":"LGTM!","fileTypesAndContributionMap":{}}]}]},"authorFileTypeContributionMap":{"duckyfuz":{"docs":1,"functional-code":145,"test-code":295,"other":2},"sanjay-shiva-kumar":{"docs":1,"functional-code":289,"test-code":288},"goodguyryan":{"docs":1,"functional-code":84,"test-code":101},"noellethen":{"docs":1,"functional-code":310,"test-code":485,"other":1},"JordanTwz":{"docs":189,"functional-code":372,"test-code":204}},"authorContributionVariance":{"duckyfuz":4975.041,"sanjay-shiva-kumar":8159.159,"goodguyryan":696.72,"noellethen":11022.401,"JordanTwz":12777.528},"authorDisplayNameMap":{"duckyfuz":"CS2113-W12-4 GAO ..NETH","sanjay-shiva-kumar":"CS2113-W12-4 SANJ..UMAR","goodguyryan":"CS2113-W12-4 RYAN..GKAI","noellethen":"CS2113-W12-4 THEN..ELLE","JordanTwz":"CS2113-W12-4 JORD..HENG"}}
