{"authorDailyContributionsMap":{"Joannaj00":[{"date":"2025-09-25T00:00:00","commitResults":[{"hash":"942c299095ab573e7b0f7965875d513a9e3f9cf4","isMergeCommit":false,"messageTitle":"Add joannaJung info","messageBody":"","fileTypesAndContributionMap":{"docs":{"insertions":7,"deletions":0}}},{"hash":"84eea40a465466d7bf4ad296dc33fd1e3345c097","isMergeCommit":true,"messageTitle":"Merge pull request #7 from Joannaj00/add-joannaJung-info","messageBody":"Add joannaJung info","fileTypesAndContributionMap":{}}]},{"date":"2025-10-01T00:00:00","commitResults":[{"hash":"ccf991a6f5956c19073ee1613c174dba7236d6ac","isMergeCommit":false,"messageTitle":"Add Joanna About Us","messageBody":"","fileTypesAndContributionMap":{"docs":{"insertions":7,"deletions":7}}},{"hash":"33ccfcfc84b57737c1b0cd9284c19cefc8159a2e","isMergeCommit":false,"messageTitle":"Add Joanna About Us","messageBody":"","fileTypesAndContributionMap":{"docs":{"insertions":3,"deletions":3}}},{"hash":"978c79447c3edb89678787e385629f5ed9dbb6fa","isMergeCommit":true,"messageTitle":"Update About Us","messageBody":"","fileTypesAndContributionMap":{}},{"hash":"91a8be15108445e03afbb1ec95f9788d5656af9e","isMergeCommit":true,"messageTitle":"Merge pull request #19 from Joannaj00/Joanna-AboutUs","messageBody":"Joanna about us","fileTypesAndContributionMap":{}}]},{"date":"2025-10-10T00:00:00","commitResults":[{"hash":"04edc41b63212ebc2d4e5cff6447433cbcd883d9","isMergeCommit":false,"messageTitle":"Add UpdateCommand functionality","messageBody":"","fileTypesAndContributionMap":{"functional-code":{"insertions":83,"deletions":9},"test-code":{"insertions":3,"deletions":3}}},{"hash":"20fb43505eb520ea954fdfe66f2f2188bf0017b2","isMergeCommit":false,"messageTitle":"Add UpdateCommand and Parser tests","messageBody":"","fileTypesAndContributionMap":{"test-code":{"insertions":69,"deletions":0}}},{"hash":"8ac7acfb6a6109067358b0dc4810dc67de59e327","isMergeCommit":false,"messageTitle":"Refactor UpdateCommand parsing and add unit tests","messageBody":"","fileTypesAndContributionMap":{"functional-code":{"insertions":15,"deletions":16},"test-code":{"insertions":15,"deletions":35}}}]},{"date":"2025-10-21T00:00:00","commitResults":[{"hash":"d4911ec4cd7214434f6251e9061538340eb9cad2","isMergeCommit":false,"messageTitle":"Implement multi-field update command","messageBody":"","fileTypesAndContributionMap":{"functional-code":{"insertions":201,"deletions":20}}},{"hash":"9438b44ba39e192c8cbeb4111e29c71eef9f1c14","isMergeCommit":false,"messageTitle":"Add Test Cases for UpdateCommand Changes","messageBody":"","fileTypesAndContributionMap":{"test-code":{"insertions":220,"deletions":11}}},{"hash":"ba10a786f7151e305e33b7bffc9ce1d8e34ee041","isMergeCommit":false,"messageTitle":"Fix Checkstyle Errors","messageBody":"","fileTypesAndContributionMap":{"functional-code":{"insertions":16,"deletions":5}}},{"hash":"f9157d847cc476824e11a481b0a129f1bccd8ff4","isMergeCommit":false,"messageTitle":"Fix according to feedback","messageBody":"","fileTypesAndContributionMap":{"functional-code":{"insertions":184,"deletions":62},"test-code":{"insertions":2,"deletions":2}}},{"hash":"aa58218d9daefb9637580802a4382a2585b5ef61","isMergeCommit":true,"messageTitle":"Merge branch \u0027master\u0027 into update-all","messageBody":"","fileTypesAndContributionMap":{}},{"hash":"01feb948552bff2a9c3a92629cd8fe4fcf2d61fd","isMergeCommit":false,"messageTitle":"Fix Checkstyle","messageBody":"","fileTypesAndContributionMap":{"functional-code":{"insertions":1,"deletions":4}}},{"hash":"8acb5c3d8bf060622e78565e0121880ef34372f0","isMergeCommit":false,"messageTitle":"Fix duplicate imports","messageBody":"","fileTypesAndContributionMap":{"test-code":{"insertions":1,"deletions":7}}},{"hash":"19e3b62f5d29f0c7bedb77698a629623d3fba6e9","isMergeCommit":false,"messageTitle":"Fix variable name","messageBody":"","fileTypesAndContributionMap":{"functional-code":{"insertions":2,"deletions":2}}}]}],"lukeai-tan":[{"date":"2025-09-24T00:00:00","commitResults":[{"hash":"4f6bd6cb62cf586d1343ac2a807bb97548b988cf","isMergeCommit":false,"messageTitle":"Create entry for Luke Aidan Tan in AboutUs","messageBody":"","fileTypesAndContributionMap":{"docs":{"insertions":16,"deletions":7}}},{"hash":"1cfcef5ddff2a8a4dec1a8eb8b9ae667eea0a2fa","isMergeCommit":false,"messageTitle":"Remove About Us changes","messageBody":"","fileTypesAndContributionMap":{"docs":{"insertions":7,"deletions":7}}}]},{"date":"2025-09-25T00:00:00","commitResults":[{"hash":"f7ee651cfea052a525b7d036b0c0fea6e778fc76","isMergeCommit":true,"messageTitle":"Merge pull request #3 from BestBearrr/add-hongxun-info","messageBody":"[Hongxun] Added my info","fileTypesAndContributionMap":{}},{"hash":"d909be0f89675bb70935817b626874428f56a24a","isMergeCommit":true,"messageTitle":"Merge pull request #2 from BenyAlbatross/add-benjaminChek-info","messageBody":"Add benjamin chek info","fileTypesAndContributionMap":{}},{"hash":"eaac9ef78f13f14b44589bc9b2790e99b373671a","isMergeCommit":false,"messageTitle":"Update AboutUs.md with Luke\u0027s name","messageBody":"","fileTypesAndContributionMap":{"docs":{"insertions":7,"deletions":7}}},{"hash":"3a58356bf5b82b4ef705e7abfcb97c7c9931c8f1","isMergeCommit":true,"messageTitle":"Merge pull request #5 from V1T0bh/add-VitoBHalim-info","messageBody":"","fileTypesAndContributionMap":{}},{"hash":"c6e6ae086a651e3374b50d15649ac9b7335bf9c1","isMergeCommit":true,"messageTitle":"Merge pull request #6 from V1T0bh/add-VitoBHalim-info","messageBody":"update AboutUs.md with Vito","fileTypesAndContributionMap":{}},{"hash":"42ce4d05cb06fd2a6ee66b20bf479d3fcb997c67","isMergeCommit":true,"messageTitle":"Merge branch \u0027master\u0027 into add-lukeTan-name","messageBody":"","fileTypesAndContributionMap":{}},{"hash":"4dab61331e8ecc5e729591ab3accc52d5fca1219","isMergeCommit":false,"messageTitle":"Fix next line issues","messageBody":"Minor next line fixes\n","fileTypesAndContributionMap":{"docs":{"insertions":2,"deletions":2}}}]},{"date":"2025-10-01T00:00:00","commitResults":[{"hash":"e8e4b429104ed0733393a57344e24864372d5f2c","isMergeCommit":false,"messageTitle":"Create base classes Command and Internship","messageBody":"Created abstract class Command with abstract methods execute and isExit.\nAll command subclasses extending from Command must implement execute() and isExit().\n\nCreated Internship class that has the parameters: company, deadline, salary and isCompleted. Getters and setters methods were also created.\n","fileTypesAndContributionMap":{"functional-code":{"insertions":79,"deletions":0}}},{"hash":"3b43f49913b681b81e7cdc33766977f1a7cf1a97","isMergeCommit":false,"messageTitle":"Add basic functionality to main","messageBody":"Added while loop that takes in input until bye is entered.\n\nAlso renamed Duke class to Internity.\n","fileTypesAndContributionMap":{"functional-code":{"insertions":34,"deletions":21},"other":{"insertions":1,"deletions":1}}},{"hash":"76946d9ed93d7cd27c7700cf786d035f19016796","isMergeCommit":false,"messageTitle":"Update Internity.java","messageBody":"","fileTypesAndContributionMap":{"functional-code":{"insertions":0,"deletions":1}}},{"hash":"1beda6ce7ce177ff7e7621e9c5759c86029726c9","isMergeCommit":false,"messageTitle":"Update Internity.java","messageBody":"","fileTypesAndContributionMap":{"functional-code":{"insertions":1,"deletions":0}}}]},{"date":"2025-10-02T00:00:00","commitResults":[{"hash":"4a44c78e9761f5a7856ff57f86dbf0ca8cd25cca","isMergeCommit":false,"messageTitle":"Update Internity.java","messageBody":"","fileTypesAndContributionMap":{"functional-code":{"insertions":1,"deletions":0}}},{"hash":"dee97e316e9971b93e041b29086298eaa2cbcdd1","isMergeCommit":false,"messageTitle":"Update text-ui-test with basic ui checks","messageBody":"","fileTypesAndContributionMap":{"other":{"insertions":9,"deletions":9}}}]},{"date":"2025-10-04T00:00:00","commitResults":[{"hash":"176a36dd21d05758cdf9a19c0b56bc855cb6916f","isMergeCommit":false,"messageTitle":"Create Parser and ByeCommand","messageBody":"Created and added functionality to Parser.\nIt takes in an input string, checks for null or blank, then splits it into a command and argument string\nThen it feeds the command string into a switch case statement and routes it to the appropriate command.\n","fileTypesAndContributionMap":{"functional-code":{"insertions":55,"deletions":0}}},{"hash":"0e13617132302d736d76bf5c90c50cec8015090b","isMergeCommit":false,"messageTitle":"Added Parser to Internity main","messageBody":"","fileTypesAndContributionMap":{"functional-code":{"insertions":12,"deletions":4}}},{"hash":"b7b5b8929e11a4e77356ad148c029c83e19bfef2","isMergeCommit":false,"messageTitle":"Add JavaDoc to Parser and ExitCommand","messageBody":"","fileTypesAndContributionMap":{"functional-code":{"insertions":19,"deletions":2}}},{"hash":"e16001b6e328ea24c19cba875a111df5590f5c66","isMergeCommit":false,"messageTitle":"Update Parser.java","messageBody":"","fileTypesAndContributionMap":{"functional-code":{"insertions":1,"deletions":0}}},{"hash":"8bad103875775ea2e5b4cc0c913dca53d9116d02","isMergeCommit":false,"messageTitle":"Update ExitCommand.java","messageBody":"","fileTypesAndContributionMap":{"functional-code":{"insertions":1,"deletions":1}}},{"hash":"0d4301051e02fb6694dc0288d5f5ccafad1ec185","isMergeCommit":false,"messageTitle":"Update Parser.java","messageBody":"","fileTypesAndContributionMap":{"functional-code":{"insertions":6,"deletions":4}}},{"hash":"674c5e7962ea68a93e5a4a7529a909c870c6edf3","isMergeCommit":false,"messageTitle":"Create InternityException.java","messageBody":"","fileTypesAndContributionMap":{"functional-code":{"insertions":5,"deletions":0}}},{"hash":"009001765ae659086ab1170e6151f63c6f7b7fcc","isMergeCommit":false,"messageTitle":"Add exception for unknown command","messageBody":"","fileTypesAndContributionMap":{"functional-code":{"insertions":10,"deletions":3}}},{"hash":"9dbb5cd9649d17caf819c63a1d9474be1cd46e92","isMergeCommit":false,"messageTitle":"Abstract out some UI print methods","messageBody":"","fileTypesAndContributionMap":{"functional-code":{"insertions":9,"deletions":2}}},{"hash":"ddc22b02f197a89bd93fafa0a279ad4486985425","isMergeCommit":false,"messageTitle":"Update Parser.java","messageBody":"","fileTypesAndContributionMap":{"functional-code":{"insertions":1,"deletions":0}}},{"hash":"4c30d999841458bb085f86da720b3613707085d2","isMergeCommit":false,"messageTitle":"Add new exception for invalid input","messageBody":"","fileTypesAndContributionMap":{"functional-code":{"insertions":6,"deletions":3}}},{"hash":"f8ae8b7a0d99f68140c600c53f8e5d05a0d304c6","isMergeCommit":false,"messageTitle":"Update InternityException.java","messageBody":"","fileTypesAndContributionMap":{"functional-code":{"insertions":8,"deletions":0}}},{"hash":"b9977d2976afc8e1e63c81fd4e672d7a364ffae9","isMergeCommit":false,"messageTitle":"Update InternityException.java","messageBody":"","fileTypesAndContributionMap":{"functional-code":{"insertions":1,"deletions":1}}}]},{"date":"2025-10-05T00:00:00","commitResults":[{"hash":"39ecb3fde7dd081489e075239dc0dfe8bbeebf2b","isMergeCommit":false,"messageTitle":"Update InternityTest.java","messageBody":"","fileTypesAndContributionMap":{"other":{"insertions":1,"deletions":1}}},{"hash":"e982571e25610deca3cb3a7a383a62ec6b61e055","isMergeCommit":false,"messageTitle":"Add JUnit tests for Parser and ExitCommand","messageBody":"","fileTypesAndContributionMap":{"test-code":{"insertions":60,"deletions":0}}},{"hash":"06bbdf45da7563fb4faa434e73dea391504d1851","isMergeCommit":false,"messageTitle":"Add newline","messageBody":"","fileTypesAndContributionMap":{"test-code":{"insertions":2,"deletions":2}}},{"hash":"c05b0d98e8eaa992a51fe45be4948c3b4aaa6836","isMergeCommit":false,"messageTitle":"Update ExitCommandTest.java","messageBody":"","fileTypesAndContributionMap":{"test-code":{"insertions":2,"deletions":1}}},{"hash":"540bdf8b8383134b27e7b1c4506cea95272c7f8a","isMergeCommit":false,"messageTitle":"Update ParserTest.java","messageBody":"","fileTypesAndContributionMap":{"test-code":{"insertions":3,"deletions":1}}},{"hash":"8c11bd4122f3cedfd2ef6804db03db8cf8e5fa30","isMergeCommit":false,"messageTitle":"Update ParserTest.java","messageBody":"","fileTypesAndContributionMap":{"test-code":{"insertions":1,"deletions":1}}},{"hash":"3fcbbdb8f242f4b7b1f03a3d097c7c7baff05937","isMergeCommit":false,"messageTitle":"Update ParserTest.java","messageBody":"","fileTypesAndContributionMap":{"test-code":{"insertions":1,"deletions":1}}}]},{"date":"2025-10-06T00:00:00","commitResults":[{"hash":"b2cd157adf9297d4a21af5170afcc7df250a04e6","isMergeCommit":false,"messageTitle":"Update UserGuide.md","messageBody":"","fileTypesAndContributionMap":{"docs":{"insertions":69,"deletions":9}}},{"hash":"3fe87b1befdbb30653bf1da6f74674184b99b987","isMergeCommit":false,"messageTitle":"Update UserGuide.md","messageBody":"","fileTypesAndContributionMap":{"docs":{"insertions":12,"deletions":6}}},{"hash":"eaee5fa9584ea28b10376c195ccb740aa4a5e73b","isMergeCommit":false,"messageTitle":"Update UserGuide.md","messageBody":"","fileTypesAndContributionMap":{"docs":{"insertions":10,"deletions":1}}},{"hash":"f1ed97e3edc5f60a7fd3a48f8a8b33d24ae2f05b","isMergeCommit":false,"messageTitle":"Update UserGuide.md","messageBody":"","fileTypesAndContributionMap":{"docs":{"insertions":38,"deletions":16}}},{"hash":"ac5e3ca3c1c39eb7a9aa2c025d7a240984886aca","isMergeCommit":false,"messageTitle":"Update UserGuide.md","messageBody":"","fileTypesAndContributionMap":{"docs":{"insertions":1,"deletions":1}}},{"hash":"46b482e1c57844e6f1d65daae314325537047374","isMergeCommit":false,"messageTitle":"Update UserGuide.md","messageBody":"","fileTypesAndContributionMap":{"docs":{"insertions":0,"deletions":3}}},{"hash":"306443312892a657f7a62982a753a8252739d12a","isMergeCommit":false,"messageTitle":"Update UserGuide.md","messageBody":"","fileTypesAndContributionMap":{"docs":{"insertions":11,"deletions":11}}},{"hash":"7d5fa3fdd74165ab2be86ede125ccc1471132d58","isMergeCommit":false,"messageTitle":"Update UserGuide.md","messageBody":"","fileTypesAndContributionMap":{"docs":{"insertions":4,"deletions":0}}},{"hash":"c0619fee828c96012d8eae57a7ed4a28cfba9f4d","isMergeCommit":false,"messageTitle":"Update UserGuide.md","messageBody":"","fileTypesAndContributionMap":{"docs":{"insertions":1,"deletions":1}}}]},{"date":"2025-10-08T00:00:00","commitResults":[{"hash":"0b126b7d920b5a9b67dbeb0994043182a9bf4419","isMergeCommit":true,"messageTitle":"Merge pull request #32 from V1T0bh/branch-ListClass","messageBody":"create (minimal) Internship list class","fileTypesAndContributionMap":{}},{"hash":"26e909b1ea3a9752b5111d5a7f92aa2634bdcb43","isMergeCommit":false,"messageTitle":"Create Date.java","messageBody":"Create base structure of Date class implementing the interface of Comparable\n","fileTypesAndContributionMap":{"functional-code":{"insertions":42,"deletions":0}}},{"hash":"1e283d242b34325e8ae58295bbca88d629f3098f","isMergeCommit":false,"messageTitle":"Update Date.java","messageBody":"","fileTypesAndContributionMap":{"functional-code":{"insertions":12,"deletions":1}}},{"hash":"d600b6666a891c53994eb3fda229c5dec291f46a","isMergeCommit":false,"messageTitle":"Update Internship.java","messageBody":"","fileTypesAndContributionMap":{"functional-code":{"insertions":4,"deletions":6}}},{"hash":"d679520114720b926973c0b3b7b922af5fa94f87","isMergeCommit":false,"messageTitle":"Update Internship.java","messageBody":"","fileTypesAndContributionMap":{"functional-code":{"insertions":17,"deletions":17}}},{"hash":"cf44204bb1e9909c6f6cff7e37dd9150946bf713","isMergeCommit":false,"messageTitle":"Update InternityException.java","messageBody":"Added a new exception for an invalid Date Format\n","fileTypesAndContributionMap":{"functional-code":{"insertions":4,"deletions":0}}},{"hash":"69678898e7702e471bcf759dbaba6e3f89403dc1","isMergeCommit":false,"messageTitle":"Create DateFormatter.java","messageBody":"DateFormatter parses a date string into a Date object, to be assigned to an internship.\nIt checks whether the dateString is :\n- null or blank\n- in the correct format of dd/MM/yyyy\n- all numbers only, no letters\n","fileTypesAndContributionMap":{"functional-code":{"insertions":35,"deletions":0}}},{"hash":"fc2d0a0efca11b5f35e843838d745e8648a0a6e6","isMergeCommit":false,"messageTitle":"Create DateFormatterTest.java","messageBody":"Add JUnit test for a creation of a valid object\n","fileTypesAndContributionMap":{"test-code":{"insertions":22,"deletions":0}}},{"hash":"88799a2067f01fe4fe42f770ee95636ea7d37438","isMergeCommit":false,"messageTitle":"Update ParserTest.java","messageBody":"","fileTypesAndContributionMap":{"test-code":{"insertions":4,"deletions":3}}},{"hash":"815a9a265f0a54f16a592108d6b9a4c8280ee942","isMergeCommit":false,"messageTitle":"Update DateFormatterTest.java","messageBody":"","fileTypesAndContributionMap":{"test-code":{"insertions":11,"deletions":1}}},{"hash":"e13641b04d3df0bf3bf722f8e6017019d45ea87f","isMergeCommit":false,"messageTitle":"Update DateFormatterTest.java","messageBody":"","fileTypesAndContributionMap":{"test-code":{"insertions":50,"deletions":0}}},{"hash":"e319a7023051639cba8432e18faf2520ce13dcce","isMergeCommit":false,"messageTitle":"Update InternityException.java","messageBody":"","fileTypesAndContributionMap":{"functional-code":{"insertions":1,"deletions":1}}},{"hash":"93bf65241c08712410727f1c1b9ec6b85a7796ae","isMergeCommit":false,"messageTitle":"Update DateFormatter.java","messageBody":"Created isValidDate and isLeapYear checker\n","fileTypesAndContributionMap":{"functional-code":{"insertions":21,"deletions":0}}},{"hash":"fedd9f4d1087f715788cf791fc274bc8e89e23e5","isMergeCommit":false,"messageTitle":"Update DateFormatter.java","messageBody":"Integrate isValidDate into parse()\n","fileTypesAndContributionMap":{"functional-code":{"insertions":5,"deletions":0}}},{"hash":"4efeedaa642cffba7f04ef82845e842222c552b7","isMergeCommit":false,"messageTitle":"Update DateFormatterTest.java","messageBody":"Created an array of multiple inputs for a test\n","fileTypesAndContributionMap":{"test-code":{"insertions":26,"deletions":0}}},{"hash":"e44f697c50fe0b864f13f0eb8ce3c5a8349eb89c","isMergeCommit":false,"messageTitle":"Update DateFormatter.java","messageBody":"","fileTypesAndContributionMap":{"functional-code":{"insertions":2,"deletions":2}}},{"hash":"56cc84be47ef0b95da6a12012f45405daf568fb3","isMergeCommit":false,"messageTitle":"Update DateFormatterTest.java","messageBody":"","fileTypesAndContributionMap":{"test-code":{"insertions":1,"deletions":1}}},{"hash":"7c865c8a5bcd56aa29e234c1edd03231a88ead18","isMergeCommit":false,"messageTitle":"Update DateFormatterTest.java","messageBody":"","fileTypesAndContributionMap":{"test-code":{"insertions":3,"deletions":1}}},{"hash":"d8a339cbbefb518c634c217fd78be51c77d3789a","isMergeCommit":false,"messageTitle":"Update DateFormatter.java","messageBody":"","fileTypesAndContributionMap":{"functional-code":{"insertions":3,"deletions":3}}},{"hash":"3ac3afda3cd53751f4e16d9793dd8defb91e1703","isMergeCommit":false,"messageTitle":"Update DateFormatterTest.java","messageBody":"","fileTypesAndContributionMap":{"test-code":{"insertions":6,"deletions":6}}}]},{"date":"2025-10-09T00:00:00","commitResults":[{"hash":"cad8e900d8353de0a38f6ff6a443d7d2ce609ee7","isMergeCommit":false,"messageTitle":"Add JavaDocs to DateFormatter","messageBody":"","fileTypesAndContributionMap":{"functional-code":{"insertions":55,"deletions":0}}},{"hash":"aeb637ec9b019d28fe97b9ef6d32efa42616b96e","isMergeCommit":false,"messageTitle":"Change the date format","messageBody":"","fileTypesAndContributionMap":{"functional-code":{"insertions":10,"deletions":10},"test-code":{"insertions":12,"deletions":12}}},{"hash":"0a14f367aedbb9032b0b5479acd8613b410fa9be","isMergeCommit":false,"messageTitle":"Update DateFormatterTest.java","messageBody":"","fileTypesAndContributionMap":{"test-code":{"insertions":1,"deletions":1}}},{"hash":"0484451237d478472c8b052af7e088f2d55e810b","isMergeCommit":false,"messageTitle":"Update DateFormatter.java","messageBody":"","fileTypesAndContributionMap":{"functional-code":{"insertions":1,"deletions":1}}},{"hash":"eb08abd00a872721766e271521bb56ca6c4e1bd0","isMergeCommit":false,"messageTitle":"Update Date.java","messageBody":"","fileTypesAndContributionMap":{"functional-code":{"insertions":1,"deletions":1}}}]},{"date":"2025-10-10T00:00:00","commitResults":[{"hash":"103c1fa64f95436ec460cc8c1a836c6d90b9bfe1","isMergeCommit":true,"messageTitle":"Merge pull request #38 from Joannaj00/update-command","messageBody":"","fileTypesAndContributionMap":{}},{"hash":"ef0ef4b03aa97e647b8c3e305441551cd9c79500","isMergeCommit":true,"messageTitle":"Merge pull request #42 from BenyAlbatross/delete-command","messageBody":"Create DeleteCommand class","fileTypesAndContributionMap":{}},{"hash":"8fc2fcd99b85068b99fa37af1976dcb14b1f5548","isMergeCommit":false,"messageTitle":"Update InternityException.java","messageBody":"","fileTypesAndContributionMap":{"functional-code":{"insertions":4,"deletions":0}}},{"hash":"6764a5b8f800eb5300c2714662f9be875b9c6f02","isMergeCommit":false,"messageTitle":"Update Parser.java","messageBody":"","fileTypesAndContributionMap":{"functional-code":{"insertions":7,"deletions":6}}},{"hash":"5670d379e5a0d24826a534cb169ff763ea1915c2","isMergeCommit":false,"messageTitle":"Make InternshipList static","messageBody":"","fileTypesAndContributionMap":{"functional-code":{"insertions":20,"deletions":26},"test-code":{"insertions":18,"deletions":26}}},{"hash":"e4b34ce1abf0152e8483aedce7f9762144fe5ce3","isMergeCommit":false,"messageTitle":"Update JUnit tests","messageBody":"","fileTypesAndContributionMap":{"functional-code":{"insertions":5,"deletions":1},"test-code":{"insertions":8,"deletions":8}}},{"hash":"ca3c83735b219e9fc383ef363c18792d41dccf16","isMergeCommit":false,"messageTitle":"Abstract out the switch case into Command Factory","messageBody":"","fileTypesAndContributionMap":{"functional-code":{"insertions":13,"deletions":13}}},{"hash":"63f9ed16d875f5871e9f7a99636784c8860a728d","isMergeCommit":false,"messageTitle":"Rename Parser to CommandParser","messageBody":"","fileTypesAndContributionMap":{"functional-code":{"insertions":3,"deletions":3},"other":{"insertions":7,"deletions":7}}},{"hash":"d8bae8817decf2bd6825e3a522f2bb39960aa383","isMergeCommit":false,"messageTitle":"Add and refactor Invalid Index exception","messageBody":"","fileTypesAndContributionMap":{"functional-code":{"insertions":9,"deletions":9},"test-code":{"insertions":2,"deletions":3}}}]},{"date":"2025-10-11T00:00:00","commitResults":[{"hash":"197b3189c0fd7c01ec33452c3effe79cf424e074","isMergeCommit":false,"messageTitle":"Create ArgumentParser.java","messageBody":"Created ArgumentParser\nArgumentParser provides static methods that parses the arguments for each command.\n","fileTypesAndContributionMap":{"functional-code":{"insertions":42,"deletions":0}}},{"hash":"02ee7258631d4e71b21d4f76958916f0e4ee016d","isMergeCommit":false,"messageTitle":"Update CommandFactory.java","messageBody":"Integrated ArgumentParser into CommandFactory\n","fileTypesAndContributionMap":{"functional-code":{"insertions":14,"deletions":5}}},{"hash":"3285d6eca89cca4d6aaa8e35b22543e4d65f40ba","isMergeCommit":false,"messageTitle":"Abstracted out the UpdateCommand\u0027s parsing","messageBody":"UpdateCommand\u0027s parsing is now handled by ArgumentParser.\nNow UpdateCommand will not hold the responsibility of parsing arguments, which makes it easier when  handling indexing etc.\n","fileTypesAndContributionMap":{"functional-code":{"insertions":3,"deletions":8},"test-code":{"insertions":3,"deletions":10}}},{"hash":"978112105ba347f1d340f01016daaf400df13670","isMergeCommit":false,"messageTitle":"Update Internity.java","messageBody":"","fileTypesAndContributionMap":{"functional-code":{"insertions":0,"deletions":2}}},{"hash":"891dbdd6a65f22f07f18caf8d7bb9354112b0ae1","isMergeCommit":false,"messageTitle":"Update ArgumentParser.java","messageBody":"","fileTypesAndContributionMap":{"functional-code":{"insertions":0,"deletions":4}}}]},{"date":"2025-10-12T00:00:00","commitResults":[{"hash":"9197baebd32c834a25d3e725ff63908646afa42e","isMergeCommit":true,"messageTitle":"Merge pull request #49 from V1T0bh/branch-InternshipListTests","messageBody":"Add minimal JUnit tests for InternshipList class","fileTypesAndContributionMap":{}}]},{"date":"2025-10-13T00:00:00","commitResults":[{"hash":"7ccb43266ae7a4771f84a73aa5b24fd52147e889","isMergeCommit":true,"messageTitle":"Merge pull request #47 from BestBearrr/add-AddCommand","messageBody":"Create AddCommand Class","fileTypesAndContributionMap":{}},{"hash":"d930513e38510919e9f237e594132f4025242ae4","isMergeCommit":true,"messageTitle":"Merge pull request #50 from V1T0bh/branch-listAll-function","messageBody":"Implement listAll function","fileTypesAndContributionMap":{}},{"hash":"cadd4ea4a48252f8af0177d8c7963085ab983d59","isMergeCommit":true,"messageTitle":"Merge pull request #51 from BestBearrr/add-AddCommand","messageBody":"Fix issue with AddCommand regarding order of inputs","fileTypesAndContributionMap":{}},{"hash":"394f08d1d398dba7ce55527dcc8489aca6063544","isMergeCommit":true,"messageTitle":"Merge pull request #52 from V1T0bh/branch-listCommand-class","messageBody":"implement listCommand class","fileTypesAndContributionMap":{}},{"hash":"2b7b44f02fd74fb86c845a138f7f5c2253493e3e","isMergeCommit":false,"messageTitle":"Update InternityException.java","messageBody":"","fileTypesAndContributionMap":{"functional-code":{"insertions":4,"deletions":0}}},{"hash":"3a6c4d99f151c819fe5ef211006e75cb0eb3f82b","isMergeCommit":false,"messageTitle":"Update Ui.java","messageBody":"","fileTypesAndContributionMap":{"functional-code":{"insertions":2,"deletions":2}}},{"hash":"577914f7a1dae43c91d139c84bcd98ebdf390067","isMergeCommit":false,"messageTitle":"Update InternshipList.java","messageBody":"","fileTypesAndContributionMap":{"functional-code":{"insertions":2,"deletions":2}}},{"hash":"2048feba120ae04d4941da3b96e1d288a2cf07b4","isMergeCommit":false,"messageTitle":"Integrate ListCommand into main","messageBody":"","fileTypesAndContributionMap":{"functional-code":{"insertions":7,"deletions":0}}},{"hash":"fb17867b0be6f6564f3136f6b21ff20d46a059c2","isMergeCommit":false,"messageTitle":"Update CommandFactory.java","messageBody":"","fileTypesAndContributionMap":{"functional-code":{"insertions":1,"deletions":1}}},{"hash":"e26d10efb837c269baa66fa363dbd6ddee695ef7","isMergeCommit":true,"messageTitle":"Merge pull request #54 from V1T0bh/branch-updateCommandFactory","messageBody":"add ListCommand to CommandFactory","fileTypesAndContributionMap":{}},{"hash":"3f7344990c0d06de2cef4aff83ba46639cec8736","isMergeCommit":false,"messageTitle":"Update DeleteCommandTest.java","messageBody":"","fileTypesAndContributionMap":{"test-code":{"insertions":2,"deletions":2}}}]},{"date":"2025-10-15T00:00:00","commitResults":[{"hash":"4b8f53a3a150b99b5c5ebe82273cc92acf978b61","isMergeCommit":false,"messageTitle":"Add assertions to Command Parser","messageBody":"","fileTypesAndContributionMap":{"functional-code":{"insertions":11,"deletions":1}}},{"hash":"62ba2c1102e40708fea61fd6bee1bafc93dffcf4","isMergeCommit":false,"messageTitle":"Update CommandParser.java","messageBody":"","fileTypesAndContributionMap":{"functional-code":{"insertions":19,"deletions":0}}}]},{"date":"2025-10-16T00:00:00","commitResults":[{"hash":"df0fe7f9a9100529bdeeacee9d117c9578134228","isMergeCommit":true,"messageTitle":"Merge pull request #59 from V1T0bh/branch-Week9","messageBody":"add assertions and logging to ListCommand and InternshipList class","fileTypesAndContributionMap":{}}]},{"date":"2025-10-17T00:00:00","commitResults":[{"hash":"bfda95f9439045d35d042b1b2a7d2f1f221405f3","isMergeCommit":true,"messageTitle":"Merge pull request #63 from BenyAlbatross/edit-UG-deleteCommand","messageBody":"Fix typo in user guide for Delete Command","fileTypesAndContributionMap":{}},{"hash":"53f8aefe307db50bc794a85691430a84565d26b1","isMergeCommit":true,"messageTitle":"Merge pull request #62 from BenyAlbatross/add-storage","messageBody":"Implement Storage Class to persist internship data across sessions","fileTypesAndContributionMap":{}},{"hash":"878500392a54e62c9b1c076d72b84505406b0881","isMergeCommit":false,"messageTitle":"Add user stories","messageBody":"","fileTypesAndContributionMap":{"docs":{"insertions":10,"deletions":4}}},{"hash":"118f5435ef1e46863c0bd509952123799afef53d","isMergeCommit":false,"messageTitle":"Update DeveloperGuide.md","messageBody":"","fileTypesAndContributionMap":{"docs":{"insertions":1,"deletions":2}}},{"hash":"b738fd4f196750e04068d332be9161e57532c0e4","isMergeCommit":false,"messageTitle":"Update DeveloperGuide.md","messageBody":"Created the skeleton of the Developer Guide as well as elaborated on the Logic Component section.\n","fileTypesAndContributionMap":{"docs":{"insertions":59,"deletions":1}}},{"hash":"30cbe3aa0d7527d0a603245cb56e1ad974c5bdea","isMergeCommit":false,"messageTitle":"Reorganize layout","messageBody":"","fileTypesAndContributionMap":{"docs":{"insertions":14,"deletions":9}}}]},{"date":"2025-10-18T00:00:00","commitResults":[{"hash":"fc77bf59c533a378a2d89a3e07e04cdf5a1dc434","isMergeCommit":false,"messageTitle":"Change InternshipList constructor to private","messageBody":"","fileTypesAndContributionMap":{"functional-code":{"insertions":1,"deletions":3}}},{"hash":"8dd4f805eaf60cbb10a419550a18e05ac837964f","isMergeCommit":false,"messageTitle":"Update CommandParserTest.java","messageBody":"Added JUnit tests for CommandParser\n","fileTypesAndContributionMap":{"test-code":{"insertions":69,"deletions":9}}},{"hash":"cd23931c989bc6746fc92cc1affeb0cabcf29e4e","isMergeCommit":false,"messageTitle":"Create CommandFactoryTest.java","messageBody":"Added JUnit tests for CommandFactory\n","fileTypesAndContributionMap":{"test-code":{"insertions":54,"deletions":0}}},{"hash":"33c23585c035cf2697f69706e194a147c8f6eebc","isMergeCommit":false,"messageTitle":"Added Ui exit method to ExitCommand","messageBody":"","fileTypesAndContributionMap":{"functional-code":{"insertions":3,"deletions":1}}}]},{"date":"2025-10-20T00:00:00","commitResults":[{"hash":"3b7471f451944f659de74a61a99788d9ced43f03","isMergeCommit":true,"messageTitle":"Merge pull request #76 from V1T0bh/branch-ListFormatting","messageBody":"Improve List Command output formatting","fileTypesAndContributionMap":{}},{"hash":"5f9723bd0050725cc0a5e5c4c6641930f5828223","isMergeCommit":false,"messageTitle":"Update build.gradle","messageBody":"","fileTypesAndContributionMap":{"other":{"insertions":1,"deletions":0}}}]},{"date":"2025-10-21T00:00:00","commitResults":[{"hash":"92b045c54c8a6d7442251befc4d447ea04f9a2c4","isMergeCommit":false,"messageTitle":"Update AddCommandTest.java","messageBody":"","fileTypesAndContributionMap":{"test-code":{"insertions":1,"deletions":0}}},{"hash":"63f86fbfbc1d07a970889c4e5b138e7a368dc71d","isMergeCommit":true,"messageTitle":"Merge pull request #78 from V1T0bh/branch-SortList","messageBody":"implement sorting internships by deadline in the list command,","fileTypesAndContributionMap":{}},{"hash":"e94a97e744fe4555e7e4ecb0178410f9b63a6288","isMergeCommit":true,"messageTitle":"Merge pull request #79 from Joannaj00/update-all","messageBody":"Update All Fields ","fileTypesAndContributionMap":{}}]}],"BestBearrr":[{"date":"2025-09-25T00:00:00","commitResults":[{"hash":"a6fdc65abd012f8be4381bb2fe7fc0c236e67e4d","isMergeCommit":false,"messageTitle":"Add hongxun\u0027s info","messageBody":"","fileTypesAndContributionMap":{"docs":{"insertions":2,"deletions":0}}},{"hash":"719dad5efd0e42c6630768194db6cac7b84e3ea5","isMergeCommit":false,"messageTitle":"Add Hongxun\u0027s info","messageBody":"","fileTypesAndContributionMap":{"docs":{"insertions":7,"deletions":2}}},{"hash":"ee7e0ab42457bf4966c451aa05e09523b155d488","isMergeCommit":true,"messageTitle":"Merge pull request #1 from lukeai-tan/add-lukeTan-info","messageBody":"Add luke tan info","fileTypesAndContributionMap":{}}]},{"date":"2025-10-01T00:00:00","commitResults":[{"hash":"0bba390ec46b9f3ace41dc9b507243c6d2fffa75","isMergeCommit":false,"messageTitle":"Add Hongxun info in AboutUs","messageBody":"","fileTypesAndContributionMap":{"docs":{"insertions":3,"deletions":3}}},{"hash":"b02606d97b76d5ecf5f14660412f02f3bad263af","isMergeCommit":true,"messageTitle":"Merge pull request #8 from Joannaj00/Joanna-AboutUs","messageBody":"Add Joanna About Us","fileTypesAndContributionMap":{}},{"hash":"70c73d2867e38982b67da32b994247f81c5f9e34","isMergeCommit":true,"messageTitle":"Merge pull request #10 from BenyAlbatross/benjaminChek-AboutUs","messageBody":"Edit about us to include Benjamin","fileTypesAndContributionMap":{}},{"hash":"470f1117617a2f1dc993811d471acf898b01d3c3","isMergeCommit":true,"messageTitle":"Resolve merge conflict","messageBody":"","fileTypesAndContributionMap":{}},{"hash":"781bc4b83bf8a34dd014c6dd652ca3a4aeebd233","isMergeCommit":false,"messageTitle":"Fix width of image","messageBody":"","fileTypesAndContributionMap":{"docs":{"insertions":6,"deletions":6}}}]},{"date":"2025-10-04T00:00:00","commitResults":[{"hash":"04e08408ab97b9f4d82597435512211dbd070afa","isMergeCommit":true,"messageTitle":"Merge pull request #22 from lukeai-tan/add-command-parser","messageBody":"Add command parser and ExitCommand","fileTypesAndContributionMap":{}}]},{"date":"2025-10-05T00:00:00","commitResults":[{"hash":"a42963b6f6df6226819a19769c95d3cfb79fdefa","isMergeCommit":true,"messageTitle":"Merge pull request #24 from lukeai-tan/add-internity-exception-class","messageBody":"Add internity exception class","fileTypesAndContributionMap":{}},{"hash":"d8877155ddfa11b8fa9269ec1406c04511f0cbb8","isMergeCommit":true,"messageTitle":"Merge pull request #26 from lukeai-tan/setup-junit-structure","messageBody":"Add JUnit tests for Parser and ExitCommand","fileTypesAndContributionMap":{}}]},{"date":"2025-10-06T00:00:00","commitResults":[{"hash":"240322127be7ef4a49d402b60aea19e4c6fa3548","isMergeCommit":false,"messageTitle":"Create Ui Class package, also refactor methods from Internity.java","messageBody":"","fileTypesAndContributionMap":{"functional-code":{"insertions":47,"deletions":12}}},{"hash":"cd8d2fbb40488a2646825ac751dc49c7169115ab","isMergeCommit":false,"messageTitle":"Fix format in Internity.java","messageBody":"","fileTypesAndContributionMap":{"functional-code":{"insertions":0,"deletions":6}}}]},{"date":"2025-10-11T00:00:00","commitResults":[{"hash":"f41bbec67dad2811294d92cb01df9b60f3b458eb","isMergeCommit":true,"messageTitle":"Merge pull request #44 from lukeai-tan/create-command-factory","messageBody":"Create command factory and make internship list static","fileTypesAndContributionMap":{}},{"hash":"32f5d30867e9cdd98ed8474e98438da8ce014c90","isMergeCommit":false,"messageTitle":"Develop AddCommand class","messageBody":"","fileTypesAndContributionMap":{"functional-code":{"insertions":49,"deletions":0}}},{"hash":"115b0f504b4e19baf1b195c06f38659ae60b3c07","isMergeCommit":false,"messageTitle":"Add execute method for AddCommand","messageBody":"","fileTypesAndContributionMap":{"functional-code":{"insertions":10,"deletions":3}}},{"hash":"63f5e4b8e6dcaccda3f3245dc268cd773d8629d9","isMergeCommit":false,"messageTitle":"Add Ui print for AddCommand","messageBody":"","fileTypesAndContributionMap":{"functional-code":{"insertions":11,"deletions":2}}},{"hash":"eeda14204d0c0a4f33631822640eb24a6b0ee202","isMergeCommit":false,"messageTitle":"Add exception handilng for AddCommand","messageBody":"","fileTypesAndContributionMap":{"functional-code":{"insertions":6,"deletions":1}}},{"hash":"5bf681f2de683d8ecf9c42cde57ce6608a9c40eb","isMergeCommit":false,"messageTitle":"Add JavaDoc comments and update CommandFactory to include AddCommand","messageBody":"","fileTypesAndContributionMap":{"functional-code":{"insertions":59,"deletions":5}}},{"hash":"a68f70bf25e714f56d59c979d2f6c77109b18dc9","isMergeCommit":false,"messageTitle":"Update syntax","messageBody":"","fileTypesAndContributionMap":{"functional-code":{"insertions":3,"deletions":5}}},{"hash":"557000fa291713b514a21cc6d7de6d7ff040938a","isMergeCommit":false,"messageTitle":"Add JUnitTest for AddCommand class","messageBody":"","fileTypesAndContributionMap":{"test-code":{"insertions":71,"deletions":0}}},{"hash":"919d49f0a0e41d77ce3c48536428216ace8f89e0","isMergeCommit":false,"messageTitle":"Fix code  to adhere to coding standard","messageBody":"","fileTypesAndContributionMap":{"test-code":{"insertions":1,"deletions":1}}},{"hash":"b3fd80dfbeb2c56f292b3232e953d3299c020812","isMergeCommit":false,"messageTitle":"Remove additional indentation for switch-case statements","messageBody":"","fileTypesAndContributionMap":{"functional-code":{"insertions":5,"deletions":5}}},{"hash":"cf14263051380e9e28ddb4997f3f737ecf353892","isMergeCommit":false,"messageTitle":"Fix indentation for return switch case statements","messageBody":"","fileTypesAndContributionMap":{"functional-code":{"insertions":4,"deletions":4}}}]},{"date":"2025-10-13T00:00:00","commitResults":[{"hash":"826463dceeae72085dad98418df50b5646f76675","isMergeCommit":true,"messageTitle":"Resolve merge conflict from upstream","messageBody":"","fileTypesAndContributionMap":{}},{"hash":"d2f6043fbdcf5f6599220f019efedde91773c879","isMergeCommit":false,"messageTitle":"Update AddCommand to use ArgumentParser and fix JUnitTests","messageBody":"","fileTypesAndContributionMap":{"functional-code":{"insertions":39,"deletions":49},"test-code":{"insertions":8,"deletions":5}}},{"hash":"f30c5ffe26b11ce2dffc7cb80f0c4aa6f089f303","isMergeCommit":false,"messageTitle":"Remove unused import in AddCommand and fix syntax in AddCommandTest","messageBody":"","fileTypesAndContributionMap":{"functional-code":{"insertions":0,"deletions":1},"test-code":{"insertions":10,"deletions":10}}},{"hash":"c6a7991c1fcd9305174e3b9550a1fe71a4cbc217","isMergeCommit":false,"messageTitle":"Bug fix AddCommandTest","messageBody":"","fileTypesAndContributionMap":{"test-code":{"insertions":2,"deletions":2}}},{"hash":"facb7ab39a806fe29329d5b26e5d1b02b34e669f","isMergeCommit":false,"messageTitle":"Fix issue when order of inputs is incorrect","messageBody":"","fileTypesAndContributionMap":{"functional-code":{"insertions":14,"deletions":13}}},{"hash":"15ec9f4f5432ae943bbda80c438164d32199d0ae","isMergeCommit":false,"messageTitle":"Add error handling for invalid type inputs","messageBody":"","fileTypesAndContributionMap":{"functional-code":{"insertions":16,"deletions":12}}},{"hash":"d8cb6cd9b22eeb6177d3b6430e1fc729d590263d","isMergeCommit":false,"messageTitle":"Update Ui code","messageBody":"","fileTypesAndContributionMap":{"functional-code":{"insertions":3,"deletions":3}}},{"hash":"edbe8dd30fcdd7f1e6e2f303de8c85a7408c02d4","isMergeCommit":false,"messageTitle":"Improve error handling for edge cases for AddCommand","messageBody":"","fileTypesAndContributionMap":{"functional-code":{"insertions":3,"deletions":0}}},{"hash":"dd1d945042ac4d6983989545dde566b86b5a97ee","isMergeCommit":false,"messageTitle":"Fix syntax","messageBody":"","fileTypesAndContributionMap":{"functional-code":{"insertions":1,"deletions":1}}}]},{"date":"2025-10-16T00:00:00","commitResults":[{"hash":"9bf71d8e4c10c0b94143fa0047be4c6f4bba664b","isMergeCommit":true,"messageTitle":"Merge pull request #58 from lukeai-tan/add-assertions-commandParser","messageBody":"Add assertions and logging for Command Parser","fileTypesAndContributionMap":{}}]}],"BenyAlbatross":[{"date":"2025-09-25T00:00:00","commitResults":[{"hash":"da495f4feaed2df70e5d530c977cd693dd385072","isMergeCommit":false,"messageTitle":"Create benjaminChek.md","messageBody":"","fileTypesAndContributionMap":{"docs":{"insertions":1,"deletions":0}}},{"hash":"b004d3f4a34b46e58ffd0c91e30bb4210c4a133a","isMergeCommit":false,"messageTitle":"Delete template","messageBody":"","fileTypesAndContributionMap":{"docs":{"insertions":0,"deletions":6}}}]},{"date":"2025-10-01T00:00:00","commitResults":[{"hash":"2c711e879e038c0715e5ce29523fd77f6311b983","isMergeCommit":false,"messageTitle":"Edit about us to include Benjamin","messageBody":"","fileTypesAndContributionMap":{"docs":{"insertions":2,"deletions":2}}},{"hash":"867cf9ab03b0b3cf291ad1a478878e2ef36134ea","isMergeCommit":true,"messageTitle":"Merge upstream/master into master","messageBody":"","fileTypesAndContributionMap":{}},{"hash":"f983a3eafc2486daded383d2f67ff8bacdfcf7e3","isMergeCommit":false,"messageTitle":"Add Benjamin to induce merge conflict","messageBody":"","fileTypesAndContributionMap":{"docs":{"insertions":2,"deletions":2}}},{"hash":"4ebdce71c9db987f5536bd52d22c4be33a99df9a","isMergeCommit":false,"messageTitle":"Edit Benjamin","messageBody":"","fileTypesAndContributionMap":{"docs":{"insertions":2,"deletions":2}}},{"hash":"b8762bfbf38019da5d28061a35b66970c851aa64","isMergeCommit":true,"messageTitle":"Merge pull request #9 from BestBearrr/hongxun-AboutUs","messageBody":"Add Hongxun info in AboutUs","fileTypesAndContributionMap":{}}]},{"date":"2025-10-08T00:00:00","commitResults":[{"hash":"4d39d1e7edaa3957dced779efcd3a77f678f282d","isMergeCommit":true,"messageTitle":"Merge pull request #28 from BestBearrr/add-UiClass","messageBody":"Add Ui Class","fileTypesAndContributionMap":{}},{"hash":"28f7efa15f32f18191579c13e4538c4ecc29f7fc","isMergeCommit":true,"messageTitle":"Merge pull request #35 from lukeai-tan/create-date-class","messageBody":"Create date class","fileTypesAndContributionMap":{}}]},{"date":"2025-10-10T00:00:00","commitResults":[{"hash":"b227b991898c414fb6aed328be48b8577bf8e904","isMergeCommit":false,"messageTitle":"Add DeleteCommand class","messageBody":"","fileTypesAndContributionMap":{"functional-code":{"insertions":59,"deletions":4}}},{"hash":"c84a84fc311c388a8a6fd9211664b71bf4336ae8","isMergeCommit":false,"messageTitle":"Add JUnit tests for the DeleteCommand class","messageBody":"","fileTypesAndContributionMap":{"functional-code":{"insertions":4,"deletions":1},"test-code":{"insertions":86,"deletions":0}}},{"hash":"2bb1a56e65846bb48cb0c627f59515c231452f41","isMergeCommit":false,"messageTitle":"Resolve checkstyle errors","messageBody":"","fileTypesAndContributionMap":{"test-code":{"insertions":4,"deletions":2}}}]},{"date":"2025-10-17T00:00:00","commitResults":[{"hash":"01b15d54e6d930dc7b7c6e269f729ecbcc34866b","isMergeCommit":false,"messageTitle":"Implement Storage Class to persist internship data across sessions","messageBody":"Enable automatic saving and loading of internships to maintain data between application restarts.\nData is stored in pipe-delimited format (company | role | deadline | pay | status) at ./data/internships.txt with automatic parent directory creation.\n\nFeatures:\n- Auto-save after each command execution in main REPL loop\n- Auto-load on application startup\n- Graceful degradation: corrupted lines are skipped with warnings\n- Robust error handling with InternityException for I/O failures\n\nStorage class implementation:\n- load(): Reads internships from file, handles missing file (first run)\n- save(): Writes internships to file, creates directories if needed\n- parseInternshipFromFile(): Parses pipe-delimited lines with validation\n- formatInternshipForFile(): Formats internships for file storage\n- Logging at INFO, WARNING, and SEVERE levels for debugging\n- Assertions on all public methods\n\nInternshipList updates:\n- Add setStorage() to configure storage instance\n- Add loadFromStorage() to populate list from file\n- Add saveToStorage() to persist current state\n\nInternity updates:\n- Initialize Storage in initInternity()\n- Load data on startup with error handling\n- Auto-save after each successful command execution\n","fileTypesAndContributionMap":{"functional-code":{"insertions":235,"deletions":1},"test-code":{"insertions":269,"deletions":0}}},{"hash":"3ba2893ae749696f54d321538d50e2fea82302ce","isMergeCommit":false,"messageTitle":"Fix typo in user guide for Delete Command","messageBody":"","fileTypesAndContributionMap":{"docs":{"insertions":1,"deletions":1}}},{"hash":"bd13b39cd297285440d4b9ade36f45401e7080b3","isMergeCommit":false,"messageTitle":"Remove magic numbers","messageBody":"","fileTypesAndContributionMap":{"functional-code":{"insertions":19,"deletions":8}}},{"hash":"9e27c2f3763f1704f6452d2251db0ce22e02704e","isMergeCommit":true,"messageTitle":"Resolve merge conflict","messageBody":"","fileTypesAndContributionMap":{}}]},{"date":"2025-10-18T00:00:00","commitResults":[{"hash":"62e7e0dba130731c49ad736d788aa5aa62ecd440","isMergeCommit":true,"messageTitle":"Merge pull request #64 from lukeai-tan/update-devGuide","messageBody":"Update dev guide structure and logic component","fileTypesAndContributionMap":{}}]}],"V1T0bh":[{"date":"2025-09-25T00:00:00","commitResults":[{"hash":"ed00c39cba30a7a5ea1ff0044f892a9737950274","isMergeCommit":false,"messageTitle":"add Vito info","messageBody":"","fileTypesAndContributionMap":{"docs":{"insertions":8,"deletions":0}}},{"hash":"178aa89f21710c9cb74ea7f9dcbad2c161b78b86","isMergeCommit":false,"messageTitle":"update AboutUs.md with Vito","messageBody":"","fileTypesAndContributionMap":{"docs":{"insertions":7,"deletions":7}}},{"hash":"8b258f1f11b04fce93777ac89966eac51145a26a","isMergeCommit":true,"messageTitle":"Merge pull request #4 from lukeai-tan/add-lukeTan-name","messageBody":"Update AboutUs.md with Luke\u0027s name","fileTypesAndContributionMap":{}}]},{"date":"2025-10-02T00:00:00","commitResults":[{"hash":"672a00784462a85171f3fcb384c698cb069ffb33","isMergeCommit":true,"messageTitle":"Merge pull request #20 from BestBearrr/hongxun-AboutUs","messageBody":"Fix width of image","fileTypesAndContributionMap":{}}]},{"date":"2025-10-04T00:00:00","commitResults":[{"hash":"5a37d5df75593b35b47183ef2c4c8698681bfbc4","isMergeCommit":true,"messageTitle":"Merge pull request #21 from lukeai-tan/create-base-classes","messageBody":"Create base classes ","fileTypesAndContributionMap":{}}]},{"date":"2025-10-08T00:00:00","commitResults":[{"hash":"b349d42d17246c24844a48de5413343954ee1f4c","isMergeCommit":true,"messageTitle":"Merge pull request #30 from lukeai-tan/update-UserGuide-baseFeatures","messageBody":"Update user guide base features","fileTypesAndContributionMap":{}},{"hash":"794e79688e55f9b7b96934d7492eb235ec804f47","isMergeCommit":false,"messageTitle":"create Internship list class initalize Internship ArrayList functions implemented: empty constructor, add, delete, get (by index) skeleton functions (to implement): list, update","messageBody":"","fileTypesAndContributionMap":{"functional-code":{"insertions":41,"deletions":0}}},{"hash":"ad64a5557d470b2ae071808d0c35d81d2d82c1aa","isMergeCommit":false,"messageTitle":"remove redundant comments","messageBody":"","fileTypesAndContributionMap":{"functional-code":{"insertions":0,"deletions":6}}}]},{"date":"2025-10-09T00:00:00","commitResults":[{"hash":"cc4fd0ea3055a2999f828b527d593dcd66259724","isMergeCommit":true,"messageTitle":"Merge pull request #36 from lukeai-tan/create-dateFormatter-class","messageBody":"Create date formatter class","fileTypesAndContributionMap":{}}]},{"date":"2025-10-12T00:00:00","commitResults":[{"hash":"5461138b383c0dfc9cb22bb4fe8a81f8b5bb830c","isMergeCommit":false,"messageTitle":"add tests for InternshipList class","messageBody":"","fileTypesAndContributionMap":{"test-code":{"insertions":92,"deletions":0}}},{"hash":"cab02d8064a607b03ce77b366178a6d5cfb6c6f2","isMergeCommit":true,"messageTitle":"Merge pull request #46 from lukeai-tan/create-argument-parser","messageBody":"Create argument parser","fileTypesAndContributionMap":{}},{"hash":"6ff0f13ed77fe7ec1573444a0502bfd769e33de7","isMergeCommit":false,"messageTitle":"add junit tests for InternshipList class","messageBody":"","fileTypesAndContributionMap":{"test-code":{"insertions":3,"deletions":26}}},{"hash":"fa66af76c6f605db42816b41b287e1d77ee7105f","isMergeCommit":true,"messageTitle":"resolve merge conflicts with master","messageBody":"","fileTypesAndContributionMap":{}},{"hash":"adada21ede3eb5da311769780347c6af2542f91a","isMergeCommit":false,"messageTitle":"fix JUnit tests","messageBody":"","fileTypesAndContributionMap":{"test-code":{"insertions":20,"deletions":28}}},{"hash":"c3cc555bc3abde6dba23dbe3a62fa1d38ae80761","isMergeCommit":false,"messageTitle":"refactor meet coding standards","messageBody":"","fileTypesAndContributionMap":{"test-code":{"insertions":3,"deletions":1}}}]},{"date":"2025-10-13T00:00:00","commitResults":[{"hash":"ecf18488539acd10d76e9a5fa48b591413d2ae1e","isMergeCommit":false,"messageTitle":"implement listAll function","messageBody":"","fileTypesAndContributionMap":{"functional-code":{"insertions":28,"deletions":3},"test-code":{"insertions":4,"deletions":0}}},{"hash":"114b8a31cbc3672b150db755ee99ee70d15f4628","isMergeCommit":false,"messageTitle":"add JUnit tests for listAll trivial tests only: when empty , when not empty","messageBody":"","fileTypesAndContributionMap":{"test-code":{"insertions":43,"deletions":2}}},{"hash":"0a4f228e18ebb8017d33a662968906d858aaaea6","isMergeCommit":true,"messageTitle":"merge with listAll branch","messageBody":"","fileTypesAndContributionMap":{}},{"hash":"cf77a07aecf5e43692b34d3c81b12793d83ce8d7","isMergeCommit":false,"messageTitle":"remove erroneous line","messageBody":"","fileTypesAndContributionMap":{"functional-code":{"insertions":0,"deletions":1}}},{"hash":"8412de973be20b8048f81db26a8caf3c87679075","isMergeCommit":false,"messageTitle":"update JUnit tests for listAll function","messageBody":"","fileTypesAndContributionMap":{"test-code":{"insertions":3,"deletions":16}}},{"hash":"c7fcdbefb6f75123b53bd7b09eab6bbf27ce3e6c","isMergeCommit":false,"messageTitle":"fix listAll when empty test","messageBody":"","fileTypesAndContributionMap":{"test-code":{"insertions":2,"deletions":2}}},{"hash":"4fc06cd3b63b8eda3d8c773bdbddea9befea3145","isMergeCommit":false,"messageTitle":"refactor code fix coding standard violations","messageBody":"","fileTypesAndContributionMap":{"functional-code":{"insertions":7,"deletions":4},"test-code":{"insertions":1,"deletions":2}}},{"hash":"50eb8f62ea8f02ea0d07168109724464e69a52c6","isMergeCommit":false,"messageTitle":"add listCommand file","messageBody":"","fileTypesAndContributionMap":{"functional-code":{"insertions":4,"deletions":0}}},{"hash":"974ca9967db2b06ab1c9c68b16eb255cb4a3faa0","isMergeCommit":false,"messageTitle":"implement listCommand class","messageBody":"","fileTypesAndContributionMap":{"functional-code":{"insertions":26,"deletions":1}}},{"hash":"4ad71d45b90868a540b5173eabf0784827243f0c","isMergeCommit":false,"messageTitle":"refactor code rename listCommand to ListCommand","messageBody":"","fileTypesAndContributionMap":{"other":{"insertions":1,"deletions":1},"test-code":{"insertions":4,"deletions":0}}},{"hash":"460f16178756910efe0c5753a20d19acbc18a9fe","isMergeCommit":false,"messageTitle":"implement ListCommandTest - no entries - with entry - does not throw exception","messageBody":"","fileTypesAndContributionMap":{"test-code":{"insertions":54,"deletions":1}}},{"hash":"0545e54d3e7295a5c106fc6412dbc2186a90cd10","isMergeCommit":false,"messageTitle":"fix coding standard violation rename ListCommand local variable to listCommand","messageBody":"","fileTypesAndContributionMap":{"test-code":{"insertions":6,"deletions":6}}},{"hash":"557f8f745a5793168a052816f3bdaf08c17f4df7","isMergeCommit":false,"messageTitle":"fix errors","messageBody":"","fileTypesAndContributionMap":{"test-code":{"insertions":6,"deletions":3}}},{"hash":"cdb38d7156018da2aac8cc139b74455ff58cfb0f","isMergeCommit":false,"messageTitle":"add ListCommand to CommandFactory","messageBody":"","fileTypesAndContributionMap":{"functional-code":{"insertions":2,"deletions":0}}},{"hash":"8e8021e021af0727f97d1480645dd31390b066d1","isMergeCommit":true,"messageTitle":"Merge pull request #56 from lukeai-tan/update-commandFactory-with-listCommand","messageBody":"Update code after ListCommand integration","fileTypesAndContributionMap":{}}]},{"date":"2025-10-16T00:00:00","commitResults":[{"hash":"f3abde94ad76173ab38d565c0a2217df614fa76d","isMergeCommit":false,"messageTitle":"add assertions to ListCommand and InternshipList.listAll()","messageBody":"","fileTypesAndContributionMap":{"functional-code":{"insertions":6,"deletions":1}}},{"hash":"c7b0231dfc31b2e9239b9738835e952b43c8d72d","isMergeCommit":false,"messageTitle":"add logging to InternshipList.listAll","messageBody":"","fileTypesAndContributionMap":{"functional-code":{"insertions":7,"deletions":0}}},{"hash":"80ed75644439d7b76445c88b885ad398fca73546","isMergeCommit":false,"messageTitle":"change assertion to logging in ListCommand class","messageBody":"","fileTypesAndContributionMap":{"functional-code":{"insertions":5,"deletions":1}}}]},{"date":"2025-10-20T00:00:00","commitResults":[{"hash":"4e4092c51806efa497680eadcd3a4ecba99b4ec8","isMergeCommit":false,"messageTitle":"format listAll function to have fixed length","messageBody":"","fileTypesAndContributionMap":{"functional-code":{"insertions":23,"deletions":6}}},{"hash":"2008501cf94933e0b9eff9ba8c3d8aea8276abea","isMergeCommit":false,"messageTitle":"fix code to make variables static","messageBody":"","fileTypesAndContributionMap":{"functional-code":{"insertions":3,"deletions":3}}},{"hash":"48bd7bd0a903597f9c089a6f54581fc747fbbd77","isMergeCommit":false,"messageTitle":"fix list command formatting limit user input for company to max len of 15, role to max len of 30","messageBody":"","fileTypesAndContributionMap":{"functional-code":{"insertions":19,"deletions":12}}},{"hash":"6b0b847929bb18c4311bea898e214c7605dd57f9","isMergeCommit":false,"messageTitle":"refactor code change variable names to be in line with coding standards","messageBody":"","fileTypesAndContributionMap":{"functional-code":{"insertions":12,"deletions":12}}},{"hash":"5ce67283b02cf10362ebcf25456b85f215f0d8fe","isMergeCommit":false,"messageTitle":"refactor code reorder variables following (public, private, protected)","messageBody":"","fileTypesAndContributionMap":{"functional-code":{"insertions":3,"deletions":3}}},{"hash":"e8829c2506475b397aa1a99f28efb1f3daa0f45b","isMergeCommit":false,"messageTitle":"update invalidListCommand show a more curent version of error","messageBody":"","fileTypesAndContributionMap":{"functional-code":{"insertions":1,"deletions":1}}},{"hash":"2e762412a1d8d13413041b99c83379a884ed6796","isMergeCommit":false,"messageTitle":"update code to take in list command with sort/ parameter","messageBody":"","fileTypesAndContributionMap":{"functional-code":{"insertions":31,"deletions":4}}},{"hash":"7496103c4ae3ab1a8606d9da03d06234b4c83ca6","isMergeCommit":false,"messageTitle":"update Tests with necessary parameter","messageBody":"","fileTypesAndContributionMap":{"test-code":{"insertions":2,"deletions":2}}},{"hash":"1d11bbf8b096026b3d1905f13216a45d91361008","isMergeCommit":false,"messageTitle":"implement sort function in InternshipList sorts when arg is given by ListCommand 0: default (nothing changes) -1: descending 1: ascending","messageBody":"","fileTypesAndContributionMap":{"functional-code":{"insertions":28,"deletions":2}}},{"hash":"c5fbde6e9173a009b097f4861608c6fe0b8dae57","isMergeCommit":false,"messageTitle":"update ListCommandTest and InternshipListTest","messageBody":"","fileTypesAndContributionMap":{"test-code":{"insertions":43,"deletions":16}}},{"hash":"5743e7b0162fcb517ca8abc3a687da2c9c9ad498","isMergeCommit":true,"messageTitle":"Merge branch \u0027master\u0027 into branch-SortList","messageBody":"","fileTypesAndContributionMap":{}},{"hash":"8df2b134c012f3233b0679206a6be3a37b43c234","isMergeCommit":false,"messageTitle":"refactor code fix coding violations","messageBody":"","fileTypesAndContributionMap":{"test-code":{"insertions":7,"deletions":10}}}]},{"date":"2025-10-21T00:00:00","commitResults":[{"hash":"5b9fcc93415bedaf9d799b7add42d406b13da12c","isMergeCommit":true,"messageTitle":"Merge pull request #66 from lukeai-tan/add-parser-commandFactory-junit","messageBody":"Add CommandParser and CommandFactory junit","fileTypesAndContributionMap":{}},{"hash":"c168a829adf214e59c66dbb490dc0d136da3842f","isMergeCommit":false,"messageTitle":"refactor code convert magic numbers to enum ListCommand.orderType.[DEFAULT|ASCENDING|DESCENDING]","messageBody":"","fileTypesAndContributionMap":{"functional-code":{"insertions":17,"deletions":11},"test-code":{"insertions":8,"deletions":7}}},{"hash":"c233afa187a21759f4547fb85bf7c390ec4ec469","isMergeCommit":false,"messageTitle":"refactor code","messageBody":"","fileTypesAndContributionMap":{"functional-code":{"insertions":1,"deletions":1}}}]}]},"authorFileTypeContributionMap":{"Joannaj00":{"docs":8,"functional-code":382,"test-code":250},"lukeai-tan":{"docs":189,"functional-code":488,"test-code":315,"other":3},"BestBearrr":{"docs":9,"functional-code":166,"test-code":74},"BenyAlbatross":{"docs":3,"functional-code":294,"test-code":332},"V1T0bh":{"docs":8,"functional-code":176,"test-code":160}},"authorContributionVariance":{"Joannaj00":17525.277,"lukeai-tan":5857.4224,"BestBearrr":2818.6274,"BenyAlbatross":8955.873,"V1T0bh":3933.532},"authorDisplayNameMap":{"Joannaj00":"CS2113-W14-4 JUNG..YEON","lukeai-tan":"CS2113-W14-4 LUKE.. TAN","BestBearrr":"CS2113-W14-4 LUO ..GXUN","BenyAlbatross":"CS2113-W14-4 BENJ..KIET","V1T0bh":"CS2113-W14-4 VITO..ALIM"}}
