[{"path":"docs/AboutUs.md","fileType":"docs","lines":[{"lineNumber":1,"author":{"gitId":"-"},"content":"# About us","lastModifiedDate":"2020-05-24T00:51:04","isFullCredit":false},{"lineNumber":2,"author":{"gitId":"-"},"content":"","lastModifiedDate":"2020-05-24T00:51:04","isFullCredit":false},{"lineNumber":3,"author":{"gitId":"-"},"content":"Display |        Name        |                  Github Profile                  | Portfolio ","lastModifiedDate":"2020-05-24T00:51:04","isFullCredit":false},{"lineNumber":4,"author":{"gitId":"HarshitSrivastavaHS"},"content":"--------|:------------------:|:------------------------------------------------:|:---------:","lastModifiedDate":"2025-10-02T11:21:20","isFullCredit":false},{"lineNumber":5,"author":{"gitId":"HarshitSrivastavaHS"},"content":"![](https://via.placeholder.com/100.png?text\u003dPhoto) | Harshit Srivastava | [Github](https://github.com/HarshitSrivastavaHS) | [Portfolio](docs/team/harshit.md) ","lastModifiedDate":"2025-10-02T11:21:20","isFullCredit":false},{"lineNumber":6,"author":{"gitId":"Pavithra6-Srinivasan"},"content":"![](https://via.placeholder.com/100.png?text\u003dPhoto) | Pavithra Srinivasan | [Github](https://github.com/) | [Portfolio](docs/team/johndoe.md)","lastModifiedDate":"2025-10-02T11:20:20","isFullCredit":false},{"lineNumber":7,"author":{"gitId":"Kevin88866"},"content":"![](https://via.placeholder.com/100.png?text\u003dPhoto) | Zheng Kaiwen | [Github](https://github.com/kevin88866) | [Portfolio](docs/team/kevin88866.md)","lastModifiedDate":"2025-10-02T11:26:52","isFullCredit":false},{"lineNumber":8,"author":{"gitId":"argadde"},"content":"![](https://via.placeholder.com/100.png?text\u003dPhoto) | Abhiram Gadde | [Github](https://github.com/argadde) | [Portfolio](docs/team/argadde.md)","lastModifiedDate":"2025-10-02T11:19:46","isFullCredit":false},{"lineNumber":9,"author":{"gitId":"gohjieling834"},"content":"![](https://via.placeholder.com/100.png?text\u003dPhoto) | Goh Jie Ling | [Github](https://github.com/gohjieling834) | [Portfolio](docs/team/gohjieling.md)","lastModifiedDate":"2025-10-02T11:19:09","isFullCredit":false},{"lineNumber":10,"author":{"gitId":"HarshitSrivastavaHS"},"content":"","lastModifiedDate":"2025-10-02T17:42:40","isFullCredit":false}],"authorContributionMap":{"argadde":1,"Kevin88866":1,"HarshitSrivastavaHS":3,"-":3,"gohjieling834":1,"Pavithra6-Srinivasan":1}},{"path":"docs/team/harshit.md","fileType":"docs","lines":[{"lineNumber":1,"author":{"gitId":"HarshitSrivastavaHS"},"content":"# Harshit Srivastava - Project Portfolio Page","lastModifiedDate":"2025-10-02T11:21:20","isFullCredit":false},{"lineNumber":2,"author":{"gitId":"HarshitSrivastavaHS"},"content":"","lastModifiedDate":"2025-10-02T11:21:20","isFullCredit":false},{"lineNumber":3,"author":{"gitId":"HarshitSrivastavaHS"},"content":"## Overview","lastModifiedDate":"2025-10-02T11:21:20","isFullCredit":false},{"lineNumber":4,"author":{"gitId":"HarshitSrivastavaHS"},"content":"","lastModifiedDate":"2025-10-02T11:21:20","isFullCredit":false},{"lineNumber":5,"author":{"gitId":"HarshitSrivastavaHS"},"content":"","lastModifiedDate":"2025-10-02T11:21:20","isFullCredit":false},{"lineNumber":6,"author":{"gitId":"HarshitSrivastavaHS"},"content":"### Summary of Contributions","lastModifiedDate":"2025-10-02T11:21:20","isFullCredit":false}],"authorContributionMap":{"HarshitSrivastavaHS":6}},{"path":"docs/team/kevin88866.md","fileType":"docs","lines":[{"lineNumber":1,"author":{"gitId":"Kevin88866"},"content":"# Zheng Kaiwen - Project Portfolio Page","lastModifiedDate":"2025-10-02T11:26:52","isFullCredit":false},{"lineNumber":2,"author":{"gitId":"-"},"content":"","lastModifiedDate":"2020-05-24T00:51:04","isFullCredit":false},{"lineNumber":3,"author":{"gitId":"-"},"content":"## Overview","lastModifiedDate":"2020-05-24T00:51:04","isFullCredit":false},{"lineNumber":4,"author":{"gitId":"-"},"content":"","lastModifiedDate":"2020-05-24T00:51:04","isFullCredit":false},{"lineNumber":5,"author":{"gitId":"-"},"content":"","lastModifiedDate":"2020-05-24T00:51:04","isFullCredit":false},{"lineNumber":6,"author":{"gitId":"-"},"content":"### Summary of Contributions","lastModifiedDate":"2020-05-24T00:51:04","isFullCredit":false}],"authorContributionMap":{"Kevin88866":1,"-":5}}]
