{"authorDailyContributionsMap":{"argadde":[{"date":"2025-10-02T00:00:00","commitResults":[{"hash":"f20585d7bdc9dfc7a76eb419221cb4bea39aa418","isMergeCommit":false,"messageTitle":"Update Abhiram\u0027s info","messageBody":"","fileTypesAndContributionMap":{"docs":{"insertions":3,"deletions":7}}},{"hash":"6a40fc24a123223046863fe8e5afea033bf9234f","isMergeCommit":true,"messageTitle":"Merge pull request #12 from gohjieling834/JieLing-AboutUs","messageBody":"Update AboutUs.md","fileTypesAndContributionMap":{}},{"hash":"812ed35f1c9c6eaf96ef23947c03ec91206b72e3","isMergeCommit":true,"messageTitle":"Merge branch \u0027master\u0027 into Abhiram-AboutUs","messageBody":"","fileTypesAndContributionMap":{}}]}],"Kevin88866":[{"date":"2025-10-02T00:00:00","commitResults":[{"hash":"b237995ca787db5a1f28add7d26f3453c847d938","isMergeCommit":false,"messageTitle":"Update AboutUs","messageBody":"","fileTypesAndContributionMap":{"docs":{"insertions":4,"deletions":7}}},{"hash":"fde1ebd59320f3beb593a15c8f3ba2b499d8c06d","isMergeCommit":false,"messageTitle":"Update AboutUs","messageBody":"","fileTypesAndContributionMap":{"docs":{"insertions":4,"deletions":4}}},{"hash":"3abaee6d73296c8ec3b92a118f4b89aa21ba46f3","isMergeCommit":false,"messageTitle":"Merge branch \u0027master\u0027 of https://github.com/AY2526S1-CS2113-T11-4/tp into Zheng-Kaiwen---AboutUs","messageBody":"# Conflicts:\n#\tdocs/AboutUs.md\n","fileTypesAndContributionMap":{"docs":{"insertions":2,"deletions":0}}},{"hash":"367c5cde8a40fc0a5943942ad1cd4582ce6be3be","isMergeCommit":true,"messageTitle":"Merge branch \u0027master\u0027 of https://github.com/AY2526S1-CS2113-T11-4/tp into Zheng-Kaiwen---AboutUs","messageBody":"# Conflicts:\n#\tdocs/AboutUs.md\n","fileTypesAndContributionMap":{}},{"hash":"cd589f79bf3c992d2b37153c68906f4fffc489ea","isMergeCommit":true,"messageTitle":"Merge pull request #10 from Kevin88866/Zheng-Kaiwen---AboutUs","messageBody":"Update AboutUs","fileTypesAndContributionMap":{}}]}],"HarshitSrivastavaHS":[{"date":"2025-10-02T00:00:00","commitResults":[{"hash":"6045e5ade19577a3b61de8efafca7b2bbb90ebfd","isMergeCommit":false,"messageTitle":"Update portfolio links","messageBody":"","fileTypesAndContributionMap":{"docs":{"insertions":9,"deletions":13}}},{"hash":"ae5b79f4bcf0270f1d79e105be4538ad6c330faa","isMergeCommit":true,"messageTitle":"Merge pull request #13 from argadde/Abhiram-AboutUs","messageBody":"Update Abhiram\u0027s info","fileTypesAndContributionMap":{}},{"hash":"4e1594191c5668c36b7997bd1bccb602559f286d","isMergeCommit":true,"messageTitle":"Merge pull request #14 from Pavithra6-Srinivasan/Pavithra","messageBody":"Update docs","fileTypesAndContributionMap":{}},{"hash":"bee2e6b9b827bfffc8c149efc633a5dd1400662f","isMergeCommit":true,"messageTitle":"Merge resolve","messageBody":"","fileTypesAndContributionMap":{}},{"hash":"66d084b6b122ab224236930dd5179deb3b27019c","isMergeCommit":true,"messageTitle":"Merge pull request #11 from HarshitSrivastavaHS/Harshit-AboutUs","messageBody":"Update portfolio links","fileTypesAndContributionMap":{}}]},{"date":"2025-10-04T00:00:00","commitResults":[{"hash":"7349a4bca76bedb8b31763312bb6a82c12733992","isMergeCommit":false,"messageTitle":"Add Command Interface","messageBody":"Created a Command interface with an exec(String args) method.\nAll commands will implement this interface.\n","fileTypesAndContributionMap":{"functional-code":{"insertions":17,"deletions":0}}},{"hash":"bb1537573f4c7359f288f13d1dd1e041e6acb9cf","isMergeCommit":false,"messageTitle":"Rename package and interface","messageBody":"","fileTypesAndContributionMap":{"other":{"insertions":2,"deletions":2}}},{"hash":"01c2f7140a7a4a243a70ab0441e43cd8e01803ac","isMergeCommit":false,"messageTitle":"Add initial framework: commands, parser, main loop","messageBody":"","fileTypesAndContributionMap":{"functional-code":{"insertions":222,"deletions":21},"other":{"insertions":2,"deletions":2}}},{"hash":"98841bfd999382f4ef6f7d5e3e8d9e69cb4971bf","isMergeCommit":false,"messageTitle":"Update build.gradle: set mainClass to seedu.cuddlecare.CuddleCare","messageBody":"Changed the application main class in build.gradle from\nseedu.duke.Duke to seedu.cuddlecare.CuddleCare to match\nthe new project structure.\n","fileTypesAndContributionMap":{"other":{"insertions":2,"deletions":2}}},{"hash":"6da1b2d7adea50e3891e17bec4ba4d94f6c0d8c4","isMergeCommit":false,"messageTitle":"Add Unit Test for CuddleCare class","messageBody":"Covers greet(), printInputPrompt(), and initialiseCommands() to ensure correct behavior.\n","fileTypesAndContributionMap":{"functional-code":{"insertions":9,"deletions":5},"test-code":{"insertions":47,"deletions":12}}},{"hash":"e30263b896a5844ee4419e935cbdecba7dd66961","isMergeCommit":false,"messageTitle":"Fix Checkstyle violations in CuddleCare and tests","messageBody":"","fileTypesAndContributionMap":{"functional-code":{"insertions":1,"deletions":1},"test-code":{"insertions":3,"deletions":1}}}]}],"gohjieling834":[{"date":"2025-10-02T00:00:00","commitResults":[{"hash":"dbf2ac74d6231a39505dda2ada241520bbee844d","isMergeCommit":false,"messageTitle":"Update AboutUs.md","messageBody":"","fileTypesAndContributionMap":{"docs":{"insertions":4,"deletions":7}}}]}],"Pavithra6-Srinivasan":[{"date":"2025-10-02T00:00:00","commitResults":[{"hash":"86cf21e15d9876b907f404671549e389463b656e","isMergeCommit":false,"messageTitle":"Update docs","messageBody":"","fileTypesAndContributionMap":{"docs":{"insertions":4,"deletions":7}}},{"hash":"61c6cd76cc6db2d92ecaca5889020505fff26a71","isMergeCommit":true,"messageTitle":"Merge branch \u0027master\u0027 of https://github.com/AY2526S1-CS2113-T11-4/tp into Pavithra","messageBody":"# Conflicts:\n#\tdocs/AboutUs.md\n","fileTypesAndContributionMap":{}},{"hash":"0bef9f676e08c51cbe97dea64ec7b68e30a5b22d","isMergeCommit":true,"messageTitle":"Merge branch \u0027master\u0027 of https://github.com/AY2526S1-CS2113-T11-4/tp into Pavithra","messageBody":"# Conflicts:\n#\tdocs/AboutUs.md\n","fileTypesAndContributionMap":{}}]},{"date":"2025-10-06T00:00:00","commitResults":[{"hash":"1d404abc75ca3304e136b726da6b6f294921a37b","isMergeCommit":true,"messageTitle":"Merge pull request #17 from HarshitSrivastavaHS/feature/commands-template","messageBody":"Add Command Interface","fileTypesAndContributionMap":{}},{"hash":"f41e079865c859718c9b265d242b682a13258e9f","isMergeCommit":true,"messageTitle":"Merge pull request #18 from HarshitSrivastavaHS/feature/add-parser","messageBody":"Implement command framework, parser, and application loop with initial tests","fileTypesAndContributionMap":{}}]}]},"authorFileTypeContributionMap":{"argadde":{"docs":1,"functional-code":0,"test-code":0},"Kevin88866":{"docs":2,"functional-code":0,"test-code":0},"HarshitSrivastavaHS":{"docs":9,"functional-code":243,"test-code":49,"other":2},"gohjieling834":{"docs":1,"functional-code":0,"test-code":0},"Pavithra6-Srinivasan":{"docs":1,"functional-code":0,"test-code":0}},"authorContributionVariance":{"argadde":5.246913,"Kevin88866":23.138891,"HarshitSrivastavaHS":6441.9785,"gohjieling834":6.3487663,"Pavithra6-Srinivasan":6.3487663},"authorDisplayNameMap":{"argadde":"CS2113-T11-4 GADD..IRAM","Kevin88866":"CS2113-T11-4 ZHEN..IWEN","HarshitSrivastavaHS":"CS2113-T11-4 SRIV..SHIT","gohjieling834":"CS2113-T11-4 GOH ..LING","Pavithra6-Srinivasan":"CS2113-T11-4 PAVI..ASAN"}}
