{"authorDailyContributionsMap":{"argadde":[{"date":"2025-10-02T00:00:00","commitResults":[{"hash":"f20585d7bdc9dfc7a76eb419221cb4bea39aa418","isMergeCommit":false,"messageTitle":"Update Abhiram\u0027s info","messageBody":"","fileTypesAndContributionMap":{"docs":{"insertions":3,"deletions":7}}},{"hash":"6a40fc24a123223046863fe8e5afea033bf9234f","isMergeCommit":true,"messageTitle":"Merge pull request #12 from gohjieling834/JieLing-AboutUs","messageBody":"Update AboutUs.md","fileTypesAndContributionMap":{}},{"hash":"812ed35f1c9c6eaf96ef23947c03ec91206b72e3","isMergeCommit":true,"messageTitle":"Merge branch \u0027master\u0027 into Abhiram-AboutUs","messageBody":"","fileTypesAndContributionMap":{}}]},{"date":"2025-10-06T00:00:00","commitResults":[{"hash":"b5737fc5d21d5d4019f4ecf1b70a43142d1682b9","isMergeCommit":false,"messageTitle":"Add Pet class and implement add pet","messageBody":"Currently, CuddleCare CLI does not have any commands implemented.\nThere is no way to store the user\u0027s pet information, which is the\ngoal of the PR.\n\nLet\u0027s,\n* implement the Pet class with name, species, and age attributes\n* parse the user\u0027s input to execute the add command\n","fileTypesAndContributionMap":{"functional-code":{"insertions":143,"deletions":0}}},{"hash":"259461cd78199abef22fa2a47f1a1271c1aa02a7","isMergeCommit":false,"messageTitle":"Implement add pet command with new Pet class","messageBody":"Currently, CuddleCare CLI does not have any commands implemented.\nThere is no way to store the user\u0027s pet information, which is the\ngoal of the PR.\n\nLet\u0027s,\n  * implement the Pet class with name, species, and age attributes\n  * parse the user\u0027s input to execute the add command\n","fileTypesAndContributionMap":{"functional-code":{"insertions":91,"deletions":117},"other":{"insertions":1,"deletions":1}}},{"hash":"028bf8789dbd776fb85d09bf796519cda3bcd430","isMergeCommit":false,"messageTitle":"Updated invalid command message","messageBody":"","fileTypesAndContributionMap":{"functional-code":{"insertions":1,"deletions":1}}},{"hash":"46ba4cd5b502f0458009d1c5b48ff6b58b44094e","isMergeCommit":false,"messageTitle":"Revert parsing logic back and use single-word commands","messageBody":"","fileTypesAndContributionMap":{"functional-code":{"insertions":11,"deletions":8}}},{"hash":"84fd837186e7421c24032ff2d4d2f39162fd1164","isMergeCommit":false,"messageTitle":"Implement PetList class for user\u0027s list of pets","messageBody":"Currently, CuddleCare uses an ArrayList that maintains the list of pets,\nwhich is not ideal for code maintenance.\n\nIntroduce a PetList class that holds all the pets, while providing\nmethods to maintain the list of pets.\n\nThis would keep the pet management into one class.\n","fileTypesAndContributionMap":{"functional-code":{"insertions":58,"deletions":14}}}]},{"date":"2025-10-08T00:00:00","commitResults":[{"hash":"bc23147b195407ff7e2edf986fd55635c52284f0","isMergeCommit":false,"messageTitle":"Add JUnit tests for add-pet command and fix multi-word parsing","messageBody":"Currently, CuddleCare\u0027s add-pet command does not have JUnit tests,\nwhich is not ideal for future code development and code quality.\nCuddleCare\u0027s add-pet command also does not support multi-word entries\nfor the name and species currently.\n\nIntroduce JUnit tests that assesses the necessary cases to ensure\nthe strength of the command within the application.\n\nImplement multi-word parsing for the name and species within the input.\n\nThis woudl help with the strength of the add-pet command.\n","fileTypesAndContributionMap":{"functional-code":{"insertions":17,"deletions":3},"test-code":{"insertions":111,"deletions":0}}}]},{"date":"2025-10-15T00:00:00","commitResults":[{"hash":"8e09ff55bda00b0ee08fd2a1ddc7656aac6cab39","isMergeCommit":false,"messageTitle":"Implement logging and assertions for add-pet command","messageBody":"Currently, there is no safety net for the add-pet command\nin case the user decides to input invalid information. In\nother words, there is no add-pet log to access critical information\nto troubleshoot any problems within the code base.\n\nWith this feature, the add-pet command now has troubleshooting\ncapabilities and ensures that the application is more defensive.\n","fileTypesAndContributionMap":{"functional-code":{"insertions":20,"deletions":0}}},{"hash":"f60780526e072f799f2bdafb643043a25440862b","isMergeCommit":false,"messageTitle":"Update order of private fields","messageBody":"","fileTypesAndContributionMap":{"functional-code":{"insertions":3,"deletions":3}}},{"hash":"aa4899a40f6fd2b9b6c0a32d76f5b09554dae6f3","isMergeCommit":false,"messageTitle":"Set logging level to WARNING","messageBody":"","fileTypesAndContributionMap":{"functional-code":{"insertions":4,"deletions":0}}},{"hash":"4df5c63ac5d3edef7bb7238de6b784fb7605195f","isMergeCommit":false,"messageTitle":"Turn off logging to user","messageBody":"","fileTypesAndContributionMap":{"functional-code":{"insertions":2,"deletions":2}}},{"hash":"ff5db0b833e88dee20ac2c741eeea1531c281981","isMergeCommit":false,"messageTitle":"Fix age parsing for add-pet command","messageBody":"","fileTypesAndContributionMap":{"functional-code":{"insertions":1,"deletions":1}}},{"hash":"a486aaf36904b991386ae2121b89bebce1b182b1","isMergeCommit":true,"messageTitle":"Merge pull request #55 from HarshitSrivastavaHS/enhancement/cuddlecare-parser-assertion-logging","messageBody":"Enhance CuddleCare and Parser with assertions and logging","fileTypesAndContributionMap":{}}]},{"date":"2025-10-22T00:00:00","commitResults":[{"hash":"5ab371357e625a3e60d27c1cb8c9877964e17ecc","isMergeCommit":false,"messageTitle":"Add developer guide for AddPetCommand","messageBody":"Currently, there is no proficient documentation for the\nAddPetCommand. If the user or other engineers want to\nknow more about the workflow and usage of the command,\nthey would not be able to learn without the user guide.\n\nWith this addition, there is simple and easy-to-follow\ndocumentation about the add-pet command including\nthe workflow within the application as a whole.\n","fileTypesAndContributionMap":{"docs":{"insertions":58,"deletions":1}}}]},{"date":"2025-10-23T00:00:00","commitResults":[{"hash":"dc31984e367d7cd4f6835d27471eaf8e9b3869cf","isMergeCommit":false,"messageTitle":"Update developer guide for correctness","messageBody":"","fileTypesAndContributionMap":{"docs":{"insertions":4,"deletions":5}}},{"hash":"bb62018f5da792667a0f38685d70cbe44c54ff4f","isMergeCommit":false,"messageTitle":"Fix aggregation in UML diagram","messageBody":"","fileTypesAndContributionMap":{"docs":{"insertions":1,"deletions":1}}},{"hash":"9d87dcdaf7b28671e1b930a2aa2b3ee3f8f66d42","isMergeCommit":true,"messageTitle":"Merge pull request #98 from HarshitSrivastavaHS/docs/dg-des-n-impl-delete-pet","messageBody":"Corrected the Class Diagram","fileTypesAndContributionMap":{}}]}],"Kevin88866":[{"date":"2025-10-02T00:00:00","commitResults":[{"hash":"b237995ca787db5a1f28add7d26f3453c847d938","isMergeCommit":false,"messageTitle":"Update AboutUs","messageBody":"","fileTypesAndContributionMap":{"docs":{"insertions":4,"deletions":7}}},{"hash":"fde1ebd59320f3beb593a15c8f3ba2b499d8c06d","isMergeCommit":false,"messageTitle":"Update AboutUs","messageBody":"","fileTypesAndContributionMap":{"docs":{"insertions":4,"deletions":4}}},{"hash":"3abaee6d73296c8ec3b92a118f4b89aa21ba46f3","isMergeCommit":false,"messageTitle":"Merge branch \u0027master\u0027 of https://github.com/AY2526S1-CS2113-T11-4/tp into Zheng-Kaiwen---AboutUs","messageBody":"# Conflicts:\n#\tdocs/AboutUs.md\n","fileTypesAndContributionMap":{"docs":{"insertions":2,"deletions":0}}},{"hash":"367c5cde8a40fc0a5943942ad1cd4582ce6be3be","isMergeCommit":true,"messageTitle":"Merge branch \u0027master\u0027 of https://github.com/AY2526S1-CS2113-T11-4/tp into Zheng-Kaiwen---AboutUs","messageBody":"# Conflicts:\n#\tdocs/AboutUs.md\n","fileTypesAndContributionMap":{}},{"hash":"cd589f79bf3c992d2b37153c68906f4fffc489ea","isMergeCommit":true,"messageTitle":"Merge pull request #10 from Kevin88866/Zheng-Kaiwen---AboutUs","messageBody":"Update AboutUs","fileTypesAndContributionMap":{}}]},{"date":"2025-10-07T00:00:00","commitResults":[{"hash":"927e0ec9eb83eefc2b638e46c0a41c0e899e91a7","isMergeCommit":true,"messageTitle":"Merge pull request #23 from Pavithra6-Srinivasan/add-treatment","messageBody":"Add treatment","fileTypesAndContributionMap":{}},{"hash":"2e2b9e519bdb54b1a54c45b8333a26aa965bb36c","isMergeCommit":false,"messageTitle":"Add ListPetsCommand","messageBody":"- function get(index) in PetList will return a pet by index\n- function size in PetList will return the size of PetList\n","fileTypesAndContributionMap":{"functional-code":{"insertions":78,"deletions":2}}},{"hash":"e8fad0b4e7645cb3cc80727c840ec7adce9f5077","isMergeCommit":false,"messageTitle":"add ListPetsCommandTest.java to test ListPets","messageBody":"","fileTypesAndContributionMap":{"functional-code":{"insertions":3,"deletions":1},"test-code":{"insertions":62,"deletions":0}}},{"hash":"68de562f6b3a2c802cd143054b26a68630288a63","isMergeCommit":false,"messageTitle":"add MarkTreatmentCommand","messageBody":"","fileTypesAndContributionMap":{"functional-code":{"insertions":87,"deletions":0}}},{"hash":"040f3bb0d90bfd7aa76d0af6803deace4a05ecf6","isMergeCommit":false,"messageTitle":"add UnmarkTreatmentCommand","messageBody":"","fileTypesAndContributionMap":{"functional-code":{"insertions":91,"deletions":3}}},{"hash":"e2e082c605b9fe8c6407b7d20aaa54010ae4f492","isMergeCommit":false,"messageTitle":"update cuddlecare","messageBody":"","fileTypesAndContributionMap":{"functional-code":{"insertions":4,"deletions":5}}},{"hash":"c34fa39d988d421d87cebca0cab3a4b01b9e5019","isMergeCommit":false,"messageTitle":"add MarkTreatmentCommandTest and UnmarkTreatmentCommandTest and update mark/unmarkTreatmentCommand","messageBody":"","fileTypesAndContributionMap":{"functional-code":{"insertions":25,"deletions":7},"test-code":{"insertions":211,"deletions":0}}},{"hash":"d118d115521d83549181e8d49fc647cdd3162894","isMergeCommit":false,"messageTitle":"update CuddleCare, MarkTreatmentCommandTest, and UnmarkTreatmentCommandTest to pass check","messageBody":"","fileTypesAndContributionMap":{"functional-code":{"insertions":6,"deletions":1},"test-code":{"insertions":8,"deletions":4}}},{"hash":"85d24179058f986f50e4bcdb8ab31957b9bc7a04","isMergeCommit":false,"messageTitle":"resolve comments","messageBody":"","fileTypesAndContributionMap":{"functional-code":{"insertions":6,"deletions":6}}},{"hash":"da2494ca8d68a7f8056483c67aea95cac7c3d9f2","isMergeCommit":false,"messageTitle":"resolve comments","messageBody":"","fileTypesAndContributionMap":{"functional-code":{"insertions":2,"deletions":2}}}]},{"date":"2025-10-13T00:00:00","commitResults":[{"hash":"d64ad16d19d872622f0d906987895264708dd4dc","isMergeCommit":true,"messageTitle":"Merge pull request #34 from Pavithra6-Srinivasan/Update-delete-treatment","messageBody":"Update delete treatment","fileTypesAndContributionMap":{}},{"hash":"66f7d47545970b7424b212ed7d3dd2ab57a4085b","isMergeCommit":false,"messageTitle":"add assertions and logging for defensive programming","messageBody":"","fileTypesAndContributionMap":{"functional-code":{"insertions":10,"deletions":6}}},{"hash":"18184f7fdcd139d7d132a63f797743fea936c00f","isMergeCommit":false,"messageTitle":"enable the assetion of gradlew and modify the test of ListPetsCommand","messageBody":"","fileTypesAndContributionMap":{"other":{"insertions":1,"deletions":0},"test-code":{"insertions":27,"deletions":0}}},{"hash":"d2946414ba4992717efda82ebb547499a1ec1145","isMergeCommit":false,"messageTitle":"add assertions, boundary check, and logging for defensive programming","messageBody":"","fileTypesAndContributionMap":{"functional-code":{"insertions":53,"deletions":21}}},{"hash":"d9cf8eb49d904f6dbedbbc13a484a2fe6118b7c0","isMergeCommit":false,"messageTitle":"add assertions, boundary check, and logging of UnmarkTreatment for defensive programming","messageBody":"","fileTypesAndContributionMap":{"functional-code":{"insertions":56,"deletions":23}}},{"hash":"d3ecc26784600f0f7a310dac43c75848fc79ac00","isMergeCommit":false,"messageTitle":"Debug the MarkTreatmentCommand","messageBody":"- add trim()\n","fileTypesAndContributionMap":{"functional-code":{"insertions":12,"deletions":8}}},{"hash":"c654e794a48c911f4c2c3a4a9bf7b849cfe78a49","isMergeCommit":false,"messageTitle":"Debug UnmarkTreatmentCommand","messageBody":"- add trim()\n","fileTypesAndContributionMap":{"functional-code":{"insertions":13,"deletions":9}}},{"hash":"c34e62c4b62e596212a84b277a4384c617d93d0e","isMergeCommit":false,"messageTitle":"Modify the MarkTreatmentCommandTest","messageBody":"","fileTypesAndContributionMap":{"test-code":{"insertions":29,"deletions":4}}},{"hash":"2e6da24820744e806cb880838435bdad61690ca6","isMergeCommit":false,"messageTitle":"Modify the UnmarkTreatmentCommandTest","messageBody":"","fileTypesAndContributionMap":{"test-code":{"insertions":28,"deletions":0}}},{"hash":"c1dbe40a697c1b954558187efcc7a57618c88142","isMergeCommit":false,"messageTitle":"open assertion","messageBody":"","fileTypesAndContributionMap":{"other":{"insertions":1,"deletions":0}}}]},{"date":"2025-10-14T00:00:00","commitResults":[{"hash":"e52f2390f678c5e92dd369877ecf57d4c3012e32","isMergeCommit":false,"messageTitle":"modify the variables name","messageBody":"","fileTypesAndContributionMap":{"functional-code":{"insertions":14,"deletions":14}}}]},{"date":"2025-10-15T00:00:00","commitResults":[{"hash":"6f149bec4c7ba1a4cd60f120f7fe6f10dd0883be","isMergeCommit":false,"messageTitle":"minor code cleanup","messageBody":"","fileTypesAndContributionMap":{"functional-code":{"insertions":6,"deletions":4}}},{"hash":"f8227c4e14de686d2b1cfba5054919a699add2f3","isMergeCommit":false,"messageTitle":"change MarkTreatmentsCommand back to class","messageBody":"","fileTypesAndContributionMap":{"functional-code":{"insertions":6,"deletions":4}}}]},{"date":"2025-10-20T00:00:00","commitResults":[{"hash":"4a112af3af51840475c43319bdd7dadcbd5bf28a","isMergeCommit":false,"messageTitle":"Modify Pet class","messageBody":"- add setName\n- add setSpecies\n- add setAge\n","fileTypesAndContributionMap":{"functional-code":{"insertions":15,"deletions":0}}},{"hash":"b0bcf0dc17476ac75b248ca5d26ff372994107ec","isMergeCommit":false,"messageTitle":"add command to the class","messageBody":"","fileTypesAndContributionMap":{"functional-code":{"insertions":8,"deletions":5}}},{"hash":"bd0432f33ad17f96bdc43e20f6e5f208e0be4d20","isMergeCommit":false,"messageTitle":"feature : EditPetCommand","messageBody":"- use by edit-pet n/name nn/new name s/spcies a/age\n","fileTypesAndContributionMap":{"functional-code":{"insertions":152,"deletions":0}}},{"hash":"ba71fdab94cf1017b67e46dfc4419803699003cf","isMergeCommit":false,"messageTitle":"Test: EditPetCommandTest","messageBody":"- used to test EditPetCommand\n","fileTypesAndContributionMap":{"test-code":{"insertions":114,"deletions":0}}},{"hash":"5251b5f980bc28c93dc64c7c7f68fe20d5a86e34","isMergeCommit":false,"messageTitle":"Modify to pass the check","messageBody":"","fileTypesAndContributionMap":{"functional-code":{"insertions":0,"deletions":1}}},{"hash":"f09aac77cfb50e8d9b7bce532184cc18106a268c","isMergeCommit":false,"messageTitle":"add the group-treatments command to the main class","messageBody":"","fileTypesAndContributionMap":{"functional-code":{"insertions":3,"deletions":1}}},{"hash":"f8e8d3cce1c3ecbb4595301e708aba1cb4f665cf","isMergeCommit":false,"messageTitle":"feature : GroupTreatmentsByTypeCommand","messageBody":"- usage : \"group-treatments n/name\"\n- if there is no name, it will group the treaments of all pets by type\n","fileTypesAndContributionMap":{"functional-code":{"insertions":189,"deletions":0}}},{"hash":"001bbda84f7a2cff863dad6aad20c5f8659ba9e0","isMergeCommit":false,"messageTitle":"test : test the GroupTreatmentsByType","messageBody":"","fileTypesAndContributionMap":{"test-code":{"insertions":144,"deletions":0}}}]},{"date":"2025-10-21T00:00:00","commitResults":[{"hash":"c9793e58af75d33042686fe71575a6d8e4f2afc5","isMergeCommit":false,"messageTitle":"solve conflict","messageBody":"","fileTypesAndContributionMap":{"functional-code":{"insertions":187,"deletions":70},"test-code":{"insertions":195,"deletions":11}}},{"hash":"f06ca14084cec4f3003455aeb9cd0fbf816d83de","isMergeCommit":true,"messageTitle":"Merge branch \u0027master\u0027 into feature/edit-pet","messageBody":"","fileTypesAndContributionMap":{}},{"hash":"38fa2a6f9a8ec6dba55762700188951b352e017c","isMergeCommit":true,"messageTitle":"Refactor: decouple GroupTreatmentsByType from Treatment.toString and move list copy to PetList","messageBody":"","fileTypesAndContributionMap":{}},{"hash":"3641dab7a9a16a8d9bee1ad71959222bfeea0525","isMergeCommit":false,"messageTitle":"change class name","messageBody":"","fileTypesAndContributionMap":{"functional-code":{"insertions":3,"deletions":11}}},{"hash":"e4d76db23b261971d527adfb11cd2f4b1b4a64e8","isMergeCommit":true,"messageTitle":"Merge branch \u0027master\u0027 into feature/group-treatments","messageBody":"","fileTypesAndContributionMap":{}}]},{"date":"2025-10-22T00:00:00","commitResults":[{"hash":"5b15f4158c6e15047e1b70ed24b821223d9a1fad","isMergeCommit":false,"messageTitle":"Add developer guide for Edit pet, Group treatments by type, list pets, mark/unmark treatments","messageBody":"","fileTypesAndContributionMap":{"docs":{"insertions":147,"deletions":5}}},{"hash":"57db690630f57b26dc914d2be7937b467ef3bc01","isMergeCommit":true,"messageTitle":"Merge branch \u0027master\u0027 of https://github.com/AY2526S1-CS2113-T11-4/tp into DeveloperGuide","messageBody":"","fileTypesAndContributionMap":{}},{"hash":"cbec0652d6888adcbda3bae3580970b8e011ae4f","isMergeCommit":true,"messageTitle":"Merge pull request #81 from gohjieling834/feature-summary","messageBody":"Feature: Summary command","fileTypesAndContributionMap":{}},{"hash":"53d051b92f88213ae042aaf4af2d0b2168aee9fa","isMergeCommit":true,"messageTitle":"Merge branch \u0027master\u0027 of https://github.com/AY2526S1-CS2113-T11-4/tp into DeveloperGuide","messageBody":"","fileTypesAndContributionMap":{}},{"hash":"a9e83ad2a9d67d414c07fa4370b4fd9d1d339d2f","isMergeCommit":true,"messageTitle":"Merge pull request #90 from HarshitSrivastavaHS/docs/dg-des-n-impl-delete-pet","messageBody":"Update DeletePetCommand Class Diagram","fileTypesAndContributionMap":{}},{"hash":"565f4fd72ebe41c60d4b6879e0f68aa57cdfb60b","isMergeCommit":false,"messageTitle":"add uml to the folder","messageBody":"","fileTypesAndContributionMap":{"docs":{"insertions":406,"deletions":0}}}]},{"date":"2025-10-23T00:00:00","commitResults":[{"hash":"37abf0162b85a0462ee28578fdb6a4962b5e4c30","isMergeCommit":true,"messageTitle":"Merge pull request #97 from HarshitSrivastavaHS/docs/dg-des-n-impl-delete-pet","messageBody":"Fix the visibility of a method","fileTypesAndContributionMap":{}}]}],"HarshitSrivastavaHS":[{"date":"2025-10-02T00:00:00","commitResults":[{"hash":"6045e5ade19577a3b61de8efafca7b2bbb90ebfd","isMergeCommit":false,"messageTitle":"Update portfolio links","messageBody":"","fileTypesAndContributionMap":{"docs":{"insertions":9,"deletions":13}}},{"hash":"ae5b79f4bcf0270f1d79e105be4538ad6c330faa","isMergeCommit":true,"messageTitle":"Merge pull request #13 from argadde/Abhiram-AboutUs","messageBody":"Update Abhiram\u0027s info","fileTypesAndContributionMap":{}},{"hash":"4e1594191c5668c36b7997bd1bccb602559f286d","isMergeCommit":true,"messageTitle":"Merge pull request #14 from Pavithra6-Srinivasan/Pavithra","messageBody":"Update docs","fileTypesAndContributionMap":{}},{"hash":"bee2e6b9b827bfffc8c149efc633a5dd1400662f","isMergeCommit":true,"messageTitle":"Merge resolve","messageBody":"","fileTypesAndContributionMap":{}},{"hash":"66d084b6b122ab224236930dd5179deb3b27019c","isMergeCommit":true,"messageTitle":"Merge pull request #11 from HarshitSrivastavaHS/Harshit-AboutUs","messageBody":"Update portfolio links","fileTypesAndContributionMap":{}}]},{"date":"2025-10-04T00:00:00","commitResults":[{"hash":"7349a4bca76bedb8b31763312bb6a82c12733992","isMergeCommit":false,"messageTitle":"Add Command Interface","messageBody":"Created a Command interface with an exec(String args) method.\nAll commands will implement this interface.\n","fileTypesAndContributionMap":{"functional-code":{"insertions":17,"deletions":0}}},{"hash":"bb1537573f4c7359f288f13d1dd1e041e6acb9cf","isMergeCommit":false,"messageTitle":"Rename package and interface","messageBody":"","fileTypesAndContributionMap":{"other":{"insertions":2,"deletions":2}}},{"hash":"01c2f7140a7a4a243a70ab0441e43cd8e01803ac","isMergeCommit":false,"messageTitle":"Add initial framework: commands, parser, main loop","messageBody":"","fileTypesAndContributionMap":{"functional-code":{"insertions":222,"deletions":21},"other":{"insertions":2,"deletions":2}}},{"hash":"98841bfd999382f4ef6f7d5e3e8d9e69cb4971bf","isMergeCommit":false,"messageTitle":"Update build.gradle: set mainClass to seedu.cuddlecare.CuddleCare","messageBody":"Changed the application main class in build.gradle from\nseedu.duke.Duke to seedu.cuddlecare.CuddleCare to match\nthe new project structure.\n","fileTypesAndContributionMap":{"other":{"insertions":2,"deletions":2}}},{"hash":"6da1b2d7adea50e3891e17bec4ba4d94f6c0d8c4","isMergeCommit":false,"messageTitle":"Add Unit Test for CuddleCare class","messageBody":"Covers greet(), printInputPrompt(), and initialiseCommands() to ensure correct behavior.\n","fileTypesAndContributionMap":{"functional-code":{"insertions":9,"deletions":5},"test-code":{"insertions":47,"deletions":12}}},{"hash":"e30263b896a5844ee4419e935cbdecba7dd66961","isMergeCommit":false,"messageTitle":"Fix Checkstyle violations in CuddleCare and tests","messageBody":"","fileTypesAndContributionMap":{"functional-code":{"insertions":1,"deletions":1},"test-code":{"insertions":3,"deletions":1}}}]},{"date":"2025-10-06T00:00:00","commitResults":[{"hash":"cd5c4fd38eb696a293c7a2b0b121d7ea3bbf836a","isMergeCommit":true,"messageTitle":"Merge pull request #20 from argadde/add-pet","messageBody":"Add-Pet command implemented ","fileTypesAndContributionMap":{}}]},{"date":"2025-10-07T00:00:00","commitResults":[{"hash":"61b833a060ab99a7421ee273d4bfe61c84e4f188","isMergeCommit":true,"messageTitle":"Merge pull request #24 from Kevin88866/feature/list-pets","messageBody":"Feature/list pets","fileTypesAndContributionMap":{}},{"hash":"0951bfb931e02abd9ff631fa45a4d8ee68d0de0d","isMergeCommit":true,"messageTitle":"Merge pull request #25 from Kevin88866/feature/mark_unmark-treatments","messageBody":"Feature/mark unmark treatments","fileTypesAndContributionMap":{}}]},{"date":"2025-10-08T00:00:00","commitResults":[{"hash":"7073a9943359b19929811eebf8575dd40cd7c204","isMergeCommit":true,"messageTitle":"Merge pull request #26 from gohjieling834/list-treatments-by-pet","messageBody":"Add List treatments by pet command","fileTypesAndContributionMap":{}},{"hash":"df80d29d37e35aa09f1f341a80c623fd8be24c92","isMergeCommit":true,"messageTitle":"Merge pull request #28 from argadde/add-pet","messageBody":"Add JUnit tests for add-pet command and fix multi-word parsing","fileTypesAndContributionMap":{}},{"hash":"a0bd6880297a2cbe4f3bf2a896afb749cffe83e7","isMergeCommit":false,"messageTitle":"Add DeletePetCommand to remove pets by index","messageBody":"- Implements command to delete a pet from PetList using 1-based index\n- Includes detailed Javadoc for class and all methods\n- Helper methods parseIndex, isValidIndex, and deletePet improve readability\n","fileTypesAndContributionMap":{"functional-code":{"insertions":112,"deletions":1}}},{"hash":"b8defa7b0d6fb001e2a77189041dc16166199cba","isMergeCommit":false,"messageTitle":"Add JUnit tests for DeletePetCommand","messageBody":"- Tests valid deletion, missing index, invalid number format, and out-of-bounds index\n- Ensures PetList state updates correctly after exec\n","fileTypesAndContributionMap":{"test-code":{"insertions":47,"deletions":0}}},{"hash":"5fd93f686b9068ee390057d3ae598060786b93b9","isMergeCommit":false,"messageTitle":"Fix Index issue in DeletePetCommand","messageBody":"","fileTypesAndContributionMap":{"functional-code":{"insertions":2,"deletions":1},"test-code":{"insertions":1,"deletions":1}}}]},{"date":"2025-10-09T00:00:00","commitResults":[{"hash":"3d7ff8c74e5bea8c772dde294f3633e34321cbdb","isMergeCommit":true,"messageTitle":"Merged upstream master into feature/delete-pet-command Merge remote-tracking branch \u0027team\u0027 into feature/delete-pet-command","messageBody":"","fileTypesAndContributionMap":{}},{"hash":"79bb14d97022cac52729cdaac6e5d782e812094b","isMergeCommit":false,"messageTitle":"Add JavaDoc to PetList deleteByIndex method","messageBody":"","fileTypesAndContributionMap":{"functional-code":{"insertions":6,"deletions":0}}}]},{"date":"2025-10-15T00:00:00","commitResults":[{"hash":"cb76ecdcf2158bd1b6070dcd9597b58972bd162e","isMergeCommit":false,"messageTitle":"Add Logger to DeletePetCommand","messageBody":"","fileTypesAndContributionMap":{"functional-code":{"insertions":13,"deletions":0}}},{"hash":"3bd2a3182479fc0f02273afab2527e7419ff5278","isMergeCommit":false,"messageTitle":"Set Logger Level to WARNING","messageBody":"","fileTypesAndContributionMap":{"functional-code":{"insertions":5,"deletions":0}}},{"hash":"47d9ab5a7198dc0e5fae66e66a70df80d54ed1dc","isMergeCommit":false,"messageTitle":"Mute Logs during Tests","messageBody":"","fileTypesAndContributionMap":{"test-code":{"insertions":12,"deletions":0}}},{"hash":"03d38db54a0cbcb906bac96e5d770549ab800d1f","isMergeCommit":false,"messageTitle":"Add Assertions in DeletePetCommand","messageBody":"","fileTypesAndContributionMap":{"functional-code":{"insertions":4,"deletions":0}}},{"hash":"917d854a04257302ec14fb95d8512b188f66f6e8","isMergeCommit":false,"messageTitle":"Add a new testcase in DeletePetCommandTest","messageBody":"","fileTypesAndContributionMap":{"test-code":{"insertions":6,"deletions":0}}},{"hash":"144941222ec3ec406f178f7b5f09f7b4f2190c85","isMergeCommit":false,"messageTitle":"Change Log Levels","messageBody":"","fileTypesAndContributionMap":{"functional-code":{"insertions":4,"deletions":4}}},{"hash":"452e577d3149f1a61cd18af353b7f0a6b881d8c6","isMergeCommit":true,"messageTitle":"Merge pull request #38 from Kevin88866/feature/mark_unmarkTreatments","messageBody":"add assertion, boundary check, and logging of mark unmark treatments","fileTypesAndContributionMap":{}},{"hash":"8b7817b455242e672d47976154408c9b6716e073","isMergeCommit":false,"messageTitle":"Add Logging","messageBody":"","fileTypesAndContributionMap":{"functional-code":{"insertions":24,"deletions":5}}},{"hash":"334fd9f0a792a63cdb3ddbc5ca45501408f26972","isMergeCommit":false,"messageTitle":"Add Assertions","messageBody":"","fileTypesAndContributionMap":{"functional-code":{"insertions":2,"deletions":0}}},{"hash":"427315ce7e04ebf100d0fcbd546d2460452b84ba","isMergeCommit":false,"messageTitle":"Change Log level from Fine to Warning","messageBody":"","fileTypesAndContributionMap":{"functional-code":{"insertions":1,"deletions":1}}},{"hash":"fb7f397d9dd9a2836a6554ee8f529cec9530bd42","isMergeCommit":false,"messageTitle":"Fix Capitalisation","messageBody":"","fileTypesAndContributionMap":{"functional-code":{"insertions":3,"deletions":3}}},{"hash":"9d88dac91a0082a2f1a9c5773294024e1cdef8b6","isMergeCommit":false,"messageTitle":"Fix Capitalisation","messageBody":"","fileTypesAndContributionMap":{"functional-code":{"insertions":7,"deletions":7}}},{"hash":"91831bddec54eb759aeb1ed56a0e9f07bfe5c52a","isMergeCommit":false,"messageTitle":"Turn off logs","messageBody":"","fileTypesAndContributionMap":{"functional-code":{"insertions":6,"deletions":6}}},{"hash":"4f66bd888c4d9cebbc5c7f2d466d212a49357352","isMergeCommit":false,"messageTitle":"Use Log Levels: INFO, WARNING, SEVERE","messageBody":"","fileTypesAndContributionMap":{"functional-code":{"insertions":4,"deletions":4}}},{"hash":"a7e51d8340a4daed9bab9bd06d396a5e66cb59a2","isMergeCommit":false,"messageTitle":"Turn off Logging","messageBody":"","fileTypesAndContributionMap":{"functional-code":{"insertions":1,"deletions":1}}},{"hash":"4dd9785ab9cc34040df3e93d146085c0657985c6","isMergeCommit":false,"messageTitle":"Remove Lambda Logging Methods","messageBody":"","fileTypesAndContributionMap":{"functional-code":{"insertions":2,"deletions":2}}},{"hash":"0c50a0c0e912a3d6d005a8e1b7db3bbe54165721","isMergeCommit":true,"messageTitle":"Merge pull request #52 from gohjieling834/add-assertions-and-logging","messageBody":"Add assertions and logging to list all treatments and list treatments by pet command","fileTypesAndContributionMap":{}},{"hash":"d4ddc71961b9249d4f60baefc0dafc3a49472b9e","isMergeCommit":false,"messageTitle":"Add Assertions and Logging in Parser","messageBody":"","fileTypesAndContributionMap":{"functional-code":{"insertions":21,"deletions":1}}},{"hash":"047b7f3775167992990372fd5cab5fe173011216","isMergeCommit":false,"messageTitle":"Add Assertions and Logging in CuddleCare main class","messageBody":"","fileTypesAndContributionMap":{"functional-code":{"insertions":19,"deletions":1}}},{"hash":"e783e1d62b7a9107543bb73ffe16c89a396bb01e","isMergeCommit":true,"messageTitle":"Merge pull request #57 from Pavithra6-Srinivasan/logging-update","messageBody":"Disable Logging for add and delete treatment","fileTypesAndContributionMap":{}},{"hash":"2b19392dda0474d2c95a8bd5771277f62689540d","isMergeCommit":true,"messageTitle":"Merge pull request #59 from gohjieling834/set-logger-off","messageBody":"Update logger level","tags":["v1.0"],"fileTypesAndContributionMap":{}}]},{"date":"2025-10-16T00:00:00","commitResults":[{"hash":"eafb804b2dacafa188d3752e44b7a8a19f66dd49","isMergeCommit":false,"messageTitle":"Enable Assertion in Gradle","messageBody":"","fileTypesAndContributionMap":{"other":{"insertions":2,"deletions":0}}},{"hash":"8a02469b2ff3ef04a9f30c65e74640d04ba645b3","isMergeCommit":false,"messageTitle":"Update the DeletePetCommand and PetList","messageBody":"Updated the DeletePetCommand to delete pets by their name instead of the index of the pet.\nRemoved the deleteByIndex method in PetsList class and added a helper function to delete pets by object\n","fileTypesAndContributionMap":{"functional-code":{"insertions":53,"deletions":64}}},{"hash":"b151c860cb764e36b45822b509791a8b602f5f91","isMergeCommit":false,"messageTitle":"Update tests","messageBody":"Updated the DeletePetCommand tests\n","fileTypesAndContributionMap":{"test-code":{"insertions":5,"deletions":11}}},{"hash":"ed935a508391cac5927ef2f8aebf7de856368e3c","isMergeCommit":false,"messageTitle":"Fix bug - whitespaces","messageBody":"Trimmed the leading and trailing whitespaces in the petName before trying to get pet from the PetList\n","fileTypesAndContributionMap":{"functional-code":{"insertions":1,"deletions":1}}}]},{"date":"2025-10-17T00:00:00","commitResults":[{"hash":"cf5b15d30f718a65b2656ad07ba9814778f71028","isMergeCommit":false,"messageTitle":"Update gradle","messageBody":"","fileTypesAndContributionMap":{"other":{"insertions":1,"deletions":3}}},{"hash":"43a83abac01b1473aa67be03a32d240ae38df574","isMergeCommit":false,"messageTitle":"Create a config class for the root logger","messageBody":"","fileTypesAndContributionMap":{"functional-code":{"insertions":43,"deletions":0}}},{"hash":"8aee903b883e525fd430dde84c79ef19c3c2120a","isMergeCommit":false,"messageTitle":"Set up the Root Logger","messageBody":"Added a call to the LoggingConfiguration class to set up the log to a file and stop logging to the console.\n","fileTypesAndContributionMap":{"functional-code":{"insertions":6,"deletions":6}}},{"hash":"b0a4e42ac8709d86417dd302cd240bcb8e4100ed","isMergeCommit":false,"messageTitle":"Update Command Classes for Logging","messageBody":"Removed the setLevel statement in the classes\n","fileTypesAndContributionMap":{"functional-code":{"insertions":1,"deletions":41}}},{"hash":"a2b26215e9eb9ca88d76b765a3935b47f1c288a4","isMergeCommit":false,"messageTitle":"Add NewLine","messageBody":"Added a newLine at the end of the file for checkstyle\n","fileTypesAndContributionMap":{"functional-code":{"insertions":1,"deletions":1}}},{"hash":"2e742b6c478f4754ccb7846cfb3f7bb0d13efce5","isMergeCommit":false,"messageTitle":"Update tests","messageBody":"Added @BeforeEach to mute logging during tests\n","fileTypesAndContributionMap":{"test-code":{"insertions":66,"deletions":0}}},{"hash":"a7c2da65b4d24926e2671ce560ab88a2ff5f43d3","isMergeCommit":false,"messageTitle":"Update gitignore and LoggingConfigurator","messageBody":"Updated LoggingConfigurator to not display any message when creating a new log folder, and also updated the gitignore to ignore the log director in the text-ui-test folder\n","fileTypesAndContributionMap":{"functional-code":{"insertions":0,"deletions":1}}},{"hash":"f6a3236c3f5f2ee0e6eb248e11d162b67bb835f0","isMergeCommit":false,"messageTitle":"Add JavaDoc to LoggingConfigurator class","messageBody":"","fileTypesAndContributionMap":{"functional-code":{"insertions":28,"deletions":0}}},{"hash":"fdfd6af4a897dc63bbd421fb70e836324a209a8e","isMergeCommit":true,"messageTitle":"Merge pull request #71 from Pavithra6-Srinivasan/find-treatment","messageBody":"Find treatment","fileTypesAndContributionMap":{}}]},{"date":"2025-10-21T00:00:00","commitResults":[{"hash":"0aa632fc2d3737341c363da494855f5873ef7178","isMergeCommit":true,"messageTitle":"Merge pull request #74 from Pavithra6-Srinivasan/treatment-date","messageBody":"Implement filtering treatments by date range","fileTypesAndContributionMap":{}}]},{"date":"2025-10-22T00:00:00","commitResults":[{"hash":"1f2b8e4069083d5369ffc0f0b86d7c3143d13b05","isMergeCommit":false,"messageTitle":"Update the DG Design \u0026 implementation Structure","messageBody":"","fileTypesAndContributionMap":{"docs":{"insertions":52,"deletions":1}}},{"hash":"3b493065016633ff1a0cfcba45ff5b4ef7c96ef7","isMergeCommit":false,"messageTitle":"Fixes","messageBody":"","fileTypesAndContributionMap":{"docs":{"insertions":1,"deletions":1}}},{"hash":"b708a35cb7c34a90c49d98580dc1c34ffbbf353b","isMergeCommit":true,"messageTitle":"Merge pull request #84 from gohjieling834/JieLing-DeveloperGuide","messageBody":"Update DeveloperGuide.md","fileTypesAndContributionMap":{}},{"hash":"1232b197f72d9d41b4c49c2312e9f07a752ecfc8","isMergeCommit":false,"messageTitle":"Moved Directory","messageBody":"","fileTypesAndContributionMap":{"docs":{"insertions":0,"deletions":0}}},{"hash":"1c971588562ac504477140ef84143d7c995bdde1","isMergeCommit":false,"messageTitle":"Add Class Diagram for the DeletePetCommand","messageBody":"","fileTypesAndContributionMap":{"docs":{"insertions":51,"deletions":1}}},{"hash":"ec19e2ee6f74a70dd5d585649229967aa4e3a1a8","isMergeCommit":false,"messageTitle":"Add Sequence Diagram for the DeletePetCommand","messageBody":"","fileTypesAndContributionMap":{"docs":{"insertions":57,"deletions":0}}},{"hash":"5ade65c8bb4adc0b3a53d3efcc5d53ce18a8504b","isMergeCommit":false,"messageTitle":"Activate CuddleCare in DG","messageBody":"","fileTypesAndContributionMap":{"docs":{"insertions":2,"deletions":0}}},{"hash":"a6a6bac73feb0c08c7fc89b945ceb00fe79745f1","isMergeCommit":false,"messageTitle":"Update Diagram","messageBody":"Added skinparam classAttributeIconSize 0 to the puml\n","fileTypesAndContributionMap":{"docs":{"insertions":1,"deletions":0}}},{"hash":"3c6e1c1db466316eedc948fb9b3bdc2a699b505d","isMergeCommit":false,"messageTitle":"Add else in diagram","messageBody":"","fileTypesAndContributionMap":{"docs":{"insertions":3,"deletions":3}}},{"hash":"b8e1702b9975b46c9b9fc5563a7da832dbd8bf08","isMergeCommit":false,"messageTitle":"Fix errors in Class Diagram","messageBody":"","fileTypesAndContributionMap":{"docs":{"insertions":5,"deletions":5}}},{"hash":"523a86418cbe141a76cd862f42434a36db74384d","isMergeCommit":true,"messageTitle":"Merge pull request #80 from gohjieling834/feature-addTreatmentNote","messageBody":"Feature add treatment note","fileTypesAndContributionMap":{}},{"hash":"9f9e52a140da66a5e87f17dd2b95eaf04f620fcd","isMergeCommit":false,"messageTitle":"Fix the visibility of a method","messageBody":"","fileTypesAndContributionMap":{"docs":{"insertions":1,"deletions":1}}}]},{"date":"2025-10-23T00:00:00","commitResults":[{"hash":"7350dd6c213bc54704e1dbae9c2691e5998bb2da","isMergeCommit":true,"messageTitle":"Merge pull request #93 from Kevin88866/DeveloperGuide","messageBody":"Add developer guide for Edit pet, Group treatments by type, list pets…","fileTypesAndContributionMap":{}},{"hash":"0da901525b65ea74f49000e70ec8ea7bf25fc5c0","isMergeCommit":false,"messageTitle":"Update the diagram to be correct","messageBody":"","fileTypesAndContributionMap":{"docs":{"insertions":2,"deletions":2}}},{"hash":"b9c472b209c038c99aaec6de3cade40815dc43b0","isMergeCommit":true,"messageTitle":"Merge pull request #94 from argadde/add-pet-developer-guide","messageBody":"Add developer guide for AddPetCommand","fileTypesAndContributionMap":{}}]}],"gohjieling834":[{"date":"2025-10-02T00:00:00","commitResults":[{"hash":"dbf2ac74d6231a39505dda2ada241520bbee844d","isMergeCommit":false,"messageTitle":"Update AboutUs.md","messageBody":"","fileTypesAndContributionMap":{"docs":{"insertions":4,"deletions":7}}},{"hash":"540ef8fef0d4e3f0d6507d195cd9d076c78b717d","isMergeCommit":true,"messageTitle":"Merge branch \u0027master\u0027 of https://github.com/AY2526S1-CS2113-T11-4/tp","messageBody":"","fileTypesAndContributionMap":{}}]},{"date":"2025-10-06T00:00:00","commitResults":[{"hash":"385ec2f578412aeac078179e8ee5b51138118f19","isMergeCommit":true,"messageTitle":"Merge pull request #22 from argadde/petlist-class","messageBody":"Implement PetList class for user\u0027s list of pets","fileTypesAndContributionMap":{}}]},{"date":"2025-10-07T00:00:00","commitResults":[{"hash":"b613a97bd1d2b3f6565886130cbbdb6f0e6ab5a2","isMergeCommit":true,"messageTitle":"Merge branch \u0027master\u0027 of https://github.com/AY2526S1-CS2113-T11-4/tp","messageBody":"","fileTypesAndContributionMap":{}},{"hash":"2adde94a7a55241fb4676aa46e1826148e9cc630","isMergeCommit":true,"messageTitle":"Merge branch \u0027master\u0027 of https://github.com/AY2526S1-CS2113-T11-4/tp","messageBody":"","fileTypesAndContributionMap":{}},{"hash":"44b6f8a6763b87738825f2f6ff42f66e97258021","isMergeCommit":false,"messageTitle":"Add ListPetTreatmentsCommand code","messageBody":"","fileTypesAndContributionMap":{"functional-code":{"insertions":89,"deletions":8}}},{"hash":"746a375ba668ffe3ba18eefe6c32cfa5888695f9","isMergeCommit":false,"messageTitle":"Change return type in getTreatments()","messageBody":"Changed the return type in getTreatments() from List to ArrayList for\nconsistency as the treatments is managed as an ArrayList.\n","fileTypesAndContributionMap":{"functional-code":{"insertions":1,"deletions":1}}},{"hash":"d5f613d78ac7159644ec8308cf260dab97c6c929","isMergeCommit":false,"messageTitle":"Add JUnit test for ListPetTreatmentsCommand","messageBody":"","fileTypesAndContributionMap":{"test-code":{"insertions":79,"deletions":0}}},{"hash":"b12d045e0b19f192ec8e1cd05630e27480d92be3","isMergeCommit":true,"messageTitle":"Merge remote-tracking branch \u0027upstream/master\u0027","messageBody":"","fileTypesAndContributionMap":{}},{"hash":"95d1f8701fbc472a25e563f3907b392cd2fe7e2d","isMergeCommit":true,"messageTitle":"Merge branch \u0027master\u0027 into list-treatments-by-pet","messageBody":"# Conflicts:\n#\tsrc/main/java/seedu/cuddlecare/CuddleCare.java\n","fileTypesAndContributionMap":{}},{"hash":"97c4fc9af9c6f4266be4c6f79281626b820f7430","isMergeCommit":true,"messageTitle":"Merge remote-tracking branch \u0027upstream/master\u0027","messageBody":"","fileTypesAndContributionMap":{}},{"hash":"834fb927de207f9530a68e222b2563d870d049d1","isMergeCommit":true,"messageTitle":"Merge branch \u0027master\u0027 into list-treatments-by-pet","messageBody":"# Conflicts:\n#\tsrc/main/java/seedu/cuddlecare/CuddleCare.java\n","fileTypesAndContributionMap":{}},{"hash":"35f9f395f4b4d8cb66eb876f4e9f99289b1f0bc0","isMergeCommit":false,"messageTitle":"Fix ListPetTreatmentsCommandTest line ending issue","messageBody":"Removed Windows-style \"\\r\\n\" from the first test case, as it caused\nbuild failures on Ubuntu when running Gradle.\n","fileTypesAndContributionMap":{"test-code":{"insertions":4,"deletions":4}}},{"hash":"220859273e1b18541bf7e9f82a65a8368827583a","isMergeCommit":false,"messageTitle":"Update expected output in ListPetTreatmentsCommandTest","messageBody":"Adjusted assertTrue checks to include \"[ ]\" brackets in treatment\nentries (Vaccination, Dental Appointment, Health Checkup).\n","fileTypesAndContributionMap":{"test-code":{"insertions":3,"deletions":3}}},{"hash":"4593dd73f12a7d829c2415a31f49008a1a7c3555","isMergeCommit":false,"messageTitle":"Remove unused imports in Pet.java","messageBody":"","fileTypesAndContributionMap":{"functional-code":{"insertions":0,"deletions":1}}}]},{"date":"2025-10-08T00:00:00","commitResults":[{"hash":"b0b970bef2a2dc5ba7dc5e6ab9a60d444907b73b","isMergeCommit":false,"messageTitle":"Add ListAllTreatmentsCommand code","messageBody":"- Implemented command to list all treatments across pets sorted by date\n- Added stream() method in PetList.java to allow use of streams in\n  commands\n- Added JUnit test for ListAllTreatmentsCommand\n","fileTypesAndContributionMap":{"functional-code":{"insertions":85,"deletions":13},"test-code":{"insertions":80,"deletions":0}}},{"hash":"539bc52c7863a938a5417c4386169dcf6ebcaaab","isMergeCommit":false,"messageTitle":"Add newline at the end of the file","messageBody":"","fileTypesAndContributionMap":{"test-code":{"insertions":1,"deletions":1}}},{"hash":"30accb0a0ad8c045995f9fba4e31a2688e9bb777","isMergeCommit":true,"messageTitle":"Merge branch \u0027master\u0027 into list-all-treatments","messageBody":"# Conflicts:\n#\tsrc/main/java/seedu/cuddlecare/CuddleCare.java\n","fileTypesAndContributionMap":{}},{"hash":"e2b234547c8839f5a44d0edab0deb9f4e66d37cd","isMergeCommit":false,"messageTitle":"Add JavaDoc comment for ListAllTreatmentsCommandTest","messageBody":"","fileTypesAndContributionMap":{"test-code":{"insertions":3,"deletions":0}}},{"hash":"9d1a94d58cbf64aadfa88a0eb48f262d042ada3b","isMergeCommit":false,"messageTitle":"Change variable names to solve checkstyle problems","messageBody":"","fileTypesAndContributionMap":{"test-code":{"insertions":16,"deletions":16}}},{"hash":"40604e6c611a6f25326ca77e4d48d1f736658928","isMergeCommit":true,"messageTitle":"Merge pull request #30 from gohjieling834/list-all-treatments","messageBody":"Change variable names to solve checkstyle problems","fileTypesAndContributionMap":{}}]},{"date":"2025-10-09T00:00:00","commitResults":[{"hash":"197f6683a75d98e52b3758d600dc52271d48627b","isMergeCommit":true,"messageTitle":"Merge pull request #31 from Pavithra6-Srinivasan/delete-treatment","messageBody":"Delete treatment","fileTypesAndContributionMap":{}},{"hash":"056c44af5b28ed91f667d8603df222af3f6ab98b","isMergeCommit":true,"messageTitle":"Merge pull request #32 from HarshitSrivastavaHS/feature/delete-pet-command","messageBody":"Add Delete Pet Command","fileTypesAndContributionMap":{}}]},{"date":"2025-10-14T00:00:00","commitResults":[{"hash":"aa125408a47b983ca0e657d3acb18336276aaad9","isMergeCommit":true,"messageTitle":"Merge pull request #37 from Kevin88866/feature/listPets","messageBody":"Implement assertions and logging for ListPetsCommand","fileTypesAndContributionMap":{}}]},{"date":"2025-10-15T00:00:00","commitResults":[{"hash":"24e42ca9277a8fd506549250110901baaba493ac","isMergeCommit":false,"messageTitle":"Add assertions and logging to ListAllTreatmentsCommand","messageBody":"","fileTypesAndContributionMap":{"functional-code":{"insertions":14,"deletions":0}}},{"hash":"421e967534642eb3229f96bc18a67db1b7c03019","isMergeCommit":false,"messageTitle":"Add assertions and logging to ListPetTreatmentsCommand","messageBody":"","fileTypesAndContributionMap":{"functional-code":{"insertions":10,"deletions":2}}},{"hash":"72d3348f9cd47919175d2d8f07161dbd27808939","isMergeCommit":false,"messageTitle":"Update logging level","messageBody":"","fileTypesAndContributionMap":{"functional-code":{"insertions":6,"deletions":6}}},{"hash":"5e6a42360952fd6789368e1c8d9d19f635f96f1a","isMergeCommit":true,"messageTitle":"Merge pull request #41 from Pavithra6-Srinivasan/add-treatment-update","messageBody":"Add Logging and Assertions to add-treatment command ","fileTypesAndContributionMap":{}},{"hash":"f7aca7aba0c90e3eb99c1f78a4e036b51e1d445a","isMergeCommit":true,"messageTitle":"Merge pull request #50 from argadde/add-pet-assertions-logging","messageBody":"Add Assertion and Logging to Add-Pet Command","fileTypesAndContributionMap":{}},{"hash":"b6a9a11d6dd3b633ae537c3a57d97b47eb380e6e","isMergeCommit":false,"messageTitle":"Improve code quality","messageBody":"Changed naming for variable logger to LOGGER so that it follows\nthe naming conventions for constants.\n","fileTypesAndContributionMap":{"functional-code":{"insertions":8,"deletions":8}}},{"hash":"28525f58119786361fad81ac07b2fc9c15aa2676","isMergeCommit":true,"messageTitle":"Merge pull request #43 from Pavithra6-Srinivasan/delete-treatment-update","messageBody":"Add logging and assertions to delete-treatment command","fileTypesAndContributionMap":{}},{"hash":"c3a4fedf20751d9988768abc7137938f75ee9bf2","isMergeCommit":false,"messageTitle":"Move logger level setup to static block","messageBody":"Moved LOGGER.setLevel() from constructor to static initializer\nto ensure consistent configuration across all instances and\navoid redundant setup.\n","fileTypesAndContributionMap":{"functional-code":{"insertions":8,"deletions":2}}},{"hash":"1a822f7d66cc045296f5bb9c204c5d5b82d43ba3","isMergeCommit":true,"messageTitle":"Merge pull request #46 from HarshitSrivastavaHS/enhancement/delete-pet-command-assert-logging","messageBody":"Enhance DeletePetCommand with assertions and logging","fileTypesAndContributionMap":{}},{"hash":"f496117e3fed8d21b9c77ab9095a26eee42ed298","isMergeCommit":true,"messageTitle":"Merge pull request #51 from HarshitSrivastavaHS/enhancement/command-with-argument-assertion-logging","messageBody":" Enhance CommandWithArguments with assertions and logging","fileTypesAndContributionMap":{}},{"hash":"f9c64335c0838996609ce62546ace58e0734f149","isMergeCommit":false,"messageTitle":"Update logger level","messageBody":"","fileTypesAndContributionMap":{"functional-code":{"insertions":15,"deletions":0}}}]},{"date":"2025-10-21T00:00:00","commitResults":[{"hash":"27352f5ee9d51e0473f019ab7a0886f997e1dc29","isMergeCommit":true,"messageTitle":"Merge pull request #77 from Kevin88866/feature/edit-pet","messageBody":"Feature/edit pet","fileTypesAndContributionMap":{}},{"hash":"4bdaff03c2081cb38bc7ddf3884b9d61c1803a03","isMergeCommit":false,"messageTitle":"Add attach treatment note code","messageBody":"- Implemented ability to include an optional note field\n  when adding a treatment\n- Updated Treatment class to store a note (String attribute)\n- Adjusted display output and list sorting\n- Ensured existing commands still work when no note is provided\n","fileTypesAndContributionMap":{"functional-code":{"insertions":39,"deletions":13}}},{"hash":"51fde084af2548aba3e6dcf75ad77405ba134748","isMergeCommit":false,"messageTitle":"Update tests to include treatment note functionality","messageBody":"- Added new test case for adding treatments with notes\n","fileTypesAndContributionMap":{"test-code":{"insertions":41,"deletions":26}}},{"hash":"3ccb1093851c6d96e457954d4cf48ff0532bf538","isMergeCommit":false,"messageTitle":"Fix checkstyleMain Error","messageBody":"","fileTypesAndContributionMap":{"functional-code":{"insertions":2,"deletions":1}}},{"hash":"e7f82fc93afd3a1ba8d3fc5b46fa63331c8fd044","isMergeCommit":false,"messageTitle":"Refactor FilterTreatmentByDateCommand","messageBody":"- Extracted common date parsing, validation,\n  and filtering logic into helper methods\n- Improved code readability and reusability for use in SummaryCommand\n- No changes to existing behavior\n","fileTypesAndContributionMap":{"functional-code":{"insertions":130,"deletions":59}}},{"hash":"f607f709b0debf14280818b928cd2ab5ccc38e0a","isMergeCommit":false,"messageTitle":"Add summary command code","messageBody":"","fileTypesAndContributionMap":{"functional-code":{"insertions":101,"deletions":1}}},{"hash":"d79c6b6061871386cdd52a591860fd98b57d1b2c","isMergeCommit":false,"messageTitle":"Add summary command test code","messageBody":"","fileTypesAndContributionMap":{"test-code":{"insertions":72,"deletions":0}}},{"hash":"d2f60ce5c154fe5887fa927d063ddca96a23fa8c","isMergeCommit":false,"messageTitle":"Fix checkstyle errors","messageBody":"","fileTypesAndContributionMap":{"functional-code":{"insertions":2,"deletions":2},"test-code":{"insertions":1,"deletions":1}}}]},{"date":"2025-10-22T00:00:00","commitResults":[{"hash":"c1798eb6600b7447c2ad462cdede736a363990aa","isMergeCommit":false,"messageTitle":"Update DeveloperGuide.md","messageBody":"","fileTypesAndContributionMap":{"docs":{"insertions":145,"deletions":5}}},{"hash":"3e819b0b6a7def269f74be38bb9d0c0021e6da72","isMergeCommit":true,"messageTitle":"Merge pull request #83 from HarshitSrivastavaHS/docs/update-dg-structure","messageBody":"Update DG structure","fileTypesAndContributionMap":{}},{"hash":"f5361fb0ae5894471aeb21ae66304c6980081691","isMergeCommit":true,"messageTitle":"Merge branch \u0027master\u0027 into JieLing-DeveloperGuide","messageBody":"","fileTypesAndContributionMap":{}},{"hash":"feaca38a3ba347436b65c5246fe73ecb9a80032e","isMergeCommit":false,"messageTitle":"Update DeveloperGuide.md","messageBody":"Shift the explanation for the features to its respective places\n","fileTypesAndContributionMap":{"docs":{"insertions":22,"deletions":29}}},{"hash":"5ef767e8c7f47e5e56ba7def1f15ea2acca343ea","isMergeCommit":true,"messageTitle":"Merge pull request #88 from HarshitSrivastavaHS/docs/dg-des-n-impl-delete-pet","messageBody":"Documentation for DeletePetCommand","fileTypesAndContributionMap":{}},{"hash":"de61771e773c14b9d20be01b7b35c179b656cd9e","isMergeCommit":false,"messageTitle":"Create DateUtils.java","messageBody":"- Moved the parseDateRange method in FilterTreatmentByDateCommmand\n  over to DateUtils\n- Move the isDateValid method in FilterTreatmentByDateCommand over\n  to DateUtils\n","fileTypesAndContributionMap":{"functional-code":{"insertions":100,"deletions":86}}},{"hash":"6f20bdb73f6c14e1409827f18a2041623153d655","isMergeCommit":false,"messageTitle":"Refactor SummaryCommand to use DateUtils for date handling","messageBody":"- Also updated SummaryCommand to implement Command interface instead\n  of inheriting FilterTreatmentsByDateCommand\n","fileTypesAndContributionMap":{"functional-code":{"insertions":17,"deletions":6}}},{"hash":"bb48c348bbe64febbe0a74d5031cb1a395650aae","isMergeCommit":true,"messageTitle":"Merge pull request #86 from Pavithra6-Srinivasan/update-developer-guide","messageBody":"Update developer guide","fileTypesAndContributionMap":{}},{"hash":"fb37f00f254b317ba716204a1dbbc28cbb80c4db","isMergeCommit":true,"messageTitle":"Merge pull request #79 from Kevin88866/feature/group-treatments","messageBody":"Feature/group treatments","fileTypesAndContributionMap":{}},{"hash":"94bbae063d6034f78990f36e0a5235c1735edf64","isMergeCommit":true,"messageTitle":"Merge branch \u0027master\u0027 into feature-summary","messageBody":"# Conflicts:\n#\tsrc/main/java/seedu/cuddlecare/CuddleCare.java\n","fileTypesAndContributionMap":{}},{"hash":"ffc8c6bc0ccde208fbae4cc8d8db6e98d192ca59","isMergeCommit":false,"messageTitle":"Fix checkstyleTest errors","messageBody":"","fileTypesAndContributionMap":{"test-code":{"insertions":8,"deletions":7}}}]}],"Pavithra6-Srinivasan":[{"date":"2025-10-02T00:00:00","commitResults":[{"hash":"86cf21e15d9876b907f404671549e389463b656e","isMergeCommit":false,"messageTitle":"Update docs","messageBody":"","fileTypesAndContributionMap":{"docs":{"insertions":4,"deletions":7}}},{"hash":"61c6cd76cc6db2d92ecaca5889020505fff26a71","isMergeCommit":true,"messageTitle":"Merge branch \u0027master\u0027 of https://github.com/AY2526S1-CS2113-T11-4/tp into Pavithra","messageBody":"# Conflicts:\n#\tdocs/AboutUs.md\n","fileTypesAndContributionMap":{}},{"hash":"0bef9f676e08c51cbe97dea64ec7b68e30a5b22d","isMergeCommit":true,"messageTitle":"Merge branch \u0027master\u0027 of https://github.com/AY2526S1-CS2113-T11-4/tp into Pavithra","messageBody":"# Conflicts:\n#\tdocs/AboutUs.md\n","fileTypesAndContributionMap":{}}]},{"date":"2025-10-06T00:00:00","commitResults":[{"hash":"1d404abc75ca3304e136b726da6b6f294921a37b","isMergeCommit":true,"messageTitle":"Merge pull request #17 from HarshitSrivastavaHS/feature/commands-template","messageBody":"Add Command Interface","fileTypesAndContributionMap":{}},{"hash":"f41e079865c859718c9b265d242b682a13258e9f","isMergeCommit":true,"messageTitle":"Merge pull request #18 from HarshitSrivastavaHS/feature/add-parser","messageBody":"Implement command framework, parser, and application loop with initial tests","fileTypesAndContributionMap":{}},{"hash":"734dacc3131c1994d822cff638bb9e25d26f4689","isMergeCommit":true,"messageTitle":"Merge branch \u0027master\u0027 of https://github.com/AY2526S1-CS2113-T11-4/tp","messageBody":"","fileTypesAndContributionMap":{}},{"hash":"370e17b96369e699a9aaf5374ab2d97c5dfd426a","isMergeCommit":true,"messageTitle":"Merge branch \u0027master\u0027 of https://github.com/AY2526S1-CS2113-T11-4/tp","messageBody":"","fileTypesAndContributionMap":{}},{"hash":"7fe6cf03b9585e750fee46fcd124f0a2a4d3ced2","isMergeCommit":false,"messageTitle":"Implement Add Treatment command","messageBody":"Pets usually have treatments.\n\nThis command so that users can add treatment records for\ntheir pets using the index of pet, name of treatment, date of treatment,\nand type of treatment.\n\nLet\u0027s add a script to enable users to add treatment records.\n\nThis implementation validates index and date format and prints\nuser-friendly errors on invalid input.\n","fileTypesAndContributionMap":{"functional-code":{"insertions":158,"deletions":1}}},{"hash":"b4fb7c89bff729db625d0e8ec62ee7c2acc47681","isMergeCommit":false,"messageTitle":"Add unit tests for AddTreatmentCommand","messageBody":"Add AddTreatmentCommandTest covering:\n* successful addition of treatment for valid pet\n* handling invalid pet index\n* handling invalid date format\n* handling missing fields\n\nLet\u0027s ensure the add-treatment feature works as expected under different\nscenarios.\n","fileTypesAndContributionMap":{"test-code":{"insertions":71,"deletions":0}}}]},{"date":"2025-10-07T00:00:00","commitResults":[{"hash":"2285beea532ffc42760237734eb53f90d73827a5","isMergeCommit":false,"messageTitle":"AddTreatmentCommand: identify pets by name","messageBody":"Using indexes to identify pets when adding treatments is error-prone\nand not user-friendly, especially if the pet list order changes or\nuser cannot remember indexes.\n\nChange the command to use pet names for identification.\n\nLet\u0027s,\n* update AddTreatmentCommand to parse p/PET_NAME instead of p/PET_INDEX\n* update PetList to allow retrieval of pets by name\n* add tests to ensure algorithm returns accuratly for different inputs\n","fileTypesAndContributionMap":{"functional-code":{"insertions":46,"deletions":54},"test-code":{"insertions":47,"deletions":33}}},{"hash":"e4b4bd5f0fd87c0b5c0c708b0b923331a7b2af90","isMergeCommit":false,"messageTitle":"Added new line.","messageBody":"","fileTypesAndContributionMap":{"test-code":{"insertions":1,"deletions":1}}}]},{"date":"2025-10-08T00:00:00","commitResults":[{"hash":"d4c77d9c9cf31d3f307c1ba1564ec6fa3b5e4f0f","isMergeCommit":true,"messageTitle":"Merge branch \u0027master\u0027 of https://github.com/AY2526S1-CS2113-T11-4/tp","messageBody":"","fileTypesAndContributionMap":{}},{"hash":"2cecba8ac693e148e611d05e50f41cacd8ef0cb7","isMergeCommit":true,"messageTitle":"Merge pull request #27 from gohjieling834/list-all-treatments","messageBody":"Add List all treatments command","fileTypesAndContributionMap":{}},{"hash":"67f546ce5f65f37290477552b1c41d6ad90c8f61","isMergeCommit":true,"messageTitle":"Merge branch \u0027master\u0027 of https://github.com/AY2526S1-CS2113-T11-4/tp","messageBody":"","fileTypesAndContributionMap":{}},{"hash":"9dc2b022e428d1479f07c055af23d57e387779dd","isMergeCommit":false,"messageTitle":"Add Delete Treatment Command for removing pet treatments","messageBody":"Users can only add and list treatments but cannot remove them. This\nlimits flexibility to correct mistakes or manage updates to a pet’s\ntreatment history.\n\nLet\u0027s implement the Delete Treatment Command to enable users to remove a\ntreatment record for a specific pet using its name and the treatment\nindex.\n\nThe new command:\n* finds pet by name\n* removes the treatment at the given index\n","fileTypesAndContributionMap":{"functional-code":{"insertions":85,"deletions":9},"other":{"insertions":3,"deletions":2}}},{"hash":"6e635f9e45b19500f85ee6bbb9e29732535d7229","isMergeCommit":false,"messageTitle":"Add JUnit tests for Delete Treatment Command","messageBody":"Let\u0027s add Delete Treatment Command Tests to verify:\n* valid deletions remove the intended treatment\n* invalid pet names are handled properly\n* invalid indexes print correct error messages\n* missing arguments trigger usage feedback\n\nThese tests ensure the delete-treatment feature is robust and\nmaintains expected behavior under various conditions.\n","fileTypesAndContributionMap":{"functional-code":{"insertions":4,"deletions":5},"test-code":{"insertions":78,"deletions":0}}},{"hash":"24b580a6e15aa7ad7d18f02e81ac9ebb1cb78d0e","isMergeCommit":false,"messageTitle":"Add new line.","messageBody":"","fileTypesAndContributionMap":{"test-code":{"insertions":1,"deletions":0}}},{"hash":"d4127b1837c0866e909d0f024b1ab92fda53476d","isMergeCommit":true,"messageTitle":"Merge branch \u0027master\u0027 of https://github.com/AY2526S1-CS2113-T11-4/tp","messageBody":"","fileTypesAndContributionMap":{}},{"hash":"bdcd81fae9cae7b75f2582d1b0cdf1e8d4860855","isMergeCommit":false,"messageTitle":"Add Delete Treatment Command for removing pet treatments","messageBody":"Users can only add and list treatments but cannot remove them. This\nlimits flexibility to correct mistakes or manage updates to a pet’s\ntreatment history.\n\nLet\u0027s implement the Delete Treatment Command to enable users to remove a\ntreatment record for a specific pet using its name and the treatment\nindex.\n\nThe new command:\n* finds pet by name\n* removes the treatment at the given index\n","fileTypesAndContributionMap":{"functional-code":{"insertions":82,"deletions":1},"other":{"insertions":3,"deletions":2}}},{"hash":"f7a33d4b926123754ba5c27464f467cb7e4fc04e","isMergeCommit":false,"messageTitle":"Add JUnit tests for Delete Treatment Command","messageBody":"Let\u0027s add Delete Treatment Command Tests to verify:\n* valid deletions remove the intended treatment\n* invalid pet names are handled properly\n* invalid indexes print correct error messages\n* missing arguments trigger usage feedback\n\nThese tests ensure the delete-treatment feature is robust and\nmaintains expected behavior under various conditions.\n","fileTypesAndContributionMap":{"test-code":{"insertions":78,"deletions":0}}},{"hash":"9ae9d3cf0348ce918af08458fc52c4c9bde2c4b2","isMergeCommit":true,"messageTitle":"Merge branch \u0027delete-treatment\u0027 of https://github.com/Pavithra6-Srinivasan/tp into delete-treatment","messageBody":"# Conflicts:\n#\tsrc/main/java/seedu/cuddlecare/CuddleCare.java\n#\tsrc/main/java/seedu/cuddlecare/command/impl/DeleteTreatmentCommand.java\n#\tsrc/test/java/seedu/cuddlecare/command/impl/DeleteTreatmentCommandTest.java\n","fileTypesAndContributionMap":{}},{"hash":"d7b30edb53e323f9de16c631af579b844ff8ec0d","isMergeCommit":false,"messageTitle":"Command change","messageBody":"","fileTypesAndContributionMap":{"functional-code":{"insertions":2,"deletions":9}}},{"hash":"b1cad972d455e8e17560e1b5cb5ad6a08b090316","isMergeCommit":false,"messageTitle":"Revert \"Command change\"","messageBody":"This reverts commit d7b30edb53e323f9de16c631af579b844ff8ec0d.\n","fileTypesAndContributionMap":{"functional-code":{"insertions":9,"deletions":2}}}]},{"date":"2025-10-13T00:00:00","commitResults":[{"hash":"72db07d9e558d1a9387c27a8c85ef8aea39acd65","isMergeCommit":true,"messageTitle":"Merge branch \u0027master\u0027 of https://github.com/AY2526S1-CS2113-T11-4/tp","messageBody":"","fileTypesAndContributionMap":{}},{"hash":"1803747452b28ce41fcd39497590343260ead003","isMergeCommit":false,"messageTitle":"Update Delete Treatment Command","messageBody":"Command argument is split by whitespace, which breaks when pet or\ntreatment names contain spaces. This causes some commands to fail\nparsing.\n\nLet\u0027s change the argument parsing logic to split by parameter prefixes\nto identify n/ and i/ prefixes instead of whitespace to preserve\ncontent between them.\n\nThis approach ensures that pet or treatment names with spaces are\ncorrectly captured as single parameters, improving user experience.\n","fileTypesAndContributionMap":{"functional-code":{"insertions":3,"deletions":3}}}]},{"date":"2025-10-14T00:00:00","commitResults":[{"hash":"560efa4d14d5555c94211439392dae6ee15b1fc1","isMergeCommit":true,"messageTitle":"Merge branch \u0027master\u0027 of https://github.com/AY2526S1-CS2113-T11-4/tp","messageBody":"","fileTypesAndContributionMap":{}},{"hash":"37154c9ee22afed027fc40b3506bd24914b9ccc1","isMergeCommit":false,"messageTitle":"Add logging to add-treatment command","messageBody":"It is difficult to troubleshoot issues and track system behavior during\nexecution.\n\nLet\u0027s add logging statements at appropriate levels.\n\nThis approach provides detailed trails for debugging while maintaining\nclean console output for users. The logging captures both successful\noperations and failure scenarios, enabling effective troubleshooting.\n","fileTypesAndContributionMap":{"functional-code":{"insertions":44,"deletions":29}}},{"hash":"772d784b4649136489dcefdec2802e8232a883d8","isMergeCommit":false,"messageTitle":"Add assertions in add-treatment command","messageBody":"There is lack of internal validation of programming assumptions, making\nit difficult to catch potential bugs during development and testing.\n\nLet\u0027s add assertions throughout the Add Treatment Command class to\nverify preconditions and logic.\n\nThis helps catch errors early by verifying critical assumptions about\ncode\u0027s behavior.\n","fileTypesAndContributionMap":{"functional-code":{"insertions":5,"deletions":0},"other":{"insertions":1,"deletions":0},"test-code":{"insertions":1,"deletions":2}}},{"hash":"011f5c0fac0e86cfd1ce3495b507fd60050b4b3a","isMergeCommit":false,"messageTitle":"Gradle update","messageBody":"","fileTypesAndContributionMap":{"other":{"insertions":0,"deletions":1}}},{"hash":"2366c82574e9d51affd33dcd1600d56263de6b1d","isMergeCommit":false,"messageTitle":"Fix gradle issues","messageBody":"","fileTypesAndContributionMap":{"functional-code":{"insertions":2,"deletions":1}}},{"hash":"0feb452a3760cdb89bfb840770232fc9597711f1","isMergeCommit":false,"messageTitle":"Update assert statements","messageBody":"","fileTypesAndContributionMap":{"functional-code":{"insertions":12,"deletions":3}}}]},{"date":"2025-10-15T00:00:00","commitResults":[{"hash":"9762c11cb1abcfb56f1af25ab17b912368a04bab","isMergeCommit":false,"messageTitle":"Add logging to delete-treatment command","messageBody":"It is difficult to track command execution and troubleshoot issues.\n\nLet\u0027s add logging statements to capture command execution start, invalid\nindex format errors, pet lookup failures, and successful treatment\ndeletions.\n\nThis provides essential trails for debugging when errors occur.\n","fileTypesAndContributionMap":{"functional-code":{"insertions":8,"deletions":1}}},{"hash":"ea31383fde5aee50b5ddcdae84878f668563a302","isMergeCommit":false,"messageTitle":"Add assertions to delete-treatment command","messageBody":"There is lack of internal validation of programming assumptions, making\nit difficult to catch potential bugs during development.\n\nLet\u0027s add assertions to verify preconditions and parameters throughout\nthe command execution.\n\nThis approach helps catch errors early by verifying critical assumptions\nabout parameter validity.\n","fileTypesAndContributionMap":{"functional-code":{"insertions":56,"deletions":34},"test-code":{"insertions":14,"deletions":2}}},{"hash":"d548dc7eb717bb75ecfddb453d7fa7bc944d7510","isMergeCommit":false,"messageTitle":"Update ArrayList usage","messageBody":"","fileTypesAndContributionMap":{"functional-code":{"insertions":1,"deletions":3}}},{"hash":"db7e91340660f84a055d932fbc435660694570ff","isMergeCommit":false,"messageTitle":"Update logging levels","messageBody":"","fileTypesAndContributionMap":{"functional-code":{"insertions":3,"deletions":3}}},{"hash":"62d38b394a52e6f0af9cd7e7c9ef6cb7e663e8b1","isMergeCommit":false,"messageTitle":"Update logging levels","messageBody":"","fileTypesAndContributionMap":{"functional-code":{"insertions":3,"deletions":3}}},{"hash":"de12135022b6ff9a9ac6be84dcf7491594cb1919","isMergeCommit":false,"messageTitle":"Update logging details","messageBody":"","fileTypesAndContributionMap":{"functional-code":{"insertions":8,"deletions":5}}},{"hash":"127f3b764298d0421b7476a71c15b760ad82529b","isMergeCommit":false,"messageTitle":"Update logging details","messageBody":"","fileTypesAndContributionMap":{"functional-code":{"insertions":6,"deletions":6}}},{"hash":"038debb20d533be501fa16c40176243e18f4716c","isMergeCommit":true,"messageTitle":"Merge pull request #54 from argadde/add-pet-age-parsing-bug","messageBody":"Fix age parsing for add-pet command","fileTypesAndContributionMap":{}},{"hash":"c75778577764c1f4fa781975bf96845d62a56635","isMergeCommit":true,"messageTitle":"Merge branch \u0027master\u0027 of https://github.com/AY2526S1-CS2113-T11-4/tp","messageBody":"","fileTypesAndContributionMap":{}},{"hash":"77772689e047697688d6da9860e95bfb1832ae9e","isMergeCommit":false,"messageTitle":"Disable logging","messageBody":"","fileTypesAndContributionMap":{"functional-code":{"insertions":7,"deletions":0}}},{"hash":"b85195551bd48520d9d8ab756cdbad820fd15306","isMergeCommit":true,"messageTitle":"Merge branch \u0027master\u0027 of https://github.com/AY2526S1-CS2113-T11-4/tp","messageBody":"","fileTypesAndContributionMap":{}},{"hash":"232acfbc769080d0c5e748928a19b94ab6a9fd30","isMergeCommit":true,"messageTitle":"Merge branch \u0027master\u0027 of https://github.com/AY2526S1-CS2113-T11-4/tp","messageBody":"","fileTypesAndContributionMap":{}}]},{"date":"2025-10-17T00:00:00","commitResults":[{"hash":"4ab5cddacb0e004f81e0e14cba0f272388058006","isMergeCommit":false,"messageTitle":"Add find treatment command for keyword search","messageBody":"Users need to search for treatments by keyword when they don\u0027t recall\nthe full treatment names, making it difficult to locate specific\ntreatments in large lists.\n\nLet\u0027s implement Find Treatment Command that searches across all pets for\ntreatments containing the specified keyword.\n\nThis provides quick access to relevant treatments without requiring\nusers to remember exact names or browse through entire treatment lists.\n","fileTypesAndContributionMap":{"functional-code":{"insertions":87,"deletions":1}}},{"hash":"4614b9e419135782e80facc6c068b5d9703818ec","isMergeCommit":false,"messageTitle":"Add JUnit tests for Find Treatment Command","messageBody":"Let\u0027s implement JUnit tests covering exact matches, partial matches,\ncase-insensitive search, multiple results, error conditions, and edge\ncases.\n\nThis ensures the find treatment feature works reliably across different\nsearch scenarios.\n","fileTypesAndContributionMap":{"test-code":{"insertions":134,"deletions":0}}},{"hash":"48ec469c718bb8a3c08932e29bdfacf8d1d03046","isMergeCommit":false,"messageTitle":"Add new line","messageBody":"","fileTypesAndContributionMap":{"functional-code":{"insertions":1,"deletions":1}}},{"hash":"041ced4d12bdab24e306533623214843c3d1d25f","isMergeCommit":true,"messageTitle":"Merge pull request #67 from HarshitSrivastavaHS/chore/gradle-assertion","messageBody":"Enable Assertion in Gradle","fileTypesAndContributionMap":{}},{"hash":"8bc30648c1d189ec4e3b86fa888d616fa9af0655","isMergeCommit":false,"messageTitle":"Turning off Logging","messageBody":"","fileTypesAndContributionMap":{"functional-code":{"insertions":8,"deletions":5}}},{"hash":"9acfd7bac441cda6201901b42e7610102c0fe0db","isMergeCommit":false,"messageTitle":"Log file update","messageBody":"","fileTypesAndContributionMap":{"functional-code":{"insertions":0,"deletions":3}}},{"hash":"f3a6eecdab4243c1bf814307a05cb6c90f9f0831","isMergeCommit":true,"messageTitle":"Merge pull request #73 from HarshitSrivastavaHS/refactor/shared-file-logger","messageBody":"Refactored Logging, Updated Tests","fileTypesAndContributionMap":{}}]},{"date":"2025-10-18T00:00:00","commitResults":[{"hash":"ffe2ef7aeb44a22cbcdb65ca0a71777b0692dfe8","isMergeCommit":true,"messageTitle":"Merge branch \u0027master\u0027 of https://github.com/AY2526S1-CS2113-T11-4/tp","messageBody":"","fileTypesAndContributionMap":{}},{"hash":"18f3040bcd0b26245be6dc259073ab31be4473ad","isMergeCommit":false,"messageTitle":"Add date range filtering for treatments","messageBody":"Users can only see all treatments at once.\n\nLet\u0027s implement Filter Treatment By Date Command that allows filtering\ntreatments by inclusive date range across all pets. Validate input\ndates, check for valid date ranges, and provide error messages for\ninvalid inputs.\n\nThis allows them to view treatments within specific date ranges to plan\nfor upcoming appointments or review past treatments.\n","fileTypesAndContributionMap":{"functional-code":{"insertions":129,"deletions":1}}},{"hash":"ee8936d1dd33f690eee17cc22bf5ecaa4981a3e4","isMergeCommit":false,"messageTitle":"Add JUnit tests for date range filtering of treatments","messageBody":"Let\u0027s implement JUnit tests covering valid date ranges, boundary\nconditions and error scenarios. Test inclusive date range behavior,\nsingle-day filtering, missing parameters, invalid date formats, and\nempty result scenarios.\n\nThis ensures the date filtering feature works reliably across various\ndate range inputs and provides proper error handling for invalid user\ninputs.\n","fileTypesAndContributionMap":{"functional-code":{"insertions":8,"deletions":8},"test-code":{"insertions":179,"deletions":0}}},{"hash":"498124d2e9df234ddc330fcfe10fde5765c64431","isMergeCommit":false,"messageTitle":"Add new line","messageBody":"","fileTypesAndContributionMap":{"functional-code":{"insertions":1,"deletions":1},"test-code":{"insertions":1,"deletions":1}}},{"hash":"e93cf1cdf20b6dba7d243d210f49aaa5ad896887","isMergeCommit":false,"messageTitle":"Turn off logging","messageBody":"","fileTypesAndContributionMap":{"test-code":{"insertions":11,"deletions":0}}}]},{"date":"2025-10-21T00:00:00","commitResults":[{"hash":"b0e39333f13003ecf1ceccb5bdc3a0934a0f7a76","isMergeCommit":true,"messageTitle":"Merge pull request #68 from HarshitSrivastavaHS/enhancement/delete-pet-command-standard-input","messageBody":"Update DeletePetCommand to use pet name instead of index number.","fileTypesAndContributionMap":{}}]},{"date":"2025-10-22T00:00:00","commitResults":[{"hash":"4bc677f895d34c5f5863bded7913760e83a6d24f","isMergeCommit":true,"messageTitle":"Merge branch \u0027master\u0027 of https://github.com/AY2526S1-CS2113-T11-4/tp","messageBody":"","fileTypesAndContributionMap":{}},{"hash":"0fbfaf64493222668fb391516c0c9e803e989bdd","isMergeCommit":false,"messageTitle":"Update developer guide","messageBody":"Let\u0027s add details for how add and delete treatment functions work.\n","fileTypesAndContributionMap":{"docs":{"insertions":143,"deletions":2}}},{"hash":"583bab6ec09d7c60a59506275cb60e55b207b126","isMergeCommit":true,"messageTitle":"Merge branch \u0027master\u0027 of https://github.com/AY2526S1-CS2113-T11-4/tp","messageBody":"","fileTypesAndContributionMap":{}},{"hash":"738cbd7e35b2ace3007bd25058a8a7ca7ef653d3","isMergeCommit":true,"messageTitle":"Merge branch \u0027master\u0027 into update-developer-guide","messageBody":"# Conflicts:\n#\tdocs/uml/AddTreatmentCommand.puml\n#\tdocs/uml/DeleteTreatmentCommand.puml\n","fileTypesAndContributionMap":{}},{"hash":"3bec4a8fc7e8ea1011eca2fae6e67561db1bf97b","isMergeCommit":false,"messageTitle":"Update diagrams","messageBody":"","fileTypesAndContributionMap":{"docs":{"insertions":2,"deletions":0}}}]}]},"authorFileTypeContributionMap":{"argadde":{"docs":58,"functional-code":196,"test-code":111},"Kevin88866":{"docs":555,"functional-code":713,"test-code":611},"HarshitSrivastavaHS":{"docs":143,"functional-code":491,"test-code":174,"other":3},"gohjieling834":{"docs":155,"functional-code":419,"test-code":269},"Pavithra6-Srinivasan":{"docs":146,"functional-code":476,"test-code":485}},"authorContributionVariance":{"argadde":5924.391,"Kevin88866":34478.418,"HarshitSrivastavaHS":6514.3413,"gohjieling834":12983.325,"Pavithra6-Srinivasan":10466.488},"authorDisplayNameMap":{"argadde":"CS2113-T11-4 GADD..IRAM","Kevin88866":"CS2113-T11-4 ZHEN..IWEN","HarshitSrivastavaHS":"CS2113-T11-4 SRIV..SHIT","gohjieling834":"CS2113-T11-4 GOH ..LING","Pavithra6-Srinivasan":"CS2113-T11-4 PAVI..ASAN"}}
