{"authorDailyContributionsMap":{"roydenlyr":[{"date":"2025-10-02T00:00:00","commitResults":[{"hash":"7cb58d70c76eec946f4e5ea9b72a911268bffa45","isMergeCommit":false,"messageTitle":"Modify AboutUs and add roydenlyr.md","messageBody":"","fileTypesAndContributionMap":{"docs":{"insertions":9,"deletions":7}}},{"hash":"9ad4101380ddfb24c6667eb22fd104d3218dfe01","isMergeCommit":false,"messageTitle":"Update header name of roydenlyr.md","messageBody":"","fileTypesAndContributionMap":{"docs":{"insertions":1,"deletions":1}}}]},{"date":"2025-10-03T00:00:00","commitResults":[{"hash":"a071a294c5f128c1f1b1cf4dcad4a6fae01c0e19","isMergeCommit":true,"messageTitle":"Resolve merge conflict in Aboutus.md","messageBody":"","fileTypesAndContributionMap":{}},{"hash":"1d8354a25d5866e32fe54ee57d4dc350b6798cc0","isMergeCommit":true,"messageTitle":"Merge pull request #12 from roydenlyr/Royden-AboutUs","messageBody":"Modify AboutUs and add roydenlyr.md","fileTypesAndContributionMap":{}}]},{"date":"2025-10-12T00:00:00","commitResults":[{"hash":"9e73c84910d95651a44e99c8db8fdb00f0cfbb29","isMergeCommit":false,"messageTitle":"Repackage project structure","messageBody":"","fileTypesAndContributionMap":{"functional-code":{"insertions":3,"deletions":3},"other":{"insertions":14,"deletions":14}}},{"hash":"15c9baca25f75b5d83054563095c1d39a34d5a6a","isMergeCommit":true,"messageTitle":"Merge pull request #19 from roydenlyr/branch-Repackage","messageBody":"Repackage project structure","fileTypesAndContributionMap":{}}]},{"date":"2025-10-14T00:00:00","commitResults":[{"hash":"cde93c35b7fbd6455cd16b91ad901b649997100b","isMergeCommit":false,"messageTitle":"Implement LoanDataManager for reading and writing loan data","messageBody":"- Added LoanDataManager to handle loading, savinf, and appending Loan\n  objects to data/loan.txt\n- Added getters for description, amountLoaned and loanReturnDate in Loan\n  class to support serialisation and parsing\n- Added LoanList initialisation from loan.txt\n","fileTypesAndContributionMap":{"functional-code":{"insertions":147,"deletions":7}}},{"hash":"1832d8c39da2276d768c09a08d9c29a558b6e738","isMergeCommit":false,"messageTitle":"Implement ExpenseDataManager for reading and writing expense data","messageBody":"- Added ExpenseDataManager to handle loading, saving, and appending\n  Expense objects to data/expense.txt\n- Added getters for description and expenseAmount in Expense class to\n  support serialization and parsing\n","fileTypesAndContributionMap":{"functional-code":{"insertions":116,"deletions":6}}}]},{"date":"2025-10-15T00:00:00","commitResults":[{"hash":"d976091474bb5311bd05af7eb9fe347e223c0b1d","isMergeCommit":true,"messageTitle":"Resolve merge conflicts in LoanList, Parser, LoanListTest and ParserTest","messageBody":"","fileTypesAndContributionMap":{}},{"hash":"67b8bef0b93740c5c59e8d87ef0b00303e1a01d6","isMergeCommit":false,"messageTitle":"Fix unhandled AddLoanCommandWrongFormatException","messageBody":"","fileTypesAndContributionMap":{"functional-code":{"insertions":7,"deletions":4}}},{"hash":"9744c1e513afaa9f45feb646ed3d054544c4da92","isMergeCommit":false,"messageTitle":"Refactor load() and handle exceptions within DataManager classes and remove unnecessary exception throws in test classes and main","messageBody":"","fileTypesAndContributionMap":{"functional-code":{"insertions":28,"deletions":6},"test-code":{"insertions":14,"deletions":14}}},{"hash":"8dd07f75fef6dcfce796e1e55b94a05fbd1bd6d1","isMergeCommit":false,"messageTitle":"Add abstract DataManager class","messageBody":"","fileTypesAndContributionMap":{"functional-code":{"insertions":99,"deletions":157}}},{"hash":"05bb3f1a3ba3a31d25c12f532e553b33f6528d77","isMergeCommit":true,"messageTitle":"Resolve merge conflict with Income class","messageBody":"","fileTypesAndContributionMap":{}},{"hash":"d330d860d141f98b19d07d75445f05005a87b20d","isMergeCommit":false,"messageTitle":"Add list income command","messageBody":"","fileTypesAndContributionMap":{"functional-code":{"insertions":15,"deletions":0}}},{"hash":"5c218b6e82079f2095b66232da1bab1d889259b8","isMergeCommit":false,"messageTitle":"Implement IncomeDataManager for reading and writing income data","messageBody":"- Added IncomeDataManager to handle loading, saving, and appending\n  income objects to data/income.txt\n","fileTypesAndContributionMap":{"functional-code":{"insertions":46,"deletions":3},"test-code":{"insertions":6,"deletions":5}}},{"hash":"1cae76404ed9b9372ecd926e86a1388fba5a0e08","isMergeCommit":false,"messageTitle":"Add JavaDoc comments for all classes within storage package","messageBody":"","fileTypesAndContributionMap":{"functional-code":{"insertions":268,"deletions":0}}},{"hash":"a997f0bc159d4343464ad3df3c9135f86c55ecbc","isMergeCommit":true,"messageTitle":"Resolve merge conflict with Investment class","messageBody":"","fileTypesAndContributionMap":{}},{"hash":"4e1142e7947bf5d58648a05536aa352038eea6b4","isMergeCommit":false,"messageTitle":"Implement InvestDataManager for reading and writing investment data","messageBody":"- Added InvestDataManager to handle loading, saving, and appending\n  Investment objects to data/invest.txt\n- Added getters for description, investmentAmount and investmentDateOfMonth\n","fileTypesAndContributionMap":{"functional-code":{"insertions":62,"deletions":7}}},{"hash":"28dc8266e872a991fe845a0fb87d4cb954fbaf42","isMergeCommit":false,"messageTitle":"Add data folder to .gitignore","messageBody":"","fileTypesAndContributionMap":{"functional-code":{"insertions":1,"deletions":1}}},{"hash":"3ba7182d1fb0eba6cc88189d5c76cd155fbe9d6c","isMergeCommit":false,"messageTitle":"Fix delete income bug for persistence","messageBody":"","fileTypesAndContributionMap":{"functional-code":{"insertions":1,"deletions":0}}},{"hash":"59951cee5ddefc168bf452f1bc63884e65dca174","isMergeCommit":false,"messageTitle":"Add JavaDoc comments for InvestDataManager","messageBody":"","fileTypesAndContributionMap":{"functional-code":{"insertions":72,"deletions":0}}},{"hash":"97e3a2cc63a2d3cf0b00f98048a09b0665de6e45","isMergeCommit":false,"messageTitle":"Refactor code style for storage classes and ParserTest","messageBody":"","fileTypesAndContributionMap":{"functional-code":{"insertions":39,"deletions":32},"test-code":{"insertions":4,"deletions":2}}},{"hash":"2bac850e9b018331c860da1416952452c9e5cf19","isMergeCommit":false,"messageTitle":"Fix loan JUnit test","messageBody":"","fileTypesAndContributionMap":{"functional-code":{"insertions":1,"deletions":1},"other":{"insertions":21,"deletions":6},"test-code":{"insertions":27,"deletions":8}}},{"hash":"d1e56a6f06b6bd9f443d5f4b01d0accf05c7d375","isMergeCommit":false,"messageTitle":"Add list income to printAllPossibleCommands()","messageBody":"","fileTypesAndContributionMap":{"functional-code":{"insertions":7,"deletions":6}}},{"hash":"76eb12e619201f203a5726216ad249d756552109","isMergeCommit":true,"messageTitle":"Merge pull request #25 from roydenlyr/branch-DataManager","messageBody":"Branch data manager","tags":["v1.0"],"fileTypesAndContributionMap":{}}]},{"date":"2025-10-17T00:00:00","commitResults":[{"hash":"70f5b98dd4684b7d0d504280652cdefcebea2187","isMergeCommit":true,"messageTitle":"Merge pull request #29 from Emannuel-Tan/make-ui-static","messageBody":"Make UI static","fileTypesAndContributionMap":{}}]},{"date":"2025-10-19T00:00:00","commitResults":[{"hash":"f3643a78d2051b4b3d3f35831c823d1cdf424c03","isMergeCommit":false,"messageTitle":"Add JUnit tests for DataManager abstract class behaviour","messageBody":"Added DataManagerTest with a temporary concrete subclass\n(TestDataManager) to verfiy I/O functionality.\n- File creation and directory handling via ensureFileExist()\n- Atomic overwrite and UTF-8 encoding in writeToFile()\n- Appending records using appendToFile();\n- Sanitization and unsanitization flow\n- Skipping empty lines during load()\n- Error handlig in tryLoad() when parsing fails\n","fileTypesAndContributionMap":{"functional-code":{"insertions":1,"deletions":2},"test-code":{"insertions":118,"deletions":0}}},{"hash":"d8d555215e2c615c65157ed8ec9a80a204b6fb95","isMergeCommit":false,"messageTitle":"Add JUnit tests for LoanDataManager parsing and I/O","messageBody":"Added LoanDataManagerTest to verify:\n- Correct serialization and sanitization in formatRecord()\n- Accurate parsing of repaid and non-repaid loans from file lines\n- Handling of malformed or invalid records\n- Round-trip integration with DataManager\u0027s writeToFile(),\n  appendToFile() and tryLoad()\n- Ensures LoaDataManager reliably persists and restores Loan objects\n  from text file\n","fileTypesAndContributionMap":{"test-code":{"insertions":142,"deletions":0}}}]},{"date":"2025-10-20T00:00:00","commitResults":[{"hash":"1d095ee376db30d3158aab12114fd38787d98740","isMergeCommit":false,"messageTitle":"Add JUnit test for ExpenseDataManager parsing and file I/O","messageBody":"Added ExpenseDataManagerTest to validate:\n- Proper field joining and sanitization in formatRecord()\n- Accurate parsing of well-formed and malformed lines in parseRecord()\n- End-to-end persistence and rtrieval via writeToFile() and tryLoad()\n","fileTypesAndContributionMap":{"test-code":{"insertions":83,"deletions":0}}},{"hash":"6027965874b2fe7cbf9eb51585e94daf62de2b26","isMergeCommit":false,"messageTitle":"Add Junit tests for IncomeDataManager parsing and file I/O","messageBody":"Added IncomeDataManagerTest to validate:\n- Correct field joining and sanitization in formatRecord()\n- Accurate parsing of valid and malformed income records\n- Proper exception handling for invalid numeric formats\n- End-to-end round-trip of income data via writeToFile() and tryLoad()\n","fileTypesAndContributionMap":{"test-code":{"insertions":94,"deletions":1}}},{"hash":"e77b5707b150666c804ce84339b777983038e1d1","isMergeCommit":false,"messageTitle":"Add JUnit tests for InvestDataManager parsing and file I/O","messageBody":"Added InvestDataManagerTest to verify:\n- Field joining and delimiter sanitization in formatRecord()\n- Accurate parsing of vald investment records\n- Proper exception handling for invalid number and data inputs\n- End-to-end persistence and retrieval through writeToFile() and\n  tryLoad()\n","fileTypesAndContributionMap":{"test-code":{"insertions":103,"deletions":0}}},{"hash":"e5f7e19b219ffdd6ec9a95c438fa6f4f1ecaf5b4","isMergeCommit":false,"messageTitle":"Refactor storage test classes from public to final","messageBody":"","fileTypesAndContributionMap":{"test-code":{"insertions":4,"deletions":4}}},{"hash":"053db990523e29356a7fa9842c2014d207e02db0","isMergeCommit":false,"messageTitle":"Fix code style to comply with checkstyleTest","messageBody":"","fileTypesAndContributionMap":{"test-code":{"insertions":14,"deletions":11}}},{"hash":"ee929df510d92ca3fb555a79eec9e4b955d7c89e","isMergeCommit":false,"messageTitle":"Add java assert for abstract DataManager class","messageBody":"","fileTypesAndContributionMap":{"functional-code":{"insertions":9,"deletions":0}}},{"hash":"bd2b8423c5f942580870f77d5190f6c685b24f49","isMergeCommit":true,"messageTitle":"Merge pull request #34 from roydenlyr/branch-JUnitPersistence","messageBody":"","fileTypesAndContributionMap":{}}]},{"date":"2025-10-21T00:00:00","commitResults":[{"hash":"11a7e387e5a7b3170a5f0f8073d55332b9b5c4e2","isMergeCommit":true,"messageTitle":"Merge pull request #43 from Emannuel-Tan/update-developer-guide","messageBody":"Update developer guide","fileTypesAndContributionMap":{}},{"hash":"4978626b56ef10047a8a825c1d0493620f970a4e","isMergeCommit":true,"messageTitle":"Merge pull request #51 from Emannuel-Tan/50-fix-user-guide","messageBody":"50 fix user guide","fileTypesAndContributionMap":{}}]},{"date":"2025-10-23T00:00:00","commitResults":[{"hash":"3414383ab841bfbd39fa122fc1a881519ec9986d","isMergeCommit":false,"messageTitle":"Add DataManager section and class diagrams to Developer Guide","messageBody":"","fileTypesAndContributionMap":{"docs":{"insertions":85,"deletions":0}}}]},{"date":"2025-10-25T00:00:00","commitResults":[{"hash":"9e768a494910ce8d9cd88057527e2227d03caa9a","isMergeCommit":true,"messageTitle":"Merge pull request #73 from MinionWolf/refactor-dg","messageBody":"Refactor Sequence Diagram for neatness","fileTypesAndContributionMap":{}}]},{"date":"2025-10-26T00:00:00","commitResults":[{"hash":"20f36aa091f22ac0a0a8423e065bd8e74bfba2da","isMergeCommit":true,"messageTitle":"Merge pull request #78 from Emannuel-Tan/add-new-loan-commands","messageBody":"Add new loan commands","fileTypesAndContributionMap":{}},{"hash":"58b12129d5ef6d28e3c116cb7c2620caa4bb6a94","isMergeCommit":false,"messageTitle":"Remove div for centering DataManagerClassDiagram","messageBody":"","fileTypesAndContributionMap":{"docs":{"insertions":2,"deletions":3}}},{"hash":"0a2efc70cb74ab20fa7096479b6ee3ebd383758d","isMergeCommit":true,"messageTitle":"Merge branch \u0027master\u0027 into branch-DG","messageBody":"","fileTypesAndContributionMap":{}},{"hash":"ee82804f44e57541977968d9e3a2b527b7c502a9","isMergeCommit":false,"messageTitle":"Rename data_manager package to storage in docs/diagrams","messageBody":"","fileTypesAndContributionMap":{"docs":{"insertions":1,"deletions":1}}},{"hash":"a57fed67df446b58afd51e969acf0fe90c9dcf4c","isMergeCommit":false,"messageTitle":"Fix typo error for note in DataManagerClassDiagram.puml","messageBody":"","fileTypesAndContributionMap":{"docs":{"insertions":1,"deletions":1}}}]},{"date":"2025-10-27T00:00:00","commitResults":[{"hash":"2a353e58d6b19b661fe9147d547cfd6fa89008b4","isMergeCommit":false,"messageTitle":"Add writeToFile() sequence diagram and development guide explanation","messageBody":"","fileTypesAndContributionMap":{"docs":{"insertions":98,"deletions":1}}},{"hash":"bd436432f60d5d35d4b3a648d2f6d4c6856ca676","isMergeCommit":false,"messageTitle":"Add appendToFile() sequence diagram and development guide explanation","messageBody":"","fileTypesAndContributionMap":{"docs":{"insertions":45,"deletions":1}}},{"hash":"d22d3391cb97d22419e35623b8a29ba3418b0ee8","isMergeCommit":false,"messageTitle":"Add LoadSequenceDiagram to Developer Guide","messageBody":"","fileTypesAndContributionMap":{"docs":{"insertions":44,"deletions":0}}},{"hash":"9ff39903cf71b6b5c56f462f1bafecd01e2f23d5","isMergeCommit":false,"messageTitle":"Remove parseRecord_throwsOnWrongFormat test after Loan class refactoring render test unapplicable","messageBody":"","fileTypesAndContributionMap":{"functional-code":{"insertions":1,"deletions":4},"test-code":{"insertions":8,"deletions":16}}}]},{"date":"2025-10-28T00:00:00","commitResults":[{"hash":"933d43f2bb18211a97008b33a4643e1bfd088cc2","isMergeCommit":false,"messageTitle":"Refactor parseRecord() to replace magic literals with constant","messageBody":"","fileTypesAndContributionMap":{"functional-code":{"insertions":7,"deletions":4}}},{"hash":"6ef522abd8bfd6bb434260ba6525dea88c99cbcf","isMergeCommit":false,"messageTitle":"Refactor sanitize() and unsanitize() for more robust handling of user descriptions","messageBody":"","fileTypesAndContributionMap":{"functional-code":{"insertions":34,"deletions":15},"test-code":{"insertions":45,"deletions":26}}},{"hash":"fa3a7ab1374d1f3aca419c848a1abc384e0ff236","isMergeCommit":false,"messageTitle":"Reformat code for checkStyleMain","messageBody":"","fileTypesAndContributionMap":{"functional-code":{"insertions":3,"deletions":1}}},{"hash":"b445c257f257a1d482719d93399c152046f2f65e","isMergeCommit":false,"messageTitle":"Fix uml diagrams according to lecture standards","messageBody":"- Remove icons for DataManagerClassDiagram\n- Added variable type for function return in persistence sequence\n  diagram\n","fileTypesAndContributionMap":{"docs":{"insertions":15,"deletions":5}}},{"hash":"0923fe268cf65eec2f55eeed220f040f3407ee81","isMergeCommit":true,"messageTitle":"Merge branch \u0027master\u0027 into branch-DG","messageBody":"","fileTypesAndContributionMap":{}},{"hash":"420ea644d00c9c1b2cb3e518a134f1cb102d61a9","isMergeCommit":false,"messageTitle":"Refactor persistence .puml files into storage package","messageBody":"","fileTypesAndContributionMap":{"docs":{"insertions":0,"deletions":0}}},{"hash":"5d4c6171bdc2ddedabe22ddaa0703bc33bd82121","isMergeCommit":true,"messageTitle":"Merge pull request #85 from Emannuel-Tan/63-update-developer-guide","messageBody":"Update developer guide","fileTypesAndContributionMap":{}}]},{"date":"2025-10-29T00:00:00","commitResults":[{"hash":"3819bf8f98ca76df6e9f89af9f458399efb7022d","isMergeCommit":false,"messageTitle":"Add FinsightClassDiagram and update DG design, NFR and testing section.","messageBody":"","fileTypesAndContributionMap":{"docs":{"insertions":152,"deletions":9}}},{"hash":"c03c7e077bea1d2a00db8c1cc9be381ff8732bb4","isMergeCommit":false,"messageTitle":"Fix spelling errors in Ui and exception classes","messageBody":"","fileTypesAndContributionMap":{"functional-code":{"insertions":8,"deletions":8}}},{"hash":"143a89f87324362c97db49df2a64f977a362a753","isMergeCommit":false,"messageTitle":"Add JavaDoc comments for persistence test classes.","messageBody":"","fileTypesAndContributionMap":{"test-code":{"insertions":371,"deletions":0}}},{"hash":"71965f821378f391de6ee835ba74b3a627803805","isMergeCommit":false,"messageTitle":"Add more explanation for sanitize()/unsanitize() in DG.","messageBody":"","fileTypesAndContributionMap":{"docs":{"insertions":21,"deletions":5}}},{"hash":"5ea5d1307b60e512f4ff4145cf7981e25ee0173e","isMergeCommit":true,"messageTitle":"Merge pull request #100 from Emannuel-Tan/91-update-PPP","messageBody":"Update emannuel-tan.md","fileTypesAndContributionMap":{}}]}],"Emannuel-Tan":[{"date":"2025-10-02T00:00:00","commitResults":[{"hash":"8df8377c57072c698d7b5e63500e7c26923d8072","isMergeCommit":false,"messageTitle":"Modify AboutUs and add emannuel-tan.md","messageBody":"","fileTypesAndContributionMap":{"docs":{"insertions":9,"deletions":7}}},{"hash":"6af256c635311991d1ca5fcd1c3f9f6dbea0f389","isMergeCommit":true,"messageTitle":"Merge branch \u0027master\u0027 of https://github.com/AY2526S1-CS2113-T10-1/tp into Emannuel_Tan_Jing_Yue-AboutUs","messageBody":"# Conflicts:\n#\tdocs/AboutUs.md\n","fileTypesAndContributionMap":{}},{"hash":"4acdd6f7c43b89d45ec738632cfa7e4d1dfeab19","isMergeCommit":true,"messageTitle":"Merge branch \u0027master\u0027 of https://github.com/AY2526S1-CS2113-T10-1/tp into Emannuel_Tan_Jing_Yue-AboutUs","messageBody":"# Conflicts:\n#\tdocs/AboutUs.md\n","fileTypesAndContributionMap":{}},{"hash":"63d32bd2ec25cc43d1ae322924997a97ad8e1734","isMergeCommit":true,"messageTitle":"Merge pull request #15 from Emannuel-Tan/Emannuel_Tan_Jing_Yue-AboutUs","messageBody":"Modify AboutUs and add emannuel-tan.md","fileTypesAndContributionMap":{}}]},{"date":"2025-10-08T00:00:00","commitResults":[{"hash":"3101e44654734d4dba478bb442c947043874f277","isMergeCommit":false,"messageTitle":"Add Loan.java","messageBody":"","fileTypesAndContributionMap":{"functional-code":{"insertions":79,"deletions":0}}},{"hash":"5ff9c73ac2b61b7fdd36b5b8dc39d24934581b5c","isMergeCommit":false,"messageTitle":"Add DeleteLoanCommandIndexOutOfBoundsException.java","messageBody":"","fileTypesAndContributionMap":{"functional-code":{"insertions":13,"deletions":0}}},{"hash":"6094875352107a39d3ca68976d62462eaf09136f","isMergeCommit":false,"messageTitle":"Add AddLoanCommandWrongFormatException.java","messageBody":"","fileTypesAndContributionMap":{"functional-code":{"insertions":13,"deletions":0}}},{"hash":"e86673ff281de8f49821f955890b73d7e862e2fe","isMergeCommit":false,"messageTitle":"Change exception package location","messageBody":"","fileTypesAndContributionMap":{"other":{"insertions":2,"deletions":2}}},{"hash":"eaf0809eb4c057ad569a2e12d4b3adb4b855229d","isMergeCommit":false,"messageTitle":"Add Ui.java","messageBody":"","fileTypesAndContributionMap":{"functional-code":{"insertions":127,"deletions":0}}},{"hash":"57b6bfb3cd5e1fe394b9b832a84ea3022549245c","isMergeCommit":false,"messageTitle":"Add LoanList.java","messageBody":"","fileTypesAndContributionMap":{"functional-code":{"insertions":80,"deletions":0}}},{"hash":"1d3c78abe4f155dee1f00f14171cf35fa7662097","isMergeCommit":false,"messageTitle":"Add Parser.java","messageBody":"","fileTypesAndContributionMap":{"functional-code":{"insertions":117,"deletions":0}}},{"hash":"315406c2d99e3dc8ba60e32fb266d27b75282b51","isMergeCommit":false,"messageTitle":"Add FinSight.java","messageBody":"","fileTypesAndContributionMap":{"functional-code":{"insertions":40,"deletions":0}}},{"hash":"6c1fa9fd443a97d3351cbbc65a7818381ab26daa","isMergeCommit":false,"messageTitle":"Remove unused code and slight changes to bye message","messageBody":"","fileTypesAndContributionMap":{"functional-code":{"insertions":1,"deletions":6}}},{"hash":"934882f8ff0dcf193387d779df5a9ac53b36b395","isMergeCommit":false,"messageTitle":"Refactor code to fix gradle checkstyle test errors","messageBody":"","fileTypesAndContributionMap":{"functional-code":{"insertions":13,"deletions":8}}}]},{"date":"2025-10-09T00:00:00","commitResults":[{"hash":"07cd070b56f17aec4a5ae41fb1fd5fe430719cc7","isMergeCommit":false,"messageTitle":"Refactor code to satisfy gradle checkstyle errors","messageBody":"","fileTypesAndContributionMap":{"functional-code":{"insertions":11,"deletions":11}}},{"hash":"96c383d28a248cece5e6d979ea242d805bf4fcc0","isMergeCommit":false,"messageTitle":"Refactor code for better readability and efficiency","messageBody":"","fileTypesAndContributionMap":{"functional-code":{"insertions":9,"deletions":12}}},{"hash":"193d10041b8a3d71726b48786f1dd96e87a7b25d","isMergeCommit":true,"messageTitle":"Merge pull request #17 from Emannuel-Tan/add-loan-class","messageBody":"Add loan class\nAdd support for commands:\nadd loan\nlist loan\ndelete loan","fileTypesAndContributionMap":{}}]},{"date":"2025-10-13T00:00:00","commitResults":[{"hash":"1bc902b4019c03c3127346de1cb0633a9cd0eca0","isMergeCommit":false,"messageTitle":"Update Error Message","messageBody":"","fileTypesAndContributionMap":{"functional-code":{"insertions":2,"deletions":1}}},{"hash":"1e1c109b2e813cb20aab0f3be0f4439933f54349","isMergeCommit":false,"messageTitle":"Fix exception not thrown when delete loan command index field empty","messageBody":"","fileTypesAndContributionMap":{"functional-code":{"insertions":22,"deletions":13}}},{"hash":"2dfba42f840ffadb63fbcee573c293e5ae54ff3f","isMergeCommit":false,"messageTitle":"Update JavaDoc","messageBody":"","fileTypesAndContributionMap":{"functional-code":{"insertions":15,"deletions":3}}},{"hash":"f6606ae4376f11c2ce0aef6b38bfc4e4ba1d45e0","isMergeCommit":false,"messageTitle":"Fix exception not thrown when delete loan command index field empty","messageBody":"","fileTypesAndContributionMap":{"functional-code":{"insertions":14,"deletions":3}}},{"hash":"8e70aeae18a6a3f3345ed3fd4279e154300324d3","isMergeCommit":false,"messageTitle":"Revert \"Fix exception not thrown when delete loan command index field empty\"","messageBody":"This reverts commit 1e1c109b2e813cb20aab0f3be0f4439933f54349.\n","fileTypesAndContributionMap":{"functional-code":{"insertions":13,"deletions":22}}},{"hash":"e51311fe8283925c50ffada694b79b389ef47910","isMergeCommit":false,"messageTitle":"Fix exception not thrown when add loan command has invalid format","messageBody":"","fileTypesAndContributionMap":{"functional-code":{"insertions":22,"deletions":13}}},{"hash":"cd98e736d1f720b586ffdd2061ca0fe8d87c0fe6","isMergeCommit":false,"messageTitle":"Add UiTest.java","messageBody":"","fileTypesAndContributionMap":{"test-code":{"insertions":60,"deletions":0}}},{"hash":"ecc8fe62261d6eb785a31f3a1cd3617d71ebfde2","isMergeCommit":false,"messageTitle":"Refactor code","messageBody":"","fileTypesAndContributionMap":{"functional-code":{"insertions":4,"deletions":4}}},{"hash":"4a58016059cbefcd05cded2684890754d4b3a378","isMergeCommit":false,"messageTitle":"Add LoanListTest.java","messageBody":"","fileTypesAndContributionMap":{"test-code":{"insertions":85,"deletions":0}}},{"hash":"116401b2d926f4b5d4aa1d29db7bf81b59e4f55e","isMergeCommit":false,"messageTitle":"Add LoanTest.java","messageBody":"","fileTypesAndContributionMap":{"test-code":{"insertions":47,"deletions":0}}},{"hash":"3d4cc2056389ca106834b2147bcf735443eebee3","isMergeCommit":false,"messageTitle":"Add ParserTest.java","messageBody":"","fileTypesAndContributionMap":{"test-code":{"insertions":169,"deletions":0}}}]},{"date":"2025-10-14T00:00:00","commitResults":[{"hash":"788bbf4fd189ed6c739f36878f5711e152baccfd","isMergeCommit":true,"messageTitle":"Merge branch \u0027master\u0027 into 18-add-junit-loan-class","messageBody":"# Conflicts:\n#\tsrc/main/java/finsight/parser/Parser.java\n","fileTypesAndContributionMap":{}},{"hash":"1ebfc28328ec47382aacb59af21853ea97cb9764","isMergeCommit":false,"messageTitle":"Refactor code for better readability","messageBody":"","fileTypesAndContributionMap":{"functional-code":{"insertions":28,"deletions":15}}},{"hash":"562ae7f77158f083c132e8682d30a37c52b1b9be","isMergeCommit":false,"messageTitle":"ParserTest.java: Include ExpenseList to constructor calls in test cases","messageBody":"","fileTypesAndContributionMap":{"test-code":{"insertions":28,"deletions":12}}},{"hash":"53562f4caab43b2331025460483ce504b96ffdb9","isMergeCommit":false,"messageTitle":"Refactor code to resolve checkstyleTest errors","messageBody":"","fileTypesAndContributionMap":{"test-code":{"insertions":2,"deletions":3}}},{"hash":"9c5ba680ac607f388957f49077ca42a52a10c3ab","isMergeCommit":false,"messageTitle":"Enable Assertions on Gradle","messageBody":"","fileTypesAndContributionMap":{"other":{"insertions":1,"deletions":0}}},{"hash":"cf3e26b2bf44159ff968daba3c04f8f83624de06","isMergeCommit":false,"messageTitle":"Add Java assertions","messageBody":"","fileTypesAndContributionMap":{"functional-code":{"insertions":3,"deletions":0}}},{"hash":"371b4a0a82b108e7fadd60f1f0da164ed69aaf22","isMergeCommit":false,"messageTitle":"Add LoanRepaidCommandIndexOutOfBoundsException.java","messageBody":"","fileTypesAndContributionMap":{"functional-code":{"insertions":13,"deletions":0}}},{"hash":"7f9d77146fb7a89ce1e89ef4494bd3126bacf655","isMergeCommit":false,"messageTitle":"Add loan repaid command","messageBody":"","fileTypesAndContributionMap":{"functional-code":{"insertions":42,"deletions":9}}},{"hash":"121b55897eeb4d218484e18b3d36b2dedc69bc63","isMergeCommit":false,"messageTitle":"Refactor code to fix wrong naming","messageBody":"","fileTypesAndContributionMap":{"functional-code":{"insertions":3,"deletions":3}}},{"hash":"529d9345cc72f9850abb1d7a6a4657872aaa26a7","isMergeCommit":true,"messageTitle":"Merge pull request #21 from Emannuel-Tan/18-add-junit-loan-class","messageBody":"Add JUnit for loan class","fileTypesAndContributionMap":{}}]},{"date":"2025-10-15T00:00:00","commitResults":[{"hash":"7a6a7db88c4e848b3029bfb0021e8004e075c8c9","isMergeCommit":false,"messageTitle":"Fix checkstyle Errors","messageBody":"","fileTypesAndContributionMap":{"functional-code":{"insertions":28,"deletions":21}}},{"hash":"449cb926fb3c42a5b8758943004cadc74fb144da","isMergeCommit":false,"messageTitle":"Fix checkstyle Errors","messageBody":"","fileTypesAndContributionMap":{"test-code":{"insertions":1,"deletions":2}}},{"hash":"42f7f4a6e1de3afd1034a4b7991f68813ebe6655","isMergeCommit":true,"messageTitle":"Merge pull request #24 from Rezelix/add-Investment","messageBody":"Add investment","fileTypesAndContributionMap":{}}]},{"date":"2025-10-16T00:00:00","commitResults":[{"hash":"554407bfa3c20aa8519fe7a6bbe0bafda0e80bd8","isMergeCommit":false,"messageTitle":"Remove unused template java files","messageBody":"","fileTypesAndContributionMap":{"functional-code":{"insertions":0,"deletions":21},"test-code":{"insertions":0,"deletions":12}}},{"hash":"52daa1a7caf8a6b14398f899f6c46301468746d2","isMergeCommit":false,"messageTitle":"Update main class in build.gradle","messageBody":"","fileTypesAndContributionMap":{"other":{"insertions":1,"deletions":1}}},{"hash":"28cf72d9e6943787f980c1514a121b20a3575746","isMergeCommit":false,"messageTitle":"Fix exception error message spacing","messageBody":"","fileTypesAndContributionMap":{"functional-code":{"insertions":1,"deletions":1}}},{"hash":"1f141924eb831fd209b668efd1b30ccf71189a94","isMergeCommit":false,"messageTitle":"Change Loan.toString() output","messageBody":"","fileTypesAndContributionMap":{"functional-code":{"insertions":1,"deletions":1}}}]},{"date":"2025-10-17T00:00:00","commitResults":[{"hash":"f12fcd7933b1e0c27623331d97c6a2e83fb848ac","isMergeCommit":false,"messageTitle":"Change methods in Ui class to static and update all affected classes","messageBody":"","fileTypesAndContributionMap":{"functional-code":{"insertions":73,"deletions":85},"test-code":{"insertions":138,"deletions":157}}},{"hash":"09044bcf24c88d562590c388bcc7d8bab4d9eb05","isMergeCommit":false,"messageTitle":"Extract toLowerCase() check from if-else to part of ui method","messageBody":"","fileTypesAndContributionMap":{"functional-code":{"insertions":15,"deletions":15},"test-code":{"insertions":17,"deletions":3}}}]},{"date":"2025-10-20T00:00:00","commitResults":[{"hash":"2a7f8e67eb64c646e5cb60a467afffc711eaa49a","isMergeCommit":false,"messageTitle":"Update junit tests to improve coverage","messageBody":"","fileTypesAndContributionMap":{"test-code":{"insertions":285,"deletions":1}}},{"hash":"7b3122b58a5aa5dffa6df3a99976d1d0d2e927f3","isMergeCommit":false,"messageTitle":"Parser.java: Update JavaDoc","messageBody":"","fileTypesAndContributionMap":{"functional-code":{"insertions":2,"deletions":2}}},{"hash":"f2fe44324e0710e223112e09476e661bba0c66ef","isMergeCommit":false,"messageTitle":"Update README.md","messageBody":"","fileTypesAndContributionMap":{"docs":{"insertions":2,"deletions":2}}},{"hash":"7cfe31f871e44dfb4364b5e09542c750d89fd2cc","isMergeCommit":false,"messageTitle":"Update UserGuide.md","messageBody":"","fileTypesAndContributionMap":{"docs":{"insertions":81,"deletions":18}}},{"hash":"2be927641aa00647f9444adfe9552500b4f902ac","isMergeCommit":true,"messageTitle":"Merge branch \u0027master\u0027 into update-junit-and-userguide","messageBody":"","fileTypesAndContributionMap":{}},{"hash":"b3dda35e99dcf8490ad041c7485feb69c8a1dc10","isMergeCommit":false,"messageTitle":"Add theme to User Guide","messageBody":"","fileTypesAndContributionMap":{"other":{"insertions":4,"deletions":0}}},{"hash":"5a7a286cd57dcc1db4db60b5b64698cb01be11b8","isMergeCommit":false,"messageTitle":"Remove theme","messageBody":"","fileTypesAndContributionMap":{"other":{"insertions":0,"deletions":4}}},{"hash":"5f14bccee04041db053eb655221d69f6a4ffd648","isMergeCommit":false,"messageTitle":"Add uml files","messageBody":"","fileTypesAndContributionMap":{"docs":{"insertions":143,"deletions":0}}},{"hash":"fc9b5a25a8d97a67b24e40321ac0cb28d3f3f2a1","isMergeCommit":false,"messageTitle":"Update Developer Guide for Loan related features","messageBody":"","fileTypesAndContributionMap":{"docs":{"insertions":40,"deletions":0}}}]},{"date":"2025-10-21T00:00:00","commitResults":[{"hash":"e44f29e90c0c8ac4107e82cc46c39b597488b831","isMergeCommit":true,"messageTitle":"Merge branch \u0027master\u0027 into update-junit-and-userguide","messageBody":"# Conflicts:\n#\tsrc/test/java/finsight/parser/ParserTest.java\n","fileTypesAndContributionMap":{}},{"hash":"83f02982214379317074ab95446e560bccefb410","isMergeCommit":true,"messageTitle":"Merge pull request #39 from Emannuel-Tan/update-junit-and-userguide","messageBody":"Update junit and userguide","fileTypesAndContributionMap":{}},{"hash":"a9e5d91ce3ebe04de5f330876aef0b962a8255c0","isMergeCommit":false,"messageTitle":"Fix app crashing on using loan repaid command with alphabetical index","messageBody":"","fileTypesAndContributionMap":{"functional-code":{"insertions":10,"deletions":2}}},{"hash":"19462d5bf61730eabeadc11e5248721975b9b4f9","isMergeCommit":false,"messageTitle":"Update UserGuide.md","messageBody":"","fileTypesAndContributionMap":{"docs":{"insertions":10,"deletions":13}}},{"hash":"154ceabc72996ce772ce9acd6205653836ca907b","isMergeCommit":false,"messageTitle":"Update DeveloperGuide.md","messageBody":"","fileTypesAndContributionMap":{"docs":{"insertions":3,"deletions":3}}}]},{"date":"2025-10-23T00:00:00","commitResults":[{"hash":"b0841ad8199de5b0530ad178aa0a4176b550cc1e","isMergeCommit":false,"messageTitle":"Update DeveloperGuide.md to fix rendering bugs","messageBody":"","fileTypesAndContributionMap":{"docs":{"insertions":5,"deletions":0}}}]},{"date":"2025-10-25T00:00:00","commitResults":[{"hash":"aef3b62cca83190aefbaa0441474cac2f8df943d","isMergeCommit":false,"messageTitle":"Add author tags for Reposense","messageBody":"","fileTypesAndContributionMap":{"functional-code":{"insertions":16,"deletions":5},"test-code":{"insertions":4,"deletions":10}}},{"hash":"2600ee0034dc6dafa5998a35710741a87fb228f9","isMergeCommit":false,"messageTitle":"Add LoanNotRepaidCommandIndexOutofBoundsException.java","messageBody":"","fileTypesAndContributionMap":{"functional-code":{"insertions":13,"deletions":0}}},{"hash":"20891637fa8ae1f5dfe1c05a40ec000eaf1bf331","isMergeCommit":false,"messageTitle":"Add persistance to loan repaid and loan not repaid commands","messageBody":"","fileTypesAndContributionMap":{"functional-code":{"insertions":6,"deletions":2}}},{"hash":"4108381c708df5f1c24979e7583fa63843db920c","isMergeCommit":false,"messageTitle":"Add loan not repaid command","messageBody":"","fileTypesAndContributionMap":{"functional-code":{"insertions":84,"deletions":23},"docs":{"insertions":24,"deletions":10}}},{"hash":"d79888bf4a5db2864cb7f66ba4057e9cfd80ed2b","isMergeCommit":false,"messageTitle":"Add EditLoanCommandIndexOutOfBoundsException.java","messageBody":"","fileTypesAndContributionMap":{"functional-code":{"insertions":13,"deletions":0}}},{"hash":"2ced06af5b6cedcd242770777d8affc4aa6365ef","isMergeCommit":false,"messageTitle":"Add EditLoanCommandWrongFormatException.java","messageBody":"","fileTypesAndContributionMap":{"functional-code":{"insertions":14,"deletions":0}}},{"hash":"a4cc9f4934e087873141538c932118f1a23656d3","isMergeCommit":false,"messageTitle":"Add edit loan command","messageBody":"","fileTypesAndContributionMap":{"functional-code":{"insertions":158,"deletions":32},"docs":{"insertions":28,"deletions":12}}},{"hash":"3a73b930500cc38cecbe92ff8909a40e18114113","isMergeCommit":false,"messageTitle":"Remove unused imports","messageBody":"","fileTypesAndContributionMap":{"functional-code":{"insertions":0,"deletions":3}}},{"hash":"71dc7f87a52335028612ef3f530bdd6c7181ee61","isMergeCommit":false,"messageTitle":"Add junit test for editLoan method","messageBody":"","fileTypesAndContributionMap":{"test-code":{"insertions":22,"deletions":15}}},{"hash":"9ff3813cdcf5ba986cddd7cf76d69d344a81adf1","isMergeCommit":false,"messageTitle":"Remove failing test case to be fixed later","messageBody":"","fileTypesAndContributionMap":{"test-code":{"insertions":2,"deletions":2}}},{"hash":"391d4083dd0df00c519e20630f6d49b42448e479","isMergeCommit":true,"messageTitle":"Merge branch \u0027master\u0027 into add-new-loan-commands","messageBody":"# Conflicts:\n#\tdocs/DeveloperGuide.md\n","fileTypesAndContributionMap":{}},{"hash":"801ced0d80a62ed1362cbda3544c6d296c9cd748","isMergeCommit":false,"messageTitle":"Temporary removal of import to be added back later","messageBody":"","fileTypesAndContributionMap":{"test-code":{"insertions":1,"deletions":1}}},{"hash":"24760715617593c698fa505288e553ff7ba31c09","isMergeCommit":false,"messageTitle":"Update Ui output for list loan command","messageBody":"","fileTypesAndContributionMap":{"functional-code":{"insertions":4,"deletions":0}}},{"hash":"99311b5aa828c30f3e65b406236a989fd4405dc7","isMergeCommit":false,"messageTitle":"Add junit tests for parsing edit loan and loan not repaid commands","messageBody":"","fileTypesAndContributionMap":{"test-code":{"insertions":271,"deletions":333}}},{"hash":"664cc19542bce75ada2b98f96555bb789f2278ff","isMergeCommit":false,"messageTitle":"Refactor to conform to coding standards","messageBody":"","fileTypesAndContributionMap":{"functional-code":{"insertions":1,"deletions":1}}}]},{"date":"2025-10-28T00:00:00","commitResults":[{"hash":"2ee13daf83b82c0af2d8c05829c97c7f37444468","isMergeCommit":false,"messageTitle":"Update Sequence Diagram","messageBody":"","fileTypesAndContributionMap":{"docs":{"insertions":46,"deletions":33}}},{"hash":"81dadd9d96a86dce874dcc5b7cf9640d469756d6","isMergeCommit":false,"messageTitle":"Add sequence Diagram for loan not repaid command","messageBody":"","fileTypesAndContributionMap":{"docs":{"insertions":42,"deletions":0}}},{"hash":"c96e6279e78b54988c033c6c6a0a575cfdef472f","isMergeCommit":false,"messageTitle":"Add Sequence Diagram for edit loan command","messageBody":"","fileTypesAndContributionMap":{"docs":{"insertions":49,"deletions":0}}},{"hash":"bed040c463809ce0f833487bd4d5720f15ccdb69","isMergeCommit":false,"messageTitle":"Update README.md","messageBody":"","fileTypesAndContributionMap":{"docs":{"insertions":2,"deletions":8}}},{"hash":"72ad7b9e7fa59a353208fc944e037853df2dea01","isMergeCommit":false,"messageTitle":"Update DeveloperGuide.md","messageBody":"","fileTypesAndContributionMap":{"docs":{"insertions":24,"deletions":1}}},{"hash":"19194bd4c9e900d5263af4c67e4965ae33132e24","isMergeCommit":true,"messageTitle":"Merge branch \u0027master\u0027 into 63-update-developer-guide","messageBody":"","fileTypesAndContributionMap":{}},{"hash":"2e25883fd6c01813f2cc694ca2591b5bdaa8f5a0","isMergeCommit":false,"messageTitle":"Change directory of newer uml files","messageBody":"","fileTypesAndContributionMap":{"docs":{"insertions":0,"deletions":0}}},{"hash":"1aa17e43e28cdafcba5ab1eb21221abcc04b9d92","isMergeCommit":false,"messageTitle":"Fix file path","messageBody":"","fileTypesAndContributionMap":{"docs":{"insertions":2,"deletions":2}}},{"hash":"e49576f1e403a2baaea260c27da2aad2ba4f4cdd","isMergeCommit":false,"messageTitle":"Update DeveloperGuide.md","messageBody":"","fileTypesAndContributionMap":{"docs":{"insertions":66,"deletions":9}}}]},{"date":"2025-10-29T00:00:00","commitResults":[{"hash":"389cffc424c53b4dca9aedb98d9d5f1b68bfe86b","isMergeCommit":false,"messageTitle":"Update emannuel-tan.md","messageBody":"","fileTypesAndContributionMap":{"docs":{"insertions":50,"deletions":1}}},{"hash":"5115c7e80920ca062dbe1a135da51a7a44527f6c","isMergeCommit":false,"messageTitle":"Update emannuel-tan.md","messageBody":"","fileTypesAndContributionMap":{"docs":{"insertions":1,"deletions":1}}},{"hash":"4e0abd39508aed8b521451c1e414ae8394307d2e","isMergeCommit":true,"messageTitle":"Merge pull request #102 from gbinw128/Update-PPP","messageBody":"Add review/mentoring contributions to my PPP","fileTypesAndContributionMap":{}}]}],"Rezelix":[{"date":"2025-10-02T00:00:00","commitResults":[{"hash":"8b2fa95ecfb314e1ecee7517d58d736b7314da44","isMergeCommit":false,"messageTitle":"Modify AboutUs and add rezelix.md","messageBody":"","fileTypesAndContributionMap":{"docs":{"insertions":10,"deletions":7}}},{"hash":"f9f2dfe15539076b55c831c57545c20c29d93818","isMergeCommit":false,"messageTitle":"Modify rezelix.md to use full name instead of github username to title","messageBody":"","fileTypesAndContributionMap":{"docs":{"insertions":1,"deletions":1}}},{"hash":"916358ea85b66a0cd9324e775494fd492c93749c","isMergeCommit":true,"messageTitle":"Merge pull request #13 from Rezelix/lkesh-AboutUs","messageBody":"Modify AboutUs and add rezelix.md","fileTypesAndContributionMap":{}}]},{"date":"2025-10-15T00:00:00","commitResults":[{"hash":"91b69ee9786436648be2154acf4d12b879fc737a","isMergeCommit":false,"messageTitle":"Add Investment Packages, Investment and InvestmentList Classes","messageBody":"","fileTypesAndContributionMap":{"functional-code":{"insertions":32,"deletions":0}}},{"hash":"831841b5aed2ab743b986b394b5f397cee1a19de","isMergeCommit":false,"messageTitle":"Add methods to Investment List class to list, add and delete from List","messageBody":"","fileTypesAndContributionMap":{"functional-code":{"insertions":36,"deletions":0}}},{"hash":"85f714a52817d2944d0ea327370ba689eb7c0743","isMergeCommit":false,"messageTitle":"Add Ui methods to complement InvestmentList methods","messageBody":"","fileTypesAndContributionMap":{"functional-code":{"insertions":50,"deletions":4}}},{"hash":"f73f1d85ccbbae618c15ed1e1b0836a765b12b43","isMergeCommit":false,"messageTitle":"Add exception for delete command if index is out of scope","messageBody":"","fileTypesAndContributionMap":{"functional-code":{"insertions":9,"deletions":0}}},{"hash":"26baff2266b9f8df893054eb222998c64cbaf9a0","isMergeCommit":false,"messageTitle":"Add toString method and recurring deposit member for monthly investment deposits","messageBody":"","fileTypesAndContributionMap":{"functional-code":{"insertions":12,"deletions":2}}},{"hash":"2889dc3bdc8dc2b62ea55565014d0bcc6c1be51a","isMergeCommit":false,"messageTitle":"Modify Parser to integrate methods from InvestmentList and Investment classes","messageBody":"","fileTypesAndContributionMap":{"functional-code":{"insertions":61,"deletions":3}}},{"hash":"8a2167df2c68a7f86dac0e694f4df5f0c64df304","isMergeCommit":false,"messageTitle":"Modify Parser to add additional Investment class related exceptions for erroneous user input.","messageBody":"","fileTypesAndContributionMap":{"functional-code":{"insertions":44,"deletions":15}}},{"hash":"10afdf51383f17b8608e8bb03e4eb1297cf4d819","isMergeCommit":false,"messageTitle":"Fix bugs in Investment Classes","messageBody":"","fileTypesAndContributionMap":{"functional-code":{"insertions":9,"deletions":4}}},{"hash":"727b592c1a4d621578242e9e4417c3b65d0bfb5e","isMergeCommit":false,"messageTitle":"Add additional exceptions to investments with regards to user input formatting and out of bound inputs","messageBody":"","fileTypesAndContributionMap":{"functional-code":{"insertions":18,"deletions":1}}},{"hash":"f0eac6e112e47baaac8dbc3710acdf99e615a1a9","isMergeCommit":false,"messageTitle":"Modify Parser to include investment exceptions","messageBody":"","fileTypesAndContributionMap":{"functional-code":{"insertions":35,"deletions":7}}},{"hash":"d12f131431189ee4be1966782aeea9d9a1593a44","isMergeCommit":false,"messageTitle":"Fix JUnit Parser constructor for Loan tests to include investmentList","messageBody":"","fileTypesAndContributionMap":{"test-code":{"insertions":25,"deletions":12}}},{"hash":"c22b4af32d2d3d0a732cc288456b755b61be5c58","isMergeCommit":false,"messageTitle":"Add JavaDoc Comments to investment-related methods","messageBody":"","fileTypesAndContributionMap":{"functional-code":{"insertions":56,"deletions":3}}},{"hash":"cd96d345cf284853f17ded79da4272d00d727f01","isMergeCommit":false,"messageTitle":"Cleanup Investment-related Code","messageBody":"","fileTypesAndContributionMap":{"functional-code":{"insertions":13,"deletions":6}}},{"hash":"eeae426bbbb6ac792c27d80c41999087b66c8138","isMergeCommit":true,"messageTitle":"Merge branch \u0027master\u0027 into add-Investment","messageBody":"# Conflicts:\n#\tsrc/main/java/finsight/FinSight.java\n#\tsrc/main/java/finsight/parser/Parser.java\n#\tsrc/test/java/finsight/parser/ParserTest.java\n","fileTypesAndContributionMap":{}},{"hash":"d9a65b257304eff16b254fbe0f591ad8ae5851a0","isMergeCommit":false,"messageTitle":"Fix bugs","messageBody":"","fileTypesAndContributionMap":{"functional-code":{"insertions":26,"deletions":7}}},{"hash":"b5fde54044513b1b35c3f92884563c173fa0c09d","isMergeCommit":false,"messageTitle":"Create Test Classes for each Investment Related Class","messageBody":"","fileTypesAndContributionMap":{"test-code":{"insertions":8,"deletions":0}}},{"hash":"22d4bd15a24afa04a0ddc69fe54233dd3f159f93","isMergeCommit":false,"messageTitle":"Add JUnit Tests for Investment Class Constructor","messageBody":"","fileTypesAndContributionMap":{"test-code":{"insertions":21,"deletions":0}}},{"hash":"7d99efab35564bc8dcdc0f35153d4e960c707ab0","isMergeCommit":false,"messageTitle":"Add JUnit Tests to InvestmentList","messageBody":"","fileTypesAndContributionMap":{"test-code":{"insertions":59,"deletions":0}}}]},{"date":"2025-10-16T00:00:00","commitResults":[{"hash":"0b33301c95955720b58db54aa9411232da67a116","isMergeCommit":true,"messageTitle":"Merge pull request #27 from Emannuel-Tan/fix-gradle-main-class","messageBody":"Fix gradle main class","fileTypesAndContributionMap":{}}]},{"date":"2025-10-18T00:00:00","commitResults":[{"hash":"db8590e2f7e69978b2bc1535bd639ec2a86d52e7","isMergeCommit":true,"messageTitle":"Merge branch \u0027master\u0027 into add-InvestmentJUnit","messageBody":"","fileTypesAndContributionMap":{}}]},{"date":"2025-10-20T00:00:00","commitResults":[{"hash":"03b2b2e93f054f7f3eb79e4f8f2a3bf31d80c6b9","isMergeCommit":false,"messageTitle":"Add JUnit tests","messageBody":"","fileTypesAndContributionMap":{"other":{"insertions":0,"deletions":0}}},{"hash":"fc6c20e2ff87ecc6eddfbdf66bb3916ee4ee460a","isMergeCommit":false,"messageTitle":"add JUnit tests to Investment Classes","messageBody":"","fileTypesAndContributionMap":{"functional-code":{"insertions":2,"deletions":2},"test-code":{"insertions":146,"deletions":14}}},{"hash":"3503ea4385976baabba1913d8a9556514fc5e4d9","isMergeCommit":false,"messageTitle":"Improve Code Quality","messageBody":"","fileTypesAndContributionMap":{"test-code":{"insertions":0,"deletions":1}}},{"hash":"b38d21b8c4b9be3b7fdd30b08c63a18d89a28fa7","isMergeCommit":false,"messageTitle":"Add public static variable to count total number of investments","messageBody":"","fileTypesAndContributionMap":{"functional-code":{"insertions":3,"deletions":0}}},{"hash":"88a9b2bd1f990adac563a3c8c08fe41fbe9a6e43","isMergeCommit":false,"messageTitle":"Modify InvestmentList JUnits to clear out instantiated objects for accurate testing","messageBody":"","fileTypesAndContributionMap":{"test-code":{"insertions":19,"deletions":0}}},{"hash":"dcd0b86cac0decfbefdcb9eb9e3fa552675bf14e","isMergeCommit":true,"messageTitle":"Merge branch \u0027master\u0027 into add-InvestmentJUnit","messageBody":"","fileTypesAndContributionMap":{}},{"hash":"5e95a06bc504ffc4ad5693f0c884b16dcb617650","isMergeCommit":false,"messageTitle":"Modify member of Investment class to include return rate per annum","messageBody":"","fileTypesAndContributionMap":{"functional-code":{"insertions":5,"deletions":4}}},{"hash":"74e61a4c5cbaacc55310ee17339af185949644f7","isMergeCommit":true,"messageTitle":"Merge branch \u0027master\u0027 into add-InvestmentJUnit","messageBody":"# Conflicts:\n#\tsrc/test/java/finsight/parser/ParserTest.java\n","fileTypesAndContributionMap":{}},{"hash":"41441af868152b2ce3919f252c32459ccdfaa6ad","isMergeCommit":false,"messageTitle":"Add JUnit test to include testing list investment with multiple instantiated invesment objects","messageBody":"","fileTypesAndContributionMap":{"test-code":{"insertions":13,"deletions":0}}},{"hash":"f793906231db524c09e3a4b2673c861a24a5c46d","isMergeCommit":true,"messageTitle":"Merge pull request #36 from Rezelix/add-InvestmentJUnit","messageBody":"Add investment JUnit test","fileTypesAndContributionMap":{}}]},{"date":"2025-10-21T00:00:00","commitResults":[{"hash":"1a668589c79396fd59d7df1d9ec6558fc13091d8","isMergeCommit":true,"messageTitle":"Merge branch \u0027master\u0027 into branch-addInvestmentRate","messageBody":"","fileTypesAndContributionMap":{}},{"hash":"8d178d6d6c58ea9fc5c54a47a603c76121403551","isMergeCommit":false,"messageTitle":"Modify data manager and parser to accept additional parameter, return rate.","messageBody":"","fileTypesAndContributionMap":{"functional-code":{"insertions":20,"deletions":12}}},{"hash":"437f41f28339afe4db922ee7d77a6561b8c62c9d","isMergeCommit":false,"messageTitle":"Modify Investment class to calculate 5 year and 10 year returns from investment","messageBody":"","fileTypesAndContributionMap":{"functional-code":{"insertions":23,"deletions":0}}},{"hash":"dc16affc851caebfa6843d95d14745df9b68b3e6","isMergeCommit":false,"messageTitle":"Remove debug print statements and improve code readability","messageBody":"","fileTypesAndContributionMap":{"functional-code":{"insertions":17,"deletions":14}}},{"hash":"96b0612df08fd938d9e0a48d3eeea8f4ad189c0a","isMergeCommit":false,"messageTitle":"Modify existing JUnit tests (Investment,InvestmentList and Parser) to involve return rate","messageBody":"","fileTypesAndContributionMap":{"test-code":{"insertions":60,"deletions":49}}},{"hash":"f4d50acd53781a0150930922fc23f41fd0cd7723","isMergeCommit":false,"messageTitle":"Modify existing InvestmentDataManager JUnit tests to involve return rates","messageBody":"","fileTypesAndContributionMap":{"test-code":{"insertions":9,"deletions":9}}},{"hash":"ca655b96349d03cdd7ef3e4209acc4b38dc81870","isMergeCommit":false,"messageTitle":"Debug return calculation","messageBody":"","fileTypesAndContributionMap":{"functional-code":{"insertions":2,"deletions":2},"test-code":{"insertions":10,"deletions":10}}},{"hash":"803a7dec774541500cd21c67be0a51ecae26db0a","isMergeCommit":false,"messageTitle":"Add JUnit Tests for Investment Class return rate","messageBody":"","fileTypesAndContributionMap":{"functional-code":{"insertions":10,"deletions":5},"test-code":{"insertions":46,"deletions":1}}},{"hash":"0a319547e07903eda8e3aa89099fc7b22e81ab70","isMergeCommit":false,"messageTitle":"Improve code quality","messageBody":"","fileTypesAndContributionMap":{"functional-code":{"insertions":2,"deletions":1},"test-code":{"insertions":1,"deletions":1}}},{"hash":"0f81b2ca8646b4444dd9ae3e1b9c4f4562b0c432","isMergeCommit":false,"messageTitle":"Modify exceptions to include return rate","messageBody":"","fileTypesAndContributionMap":{"functional-code":{"insertions":10,"deletions":7}}},{"hash":"e6c1a4e80f00c092e4ddab76a3aafdb043a73d73","isMergeCommit":false,"messageTitle":"Add printing of overall 5 year and 10 year returns of all investment objects","messageBody":"","fileTypesAndContributionMap":{"functional-code":{"insertions":49,"deletions":3}}},{"hash":"2c1632e4172939f5ae2c56ff92c0f0648ae07099","isMergeCommit":true,"messageTitle":"Merge branch \u0027master\u0027 into branch-addInvestmentRate","messageBody":"# Conflicts:\n#\tsrc/test/java/finsight/parser/ParserTest.java\n","fileTypesAndContributionMap":{}}]},{"date":"2025-10-22T00:00:00","commitResults":[{"hash":"65ef30050f1815762530428752d51f5b7e60e9a3","isMergeCommit":true,"messageTitle":"Merge branch \u0027add-InvestmentJUnit\u0027 of https://github.com/Rezelix/tp into add-InvestmentJUnit","messageBody":"# Conflicts:\n#\tsrc/test/java/finsight/investment/investmentList/InvestmentListTest.java\n#\tsrc/test/java/finsight/parser/ParserTest.java\n","fileTypesAndContributionMap":{}},{"hash":"b1d93e005744f96962884fb31417cb80a2d06d6d","isMergeCommit":true,"messageTitle":"Merge branch \u0027master\u0027 into branch-addInvestmentRate","messageBody":"# Conflicts:\n#\tsrc/test/java/finsight/investment/investmentlist/InvestmentListTest.java\n","fileTypesAndContributionMap":{}},{"hash":"f0065741abc1762476ac29925c33962945a2be35","isMergeCommit":true,"messageTitle":"Merge branch \u0027branch-addInvestmentRate\u0027","messageBody":"","fileTypesAndContributionMap":{}},{"hash":"ca30f51a06a0141877b3be26d20a507f29c447e7","isMergeCommit":true,"messageTitle":"Merge pull request #52 from Rezelix/branch-addInvestmentRate","messageBody":"Add investment rate","fileTypesAndContributionMap":{}},{"hash":"5d4500bc28d1c375206b53d308311213f159e9f3","isMergeCommit":false,"messageTitle":"Add assertion statements to investment classes","messageBody":"","fileTypesAndContributionMap":{"functional-code":{"insertions":29,"deletions":1}}},{"hash":"ae5d5bce7db5301ea41f0cfe06dad5b7322b983e","isMergeCommit":true,"messageTitle":"Merge branch \u0027master\u0027 into branch-addAssertions","messageBody":"","fileTypesAndContributionMap":{}}]},{"date":"2025-10-23T00:00:00","commitResults":[{"hash":"d0305b3a893769faf4eefa8900603a5826404109","isMergeCommit":true,"messageTitle":"Merge branch \u0027master\u0027 of https://github.com/AY2526S1-CS2113-T10-1/tp","messageBody":"","fileTypesAndContributionMap":{}},{"hash":"c3d42dece8f6d21c632ac025486188af91a25230","isMergeCommit":false,"messageTitle":"Add Investment add sequence diagram","messageBody":"","fileTypesAndContributionMap":{"docs":{"insertions":42,"deletions":0}}},{"hash":"3a3a9ef368cf387b8e25120abd2c8df235d68f0c","isMergeCommit":false,"messageTitle":"Modify add investment sequence diagram","messageBody":"","fileTypesAndContributionMap":{"docs":{"insertions":4,"deletions":5}}},{"hash":"e15be7608f562191c845abb3b671aa912c56857f","isMergeCommit":true,"messageTitle":"Merge branch \u0027master\u0027 of https://github.com/AY2526S1-CS2113-T10-1/tp","messageBody":"","fileTypesAndContributionMap":{}},{"hash":"ccb3ed82351b4634c00df8d53f3ee1d7d83a7919","isMergeCommit":true,"messageTitle":"Merge branch \u0027master\u0027 into branch-addUMLSequenceDiagrams","messageBody":"","fileTypesAndContributionMap":{}},{"hash":"8d7d179f77dded0c838c50c712576f05cb545382","isMergeCommit":false,"messageTitle":"Add Delete Investment Sequence Diagram","messageBody":"","fileTypesAndContributionMap":{"docs":{"insertions":37,"deletions":1}}},{"hash":"06c4940a1bd3af50992140933398b4aa760b175f","isMergeCommit":false,"messageTitle":"Add List Investment Sequence Diagram","messageBody":"","fileTypesAndContributionMap":{"docs":{"insertions":41,"deletions":0}}},{"hash":"561f4c15aa2c6e08869e042c527cda7eeae9f260","isMergeCommit":false,"messageTitle":"Add JavaDoc comments to Investment and InvestmentList Classes","messageBody":"","fileTypesAndContributionMap":{"functional-code":{"insertions":47,"deletions":5}}},{"hash":"d232932e98f62f6eaf8745b4d10138afb24a3b59","isMergeCommit":true,"messageTitle":"Merge branch \u0027master\u0027 into branch-addJavaDoc","messageBody":"","fileTypesAndContributionMap":{}}]},{"date":"2025-10-24T00:00:00","commitResults":[{"hash":"bde0e53037e120cecc94e109b62f0a13fe51881f","isMergeCommit":true,"messageTitle":"Merge pull request #68 from roydenlyr/branch-DG","messageBody":"Add DataManager section and class diagrams to Developer Guide","fileTypesAndContributionMap":{}},{"hash":"3db99d22d2f76da4ba30f09f3b3310b294e5fba6","isMergeCommit":false,"messageTitle":"Add investment-related details to the developer guide","messageBody":"","fileTypesAndContributionMap":{"docs":{"insertions":11,"deletions":0}}},{"hash":"b06a938388230b1f527a65b3fb66badcdeec79a0","isMergeCommit":false,"messageTitle":"Fix List Investment sequence diagram to include missing return from Ui Class method call","messageBody":"","fileTypesAndContributionMap":{"docs":{"insertions":1,"deletions":0}}},{"hash":"bcd606a1c69fa2eeb6fdfb5076a9f1f81ee74929","isMergeCommit":false,"messageTitle":"Update developer guide to include sequence diagrams","messageBody":"","fileTypesAndContributionMap":{"docs":{"insertions":3,"deletions":0}}},{"hash":"54c5ed2c7d0c4af93cee03e91c69b41282328c1e","isMergeCommit":false,"messageTitle":"Fix bugs in list investment sequence diagram","messageBody":"","fileTypesAndContributionMap":{"docs":{"insertions":3,"deletions":8}}},{"hash":"c5ecd3683191c073a07eddd75c4cf626412ef04f","isMergeCommit":true,"messageTitle":"Merge branch \u0027master\u0027 into branch-addJavaDoc","messageBody":"","fileTypesAndContributionMap":{}},{"hash":"42dcc3e575bb665acc0e73195a372e971123d815","isMergeCommit":false,"messageTitle":"Add JavaDoc comments to user input validation for parsing the add investment command","messageBody":"","fileTypesAndContributionMap":{"functional-code":{"insertions":12,"deletions":4}}}]},{"date":"2025-10-27T00:00:00","commitResults":[{"hash":"1c7bbaa6355f3507475432a2d53e998c53a4868d","isMergeCommit":true,"messageTitle":"Merge pull request #79 from roydenlyr/branch-DG","messageBody":"Update DG for persistence implementation and clean up LoanDataManagerTest","fileTypesAndContributionMap":{}}]},{"date":"2025-10-28T00:00:00","commitResults":[{"hash":"4e3644419b58345befaae32b6c856efb4d618b0a","isMergeCommit":true,"messageTitle":"Merge pull request #84 from roydenlyr/branch-DG","messageBody":"Branch DG for Storage, as well as improvements in code quality!","fileTypesAndContributionMap":{}}]},{"date":"2025-10-29T00:00:00","commitResults":[{"hash":"a03ce3936007524f283e171c9d87302736e20bfc","isMergeCommit":true,"messageTitle":"Merge pull request #90 from roydenlyr/branch-DG","messageBody":"Add Finsight Class Diagram","fileTypesAndContributionMap":{}},{"hash":"395bd74214d9d61a629da8637eddef706fb5489f","isMergeCommit":false,"messageTitle":"Add manual testing guide for investment commands to Developer Guide","messageBody":"","fileTypesAndContributionMap":{"docs":{"insertions":27,"deletions":0}}},{"hash":"d934a6762e362733bf6e33b43dd94134b99cf2a1","isMergeCommit":false,"messageTitle":"Add details regarding contributions in PPP","messageBody":"","fileTypesAndContributionMap":{"docs":{"insertions":25,"deletions":1}}},{"hash":"4d81e1a1f2b319ba911180c8149f2c40d118b8a1","isMergeCommit":false,"messageTitle":"Add link to reviewed PRs","messageBody":"","fileTypesAndContributionMap":{"docs":{"insertions":2,"deletions":4}}},{"hash":"200d632e7b8a9989ec9d7869fd1c0fa301a3cd2b","isMergeCommit":true,"messageTitle":"Merge branch \u0027master\u0027 into branch-PPP","messageBody":"","fileTypesAndContributionMap":{}},{"hash":"2714b46d7d072abfa2a561f6e2db98abd7f860fe","isMergeCommit":true,"messageTitle":"Merge branch \u0027master\u0027 of https://github.com/AY2526S1-CS2113-T10-1/tp into branch-DeveloperGuide","messageBody":"# Conflicts:\n#\tdocs/DeveloperGuide.md\n","fileTypesAndContributionMap":{}}]}],"gbinw128":[{"date":"2025-10-02T00:00:00","commitResults":[{"hash":"8f5f70097c5f36a63c8cdb6ab2be9f234d27b932","isMergeCommit":false,"messageTitle":"Modify annd added my username","messageBody":"","fileTypesAndContributionMap":{"docs":{"insertions":9,"deletions":7}}},{"hash":"8549de9286b40d1d4c4fbeb06544b158f3d1a0dc","isMergeCommit":false,"messageTitle":"Modified my MD file to my full name","messageBody":"","fileTypesAndContributionMap":{"docs":{"insertions":1,"deletions":1}}},{"hash":"6489c59684d3c9b42a3563bce56b602dc6d22332","isMergeCommit":true,"messageTitle":"Merge branch \u0027master\u0027 of https://github.com/AY2526S1-CS2113-T10-1/tp into BinWee-AboutUs","messageBody":"# Conflicts:\n#\tdocs/AboutUs.md\n","fileTypesAndContributionMap":{}},{"hash":"26a47777a45f338adefd372f2bef2ff9b0557a8f","isMergeCommit":true,"messageTitle":"Merge pull request #14 from gbinw128/BinWee-AboutUs","messageBody":"Modify and added my username","fileTypesAndContributionMap":{}}]},{"date":"2025-10-13T00:00:00","commitResults":[{"hash":"175b7b3fec8d98e18af9e0c975ea67a7acc6d6c8","isMergeCommit":false,"messageTitle":"Add Expense.java","messageBody":"","fileTypesAndContributionMap":{"functional-code":{"insertions":21,"deletions":0}}},{"hash":"215a9ceb690a84540d24c4f4bd0aa51857272497","isMergeCommit":false,"messageTitle":"Add ExpenseList.java and added the list, add and delete expense function","messageBody":"","fileTypesAndContributionMap":{"functional-code":{"insertions":105,"deletions":7}}},{"hash":"903897aadcffd38ff46277bf181a55831adac4c3","isMergeCommit":false,"messageTitle":"Add AddExpenseCommandWrongFormatException.java","messageBody":"","fileTypesAndContributionMap":{"functional-code":{"insertions":48,"deletions":9}}},{"hash":"28a344cd13fda2c75d697db52cb4fec191acc75e","isMergeCommit":false,"messageTitle":"Add DeleteExpenseCommandIndexOutOfBoundsException.Java","messageBody":"","fileTypesAndContributionMap":{"functional-code":{"insertions":46,"deletions":10}}},{"hash":"bcfe95de9746e0fce882ebfb12567ea271699472","isMergeCommit":false,"messageTitle":"Refactor code for better readability and improvements","messageBody":"","fileTypesAndContributionMap":{"functional-code":{"insertions":66,"deletions":7}}},{"hash":"411aa2a2e93184c52870f601cb0141c0e45f52f4","isMergeCommit":false,"messageTitle":"Added name to authors for Parser and UI class","messageBody":"","fileTypesAndContributionMap":{"functional-code":{"insertions":2,"deletions":0}}}]},{"date":"2025-10-14T00:00:00","commitResults":[{"hash":"57a54e117b790dd8c3c25f1bce7dc3446a9fd1d2","isMergeCommit":true,"messageTitle":"Merge pull request #20 from gbinw128/add-expense-class","messageBody":"Add expense class","fileTypesAndContributionMap":{}}]},{"date":"2025-10-20T00:00:00","commitResults":[{"hash":"556e34f3362062b83a063933b92381a4fe362a4d","isMergeCommit":true,"messageTitle":"Merge pull request #41 from MinionWolf/add-assert-statements","messageBody":"Add assertions for Income","fileTypesAndContributionMap":{}},{"hash":"ec1156cb6cb99aae69699df200251342383885c6","isMergeCommit":false,"messageTitle":"Added static variable for numberOfExpenses","messageBody":"","fileTypesAndContributionMap":{"functional-code":{"insertions":14,"deletions":1}}},{"hash":"1104398b6a13fb0ed26d3dccb65495caeaa8add1","isMergeCommit":false,"messageTitle":"Added expenseTest.java - Junit testing for expense.java","messageBody":"","fileTypesAndContributionMap":{"test-code":{"insertions":34,"deletions":0}}},{"hash":"0a504139228ca43fc491d4dbeba81c255f6de1f1","isMergeCommit":false,"messageTitle":"Fixed numberOfExpenses bug","messageBody":"","fileTypesAndContributionMap":{"functional-code":{"insertions":2,"deletions":0}}},{"hash":"f5815ed4ed8f76ac6b79543d20b9d46007c05136","isMergeCommit":false,"messageTitle":"Added expenseListTest.java - Junit testing for expenseList.java","messageBody":"","fileTypesAndContributionMap":{"test-code":{"insertions":114,"deletions":0}}},{"hash":"5f6a94ffeb2c292d3db4a455435c35b6b08c5352","isMergeCommit":false,"messageTitle":"made parseAddExpenseCommand and parseDeleteExpenseCommand public instead of private","messageBody":"","fileTypesAndContributionMap":{"functional-code":{"insertions":2,"deletions":2}}},{"hash":"977e597700e1c482e590e99f60f592f23b0323e0","isMergeCommit":false,"messageTitle":"Added Junit testing for parseAddExpenseCommand and parseDeleteExpenseCommand","messageBody":"","fileTypesAndContributionMap":{"test-code":{"insertions":164,"deletions":0}}},{"hash":"a8ff8b36050803ac09b012e352a213f7fbddef49","isMergeCommit":false,"messageTitle":"Added Assertions for expense commands","messageBody":"","fileTypesAndContributionMap":{"functional-code":{"insertions":3,"deletions":0}}},{"hash":"d489b04c58db4908bc923d89c6f32a8d33fa2d5f","isMergeCommit":false,"messageTitle":"Cleaned code for checkstyleTest","messageBody":"","fileTypesAndContributionMap":{"other":{"insertions":7,"deletions":7},"test-code":{"insertions":0,"deletions":1}}},{"hash":"a5578b5d963ccb59de64a12083535c9dc59d1953","isMergeCommit":true,"messageTitle":"Merge pull request #46 from gbinw128/add-expense-JUnit","messageBody":"Add JUnit test and Assertion for Expense","fileTypesAndContributionMap":{}}]},{"date":"2025-10-22T00:00:00","commitResults":[{"hash":"43c4422512cefa0c75144cbd9f248a06fec74a0c","isMergeCommit":false,"messageTitle":"Fix @BeforeEach for Junit testing","messageBody":"","fileTypesAndContributionMap":{"functional-code":{"insertions":1,"deletions":0},"test-code":{"insertions":52,"deletions":82}}},{"hash":"e98d4f1271d9b2c6fde2fb9e841920346620a759","isMergeCommit":false,"messageTitle":"Fix for checkstyleTest","messageBody":"","fileTypesAndContributionMap":{"test-code":{"insertions":8,"deletions":11}}},{"hash":"e5e43d0711c3855115b8e4780468922d5895bc8e","isMergeCommit":false,"messageTitle":"Fix test case bugs","messageBody":"","fileTypesAndContributionMap":{"test-code":{"insertions":2,"deletions":2}}},{"hash":"ff5528f269d1527a4d08e739ac5572c722cc4fd8","isMergeCommit":true,"messageTitle":"Merge pull request #54 from gbinw128/fix-BeforeEach","messageBody":"Fix @BeforeEach for Junit testing","fileTypesAndContributionMap":{}},{"hash":"5bfd0b09221bbc9bd488960e935a2172f5a4ac4f","isMergeCommit":false,"messageTitle":"Update userguide to include expense commands","messageBody":"","fileTypesAndContributionMap":{"docs":{"insertions":26,"deletions":1}}},{"hash":"edd8b7a2ce8fc2f846ad37a4e3c8307cf1210e46","isMergeCommit":false,"messageTitle":"Add some UML diagrams and updat some DeveloperGuide.md","messageBody":"","fileTypesAndContributionMap":{"docs":{"insertions":120,"deletions":3}}},{"hash":"d01382f4a0421e93a774beeee2dea0447dcb183e","isMergeCommit":false,"messageTitle":"Fix UserGuide mistake","messageBody":"","fileTypesAndContributionMap":{"docs":{"insertions":1,"deletions":1}}},{"hash":"a58d02b35f2ba8fff1a5e729b82fd8fbc82d9169","isMergeCommit":true,"messageTitle":"Merge pull request #61 from gbinw128/update-user-and-developer-guide-for-expense","messageBody":"Update user and developer guide for expense class","fileTypesAndContributionMap":{}}]},{"date":"2025-10-23T00:00:00","commitResults":[{"hash":"d609dadb49921bac242e4d393b0b83213f27fb2f","isMergeCommit":true,"messageTitle":"Merge pull request #62 from MinionWolf/update-DG-Income","messageBody":"Update Developer Guide for Income","fileTypesAndContributionMap":{}}]},{"date":"2025-10-26T00:00:00","commitResults":[{"hash":"704a5e5d900cf8723b81b27e2164878844e1b4a8","isMergeCommit":true,"messageTitle":"Merge pull request #75 from MinionWolf/add-logging-income","messageBody":"Add Logging for IncomeList","fileTypesAndContributionMap":{}}]},{"date":"2025-10-28T00:00:00","commitResults":[{"hash":"a420defef43b12a0eca008d1a5429611d32cf826","isMergeCommit":false,"messageTitle":"Add Table of contents, income and investments commands","messageBody":"","fileTypesAndContributionMap":{"docs":{"insertions":106,"deletions":3}}}]},{"date":"2025-10-29T00:00:00","commitResults":[{"hash":"211295d1e60d16f4df0e2be95273afea9f0606e5","isMergeCommit":false,"messageTitle":"Add commands to Command Summary table","messageBody":"","fileTypesAndContributionMap":{"docs":{"insertions":25,"deletions":19}}},{"hash":"b294a8dc4320a9a46bff201dddad9bcaca1079b9","isMergeCommit":false,"messageTitle":"Add indentations for better readability","messageBody":"","fileTypesAndContributionMap":{"docs":{"insertions":10,"deletions":1}}},{"hash":"7f7767985621e15f749995ea937176b64349562c","isMergeCommit":false,"messageTitle":"Fix links error for table of content","messageBody":"","fileTypesAndContributionMap":{"docs":{"insertions":12,"deletions":9}}},{"hash":"a883cf38ae15607190704df80eca61e7d026576c","isMergeCommit":false,"messageTitle":"Update notes for INDEX","messageBody":"","fileTypesAndContributionMap":{"docs":{"insertions":6,"deletions":0}}},{"hash":"00bd822e9667dd316a06d3fddb889256b734d599","isMergeCommit":false,"messageTitle":"Fix links error","messageBody":"","fileTypesAndContributionMap":{"docs":{"insertions":1,"deletions":1}}},{"hash":"5b0cf784a5f661030ce96cf6b4e21a266749b133","isMergeCommit":false,"messageTitle":"Add missing info to table of contents","messageBody":"","fileTypesAndContributionMap":{"docs":{"insertions":2,"deletions":4}}},{"hash":"70c7a7023ec4cf0c75412f2cf0b6b767f470c7af","isMergeCommit":false,"messageTitle":"Remove redundant information","messageBody":"","fileTypesAndContributionMap":{"docs":{"insertions":2,"deletions":4}}},{"hash":"56016bb397b80d3b402f48852f9ee2d7c30db53d","isMergeCommit":false,"messageTitle":"Remove extra spacing","messageBody":"","fileTypesAndContributionMap":{"docs":{"insertions":0,"deletions":1}}},{"hash":"a98e96301a267fe80057b9faa59eaa5800c67b6b","isMergeCommit":true,"messageTitle":"Merge pull request #89 from gbinw128/update-userguide","messageBody":"Update UserGuide","fileTypesAndContributionMap":{}},{"hash":"36b4cd221c078714a3b8ababb1aedcae5058da59","isMergeCommit":false,"messageTitle":"Update uml and import Sequence Diagram for Expense class","messageBody":"","fileTypesAndContributionMap":{"docs":{"insertions":26,"deletions":23}}},{"hash":"b70d17ba4c0392a42eb99004d7e9503b7606eaf3","isMergeCommit":false,"messageTitle":"Add expense features to Developer Guide","messageBody":"","fileTypesAndContributionMap":{"docs":{"insertions":43,"deletions":11}}},{"hash":"6926f3a658c2f519aa2194baeccf326cb4d98ad5","isMergeCommit":true,"messageTitle":"Merge pull request #88 from MinionWolf/update-user-guide","messageBody":"Update Developer Guide, User Guide for Income and PPP","fileTypesAndContributionMap":{}},{"hash":"276738f035f4fcc5194cfb6aa47f89316398fdc4","isMergeCommit":false,"messageTitle":"Add manual test cases for expense class","messageBody":"","fileTypesAndContributionMap":{"docs":{"insertions":19,"deletions":0}}},{"hash":"94ba89161c53dbbdbf81ca6e2ef13625464d8f1a","isMergeCommit":true,"messageTitle":"Merge branch \u0027master\u0027 into update-dev-guide-for-v2","messageBody":"","fileTypesAndContributionMap":{}},{"hash":"ca78f3dc2c2b3528425a65c148f2179435e318f0","isMergeCommit":false,"messageTitle":"Reformat Developer Guide for better readability","messageBody":"","fileTypesAndContributionMap":{"docs":{"insertions":56,"deletions":43}}},{"hash":"bb8720a9215d3cacf30e06425c1742866f3e5360","isMergeCommit":false,"messageTitle":"Resize image","messageBody":"","fileTypesAndContributionMap":{"docs":{"insertions":2,"deletions":0}}},{"hash":"65a20077d9325fc822a71fc7fc6b066a70f8c770","isMergeCommit":false,"messageTitle":"Remove resized image","messageBody":"","fileTypesAndContributionMap":{"docs":{"insertions":0,"deletions":2}}},{"hash":"6078148752695f0a8bc7d9d26ca3130ae4183557","isMergeCommit":false,"messageTitle":"Add UserStories into Developer Guide","messageBody":"","fileTypesAndContributionMap":{"docs":{"insertions":18,"deletions":7}}},{"hash":"16da93dd6456f7d4fd949fa69bcf30b32c467f44","isMergeCommit":false,"messageTitle":"Remove unused information","messageBody":"","fileTypesAndContributionMap":{"docs":{"insertions":0,"deletions":3}}},{"hash":"1ffbba4a00b209077a390cef811eb4422fc342f1","isMergeCommit":false,"messageTitle":"Add AB3 acknowledgement","messageBody":"","fileTypesAndContributionMap":{"docs":{"insertions":4,"deletions":0}}},{"hash":"6548cf71552d256ba00f7a2d5f6ebcfe4c595c89","isMergeCommit":false,"messageTitle":"Update Bin Wee\u0027s PPP","messageBody":"","fileTypesAndContributionMap":{"docs":{"insertions":28,"deletions":1}}},{"hash":"25896407e26c3bb7ee7cd3566db9c69548418b31","isMergeCommit":false,"messageTitle":"Add list of contents to Developer Guide","messageBody":"","fileTypesAndContributionMap":{"docs":{"insertions":25,"deletions":1}}},{"hash":"0e6276af55497958fa29a9543f4aedc3cc0285e9","isMergeCommit":false,"messageTitle":"Fix typo 2.2.4 to 2.2.5","messageBody":"","fileTypesAndContributionMap":{"docs":{"insertions":1,"deletions":1}}},{"hash":"97a55cf6d2f540417469b4fca1e1987d9190dd09","isMergeCommit":true,"messageTitle":"Merge pull request #96 from gbinw128/update-dev-guide-for-v2","messageBody":"Update Developer Guide and own PPP","fileTypesAndContributionMap":{}},{"hash":"a838ffc89bb7bcc3b2df786fa3313a16ab3b35f8","isMergeCommit":false,"messageTitle":"Add  review/mentoring contributions to my PPP","messageBody":"","fileTypesAndContributionMap":{"docs":{"insertions":12,"deletions":5}}},{"hash":"e540576f925e02cbc227b4c857effd220a17d23d","isMergeCommit":true,"messageTitle":"Merge pull request #99 from MinionWolf/update-PPP","messageBody":"Update PPP","fileTypesAndContributionMap":{}},{"hash":"149af56294e147f6a8d7f22a16cac0a728456b9a","isMergeCommit":false,"messageTitle":"Update Developer Guide","messageBody":"","fileTypesAndContributionMap":{"docs":{"insertions":12,"deletions":6}}}]}],"MinionWolf":[{"date":"2025-10-02T00:00:00","commitResults":[{"hash":"bc5b6cc732a1458b3ea01fa3e3247c218618cc99","isMergeCommit":false,"messageTitle":"Modify AboutUs and Add minionwolf.md","messageBody":"","fileTypesAndContributionMap":{"docs":{"insertions":13,"deletions":7}}},{"hash":"153b872b3be6b66eb0bf2ff96ea3f15ecdbaf665","isMergeCommit":false,"messageTitle":"Edit minionwolf.md file","messageBody":"","fileTypesAndContributionMap":{"docs":{"insertions":1,"deletions":1}}},{"hash":"d06c899ea1be4229f3222fde78770b6907fe39be","isMergeCommit":false,"messageTitle":"Edit AboutUs.md","messageBody":"","fileTypesAndContributionMap":{"docs":{"insertions":3,"deletions":7}}},{"hash":"d846f4189f8c2bf274e5f53cf4c7b1545c000617","isMergeCommit":true,"messageTitle":"Merge branch \u0027master\u0027 of https://github.com/AY2526S1-CS2113-T10-1/tp into Jeremy-AboutUs","messageBody":"# Resolved Conflicts:\n#\tdocs/AboutUs.md\n","fileTypesAndContributionMap":{}},{"hash":"ef5b138f318ec12dd8540ea900af72c7eced2c1c","isMergeCommit":true,"messageTitle":"Merge pull request #16 from MinionWolf/Jeremy-AboutUs","messageBody":"","fileTypesAndContributionMap":{}}]},{"date":"2025-10-13T00:00:00","commitResults":[{"hash":"305b3f127ea5acd2d960d743f82d77318d7b6be0","isMergeCommit":true,"messageTitle":"Merge remote-tracking branch \u0027upstream/master\u0027 Update master","messageBody":"","fileTypesAndContributionMap":{}},{"hash":"09f0f2d27f19fd86dd86bbca5f58874c7bf3fc90","isMergeCommit":false,"messageTitle":"Update FinSight, Parser, Ui class to integrate income Add 2 new exceptions for income Add Income, IncomeList class","messageBody":"","fileTypesAndContributionMap":{"functional-code":{"insertions":218,"deletions":6}}},{"hash":"1cf848f2e4b0ac9d36f911033ed5ece8488bfce9","isMergeCommit":false,"messageTitle":"Incorporate edit function Add new exception for edit income","messageBody":"","fileTypesAndContributionMap":{"functional-code":{"insertions":76,"deletions":7}}}]},{"date":"2025-10-14T00:00:00","commitResults":[{"hash":"aa34a3109d2a57a51da4478791e6ad237ccb8b04","isMergeCommit":false,"messageTitle":"Incorporate JUnit testing for Income, IncomeList, Parser Add new exception for wrong format for edit income","messageBody":"","fileTypesAndContributionMap":{"functional-code":{"insertions":74,"deletions":6},"test-code":{"insertions":87,"deletions":0}}},{"hash":"07ee4d82a3cb580dace0dc2eb74cd5378343355f","isMergeCommit":true,"messageTitle":"Merge remote-tracking branch \u0027upstream/master\u0027 into junit-test","messageBody":"# Conflicts:\n#\tsrc/main/java/finsight/FinSight.java\n#\tsrc/main/java/finsight/parser/Parser.java\n#\tsrc/main/java/finsight/ui/Ui.java\n","fileTypesAndContributionMap":{}},{"hash":"c5a154e463c3106bbc36dddf6813570645fc9dd3","isMergeCommit":false,"messageTitle":"Add more Junit test in Parser for income Refactor IncomeListTest and IncomeTest Modify IncomeList, Parser, Ui with changes concerning income","messageBody":"","fileTypesAndContributionMap":{"functional-code":{"insertions":36,"deletions":20},"other":{"insertions":2,"deletions":3},"test-code":{"insertions":184,"deletions":12}}},{"hash":"6287564e83be10e9ce75448615c79c81c4c8ab41","isMergeCommit":false,"messageTitle":"Modify Parser according to gradle checkstyle","messageBody":"","fileTypesAndContributionMap":{"functional-code":{"insertions":19,"deletions":14}}}]},{"date":"2025-10-15T00:00:00","commitResults":[{"hash":"bf22b17d4f579d38460a990cb86ef4ea5dfda89f","isMergeCommit":false,"messageTitle":"Update IncomeList.java","messageBody":"","fileTypesAndContributionMap":{"functional-code":{"insertions":5,"deletions":0}}},{"hash":"5054e8e11bc7d91227441e4a3b8ea7cf0fb60edd","isMergeCommit":true,"messageTitle":"Merge pull request #23 from MinionWolf/junit-test","messageBody":"Incorporate income functionality and JUnit","fileTypesAndContributionMap":{}}]},{"date":"2025-10-16T00:00:00","commitResults":[{"hash":"a123851901432541780d70ecf0ef51e3f7eea440","isMergeCommit":true,"messageTitle":"Merge remote-tracking branch \u0027upstream\u0027","messageBody":"","fileTypesAndContributionMap":{}}]},{"date":"2025-10-17T00:00:00","commitResults":[{"hash":"2c8080fb2b5dd3199ef336ff1197a53e34e8b470","isMergeCommit":true,"messageTitle":"Merge remote-tracking branch \u0027upstream\u0027","messageBody":"","fileTypesAndContributionMap":{}},{"hash":"dd103e33f89c5c88a14ef25d7b9dd9c2da0886af","isMergeCommit":false,"messageTitle":"Add assert statements for income in Parser","messageBody":"","fileTypesAndContributionMap":{"functional-code":{"insertions":4,"deletions":0}}},{"hash":"5a0f669097d5a84cd201f258e58aa75a3b49d096","isMergeCommit":false,"messageTitle":"Update Parser","messageBody":"","fileTypesAndContributionMap":{"functional-code":{"insertions":1,"deletions":1}}}]},{"date":"2025-10-20T00:00:00","commitResults":[{"hash":"e03f440f67cb310c982c899ad6e2bf45db13da1f","isMergeCommit":true,"messageTitle":"Merge remote-tracking branch \u0027upstream\u0027","messageBody":"","fileTypesAndContributionMap":{}}]},{"date":"2025-10-21T00:00:00","commitResults":[{"hash":"974975ff850a63964652cce174b37836f924c0ff","isMergeCommit":false,"messageTitle":"Add Javadoc for income list functions in IncomeList and Ui","messageBody":"","fileTypesAndContributionMap":{"functional-code":{"insertions":9,"deletions":0}}},{"hash":"ce42eb06d8678512aca61f97d631b8e5f3bab297","isMergeCommit":false,"messageTitle":"Implement list income overview function","messageBody":"","fileTypesAndContributionMap":{"functional-code":{"insertions":52,"deletions":20}}},{"hash":"288f229dd64c060437961a6b840cddca606a8c5e","isMergeCommit":false,"messageTitle":"Amend spacing between lines","messageBody":"","fileTypesAndContributionMap":{"functional-code":{"insertions":17,"deletions":1}}},{"hash":"d77c711d435267d0853aeaed9fe2618fecee3979","isMergeCommit":false,"messageTitle":"Update IncomeList and Ui","messageBody":"","fileTypesAndContributionMap":{"functional-code":{"insertions":9,"deletions":9}}}]},{"date":"2025-10-22T00:00:00","commitResults":[{"hash":"1a7ba16dcc5acc5e9e06a0be8b448e99b5b1015e","isMergeCommit":false,"messageTitle":"Amend IncomeList and Ui. Update the income overview function to show total amount of expenses and remaining income","messageBody":"","fileTypesAndContributionMap":{"functional-code":{"insertions":22,"deletions":5}}},{"hash":"adac433881f09b071ff618299995cee52cec7e18","isMergeCommit":false,"messageTitle":"Update according to checkstyleMain","messageBody":"","fileTypesAndContributionMap":{"functional-code":{"insertions":2,"deletions":2}}},{"hash":"fcb38f2a92ce3a8b93922ebb5017d0848086fbdf","isMergeCommit":false,"messageTitle":"Amend wrong spelling","messageBody":"","fileTypesAndContributionMap":{"functional-code":{"insertions":1,"deletions":1}}},{"hash":"21acf1b411cf45566e9247f4bcd27665c26196fb","isMergeCommit":true,"messageTitle":"Resolve conflicts","messageBody":"","fileTypesAndContributionMap":{}},{"hash":"05e440c934cf48ed90d2d173296b33fa10c8db3f","isMergeCommit":false,"messageTitle":"Resolve errors","messageBody":"","fileTypesAndContributionMap":{"functional-code":{"insertions":1,"deletions":3},"test-code":{"insertions":4,"deletions":50}}},{"hash":"2d577e89ae9bd0c4d8d15b08332629429ca7b9cc","isMergeCommit":false,"messageTitle":"Resolve errors","messageBody":"","fileTypesAndContributionMap":{"test-code":{"insertions":0,"deletions":2}}},{"hash":"f9b1ec87eddc9f9d6b6eeea102090583c533a508","isMergeCommit":true,"messageTitle":"Merge pull request #49 from MinionWolf/add-income-overview-function","messageBody":"Implement Income overview function and JavaDoc for Income functions","fileTypesAndContributionMap":{}},{"hash":"9cebfdc427dc380805c769f5b29aed2f101351b2","isMergeCommit":true,"messageTitle":"Merge remote-tracking branch \u0027upstream\u0027","messageBody":"","fileTypesAndContributionMap":{}},{"hash":"4397e0b808c93c7a098ce9c3c5a4be9fdf6fd9ea","isMergeCommit":false,"messageTitle":"Update DeveloperGuide.md for Income Add add income sequence diagram","messageBody":"","fileTypesAndContributionMap":{"docs":{"insertions":49,"deletions":0}}},{"hash":"2825028c0afc237cafabdca79272f35110c2e3d9","isMergeCommit":true,"messageTitle":"Merge remote-tracking branch \u0027upstream\u0027 into update-DG-Income","messageBody":"","fileTypesAndContributionMap":{}},{"hash":"9cce027d3d2908650a94ff3e81d25e69da89bf69","isMergeCommit":false,"messageTitle":"Change IncomeList file","messageBody":"","fileTypesAndContributionMap":{"test-code":{"insertions":1,"deletions":9}}},{"hash":"03414dfaa757c18e177e14784f24737fff955418","isMergeCommit":false,"messageTitle":"Update IncomeListTest","messageBody":"","fileTypesAndContributionMap":{"test-code":{"insertions":1,"deletions":1}}}]},{"date":"2025-10-23T00:00:00","commitResults":[{"hash":"35714056d16a21da7fc390be59f6cc48924bcaee","isMergeCommit":true,"messageTitle":"Merge remote-tracking branch \u0027upstream\u0027 into update-DG-Income","messageBody":"","fileTypesAndContributionMap":{}},{"hash":"fecd36601e05661deb1b805e486c10fbc2cb8519","isMergeCommit":false,"messageTitle":"Update DeveloperGuide.md","messageBody":"","fileTypesAndContributionMap":{"docs":{"insertions":1,"deletions":0}}},{"hash":"cb803f1cf8f96cf8b49ae0dc5a5770eaec607fe1","isMergeCommit":true,"messageTitle":"Merge pull request #57 from Rezelix/branch-addAssertions","messageBody":"","fileTypesAndContributionMap":{}},{"hash":"676c20422b79b65316b8d2783c96b09ede316e4a","isMergeCommit":true,"messageTitle":"Merge remote-tracking branch \u0027upstream\u0027","messageBody":"","fileTypesAndContributionMap":{}},{"hash":"e7b730331d9730e7be8507522693335bd54d75ff","isMergeCommit":true,"messageTitle":"Merge pull request #65 from Rezelix/branch-addUMLSequenceDiagrams","messageBody":"Add UML Sequence Diagrams to Investment-related scenarios","fileTypesAndContributionMap":{}}]},{"date":"2025-10-24T00:00:00","commitResults":[{"hash":"3a6fec2ec0774eeea30c4cef35ce5de83bd14690","isMergeCommit":true,"messageTitle":"Merge pull request #69 from Rezelix/branch-modifyDeveloperGuide","messageBody":"","fileTypesAndContributionMap":{}},{"hash":"31a0e3d900fb4db161aadea0735fe41d1064925d","isMergeCommit":true,"messageTitle":"Merge pull request #70 from Rezelix/branch-addJavaDoc","messageBody":"","fileTypesAndContributionMap":{}}]},{"date":"2025-10-25T00:00:00","commitResults":[{"hash":"f098a77f07c2579c79a96372c59b9c8862dc4d39","isMergeCommit":true,"messageTitle":"Merge remote-tracking branch \u0027upstream\u0027","messageBody":"","fileTypesAndContributionMap":{}},{"hash":"088e6b97b4fa6754bb3ef671676ecaf0f15bef9a","isMergeCommit":false,"messageTitle":"Refactor sequence diagram","messageBody":"","fileTypesAndContributionMap":{"docs":{"insertions":8,"deletions":8}}},{"hash":"5dd66aafed4f3eb0d97a4e8c01f563472a78f3b9","isMergeCommit":false,"messageTitle":"Add logging to IncomeList","messageBody":"","fileTypesAndContributionMap":{"functional-code":{"insertions":9,"deletions":0}}},{"hash":"b2246fb9cc8b24a9f4b39fb3a8e65344c980f995","isMergeCommit":true,"messageTitle":"Merge remote-tracking branch \u0027upstream\u0027 into add-logging-income","messageBody":"","fileTypesAndContributionMap":{}},{"hash":"a32111e32fe0dfee7eb3c4536522cda48b852ae6","isMergeCommit":false,"messageTitle":"Update IncomeList","messageBody":"","fileTypesAndContributionMap":{"functional-code":{"insertions":1,"deletions":1}}}]},{"date":"2025-10-27T00:00:00","commitResults":[{"hash":"4e9b64e028226ce1dae0965633699c9f3d0b4e2d","isMergeCommit":false,"messageTitle":"Add more income sequence diagram","messageBody":"","fileTypesAndContributionMap":{"docs":{"insertions":150,"deletions":5}}},{"hash":"339602c211b4356d79a67a29d5b81ca4b534c64d","isMergeCommit":true,"messageTitle":"Merge remote-tracking branch \u0027upstream\u0027 into add-more-income-sequence-diagram","messageBody":"","fileTypesAndContributionMap":{}},{"hash":"8066ef1ec8a8123b0c7e9749ebfd7f525cb08f54","isMergeCommit":false,"messageTitle":"Add more income sequence diagram png Refactor the sequence diagram into individual folders","messageBody":"","fileTypesAndContributionMap":{"docs":{"insertions":26,"deletions":15}}}]},{"date":"2025-10-28T00:00:00","commitResults":[{"hash":"a4a657c217195ab575726c03e06602566c870223","isMergeCommit":true,"messageTitle":"Merge remote-tracking branch \u0027upstream\u0027 into add-more-income-sequence-diagram","messageBody":"","fileTypesAndContributionMap":{}},{"hash":"4434de62153d2336237b28cbc66d24a345782064","isMergeCommit":true,"messageTitle":"Merge pull request #80 from MinionWolf/add-more-income-sequence-diagram","messageBody":"Add more Income sequence diagram and PNG","fileTypesAndContributionMap":{}},{"hash":"e6ae27f5153e549717e58bea513a17aa00e0a070","isMergeCommit":true,"messageTitle":"Merge remote-tracking branch \u0027upstream\u0027","messageBody":"","fileTypesAndContributionMap":{}},{"hash":"71de41a58320a1fbd3e124df603f9b82afff42f7","isMergeCommit":false,"messageTitle":"Update DeveloperGuide and UserGuide","messageBody":"","fileTypesAndContributionMap":{"docs":{"insertions":113,"deletions":3}}}]},{"date":"2025-10-29T00:00:00","commitResults":[{"hash":"36ab624f6338c933d229aeabfa3ff1c1102590e4","isMergeCommit":true,"messageTitle":"Merge remote-tracking branch \u0027upstream\u0027 into update-user-guide","messageBody":"# Conflicts:\n#\tdocs/DeveloperGuide.md\n#\tdocs/UserGuide.md\n","fileTypesAndContributionMap":{}},{"hash":"ce8d05490413d69b12cbf75b659572fa5259851d","isMergeCommit":false,"messageTitle":"Update DeveloperGuide and UserGuide","messageBody":"","fileTypesAndContributionMap":{"docs":{"insertions":19,"deletions":20}}},{"hash":"2ea9151d635989dc02ebb4dd5bc1eb43e79ee334","isMergeCommit":false,"messageTitle":"Update UserGuide","messageBody":"","fileTypesAndContributionMap":{"docs":{"insertions":56,"deletions":2}}},{"hash":"6e8335a2b4ac11e5ede568343baffbca40f1f5a0","isMergeCommit":false,"messageTitle":"Update UserGuide","messageBody":"","fileTypesAndContributionMap":{"docs":{"insertions":2,"deletions":2}}},{"hash":"d91952a9be5e91530ee91d0124f9b62dbc4c5b41","isMergeCommit":false,"messageTitle":"Update UserGuide","messageBody":"","fileTypesAndContributionMap":{"docs":{"insertions":19,"deletions":23}}},{"hash":"b897fb98f5c5d57bd865f00b0c996b5ae8d28d68","isMergeCommit":false,"messageTitle":"Update UserGuide","messageBody":"","fileTypesAndContributionMap":{"docs":{"insertions":2,"deletions":2}}},{"hash":"6304926f8f299097acf7d7b41bc17a108b095e7f","isMergeCommit":false,"messageTitle":"Made changes to ListIncomeOverviewSequenceDiagram.puml and ListIncomeSequenceDiagram.puml","messageBody":"","fileTypesAndContributionMap":{"docs":{"insertions":3,"deletions":3}}},{"hash":"8f951cd00d561d7a716338b2b4688c56361793bb","isMergeCommit":true,"messageTitle":"Merge remote-tracking branch \u0027upstream\u0027","messageBody":"","fileTypesAndContributionMap":{}},{"hash":"bb8e31ec815687c8d08b7b4f72ade67055fc4d05","isMergeCommit":false,"messageTitle":"Update PPP","messageBody":"","fileTypesAndContributionMap":{"docs":{"insertions":10,"deletions":7}}},{"hash":"7b4c1f183d0c930cef150f45edc90546ff8e14d3","isMergeCommit":true,"messageTitle":"Merge remote-tracking branch \u0027upstream\u0027 into update-PPP","messageBody":"","fileTypesAndContributionMap":{}},{"hash":"2a55bc77d18c0f70ab1e20f4064f1b46ce1674c0","isMergeCommit":true,"messageTitle":"Merge pull request #94 from Rezelix/branch-DeveloperGuide","messageBody":"Add manual testing guide for investment commands to Developer Guide","fileTypesAndContributionMap":{}},{"hash":"0ff633504c48bb9d70ee99f3b9e05e03dffdcbd4","isMergeCommit":true,"messageTitle":"Merge pull request #97 from Rezelix/branch-PPP","messageBody":"Add own PPP (L\u0027kesh)","fileTypesAndContributionMap":{}},{"hash":"66401c65b492a26e5e5b32e9f8418c04f3014351","isMergeCommit":true,"messageTitle":"Merge remote-tracking branch \u0027upstream\u0027 into update-PPP","messageBody":"","fileTypesAndContributionMap":{}}]}]},"authorFileTypeContributionMap":{"roydenlyr":{"docs":454,"functional-code":717,"test-code":938},"Emannuel-Tan":{"docs":505,"functional-code":866,"test-code":787,"other":2},"Rezelix":{"docs":176,"functional-code":509,"test-code":256},"gbinw128":{"docs":312,"functional-code":244,"test-code":220},"MinionWolf":{"docs":397,"functional-code":422,"test-code":152}},"authorContributionVariance":{"roydenlyr":33944.184,"Emannuel-Tan":50856.766,"Rezelix":12249.505,"gbinw128":11572.849,"MinionWolf":8819.125},"authorDisplayNameMap":{"roydenlyr":"CS2113-T10-1 ROYD.. REN","Emannuel-Tan":"CS2113-T10-1 EMAN.. YUE","Rezelix":"CS2113-T10-1 L\u0027KE..NAIR","gbinw128":"CS2113-T10-1 GOH .. WEE","MinionWolf":"CS2113-T10-1 LAI ..REMY"}}
