{"authorDailyContributionsMap":{"roydenlyr":[{"date":"2025-10-02T00:00:00","commitResults":[{"hash":"7cb58d70c76eec946f4e5ea9b72a911268bffa45","isMergeCommit":false,"messageTitle":"Modify AboutUs and add roydenlyr.md","messageBody":"","fileTypesAndContributionMap":{"docs":{"insertions":9,"deletions":7}}},{"hash":"9ad4101380ddfb24c6667eb22fd104d3218dfe01","isMergeCommit":false,"messageTitle":"Update header name of roydenlyr.md","messageBody":"","fileTypesAndContributionMap":{"docs":{"insertions":1,"deletions":1}}}]},{"date":"2025-10-03T00:00:00","commitResults":[{"hash":"a071a294c5f128c1f1b1cf4dcad4a6fae01c0e19","isMergeCommit":true,"messageTitle":"Resolve merge conflict in Aboutus.md","messageBody":"","fileTypesAndContributionMap":{}},{"hash":"1d8354a25d5866e32fe54ee57d4dc350b6798cc0","isMergeCommit":true,"messageTitle":"Merge pull request #12 from roydenlyr/Royden-AboutUs","messageBody":"Modify AboutUs and add roydenlyr.md","fileTypesAndContributionMap":{}}]},{"date":"2025-10-12T00:00:00","commitResults":[{"hash":"9e73c84910d95651a44e99c8db8fdb00f0cfbb29","isMergeCommit":false,"messageTitle":"Repackage project structure","messageBody":"","fileTypesAndContributionMap":{"functional-code":{"insertions":3,"deletions":3},"other":{"insertions":14,"deletions":14}}},{"hash":"15c9baca25f75b5d83054563095c1d39a34d5a6a","isMergeCommit":true,"messageTitle":"Merge pull request #19 from roydenlyr/branch-Repackage","messageBody":"Repackage project structure","fileTypesAndContributionMap":{}}]},{"date":"2025-10-14T00:00:00","commitResults":[{"hash":"cde93c35b7fbd6455cd16b91ad901b649997100b","isMergeCommit":false,"messageTitle":"Implement LoanDataManager for reading and writing loan data","messageBody":"- Added LoanDataManager to handle loading, savinf, and appending Loan\n  objects to data/loan.txt\n- Added getters for description, amountLoaned and loanReturnDate in Loan\n  class to support serialisation and parsing\n- Added LoanList initialisation from loan.txt\n","fileTypesAndContributionMap":{"functional-code":{"insertions":147,"deletions":7}}},{"hash":"1832d8c39da2276d768c09a08d9c29a558b6e738","isMergeCommit":false,"messageTitle":"Implement ExpenseDataManager for reading and writing expense data","messageBody":"- Added ExpenseDataManager to handle loading, saving, and appending\n  Expense objects to data/expense.txt\n- Added getters for description and expenseAmount in Expense class to\n  support serialization and parsing\n","fileTypesAndContributionMap":{"functional-code":{"insertions":116,"deletions":6}}}]},{"date":"2025-10-15T00:00:00","commitResults":[{"hash":"d976091474bb5311bd05af7eb9fe347e223c0b1d","isMergeCommit":true,"messageTitle":"Resolve merge conflicts in LoanList, Parser, LoanListTest and ParserTest","messageBody":"","fileTypesAndContributionMap":{}},{"hash":"67b8bef0b93740c5c59e8d87ef0b00303e1a01d6","isMergeCommit":false,"messageTitle":"Fix unhandled AddLoanCommandWrongFormatException","messageBody":"","fileTypesAndContributionMap":{"functional-code":{"insertions":7,"deletions":4}}},{"hash":"9744c1e513afaa9f45feb646ed3d054544c4da92","isMergeCommit":false,"messageTitle":"Refactor load() and handle exceptions within DataManager classes and remove unnecessary exception throws in test classes and main","messageBody":"","fileTypesAndContributionMap":{"functional-code":{"insertions":28,"deletions":6},"test-code":{"insertions":14,"deletions":14}}},{"hash":"8dd07f75fef6dcfce796e1e55b94a05fbd1bd6d1","isMergeCommit":false,"messageTitle":"Add abstract DataManager class","messageBody":"","fileTypesAndContributionMap":{"functional-code":{"insertions":99,"deletions":157}}},{"hash":"05bb3f1a3ba3a31d25c12f532e553b33f6528d77","isMergeCommit":true,"messageTitle":"Resolve merge conflict with Income class","messageBody":"","fileTypesAndContributionMap":{}},{"hash":"d330d860d141f98b19d07d75445f05005a87b20d","isMergeCommit":false,"messageTitle":"Add list income command","messageBody":"","fileTypesAndContributionMap":{"functional-code":{"insertions":15,"deletions":0}}},{"hash":"5c218b6e82079f2095b66232da1bab1d889259b8","isMergeCommit":false,"messageTitle":"Implement IncomeDataManager for reading and writing income data","messageBody":"- Added IncomeDataManager to handle loading, saving, and appending\n  income objects to data/income.txt\n","fileTypesAndContributionMap":{"functional-code":{"insertions":46,"deletions":3},"test-code":{"insertions":6,"deletions":5}}},{"hash":"1cae76404ed9b9372ecd926e86a1388fba5a0e08","isMergeCommit":false,"messageTitle":"Add JavaDoc comments for all classes within storage package","messageBody":"","fileTypesAndContributionMap":{"functional-code":{"insertions":268,"deletions":0}}},{"hash":"a997f0bc159d4343464ad3df3c9135f86c55ecbc","isMergeCommit":true,"messageTitle":"Resolve merge conflict with Investment class","messageBody":"","fileTypesAndContributionMap":{}},{"hash":"4e1142e7947bf5d58648a05536aa352038eea6b4","isMergeCommit":false,"messageTitle":"Implement InvestDataManager for reading and writing investment data","messageBody":"- Added InvestDataManager to handle loading, saving, and appending\n  Investment objects to data/invest.txt\n- Added getters for description, investmentAmount and investmentDateOfMonth\n","fileTypesAndContributionMap":{"functional-code":{"insertions":62,"deletions":7}}},{"hash":"28dc8266e872a991fe845a0fb87d4cb954fbaf42","isMergeCommit":false,"messageTitle":"Add data folder to .gitignore","messageBody":"","fileTypesAndContributionMap":{"functional-code":{"insertions":1,"deletions":1}}},{"hash":"3ba7182d1fb0eba6cc88189d5c76cd155fbe9d6c","isMergeCommit":false,"messageTitle":"Fix delete income bug for persistence","messageBody":"","fileTypesAndContributionMap":{"functional-code":{"insertions":1,"deletions":0}}},{"hash":"59951cee5ddefc168bf452f1bc63884e65dca174","isMergeCommit":false,"messageTitle":"Add JavaDoc comments for InvestDataManager","messageBody":"","fileTypesAndContributionMap":{"functional-code":{"insertions":72,"deletions":0}}},{"hash":"97e3a2cc63a2d3cf0b00f98048a09b0665de6e45","isMergeCommit":false,"messageTitle":"Refactor code style for storage classes and ParserTest","messageBody":"","fileTypesAndContributionMap":{"functional-code":{"insertions":39,"deletions":32},"test-code":{"insertions":4,"deletions":2}}},{"hash":"2bac850e9b018331c860da1416952452c9e5cf19","isMergeCommit":false,"messageTitle":"Fix loan JUnit test","messageBody":"","fileTypesAndContributionMap":{"functional-code":{"insertions":1,"deletions":1},"other":{"insertions":21,"deletions":6},"test-code":{"insertions":27,"deletions":8}}},{"hash":"d1e56a6f06b6bd9f443d5f4b01d0accf05c7d375","isMergeCommit":false,"messageTitle":"Add list income to printAllPossibleCommands()","messageBody":"","fileTypesAndContributionMap":{"functional-code":{"insertions":7,"deletions":6}}},{"hash":"76eb12e619201f203a5726216ad249d756552109","isMergeCommit":true,"messageTitle":"Merge pull request #25 from roydenlyr/branch-DataManager","messageBody":"Branch data manager","tags":["v1.0"],"fileTypesAndContributionMap":{}}]},{"date":"2025-10-17T00:00:00","commitResults":[{"hash":"70f5b98dd4684b7d0d504280652cdefcebea2187","isMergeCommit":true,"messageTitle":"Merge pull request #29 from Emannuel-Tan/make-ui-static","messageBody":"Make UI static","fileTypesAndContributionMap":{}}]}],"Emannuel-Tan":[{"date":"2025-10-02T00:00:00","commitResults":[{"hash":"8df8377c57072c698d7b5e63500e7c26923d8072","isMergeCommit":false,"messageTitle":"Modify AboutUs and add emannuel-tan.md","messageBody":"","fileTypesAndContributionMap":{"docs":{"insertions":9,"deletions":7}}},{"hash":"6af256c635311991d1ca5fcd1c3f9f6dbea0f389","isMergeCommit":true,"messageTitle":"Merge branch \u0027master\u0027 of https://github.com/AY2526S1-CS2113-T10-1/tp into Emannuel_Tan_Jing_Yue-AboutUs","messageBody":"# Conflicts:\n#\tdocs/AboutUs.md\n","fileTypesAndContributionMap":{}},{"hash":"4acdd6f7c43b89d45ec738632cfa7e4d1dfeab19","isMergeCommit":true,"messageTitle":"Merge branch \u0027master\u0027 of https://github.com/AY2526S1-CS2113-T10-1/tp into Emannuel_Tan_Jing_Yue-AboutUs","messageBody":"# Conflicts:\n#\tdocs/AboutUs.md\n","fileTypesAndContributionMap":{}},{"hash":"63d32bd2ec25cc43d1ae322924997a97ad8e1734","isMergeCommit":true,"messageTitle":"Merge pull request #15 from Emannuel-Tan/Emannuel_Tan_Jing_Yue-AboutUs","messageBody":"Modify AboutUs and add emannuel-tan.md","fileTypesAndContributionMap":{}}]},{"date":"2025-10-08T00:00:00","commitResults":[{"hash":"3101e44654734d4dba478bb442c947043874f277","isMergeCommit":false,"messageTitle":"Add Loan.java","messageBody":"","fileTypesAndContributionMap":{"functional-code":{"insertions":79,"deletions":0}}},{"hash":"5ff9c73ac2b61b7fdd36b5b8dc39d24934581b5c","isMergeCommit":false,"messageTitle":"Add DeleteLoanCommandIndexOutOfBoundsException.java","messageBody":"","fileTypesAndContributionMap":{"functional-code":{"insertions":13,"deletions":0}}},{"hash":"6094875352107a39d3ca68976d62462eaf09136f","isMergeCommit":false,"messageTitle":"Add AddLoanCommandWrongFormatException.java","messageBody":"","fileTypesAndContributionMap":{"functional-code":{"insertions":13,"deletions":0}}},{"hash":"e86673ff281de8f49821f955890b73d7e862e2fe","isMergeCommit":false,"messageTitle":"Change exception package location","messageBody":"","fileTypesAndContributionMap":{"other":{"insertions":2,"deletions":2}}},{"hash":"eaf0809eb4c057ad569a2e12d4b3adb4b855229d","isMergeCommit":false,"messageTitle":"Add Ui.java","messageBody":"","fileTypesAndContributionMap":{"functional-code":{"insertions":127,"deletions":0}}},{"hash":"57b6bfb3cd5e1fe394b9b832a84ea3022549245c","isMergeCommit":false,"messageTitle":"Add LoanList.java","messageBody":"","fileTypesAndContributionMap":{"functional-code":{"insertions":80,"deletions":0}}},{"hash":"1d3c78abe4f155dee1f00f14171cf35fa7662097","isMergeCommit":false,"messageTitle":"Add Parser.java","messageBody":"","fileTypesAndContributionMap":{"functional-code":{"insertions":117,"deletions":0}}},{"hash":"315406c2d99e3dc8ba60e32fb266d27b75282b51","isMergeCommit":false,"messageTitle":"Add FinSight.java","messageBody":"","fileTypesAndContributionMap":{"functional-code":{"insertions":40,"deletions":0}}},{"hash":"6c1fa9fd443a97d3351cbbc65a7818381ab26daa","isMergeCommit":false,"messageTitle":"Remove unused code and slight changes to bye message","messageBody":"","fileTypesAndContributionMap":{"functional-code":{"insertions":1,"deletions":6}}},{"hash":"934882f8ff0dcf193387d779df5a9ac53b36b395","isMergeCommit":false,"messageTitle":"Refactor code to fix gradle checkstyle test errors","messageBody":"","fileTypesAndContributionMap":{"functional-code":{"insertions":13,"deletions":8}}}]},{"date":"2025-10-09T00:00:00","commitResults":[{"hash":"07cd070b56f17aec4a5ae41fb1fd5fe430719cc7","isMergeCommit":false,"messageTitle":"Refactor code to satisfy gradle checkstyle errors","messageBody":"","fileTypesAndContributionMap":{"functional-code":{"insertions":11,"deletions":11}}},{"hash":"96c383d28a248cece5e6d979ea242d805bf4fcc0","isMergeCommit":false,"messageTitle":"Refactor code for better readability and efficiency","messageBody":"","fileTypesAndContributionMap":{"functional-code":{"insertions":9,"deletions":12}}},{"hash":"193d10041b8a3d71726b48786f1dd96e87a7b25d","isMergeCommit":true,"messageTitle":"Merge pull request #17 from Emannuel-Tan/add-loan-class","messageBody":"Add loan class\nAdd support for commands:\nadd loan\nlist loan\ndelete loan","fileTypesAndContributionMap":{}}]},{"date":"2025-10-13T00:00:00","commitResults":[{"hash":"1bc902b4019c03c3127346de1cb0633a9cd0eca0","isMergeCommit":false,"messageTitle":"Update Error Message","messageBody":"","fileTypesAndContributionMap":{"functional-code":{"insertions":2,"deletions":1}}},{"hash":"1e1c109b2e813cb20aab0f3be0f4439933f54349","isMergeCommit":false,"messageTitle":"Fix exception not thrown when delete loan command index field empty","messageBody":"","fileTypesAndContributionMap":{"functional-code":{"insertions":22,"deletions":13}}},{"hash":"2dfba42f840ffadb63fbcee573c293e5ae54ff3f","isMergeCommit":false,"messageTitle":"Update JavaDoc","messageBody":"","fileTypesAndContributionMap":{"functional-code":{"insertions":15,"deletions":3}}},{"hash":"f6606ae4376f11c2ce0aef6b38bfc4e4ba1d45e0","isMergeCommit":false,"messageTitle":"Fix exception not thrown when delete loan command index field empty","messageBody":"","fileTypesAndContributionMap":{"functional-code":{"insertions":14,"deletions":3}}},{"hash":"8e70aeae18a6a3f3345ed3fd4279e154300324d3","isMergeCommit":false,"messageTitle":"Revert \"Fix exception not thrown when delete loan command index field empty\"","messageBody":"This reverts commit 1e1c109b2e813cb20aab0f3be0f4439933f54349.\n","fileTypesAndContributionMap":{"functional-code":{"insertions":13,"deletions":22}}},{"hash":"e51311fe8283925c50ffada694b79b389ef47910","isMergeCommit":false,"messageTitle":"Fix exception not thrown when add loan command has invalid format","messageBody":"","fileTypesAndContributionMap":{"functional-code":{"insertions":22,"deletions":13}}},{"hash":"cd98e736d1f720b586ffdd2061ca0fe8d87c0fe6","isMergeCommit":false,"messageTitle":"Add UiTest.java","messageBody":"","fileTypesAndContributionMap":{"test-code":{"insertions":60,"deletions":0}}},{"hash":"ecc8fe62261d6eb785a31f3a1cd3617d71ebfde2","isMergeCommit":false,"messageTitle":"Refactor code","messageBody":"","fileTypesAndContributionMap":{"functional-code":{"insertions":4,"deletions":4}}},{"hash":"4a58016059cbefcd05cded2684890754d4b3a378","isMergeCommit":false,"messageTitle":"Add LoanListTest.java","messageBody":"","fileTypesAndContributionMap":{"test-code":{"insertions":85,"deletions":0}}},{"hash":"116401b2d926f4b5d4aa1d29db7bf81b59e4f55e","isMergeCommit":false,"messageTitle":"Add LoanTest.java","messageBody":"","fileTypesAndContributionMap":{"test-code":{"insertions":47,"deletions":0}}},{"hash":"3d4cc2056389ca106834b2147bcf735443eebee3","isMergeCommit":false,"messageTitle":"Add ParserTest.java","messageBody":"","fileTypesAndContributionMap":{"test-code":{"insertions":169,"deletions":0}}}]},{"date":"2025-10-14T00:00:00","commitResults":[{"hash":"788bbf4fd189ed6c739f36878f5711e152baccfd","isMergeCommit":true,"messageTitle":"Merge branch \u0027master\u0027 into 18-add-junit-loan-class","messageBody":"# Conflicts:\n#\tsrc/main/java/finsight/parser/Parser.java\n","fileTypesAndContributionMap":{}},{"hash":"1ebfc28328ec47382aacb59af21853ea97cb9764","isMergeCommit":false,"messageTitle":"Refactor code for better readability","messageBody":"","fileTypesAndContributionMap":{"functional-code":{"insertions":28,"deletions":15}}},{"hash":"562ae7f77158f083c132e8682d30a37c52b1b9be","isMergeCommit":false,"messageTitle":"ParserTest.java: Include ExpenseList to constructor calls in test cases","messageBody":"","fileTypesAndContributionMap":{"test-code":{"insertions":28,"deletions":12}}},{"hash":"53562f4caab43b2331025460483ce504b96ffdb9","isMergeCommit":false,"messageTitle":"Refactor code to resolve checkstyleTest errors","messageBody":"","fileTypesAndContributionMap":{"test-code":{"insertions":2,"deletions":3}}},{"hash":"9c5ba680ac607f388957f49077ca42a52a10c3ab","isMergeCommit":false,"messageTitle":"Enable Assertions on Gradle","messageBody":"","fileTypesAndContributionMap":{"other":{"insertions":1,"deletions":0}}},{"hash":"cf3e26b2bf44159ff968daba3c04f8f83624de06","isMergeCommit":false,"messageTitle":"Add Java assertions","messageBody":"","fileTypesAndContributionMap":{"functional-code":{"insertions":3,"deletions":0}}},{"hash":"371b4a0a82b108e7fadd60f1f0da164ed69aaf22","isMergeCommit":false,"messageTitle":"Add LoanRepaidCommandIndexOutOfBoundsException.java","messageBody":"","fileTypesAndContributionMap":{"functional-code":{"insertions":13,"deletions":0}}},{"hash":"7f9d77146fb7a89ce1e89ef4494bd3126bacf655","isMergeCommit":false,"messageTitle":"Add loan repaid command","messageBody":"","fileTypesAndContributionMap":{"functional-code":{"insertions":42,"deletions":9}}},{"hash":"121b55897eeb4d218484e18b3d36b2dedc69bc63","isMergeCommit":false,"messageTitle":"Refactor code to fix wrong naming","messageBody":"","fileTypesAndContributionMap":{"functional-code":{"insertions":3,"deletions":3}}},{"hash":"529d9345cc72f9850abb1d7a6a4657872aaa26a7","isMergeCommit":true,"messageTitle":"Merge pull request #21 from Emannuel-Tan/18-add-junit-loan-class","messageBody":"Add JUnit for loan class","fileTypesAndContributionMap":{}}]},{"date":"2025-10-15T00:00:00","commitResults":[{"hash":"7a6a7db88c4e848b3029bfb0021e8004e075c8c9","isMergeCommit":false,"messageTitle":"Fix checkstyle Errors","messageBody":"","fileTypesAndContributionMap":{"functional-code":{"insertions":28,"deletions":21}}},{"hash":"449cb926fb3c42a5b8758943004cadc74fb144da","isMergeCommit":false,"messageTitle":"Fix checkstyle Errors","messageBody":"","fileTypesAndContributionMap":{"test-code":{"insertions":1,"deletions":2}}},{"hash":"42f7f4a6e1de3afd1034a4b7991f68813ebe6655","isMergeCommit":true,"messageTitle":"Merge pull request #24 from Rezelix/add-Investment","messageBody":"Add investment","fileTypesAndContributionMap":{}}]},{"date":"2025-10-16T00:00:00","commitResults":[{"hash":"554407bfa3c20aa8519fe7a6bbe0bafda0e80bd8","isMergeCommit":false,"messageTitle":"Remove unused template java files","messageBody":"","fileTypesAndContributionMap":{"functional-code":{"insertions":0,"deletions":21},"test-code":{"insertions":0,"deletions":12}}},{"hash":"52daa1a7caf8a6b14398f899f6c46301468746d2","isMergeCommit":false,"messageTitle":"Update main class in build.gradle","messageBody":"","fileTypesAndContributionMap":{"other":{"insertions":1,"deletions":1}}},{"hash":"28cf72d9e6943787f980c1514a121b20a3575746","isMergeCommit":false,"messageTitle":"Fix exception error message spacing","messageBody":"","fileTypesAndContributionMap":{"functional-code":{"insertions":1,"deletions":1}}},{"hash":"1f141924eb831fd209b668efd1b30ccf71189a94","isMergeCommit":false,"messageTitle":"Change Loan.toString() output","messageBody":"","fileTypesAndContributionMap":{"functional-code":{"insertions":1,"deletions":1}}}]},{"date":"2025-10-17T00:00:00","commitResults":[{"hash":"f12fcd7933b1e0c27623331d97c6a2e83fb848ac","isMergeCommit":false,"messageTitle":"Change methods in Ui class to static and update all affected classes","messageBody":"","fileTypesAndContributionMap":{"functional-code":{"insertions":73,"deletions":85},"test-code":{"insertions":138,"deletions":157}}},{"hash":"09044bcf24c88d562590c388bcc7d8bab4d9eb05","isMergeCommit":false,"messageTitle":"Extract toLowerCase() check from if-else to part of ui method","messageBody":"","fileTypesAndContributionMap":{"functional-code":{"insertions":15,"deletions":15},"test-code":{"insertions":17,"deletions":3}}}]}],"Rezelix":[{"date":"2025-10-02T00:00:00","commitResults":[{"hash":"8b2fa95ecfb314e1ecee7517d58d736b7314da44","isMergeCommit":false,"messageTitle":"Modify AboutUs and add rezelix.md","messageBody":"","fileTypesAndContributionMap":{"docs":{"insertions":10,"deletions":7}}},{"hash":"f9f2dfe15539076b55c831c57545c20c29d93818","isMergeCommit":false,"messageTitle":"Modify rezelix.md to use full name instead of github username to title","messageBody":"","fileTypesAndContributionMap":{"docs":{"insertions":1,"deletions":1}}},{"hash":"916358ea85b66a0cd9324e775494fd492c93749c","isMergeCommit":true,"messageTitle":"Merge pull request #13 from Rezelix/lkesh-AboutUs","messageBody":"Modify AboutUs and add rezelix.md","fileTypesAndContributionMap":{}}]},{"date":"2025-10-15T00:00:00","commitResults":[{"hash":"91b69ee9786436648be2154acf4d12b879fc737a","isMergeCommit":false,"messageTitle":"Add Investment Packages, Investment and InvestmentList Classes","messageBody":"","fileTypesAndContributionMap":{"functional-code":{"insertions":32,"deletions":0}}},{"hash":"831841b5aed2ab743b986b394b5f397cee1a19de","isMergeCommit":false,"messageTitle":"Add methods to Investment List class to list, add and delete from List","messageBody":"","fileTypesAndContributionMap":{"functional-code":{"insertions":36,"deletions":0}}},{"hash":"85f714a52817d2944d0ea327370ba689eb7c0743","isMergeCommit":false,"messageTitle":"Add Ui methods to complement InvestmentList methods","messageBody":"","fileTypesAndContributionMap":{"functional-code":{"insertions":50,"deletions":4}}},{"hash":"f73f1d85ccbbae618c15ed1e1b0836a765b12b43","isMergeCommit":false,"messageTitle":"Add exception for delete command if index is out of scope","messageBody":"","fileTypesAndContributionMap":{"functional-code":{"insertions":9,"deletions":0}}},{"hash":"26baff2266b9f8df893054eb222998c64cbaf9a0","isMergeCommit":false,"messageTitle":"Add toString method and recurring deposit member for monthly investment deposits","messageBody":"","fileTypesAndContributionMap":{"functional-code":{"insertions":12,"deletions":2}}},{"hash":"2889dc3bdc8dc2b62ea55565014d0bcc6c1be51a","isMergeCommit":false,"messageTitle":"Modify Parser to integrate methods from InvestmentList and Investment classes","messageBody":"","fileTypesAndContributionMap":{"functional-code":{"insertions":61,"deletions":3}}},{"hash":"8a2167df2c68a7f86dac0e694f4df5f0c64df304","isMergeCommit":false,"messageTitle":"Modify Parser to add additional Investment class related exceptions for erroneous user input.","messageBody":"","fileTypesAndContributionMap":{"functional-code":{"insertions":44,"deletions":15}}},{"hash":"10afdf51383f17b8608e8bb03e4eb1297cf4d819","isMergeCommit":false,"messageTitle":"Fix bugs in Investment Classes","messageBody":"","fileTypesAndContributionMap":{"functional-code":{"insertions":9,"deletions":4}}},{"hash":"727b592c1a4d621578242e9e4417c3b65d0bfb5e","isMergeCommit":false,"messageTitle":"Add additional exceptions to investments with regards to user input formatting and out of bound inputs","messageBody":"","fileTypesAndContributionMap":{"functional-code":{"insertions":18,"deletions":1}}},{"hash":"f0eac6e112e47baaac8dbc3710acdf99e615a1a9","isMergeCommit":false,"messageTitle":"Modify Parser to include investment exceptions","messageBody":"","fileTypesAndContributionMap":{"functional-code":{"insertions":35,"deletions":7}}},{"hash":"d12f131431189ee4be1966782aeea9d9a1593a44","isMergeCommit":false,"messageTitle":"Fix JUnit Parser constructor for Loan tests to include investmentList","messageBody":"","fileTypesAndContributionMap":{"test-code":{"insertions":25,"deletions":12}}},{"hash":"c22b4af32d2d3d0a732cc288456b755b61be5c58","isMergeCommit":false,"messageTitle":"Add JavaDoc Comments to investment-related methods","messageBody":"","fileTypesAndContributionMap":{"functional-code":{"insertions":56,"deletions":3}}},{"hash":"cd96d345cf284853f17ded79da4272d00d727f01","isMergeCommit":false,"messageTitle":"Cleanup Investment-related Code","messageBody":"","fileTypesAndContributionMap":{"functional-code":{"insertions":13,"deletions":6}}},{"hash":"eeae426bbbb6ac792c27d80c41999087b66c8138","isMergeCommit":true,"messageTitle":"Merge branch \u0027master\u0027 into add-Investment","messageBody":"# Conflicts:\n#\tsrc/main/java/finsight/FinSight.java\n#\tsrc/main/java/finsight/parser/Parser.java\n#\tsrc/test/java/finsight/parser/ParserTest.java\n","fileTypesAndContributionMap":{}},{"hash":"d9a65b257304eff16b254fbe0f591ad8ae5851a0","isMergeCommit":false,"messageTitle":"Fix bugs","messageBody":"","fileTypesAndContributionMap":{"functional-code":{"insertions":26,"deletions":7}}}]},{"date":"2025-10-16T00:00:00","commitResults":[{"hash":"0b33301c95955720b58db54aa9411232da67a116","isMergeCommit":true,"messageTitle":"Merge pull request #27 from Emannuel-Tan/fix-gradle-main-class","messageBody":"Fix gradle main class","fileTypesAndContributionMap":{}}]}],"gbinw128":[{"date":"2025-10-02T00:00:00","commitResults":[{"hash":"8f5f70097c5f36a63c8cdb6ab2be9f234d27b932","isMergeCommit":false,"messageTitle":"Modify annd added my username","messageBody":"","fileTypesAndContributionMap":{"docs":{"insertions":9,"deletions":7}}},{"hash":"8549de9286b40d1d4c4fbeb06544b158f3d1a0dc","isMergeCommit":false,"messageTitle":"Modified my MD file to my full name","messageBody":"","fileTypesAndContributionMap":{"docs":{"insertions":1,"deletions":1}}},{"hash":"6489c59684d3c9b42a3563bce56b602dc6d22332","isMergeCommit":true,"messageTitle":"Merge branch \u0027master\u0027 of https://github.com/AY2526S1-CS2113-T10-1/tp into BinWee-AboutUs","messageBody":"# Conflicts:\n#\tdocs/AboutUs.md\n","fileTypesAndContributionMap":{}},{"hash":"26a47777a45f338adefd372f2bef2ff9b0557a8f","isMergeCommit":true,"messageTitle":"Merge pull request #14 from gbinw128/BinWee-AboutUs","messageBody":"Modify and added my username","fileTypesAndContributionMap":{}}]},{"date":"2025-10-13T00:00:00","commitResults":[{"hash":"175b7b3fec8d98e18af9e0c975ea67a7acc6d6c8","isMergeCommit":false,"messageTitle":"Add Expense.java","messageBody":"","fileTypesAndContributionMap":{"functional-code":{"insertions":21,"deletions":0}}},{"hash":"215a9ceb690a84540d24c4f4bd0aa51857272497","isMergeCommit":false,"messageTitle":"Add ExpenseList.java and added the list, add and delete expense function","messageBody":"","fileTypesAndContributionMap":{"functional-code":{"insertions":105,"deletions":7}}},{"hash":"903897aadcffd38ff46277bf181a55831adac4c3","isMergeCommit":false,"messageTitle":"Add AddExpenseCommandWrongFormatException.java","messageBody":"","fileTypesAndContributionMap":{"functional-code":{"insertions":48,"deletions":9}}},{"hash":"28a344cd13fda2c75d697db52cb4fec191acc75e","isMergeCommit":false,"messageTitle":"Add DeleteExpenseCommandIndexOutOfBoundsException.Java","messageBody":"","fileTypesAndContributionMap":{"functional-code":{"insertions":46,"deletions":10}}},{"hash":"bcfe95de9746e0fce882ebfb12567ea271699472","isMergeCommit":false,"messageTitle":"Refactor code for better readability and improvements","messageBody":"","fileTypesAndContributionMap":{"functional-code":{"insertions":66,"deletions":7}}},{"hash":"411aa2a2e93184c52870f601cb0141c0e45f52f4","isMergeCommit":false,"messageTitle":"Added name to authors for Parser and UI class","messageBody":"","fileTypesAndContributionMap":{"functional-code":{"insertions":2,"deletions":0}}}]},{"date":"2025-10-14T00:00:00","commitResults":[{"hash":"57a54e117b790dd8c3c25f1bce7dc3446a9fd1d2","isMergeCommit":true,"messageTitle":"Merge pull request #20 from gbinw128/add-expense-class","messageBody":"Add expense class","fileTypesAndContributionMap":{}}]}],"MinionWolf":[{"date":"2025-10-02T00:00:00","commitResults":[{"hash":"bc5b6cc732a1458b3ea01fa3e3247c218618cc99","isMergeCommit":false,"messageTitle":"Modify AboutUs and Add minionwolf.md","messageBody":"","fileTypesAndContributionMap":{"docs":{"insertions":13,"deletions":7}}},{"hash":"153b872b3be6b66eb0bf2ff96ea3f15ecdbaf665","isMergeCommit":false,"messageTitle":"Edit minionwolf.md file","messageBody":"","fileTypesAndContributionMap":{"docs":{"insertions":1,"deletions":1}}},{"hash":"d06c899ea1be4229f3222fde78770b6907fe39be","isMergeCommit":false,"messageTitle":"Edit AboutUs.md","messageBody":"","fileTypesAndContributionMap":{"docs":{"insertions":3,"deletions":7}}},{"hash":"d846f4189f8c2bf274e5f53cf4c7b1545c000617","isMergeCommit":true,"messageTitle":"Merge branch \u0027master\u0027 of https://github.com/AY2526S1-CS2113-T10-1/tp into Jeremy-AboutUs","messageBody":"# Resolved Conflicts:\n#\tdocs/AboutUs.md\n","fileTypesAndContributionMap":{}},{"hash":"ef5b138f318ec12dd8540ea900af72c7eced2c1c","isMergeCommit":true,"messageTitle":"Merge pull request #16 from MinionWolf/Jeremy-AboutUs","messageBody":"","fileTypesAndContributionMap":{}}]},{"date":"2025-10-13T00:00:00","commitResults":[{"hash":"305b3f127ea5acd2d960d743f82d77318d7b6be0","isMergeCommit":true,"messageTitle":"Merge remote-tracking branch \u0027upstream/master\u0027 Update master","messageBody":"","fileTypesAndContributionMap":{}},{"hash":"09f0f2d27f19fd86dd86bbca5f58874c7bf3fc90","isMergeCommit":false,"messageTitle":"Update FinSight, Parser, Ui class to integrate income Add 2 new exceptions for income Add Income, IncomeList class","messageBody":"","fileTypesAndContributionMap":{"functional-code":{"insertions":218,"deletions":6}}},{"hash":"1cf848f2e4b0ac9d36f911033ed5ece8488bfce9","isMergeCommit":false,"messageTitle":"Incorporate edit function Add new exception for edit income","messageBody":"","fileTypesAndContributionMap":{"functional-code":{"insertions":76,"deletions":7}}}]},{"date":"2025-10-14T00:00:00","commitResults":[{"hash":"aa34a3109d2a57a51da4478791e6ad237ccb8b04","isMergeCommit":false,"messageTitle":"Incorporate JUnit testing for Income, IncomeList, Parser Add new exception for wrong format for edit income","messageBody":"","fileTypesAndContributionMap":{"functional-code":{"insertions":74,"deletions":6},"test-code":{"insertions":87,"deletions":0}}},{"hash":"07ee4d82a3cb580dace0dc2eb74cd5378343355f","isMergeCommit":true,"messageTitle":"Merge remote-tracking branch \u0027upstream/master\u0027 into junit-test","messageBody":"# Conflicts:\n#\tsrc/main/java/finsight/FinSight.java\n#\tsrc/main/java/finsight/parser/Parser.java\n#\tsrc/main/java/finsight/ui/Ui.java\n","fileTypesAndContributionMap":{}},{"hash":"c5a154e463c3106bbc36dddf6813570645fc9dd3","isMergeCommit":false,"messageTitle":"Add more Junit test in Parser for income Refactor IncomeListTest and IncomeTest Modify IncomeList, Parser, Ui with changes concerning income","messageBody":"","fileTypesAndContributionMap":{"functional-code":{"insertions":36,"deletions":20},"other":{"insertions":2,"deletions":3},"test-code":{"insertions":184,"deletions":12}}},{"hash":"6287564e83be10e9ce75448615c79c81c4c8ab41","isMergeCommit":false,"messageTitle":"Modify Parser according to gradle checkstyle","messageBody":"","fileTypesAndContributionMap":{"functional-code":{"insertions":19,"deletions":14}}}]},{"date":"2025-10-15T00:00:00","commitResults":[{"hash":"bf22b17d4f579d38460a990cb86ef4ea5dfda89f","isMergeCommit":false,"messageTitle":"Update IncomeList.java","messageBody":"","fileTypesAndContributionMap":{"functional-code":{"insertions":5,"deletions":0}}},{"hash":"5054e8e11bc7d91227441e4a3b8ea7cf0fb60edd","isMergeCommit":true,"messageTitle":"Merge pull request #23 from MinionWolf/junit-test","messageBody":"Incorporate income functionality and JUnit","fileTypesAndContributionMap":{}}]}]},"authorFileTypeContributionMap":{"roydenlyr":{"docs":10,"functional-code":704,"test-code":64},"Emannuel-Tan":{"docs":6,"functional-code":601,"test-code":428,"other":2},"Rezelix":{"docs":6,"functional-code":341,"test-code":2},"gbinw128":{"docs":9,"functional-code":226,"test-code":0},"MinionWolf":{"docs":6,"functional-code":335,"test-code":176}},"authorContributionVariance":{"roydenlyr":33119.285,"Emannuel-Tan":23568.998,"Rezelix":7983.696,"gbinw128":3427.662,"MinionWolf":9724.925},"authorDisplayNameMap":{"roydenlyr":"CS2113-T10-1 ROYD.. REN","Emannuel-Tan":"CS2113-T10-1 EMAN.. YUE","Rezelix":"CS2113-T10-1 L\u0027KE..NAIR","gbinw128":"CS2113-T10-1 GOH .. WEE","MinionWolf":"CS2113-T10-1 LAI ..REMY"}}
