{"authorDailyContributionsMap":{"ljalilova":[{"date":"2025-10-02T00:00:00","commitResults":[{"hash":"132e105582ac6d0bc47072bb34ea49b49857a81a","isMergeCommit":false,"messageTitle":"Edit AboutUs file","messageBody":"","fileTypesAndContributionMap":{"docs":{"insertions":1,"deletions":5}}},{"hash":"250b594ee060c571c5858fda51f049533c7efe52","isMergeCommit":true,"messageTitle":"Merge branch \u0027master\u0027 into Leyli-AboutUs","messageBody":"","fileTypesAndContributionMap":{}}]},{"date":"2025-10-14T00:00:00","commitResults":[{"hash":"2e56c2b296240d95db96a71226aa926ab3a075ee","isMergeCommit":false,"messageTitle":"Add review command functionality","messageBody":"","fileTypesAndContributionMap":{"functional-code":{"insertions":51,"deletions":0}}},{"hash":"48d0953e7c67a16a723b19394d17700f5bb4e559","isMergeCommit":false,"messageTitle":"Add tests for review command","messageBody":"","fileTypesAndContributionMap":{"test-code":{"insertions":50,"deletions":0}}},{"hash":"147b4f9f888baf993b209dcb421b8b0a5cbd0cb0","isMergeCommit":false,"messageTitle":"Fix indentation","messageBody":"","fileTypesAndContributionMap":{"functional-code":{"insertions":7,"deletions":7}}},{"hash":"a384dd360f3f1d3ec3c16c091458977a638c76f8","isMergeCommit":false,"messageTitle":"Refactor messages","messageBody":"","fileTypesAndContributionMap":{"functional-code":{"insertions":14,"deletions":5}}},{"hash":"bd88e7d8c5e8e8f94fc6e72f6f48a4ac7902d3d1","isMergeCommit":false,"messageTitle":"Add JavaDoc comments","messageBody":"","fileTypesAndContributionMap":{"functional-code":{"insertions":15,"deletions":1}}},{"hash":"5451009e0b7ff5bea96d3fa531e989134c0a2f64","isMergeCommit":false,"messageTitle":"Update User Guide","messageBody":"","fileTypesAndContributionMap":{"docs":{"insertions":20,"deletions":0}}},{"hash":"4fde4d568912ba2a615035d4505ec4e58a055077","isMergeCommit":false,"messageTitle":"Fix code standard error","messageBody":"","fileTypesAndContributionMap":{"functional-code":{"insertions":3,"deletions":1}}},{"hash":"2541f09978eae5964fb833a34a69b15a5e5d4c08","isMergeCommit":false,"messageTitle":"Fix code standard error","messageBody":"","fileTypesAndContributionMap":{"functional-code":{"insertions":2,"deletions":2}}},{"hash":"b654a139c0776145ac3aac8d874e2ac8a2e20604","isMergeCommit":false,"messageTitle":"Fix next line error","messageBody":"","fileTypesAndContributionMap":{"functional-code":{"insertions":3,"deletions":3}}}]},{"date":"2025-10-15T00:00:00","commitResults":[{"hash":"3dbfc92e605c52d84dd455c7d1ebbd59d377f84b","isMergeCommit":false,"messageTitle":"Add guard around read next line scanner","messageBody":"","fileTypesAndContributionMap":{"functional-code":{"insertions":6,"deletions":3}}},{"hash":"682ffe00b033a5f57fa7314c29881b56b68b21ac","isMergeCommit":false,"messageTitle":"Revert expected text test","messageBody":"","fileTypesAndContributionMap":{"functional-code":{"insertions":1,"deletions":4}}}]}],"k1b1t0":[{"date":"2025-10-02T00:00:00","commitResults":[{"hash":"da9dc695f063b11f62862bf5846ce25ecc67c8b0","isMergeCommit":false,"messageTitle":"Add Duc\u0027s information in AboutUs.md","messageBody":"","fileTypesAndContributionMap":{"docs":{"insertions":3,"deletions":7}}},{"hash":"7149ba735e727e7c7794bb50c1ed7625faf01311","isMergeCommit":true,"messageTitle":"Merge pull request #1 from k1b1t0/duc-AboutUs","messageBody":"Add Duc\u0027s information in AboutUs.md","fileTypesAndContributionMap":{}},{"hash":"56613b216d021dcc82b476d761a2f94804688726","isMergeCommit":true,"messageTitle":"Merge pull request #2 from ljalilova/Leyli-AboutUs","messageBody":"Edit AboutUs file","fileTypesAndContributionMap":{}}]},{"date":"2025-10-05T00:00:00","commitResults":[{"hash":"fb8c3173e167cd33df77bccbdcb92f90f80789da","isMergeCommit":false,"messageTitle":"Init project structure","messageBody":"","fileTypesAndContributionMap":{"functional-code":{"insertions":24,"deletions":0},"other":{"insertions":2,"deletions":2}}},{"hash":"12c4499c585d2822c076976d059dc5d0b00f12f5","isMergeCommit":true,"messageTitle":"Merge pull request #5 from k1b1t0/master","messageBody":"Init project structure","fileTypesAndContributionMap":{}}]},{"date":"2025-10-07T00:00:00","commitResults":[{"hash":"768947604b30fa93b04cd9b0ca5b1d00f2ee5078","isMergeCommit":false,"messageTitle":"Add Command, Parser, Ui, and QuizMos","messageBody":"","fileTypesAndContributionMap":{"functional-code":{"insertions":156,"deletions":21},"other":{"insertions":1,"deletions":1},"test-code":{"insertions":35,"deletions":0}}},{"hash":"9dcad77a34dfb7d98a0f68aa0ca077a35a89182b","isMergeCommit":true,"messageTitle":"Merge pull request #6 from k1b1t0/master","messageBody":"Add Command, Parser, Ui, and QuizMos","fileTypesAndContributionMap":{}},{"hash":"2e23849606a990e7ae302556c1ce7315ce3a32cd","isMergeCommit":false,"messageTitle":"Add JavaDoc comments and tests","messageBody":"","fileTypesAndContributionMap":{"functional-code":{"insertions":23,"deletions":18},"test-code":{"insertions":85,"deletions":14}}},{"hash":"eb9718f2b518a91b3343c1347824c28688a4c869","isMergeCommit":false,"messageTitle":"Modify buid.gradle and runtest","messageBody":"","fileTypesAndContributionMap":{"functional-code":{"insertions":5,"deletions":6},"other":{"insertions":6,"deletions":2}}},{"hash":"aac577d10fa95d803b394829f6a657624ba6d554","isMergeCommit":true,"messageTitle":"Merge pull request #7 from k1b1t0/master","messageBody":"Add JavaDoc comments and tests","fileTypesAndContributionMap":{}},{"hash":"632cee5b0833714444cee67d165c56ef025ca720","isMergeCommit":false,"messageTitle":"Update runtest.bat","messageBody":"","fileTypesAndContributionMap":{"functional-code":{"insertions":2,"deletions":2}}},{"hash":"197cfe83fd185687971fb15ceac79fbb476dec82","isMergeCommit":true,"messageTitle":"Merge pull request #8 from k1b1t0/master","messageBody":"Update runtest.bat","fileTypesAndContributionMap":{}}]},{"date":"2025-10-09T00:00:00","commitResults":[{"hash":"c645f6b3ba69c67d7e234c9e26bb09701f7e350b","isMergeCommit":true,"messageTitle":"Merge pull request #13 from mukhtarcal/branch-Raahim","messageBody":"Add addCommand, deleteCommand, flashCard, and flashcardList","fileTypesAndContributionMap":{}}]},{"date":"2025-10-10T00:00:00","commitResults":[{"hash":"5aaa41590797d1ffcce3c16bebf58d6a74bd832c","isMergeCommit":true,"messageTitle":"Merge pull request #14 from ashutoshalung/branch-Ashutosh","messageBody":"Add ListCommand, Storage classes","fileTypesAndContributionMap":{}},{"hash":"e3cacbaccc4cd0be3d41ae98552a92a5a6689913","isMergeCommit":false,"messageTitle":"Modify some methods, change all Ui\u0027s method to static","messageBody":"","fileTypesAndContributionMap":{"functional-code":{"insertions":0,"deletions":4}}},{"hash":"313032c4aa84d5d7fb150f5b7bec12969f6cbd4b","isMergeCommit":false,"messageTitle":"Update code for checkstyle","messageBody":"","fileTypesAndContributionMap":{"functional-code":{"insertions":66,"deletions":48}}},{"hash":"d2249b7f08c7048c481c7e55d767a92ae64745d2","isMergeCommit":true,"messageTitle":"Merge pull request #16 from k1b1t0/test-pr-14","messageBody":"Modify some code, change all Ui\u0027s methods to static","fileTypesAndContributionMap":{}}]},{"date":"2025-10-14T00:00:00","commitResults":[{"hash":"70437e9e76ac7182d2a998cf17525e885f613fd9","isMergeCommit":true,"messageTitle":"Merge pull request #19 from mukhtarcal/branch-Raahim","messageBody":"Add error handling for adding and removing flashcards as well as tests for error handling","fileTypesAndContributionMap":{}}]},{"date":"2025-10-15T00:00:00","commitResults":[{"hash":"2649c952c1711dd6fb33add7f2e26b08559e27af","isMergeCommit":true,"messageTitle":"Merge pull request #20 from ljalilova/review-command","messageBody":"Review command","fileTypesAndContributionMap":{}},{"hash":"d09ee3160a4b9036158122136cb89cf7fec55b34","isMergeCommit":false,"messageTitle":"Fix: Scanner can\u0027t run in runtest","messageBody":"","fileTypesAndContributionMap":{"functional-code":{"insertions":7,"deletions":10}}},{"hash":"be881077bc404d4a397b95b3e70e118d72788b65","isMergeCommit":true,"messageTitle":"Merge branch \u0027master\u0027 into test-pr-20","messageBody":"","fileTypesAndContributionMap":{}},{"hash":"a7aee157e2160258af4892a2574b77efb2622b78","isMergeCommit":false,"messageTitle":"Fix: Checkstyle","messageBody":"","fileTypesAndContributionMap":{"functional-code":{"insertions":0,"deletions":1},"test-code":{"insertions":6,"deletions":37}}},{"hash":"413b33392cfb7cd3b1e36f7269036ca4fa7d49b7","isMergeCommit":true,"messageTitle":"Merge branch \u0027test-pr-20\u0027 of https://github.com/k1b1t0/tp into test-pr-20 nothing important","messageBody":"","fileTypesAndContributionMap":{}},{"hash":"31a8a4c4f518d8179804b9f831b573198883336d","isMergeCommit":false,"messageTitle":"Fix: Checkstyle for test and main","messageBody":"","fileTypesAndContributionMap":{"test-code":{"insertions":1,"deletions":5}}},{"hash":"78d048ce81b481da764cc7ccca0cf46a8d8497a0","isMergeCommit":true,"messageTitle":"Merge pull request #21 from k1b1t0/test-pr-20","messageBody":"Fix: Scanner can\u0027t run in runtest","tags":["v1.0"],"fileTypesAndContributionMap":{}}]},{"date":"2025-10-23T00:00:00","commitResults":[{"hash":"257911764731fe85fc5af279f579816413301ba2","isMergeCommit":false,"messageTitle":"Add PR template","messageBody":"","fileTypesAndContributionMap":{"docs":{"insertions":15,"deletions":0}}},{"hash":"08d4d3553c3adaea433643786cea6e7d47c186a8","isMergeCommit":true,"messageTitle":"Merge pull request #27 from k1b1t0/review-enhancement","messageBody":"Add PR template","fileTypesAndContributionMap":{}}]},{"date":"2025-10-24T00:00:00","commitResults":[{"hash":"cca8bd9ee7c332c2b2951ae4fbff85937574145c","isMergeCommit":false,"messageTitle":"Add review features and JUnit tests","messageBody":"","fileTypesAndContributionMap":{"functional-code":{"insertions":530,"deletions":89},"test-code":{"insertions":162,"deletions":13}}},{"hash":"a8f2b8bdb0451ba7ec068d21b03e6cea57afb6fb","isMergeCommit":false,"messageTitle":"Add regression test, update UG","messageBody":"","fileTypesAndContributionMap":{"functional-code":{"insertions":10,"deletions":12},"docs":{"insertions":11,"deletions":8},"test-code":{"insertions":1,"deletions":28}}},{"hash":"5948395e0813e21ff750157b5977810ee6d2b9b4","isMergeCommit":false,"messageTitle":"Fix runtest.bat","messageBody":"","fileTypesAndContributionMap":{"functional-code":{"insertions":20,"deletions":8},"other":{"insertions":2,"deletions":2}}},{"hash":"fbeda50183858fc9786484e301c31c63382f41c8","isMergeCommit":true,"messageTitle":"Merge pull request #29 from k1b1t0/review-enhancement","messageBody":"Review enhancement","fileTypesAndContributionMap":{}}]},{"date":"2025-10-29T00:00:00","commitResults":[{"hash":"5fd10cf04124027afe2989bf172662ea3f2b65d6","isMergeCommit":false,"messageTitle":"Update UG (overall) and DG (for review), will update diagrams tomorow","messageBody":"","fileTypesAndContributionMap":{"docs":{"insertions":78,"deletions":41}}}]},{"date":"2025-10-30T00:00:00","commitResults":[{"hash":"fcce4d5aee690ebeccfbaa910a3adedecaf9bf0f","isMergeCommit":false,"messageTitle":"Update DG and UG","messageBody":"","fileTypesAndContributionMap":{"docs":{"insertions":113,"deletions":48}}},{"hash":"7837bb2224f8d5e8a9d16b1cc502bae1acda7543","isMergeCommit":false,"messageTitle":"Update UG","messageBody":"","fileTypesAndContributionMap":{"docs":{"insertions":24,"deletions":23}}},{"hash":"082c39c189665c8fc1c84011f8f70008eed8f4f8","isMergeCommit":false,"messageTitle":"Update UG","messageBody":"","fileTypesAndContributionMap":{"docs":{"insertions":1,"deletions":0}}},{"hash":"830bb03be3a561e83bea9b021224863d5c5aede0","isMergeCommit":true,"messageTitle":"Merge pull request #41 from mukhtarcal/branch-Raahim","messageBody":"Add error handling and testing for add, delete, and search features","fileTypesAndContributionMap":{}}]},{"date":"2025-10-31T00:00:00","commitResults":[{"hash":"4b6a0f6be28708b20c7c3377de849652256b7caa","isMergeCommit":true,"messageTitle":"Merge pull request #44 from mukhtarcal/branch-Raahim","messageBody":"Add PPP","fileTypesAndContributionMap":{}},{"hash":"015d5735ce1dc4fc33868fa519b00350c90d8588","isMergeCommit":true,"messageTitle":"Merge pull request #45 from ashutoshalung/branch-Ashutosh","messageBody":"Create PPP and update UG","fileTypesAndContributionMap":{}},{"hash":"89d7221f0d9fc475c0764ba0ee92471170e31af1","isMergeCommit":false,"messageTitle":"Add PPP draft","messageBody":"","fileTypesAndContributionMap":{"docs":{"insertions":19,"deletions":7}}},{"hash":"692802386198d12c0ecda8bd1a2ab2ac280d2b68","isMergeCommit":true,"messageTitle":"Merge pull request #46 from ashutoshalung/branch-Ashutosh","messageBody":"Update PPP","fileTypesAndContributionMap":{}},{"hash":"aa0246dddabb10b0f38025c5feab87c21cd7ad64","isMergeCommit":true,"messageTitle":"Merge pull request #47 from k1b1t0/master","messageBody":"Add PPP draft","fileTypesAndContributionMap":{}}]},{"date":"2025-11-02T00:00:00","commitResults":[{"hash":"05e1c4531c45e0662d763e40758446b35cc6932c","isMergeCommit":false,"messageTitle":"Fix issue #74 and #81","messageBody":"","fileTypesAndContributionMap":{"functional-code":{"insertions":6,"deletions":1}}},{"hash":"9a1e8e9137256ca67b1cef667805215ec88a1181","isMergeCommit":false,"messageTitle":"Fix issue #63","messageBody":"","fileTypesAndContributionMap":{"functional-code":{"insertions":1,"deletions":0}}},{"hash":"1c1ad4f1a88d129db287cd3f14daad08f252e6a6","isMergeCommit":false,"messageTitle":"Fix #60","messageBody":"","fileTypesAndContributionMap":{"docs":{"insertions":16,"deletions":16}}},{"hash":"05d1993eb1c5ce895522e3e43cb6961ac64e2f45","isMergeCommit":false,"messageTitle":"Fix #58","messageBody":"","fileTypesAndContributionMap":{"functional-code":{"insertions":1,"deletions":1}}},{"hash":"0abb4383c18deee37f054ea5ad543a52ec9d306e","isMergeCommit":false,"messageTitle":"Fix #48","messageBody":"","fileTypesAndContributionMap":{"functional-code":{"insertions":17,"deletions":11}}},{"hash":"c3416f02a741b7969305301ef200ee96114e72da","isMergeCommit":true,"messageTitle":"Merge branch \u0027master\u0027 into ped-fix-duc","messageBody":"","fileTypesAndContributionMap":{}},{"hash":"29d9a2e227401c9c341bb3c9cc8a45d02c3675e2","isMergeCommit":false,"messageTitle":"Separate function between UI and Messages","messageBody":"","fileTypesAndContributionMap":{"functional-code":{"insertions":6,"deletions":18}}},{"hash":"6b3089843291d7b08e3167e0cb839dd58d25a6f4","isMergeCommit":true,"messageTitle":"Merge branch \u0027ped-fix-duc\u0027 of https://github.com/k1b1t0/tp into ped-fix-duc","messageBody":"# Conflicts:\n#\tsrc/main/java/quizmos/flashcardlist/FlashcardList.java\n#\tsrc/main/java/quizmos/ui/Ui.java\n","fileTypesAndContributionMap":{}},{"hash":"f484640d2f108b1b7a536d9e5c2f7d306b877b80","isMergeCommit":false,"messageTitle":"Add some small changes","messageBody":"","fileTypesAndContributionMap":{"functional-code":{"insertions":14,"deletions":12}}},{"hash":"a7fd36f862a75098811cc8da0fa5378d1a7fedcd","isMergeCommit":false,"messageTitle":"Add Logger","messageBody":"","fileTypesAndContributionMap":{"functional-code":{"insertions":41,"deletions":6}}},{"hash":"d5972672d402edb9d74b15cd82ef2df49613da97","isMergeCommit":false,"messageTitle":"Fix checkstyle","messageBody":"","fileTypesAndContributionMap":{"functional-code":{"insertions":18,"deletions":24}}},{"hash":"de566a62b779a14c16a6a787b756e97b69402d57","isMergeCommit":false,"messageTitle":"Fix test","messageBody":"","fileTypesAndContributionMap":{"docs":{"insertions":2,"deletions":0},"test-code":{"insertions":10,"deletions":14}}},{"hash":"faefe256d17e501922e23cc08a50ca72c53df7c5","isMergeCommit":true,"messageTitle":"Merge pull request #88 from k1b1t0/ped-fix-duc","messageBody":"Add Logger","fileTypesAndContributionMap":{}},{"hash":"e694f0bf28ca0bb3b22321360efbccc1db8caea0","isMergeCommit":true,"messageTitle":"Merge branch \u0027master\u0027 into branch-Raahim","messageBody":"","fileTypesAndContributionMap":{}},{"hash":"2b11f0ddd39c8c21dbe95b81ec5840f162b0ac93","isMergeCommit":true,"messageTitle":"Merge pull request #87 from mukhtarcal/branch-Raahim","messageBody":"Fix adding empty question or answer flashcards bug","fileTypesAndContributionMap":{}},{"hash":"208b8503ee9a1b143db12b725ead5d82aa2459fa","isMergeCommit":false,"messageTitle":"Modify list command","messageBody":"","fileTypesAndContributionMap":{"functional-code":{"insertions":28,"deletions":53},"docs":{"insertions":30,"deletions":0},"test-code":{"insertions":7,"deletions":17}}},{"hash":"326c4cd98df3baa0f2be28391d4de1d6060fb1ab","isMergeCommit":true,"messageTitle":"Merge pull request #90 from k1b1t0/master","messageBody":"Modify list command","fileTypesAndContributionMap":{}},{"hash":"8cf485bbfadf915727331928e5d35b1d19ca2c37","isMergeCommit":false,"messageTitle":"Add DG (overall architecture, review features), UG Quick start","messageBody":"","fileTypesAndContributionMap":{"docs":{"insertions":129,"deletions":59}}}]},{"date":"2025-11-03T00:00:00","commitResults":[{"hash":"6b621db343d9ce7b8060f45ae9efb1a42b79f6c6","isMergeCommit":false,"messageTitle":"Clean up UI class","messageBody":"","fileTypesAndContributionMap":{"functional-code":{"insertions":43,"deletions":80},"test-code":{"insertions":12,"deletions":42}}},{"hash":"1e2f35ab540286f470973cb86166d3f8472741c3","isMergeCommit":false,"messageTitle":"Fix checkstyle","messageBody":"","fileTypesAndContributionMap":{"functional-code":{"insertions":5,"deletions":8},"test-code":{"insertions":4,"deletions":1}}},{"hash":"3ec88dc5afa69b258b0d5251e3b87e3d79c2a412","isMergeCommit":false,"messageTitle":"Update UG","messageBody":"","fileTypesAndContributionMap":{"docs":{"insertions":9,"deletions":3}}},{"hash":"5f811695f9186ee0b56845a020724d3418c403d2","isMergeCommit":false,"messageTitle":"Fix tests","messageBody":"","fileTypesAndContributionMap":{"functional-code":{"insertions":9,"deletions":5},"test-code":{"insertions":31,"deletions":116}}},{"hash":"fc4734843f57a4a07f6b6f0957ce57478fc521de","isMergeCommit":false,"messageTitle":"Fix regresison test","messageBody":"","fileTypesAndContributionMap":{"functional-code":{"insertions":2,"deletions":0}}}]}],"ashutoshalung":[{"date":"2025-10-02T00:00:00","commitResults":[{"hash":"c722b6b6b9b9386bf807de4875639407b16e21bd","isMergeCommit":false,"messageTitle":"Reset master","messageBody":"","fileTypesAndContributionMap":{"docs":{"insertions":6,"deletions":3}}}]},{"date":"2025-10-09T00:00:00","commitResults":[{"hash":"282c8c5808b6b4b66197d60e212cf49309f2677a","isMergeCommit":true,"messageTitle":"Merge branch \u0027master\u0027 of https://github.com/ashutoshalung/tp","messageBody":"","fileTypesAndContributionMap":{}},{"hash":"6f58d421d6f071571c7b69c2c2876864754a0165","isMergeCommit":true,"messageTitle":"Merge branch \u0027master\u0027 of https://github.com/AY2526S1-CS2113-T11-1/tp","messageBody":"","fileTypesAndContributionMap":{}}]},{"date":"2025-10-10T00:00:00","commitResults":[{"hash":"fe44cea4520504eca82abd3ac36bd23fdf3b6c35","isMergeCommit":false,"messageTitle":"Add ListCommand, Storage classes","messageBody":"","fileTypesAndContributionMap":{"functional-code":{"insertions":157,"deletions":8}}},{"hash":"46feadecd467c5675bd9f70244a0b96dfe2e7f4f","isMergeCommit":false,"messageTitle":"Ensure checkstyle works","messageBody":"","fileTypesAndContributionMap":{"functional-code":{"insertions":10,"deletions":6}}},{"hash":"72aa5c21fb8c783a2d333373778b178120b4924f","isMergeCommit":false,"messageTitle":"Add UI tests for Storage and ListCommand","messageBody":"","fileTypesAndContributionMap":{"functional-code":{"insertions":0,"deletions":9},"test-code":{"insertions":206,"deletions":0}}},{"hash":"7a92eb343e8d0c4e4a055e994efe19bb8ad8cc01","isMergeCommit":false,"messageTitle":"Fix duplicate file creation in StorageTest class","messageBody":"","fileTypesAndContributionMap":{"test-code":{"insertions":0,"deletions":1}}}]},{"date":"2025-10-22T00:00:00","commitResults":[{"hash":"acad5026eaf74c5ebf515cf30a824f776320f839","isMergeCommit":true,"messageTitle":"Merge pull request #23 from mukhtarcal/branch-Raahim","messageBody":"Add search feature","fileTypesAndContributionMap":{}}]},{"date":"2025-10-23T00:00:00","commitResults":[{"hash":"cb4e53f56e58958c1044f959eedb0fb444853aa5","isMergeCommit":false,"messageTitle":"Make changes to StorageTest file","messageBody":"","fileTypesAndContributionMap":{"functional-code":{"insertions":3,"deletions":2},"test-code":{"insertions":49,"deletions":46}}},{"hash":"9e8721bd4dde61668fc2cb3dd3b74b87823c0121","isMergeCommit":false,"messageTitle":"Improve code quality and code style for StorageTest","messageBody":"","fileTypesAndContributionMap":{"test-code":{"insertions":0,"deletions":3}}},{"hash":"e2cd16143397c1ee2b8558e8c8536ee7d6b60ce8","isMergeCommit":true,"messageTitle":"Merge pull request #28 from ashutoshalung/branch-Ashutosh","messageBody":"Make changes to StorageTest file. Improve code quality and adhere to coding standards.","fileTypesAndContributionMap":{}}]},{"date":"2025-10-29T00:00:00","commitResults":[{"hash":"128dd6f7c81cf84c3e1858d3bf5de3db581ecdef","isMergeCommit":false,"messageTitle":"Add starring feature","messageBody":"","fileTypesAndContributionMap":{"functional-code":{"insertions":39,"deletions":0},"docs":{"insertions":1,"deletions":0}}},{"hash":"c6580ca93eb12149127815793dd832ba5d44c70f","isMergeCommit":true,"messageTitle":"Update local branch","messageBody":"","fileTypesAndContributionMap":{}},{"hash":"385530e0bb641cedc93fed8c1d0c0aad86d766d1","isMergeCommit":false,"messageTitle":"Add starring feature","messageBody":"","fileTypesAndContributionMap":{"functional-code":{"insertions":34,"deletions":13},"docs":{"insertions":1,"deletions":0},"test-code":{"insertions":7,"deletions":7}}},{"hash":"d10bda86c5750e253d6673ed1c6b6b91247a1d49","isMergeCommit":false,"messageTitle":"Make sequence and class diagram for starring feature","messageBody":"","fileTypesAndContributionMap":{"functional-code":{"insertions":112,"deletions":0}}},{"hash":"f4012948fa1206da6c9e9edb7322fb766e8961d8","isMergeCommit":false,"messageTitle":"Update DG","messageBody":"","fileTypesAndContributionMap":{"functional-code":{"insertions":20,"deletions":0},"docs":{"insertions":94,"deletions":0}}},{"hash":"eff294dd94ef07688cb73d0825c75bbfc7ea3251","isMergeCommit":false,"messageTitle":"Add more changes to DG","messageBody":"","fileTypesAndContributionMap":{"docs":{"insertions":50,"deletions":52}}},{"hash":"fde124fee69278f5a1134f6370ce74ddb91a2c71","isMergeCommit":false,"messageTitle":"Add Starring Feature to UG","messageBody":"","fileTypesAndContributionMap":{"docs":{"insertions":18,"deletions":7}}},{"hash":"e37379ee65612310d409f64222bb7ec330b92e89","isMergeCommit":false,"messageTitle":"Debugging DG","messageBody":"","fileTypesAndContributionMap":{"docs":{"insertions":1,"deletions":1}}},{"hash":"d36597be55a29c2b4051d5df74497b5d6665a5d1","isMergeCommit":false,"messageTitle":"Update DG","messageBody":"","fileTypesAndContributionMap":{"docs":{"insertions":5,"deletions":5}}},{"hash":"19b9b79db674ad5602b44be1931bc020d5d60bef","isMergeCommit":false,"messageTitle":"Refine DG","messageBody":"","fileTypesAndContributionMap":{"docs":{"insertions":5,"deletions":5}}},{"hash":"10c7e5d96e86c6fa348a8d6984991bfb46801d61","isMergeCommit":false,"messageTitle":"Correct DG","messageBody":"","fileTypesAndContributionMap":{"docs":{"insertions":5,"deletions":5}}},{"hash":"e0d4be5ae7cb86d38528388587ac3a862d7d0427","isMergeCommit":true,"messageTitle":"Merge pull request #34 from k1b1t0/update-ug-dg-review","messageBody":"Update UG (overall) and DG (for review), will update diagrams tomorow","fileTypesAndContributionMap":{}},{"hash":"6025378ebb0ab84cfad46d6164ee125aa79cebfb","isMergeCommit":true,"messageTitle":"Merge branch \u0027master\u0027 into branch-Ashutosh","messageBody":"","fileTypesAndContributionMap":{}}]},{"date":"2025-10-30T00:00:00","commitResults":[{"hash":"29efefc4c12cec29fbc46a0096d05f8112663e46","isMergeCommit":true,"messageTitle":"Merge pull request #37 from mukhtarcal/branch-Raahim","messageBody":"Update UG and DG for add, delete, and search features","fileTypesAndContributionMap":{}}]},{"date":"2025-10-31T00:00:00","commitResults":[{"hash":"b42f5c04b72fa1fb7cb4c943356d52c40811980e","isMergeCommit":false,"messageTitle":"Create PPP and update UG","messageBody":"","fileTypesAndContributionMap":{"docs":{"insertions":0,"deletions":0}}},{"hash":"639efeb39ae3cef1b15fac206b2694b69cbc5ea7","isMergeCommit":false,"messageTitle":"Update PPP","messageBody":"","fileTypesAndContributionMap":{"docs":{"insertions":91,"deletions":0}}}]},{"date":"2025-11-01T00:00:00","commitResults":[{"hash":"2673f2806be50657637aba5427be2824fc8a5a95","isMergeCommit":false,"messageTitle":"Fix bug Starring has no visible functionality","messageBody":"","fileTypesAndContributionMap":{"functional-code":{"insertions":81,"deletions":18},"test-code":{"insertions":12,"deletions":0}}},{"hash":"1e26b8cd64ff53ffa5126fd3c86e9b20e404f546","isMergeCommit":false,"messageTitle":"Fix Junit tests for updated starring functionality","messageBody":"","fileTypesAndContributionMap":{"functional-code":{"insertions":0,"deletions":1},"test-code":{"insertions":1,"deletions":1}}},{"hash":"9a22f714b8573f6a0246ae2640ddd1015b49082f","isMergeCommit":false,"messageTitle":"Fix CheckStyle errors","messageBody":"","fileTypesAndContributionMap":{"functional-code":{"insertions":9,"deletions":9},"test-code":{"insertions":1,"deletions":3}}},{"hash":"3efcb89900c6166807a62d5efdce3c675e5b9754","isMergeCommit":false,"messageTitle":"Fix complete Expected.txt","messageBody":"","fileTypesAndContributionMap":{"other":{"insertions":5,"deletions":3}}},{"hash":"f4bd418b9b7238a61f4645a24e7bf76e0cbaf6d5","isMergeCommit":false,"messageTitle":"Fix expected.txt and associated files","messageBody":"","fileTypesAndContributionMap":{"functional-code":{"insertions":3,"deletions":3},"test-code":{"insertions":5,"deletions":5}}}]},{"date":"2025-11-02T00:00:00","commitResults":[{"hash":"0d7aa6a627e5271e25479c804cb2bb83e2182f85","isMergeCommit":false,"messageTitle":"Ensure SLAP in FlashCard List","messageBody":"","fileTypesAndContributionMap":{"functional-code":{"insertions":35,"deletions":24}}},{"hash":"704d0c72f095c729f4c6a792dd47463644e6d351","isMergeCommit":true,"messageTitle":"Merge branch \u0027master\u0027 of https://github.com/ashutoshalung/tp into branch-Ashutosh","messageBody":"","fileTypesAndContributionMap":{}},{"hash":"badead0ece498319008827e8e5adbdb1cacac3d7","isMergeCommit":false,"messageTitle":"Add Unstar feature","messageBody":"","fileTypesAndContributionMap":{"functional-code":{"insertions":115,"deletions":50},"test-code":{"insertions":58,"deletions":21}}},{"hash":"5eb749750e5f22b6cb0ca2f7e0e3cbb602e45b01","isMergeCommit":true,"messageTitle":"Resolve merge conflicts","messageBody":"","fileTypesAndContributionMap":{}},{"hash":"fdc8b97edcc397eb2c6456f3c2714e2ad42bd7e1","isMergeCommit":false,"messageTitle":"Resolve all merge conflicts","messageBody":"","fileTypesAndContributionMap":{"functional-code":{"insertions":1,"deletions":1},"test-code":{"insertions":0,"deletions":1}}},{"hash":"adf0025efead4ef91c9b2386aeafcc1e9e6f164c","isMergeCommit":true,"messageTitle":"Resolve merge conflicts in FlashCardList","messageBody":"","fileTypesAndContributionMap":{}},{"hash":"2bcfa31c346bbde3dead610ecd5b8be33a11625c","isMergeCommit":false,"messageTitle":"Resolve checkstyle errors","messageBody":"","fileTypesAndContributionMap":{"functional-code":{"insertions":5,"deletions":18}}},{"hash":"31f376dc4bfcd0a0e30fbe03c69dc9bc0e4afc62","isMergeCommit":true,"messageTitle":"Edit quizmos.log","messageBody":"","fileTypesAndContributionMap":{}}]},{"date":"2025-11-03T00:00:00","commitResults":[{"hash":"678fd2e39b2b11c9aaed0ddeb6f9a0cdf1ffd062","isMergeCommit":true,"messageTitle":"Merge pull request #93 from mukhtarcal/branch-Raahim","messageBody":"Add diagrams to DG","fileTypesAndContributionMap":{}},{"hash":"b00266b676585da4219ec50885155726cd4121e3","isMergeCommit":false,"messageTitle":"Use regex for loading method in Storage","messageBody":"","fileTypesAndContributionMap":{"functional-code":{"insertions":60,"deletions":26}}},{"hash":"7895fa02202fb74cf97cc617b1865a9283350b24","isMergeCommit":false,"messageTitle":"Resolve Getstar errors","messageBody":"","fileTypesAndContributionMap":{"functional-code":{"insertions":10,"deletions":4}}},{"hash":"1c38fbffe86638eb2835978494dc504b54f2b9b5","isMergeCommit":false,"messageTitle":"Debug StarCommand","messageBody":"","fileTypesAndContributionMap":{"functional-code":{"insertions":38,"deletions":8}}},{"hash":"4e61e08c56241e1d02be55f495f8b26ad3041dd5","isMergeCommit":true,"messageTitle":"Merge branch \u0027master\u0027 of https://github.com/AY2526S1-CS2113-T11-1/tp into branch-Ashutosh","messageBody":"","fileTypesAndContributionMap":{}},{"hash":"973a5e285673f9e05479a0d21bc3463257204a27","isMergeCommit":false,"messageTitle":"Resolve Checkstyle errors","messageBody":"","fileTypesAndContributionMap":{"functional-code":{"insertions":14,"deletions":17}}},{"hash":"06fd4484b707f816a9ced1e17df4a53cf634b582","isMergeCommit":true,"messageTitle":"Merge pull request #94 from k1b1t0/master","messageBody":"Clean up UI class","fileTypesAndContributionMap":{}},{"hash":"3751d0aa4eefa48819589ce3ce2ee8e0fcef7980","isMergeCommit":true,"messageTitle":"Resolve merge conflicts","messageBody":"","fileTypesAndContributionMap":{}},{"hash":"4a2e0576d12fb5f35d768a370199e14ae5049439","isMergeCommit":false,"messageTitle":"Resolve Checkstyle errors","messageBody":"","fileTypesAndContributionMap":{"functional-code":{"insertions":1,"deletions":13}}}]}],"mukhtarcal":[{"date":"2025-10-09T00:00:00","commitResults":[{"hash":"2679036ce8884018f6869966d35691bc4af9c2ab","isMergeCommit":false,"messageTitle":"Add addCommand, deleteCommand, flashCard, and flashcardList","messageBody":"","fileTypesAndContributionMap":{"functional-code":{"insertions":207,"deletions":25}}},{"hash":"aa8be912b59dd0196285b18a8ca47588531cf67a","isMergeCommit":false,"messageTitle":"Fix style, import * should be avoided","messageBody":"","fileTypesAndContributionMap":{"functional-code":{"insertions":13,"deletions":8},"other":{"insertions":1,"deletions":1}}}]},{"date":"2025-10-10T00:00:00","commitResults":[{"hash":"919f772be736bd0ca887e72f8da8b55a7118a827","isMergeCommit":false,"messageTitle":"Add junit tests for addFalshcardCommand, removeFlashcardCommand, flashcard, and flashcardList","messageBody":"","fileTypesAndContributionMap":{"functional-code":{"insertions":9,"deletions":3},"docs":{"insertions":45,"deletions":19},"test-code":{"insertions":140,"deletions":0}}},{"hash":"888a9a827ac6763fcb657d6213effeb7d38c42ff","isMergeCommit":false,"messageTitle":"Fix UI test","messageBody":"","fileTypesAndContributionMap":{"functional-code":{"insertions":1,"deletions":1}}},{"hash":"38c9f4ed878d27dcaa093fd915ba4bb32453053d","isMergeCommit":true,"messageTitle":"Merge branch \u0027master\u0027 into branch-Raahim","messageBody":"","fileTypesAndContributionMap":{}},{"hash":"978c730e4fc9f5511fb9928c1543fe1202cb88e0","isMergeCommit":true,"messageTitle":"Fix merge conflicts","messageBody":"","fileTypesAndContributionMap":{}},{"hash":"b18ca08a507484f48479e9b99be16c38444f2a4a","isMergeCommit":true,"messageTitle":"Fix merge conflicts in UI","messageBody":"","fileTypesAndContributionMap":{}},{"hash":"e02eb015396121f8afaee34aa9ed71a6f1eda3eb","isMergeCommit":false,"messageTitle":"Fix all conflicts","messageBody":"","fileTypesAndContributionMap":{"test-code":{"insertions":14,"deletions":14}}},{"hash":"068929f45f624e58186be10cac11d195aafcc771","isMergeCommit":true,"messageTitle":"Merge pull request #17 from mukhtarcal/branch-Raahim","messageBody":"Add junit tests for addFalshcardCommand, removeFlashcardCommand, flashcard, and flashcardList","fileTypesAndContributionMap":{}}]},{"date":"2025-10-14T00:00:00","commitResults":[{"hash":"b3fd8df628934cbd06f9df9b616217069b466fd3","isMergeCommit":true,"messageTitle":"Merge pull request #18 from ashutoshalung/branch-Ashutosh","messageBody":"Add junit tests for Storage and ListCommand","fileTypesAndContributionMap":{}},{"hash":"ca282a7189a65ab585b177877242852b4c665ff6","isMergeCommit":false,"messageTitle":"Add error handling for adding and removing flashcards as well as tests for error handling","messageBody":"","fileTypesAndContributionMap":{"functional-code":{"insertions":57,"deletions":14},"test-code":{"insertions":35,"deletions":0}}}]},{"date":"2025-10-22T00:00:00","commitResults":[{"hash":"f308b2e59c7acba8421ced3b95b34a4ea685c0d5","isMergeCommit":false,"messageTitle":"Move logic from parser into AddFlashcardCommand and RemoveFlashcardCommand","messageBody":"","fileTypesAndContributionMap":{"functional-code":{"insertions":27,"deletions":33},"other":{"insertions":2,"deletions":1},"docs":{"insertions":16,"deletions":3},"test-code":{"insertions":10,"deletions":11}}},{"hash":"67fc8f6e01a99f9eb98b261801ca55b12fd77103","isMergeCommit":false,"messageTitle":"Remove ivalidIndexCommand","messageBody":"","fileTypesAndContributionMap":{"functional-code":{"insertions":0,"deletions":15}}},{"hash":"3b2a757f3c28f2415868dda378d659aa788d24c3","isMergeCommit":true,"messageTitle":"Merge pull request #22 from mukhtarcal/branch-Raahim","messageBody":"Move logic from parser into AddFlashcardCommand and RemoveFlashcardCommand","fileTypesAndContributionMap":{}},{"hash":"c9e8a29c84796fdb18f1db2aaf2070e4ba672f52","isMergeCommit":false,"messageTitle":"Add search feature","messageBody":"","fileTypesAndContributionMap":{"functional-code":{"insertions":43,"deletions":1},"test-code":{"insertions":21,"deletions":4}}},{"hash":"89f7fbc166455dd46c7c9c2177477b326f893a9c","isMergeCommit":false,"messageTitle":"Remove unnecessary lines","messageBody":"","fileTypesAndContributionMap":{"functional-code":{"insertions":0,"deletions":2}}}]},{"date":"2025-10-29T00:00:00","commitResults":[{"hash":"c45344edd38a70d9614e22977034a0da3c128fbc","isMergeCommit":true,"messageTitle":"Merge pull request #32 from ashutoshalung/branch-Ashutosh","messageBody":"Star important flashcards and retrieve them","fileTypesAndContributionMap":{}},{"hash":"bdb09eb8b5e1076ccea4adacb4ee2ada9ad83eb0","isMergeCommit":true,"messageTitle":"Merge pull request #36 from ashutoshalung/branch-Ashutosh","messageBody":"[Doc] Update DG and UG","fileTypesAndContributionMap":{}},{"hash":"33e95a4a6fa32502ab380d7de428672f136f4b55","isMergeCommit":false,"messageTitle":"Update UG and DG","messageBody":"","fileTypesAndContributionMap":{"docs":{"insertions":358,"deletions":8}}}]},{"date":"2025-10-30T00:00:00","commitResults":[{"hash":"8130c8ec3419dd8afb0e344bdb75eafd5866ccb3","isMergeCommit":true,"messageTitle":"Merge pull request #38 from k1b1t0/update-ug-dg-review","messageBody":"Update DG and UG","fileTypesAndContributionMap":{}},{"hash":"ffa2ef174114799ad4c359ad362b60ba17b585d4","isMergeCommit":false,"messageTitle":"Add error handling and testing for add, delete, and search features","messageBody":"","fileTypesAndContributionMap":{"functional-code":{"insertions":20,"deletions":0},"test-code":{"insertions":92,"deletions":0}}},{"hash":"41385d0bfb561bdcfe585892dfe0ac89c4bcf541","isMergeCommit":false,"messageTitle":"Fix naming convention for tests","messageBody":"","fileTypesAndContributionMap":{"test-code":{"insertions":14,"deletions":13}}}]},{"date":"2025-10-31T00:00:00","commitResults":[{"hash":"536ce9f5c111aa6c5dfac29746f1d35b58b71232","isMergeCommit":false,"messageTitle":"Add PPP","messageBody":"","fileTypesAndContributionMap":{"docs":{"insertions":83,"deletions":7}}}]},{"date":"2025-11-01T00:00:00","commitResults":[{"hash":"c208801191216a248abba5f39e303baf5da2c39a","isMergeCommit":true,"messageTitle":"Merge pull request #85 from ashutoshalung/branch-Ashutosh","messageBody":"Fix issue: Starred flashcards have no visible functionality","fileTypesAndContributionMap":{}}]},{"date":"2025-11-02T00:00:00","commitResults":[{"hash":"21150eeb42ddb31942c529bdf1e2330ade8df94e","isMergeCommit":true,"messageTitle":"Merge pull request #86 from k1b1t0/ped-fix-duc","messageBody":"Ped fix duc","fileTypesAndContributionMap":{}},{"hash":"7f6cf00a9837f5f8111d912a63fd34a3a51bfc9f","isMergeCommit":false,"messageTitle":"Fix adding empty question or answer flashcards bug","messageBody":"","fileTypesAndContributionMap":{"functional-code":{"insertions":35,"deletions":1},"test-code":{"insertions":56,"deletions":0}}},{"hash":"a3540070a602776cd605219816e3a9346cf040d9","isMergeCommit":false,"messageTitle":"Add DG template","messageBody":"","fileTypesAndContributionMap":{"functional-code":{"insertions":0,"deletions":15},"docs":{"insertions":86,"deletions":286}}},{"hash":"2915da7cf783d2593f348520d57ca4a16d3afff8","isMergeCommit":false,"messageTitle":"Corrected DG Table of contents","messageBody":"","fileTypesAndContributionMap":{"docs":{"insertions":3,"deletions":2}}},{"hash":"2bb421dbd5b341af7be355ee681fd7160900571e","isMergeCommit":false,"messageTitle":"Additional fix to table of contents","messageBody":"","fileTypesAndContributionMap":{"docs":{"insertions":1,"deletions":1}}},{"hash":"81fde351796665b992a567b765f014fdde154c1f","isMergeCommit":true,"messageTitle":"Merge pull request #91 from k1b1t0/master","messageBody":"Add DG (overall architecture, review features), UG Quick start","fileTypesAndContributionMap":{}},{"hash":"d620e01a7a2308395ef00e14f206f725dddbe67b","isMergeCommit":false,"messageTitle":"Add diagrams to DG","messageBody":"","fileTypesAndContributionMap":{"docs":{"insertions":304,"deletions":169}}}]},{"date":"2025-11-03T00:00:00","commitResults":[{"hash":"46c17a95522f17bdf90c9120e1d03b13ef9d19ca","isMergeCommit":true,"messageTitle":"Merge pull request #89 from ashutoshalung/branch-Ashutosh","messageBody":"Add unstar feature","fileTypesAndContributionMap":{}},{"hash":"fbf85cc6bb8a2f2dc9d9d2c77b7a523b364edd07","isMergeCommit":true,"messageTitle":"Merge pull request #95 from ashutoshalung/branch-Ashutosh","messageBody":"Debug StarCommand","fileTypesAndContributionMap":{}}]}]},"authorFileTypeContributionMap":{"ljalilova":{"docs":2,"functional-code":33,"test-code":9},"k1b1t0":{"docs":279,"functional-code":818,"test-code":262,"other":8},"ashutoshalung":{"docs":252,"functional-code":366,"test-code":216,"other":5},"mukhtarcal":{"docs":502,"functional-code":186,"test-code":189,"other":1}},"authorContributionVariance":{"ljalilova":721.37646,"k1b1t0":28297.076,"ashutoshalung":11221.633,"mukhtarcal":24641.338},"authorDisplayNameMap":{"ljalilova":"CS2113-T11-1 JALI..EYLI","k1b1t0":"CS2113-T11-1 NGUY.. DUC","ashutoshalung":"CS2113-T11-1 ALUN..TOSH","mukhtarcal":"CS2113-T11-1 MUKH.. ISA"}}
