{"authorDailyContributionsMap":{"ljalilova":[{"date":"2025-10-02T00:00:00","commitResults":[{"hash":"132e105582ac6d0bc47072bb34ea49b49857a81a","isMergeCommit":false,"messageTitle":"Edit AboutUs file","messageBody":"","fileTypesAndContributionMap":{"docs":{"insertions":1,"deletions":5}}},{"hash":"250b594ee060c571c5858fda51f049533c7efe52","isMergeCommit":true,"messageTitle":"Merge branch \u0027master\u0027 into Leyli-AboutUs","messageBody":"","fileTypesAndContributionMap":{}}]}],"k1b1t0":[{"date":"2025-10-02T00:00:00","commitResults":[{"hash":"da9dc695f063b11f62862bf5846ce25ecc67c8b0","isMergeCommit":false,"messageTitle":"Add Duc\u0027s information in AboutUs.md","messageBody":"","fileTypesAndContributionMap":{"docs":{"insertions":3,"deletions":7}}},{"hash":"7149ba735e727e7c7794bb50c1ed7625faf01311","isMergeCommit":true,"messageTitle":"Merge pull request #1 from k1b1t0/duc-AboutUs","messageBody":"Add Duc\u0027s information in AboutUs.md","fileTypesAndContributionMap":{}},{"hash":"56613b216d021dcc82b476d761a2f94804688726","isMergeCommit":true,"messageTitle":"Merge pull request #2 from ljalilova/Leyli-AboutUs","messageBody":"Edit AboutUs file","fileTypesAndContributionMap":{}}]},{"date":"2025-10-05T00:00:00","commitResults":[{"hash":"fb8c3173e167cd33df77bccbdcb92f90f80789da","isMergeCommit":false,"messageTitle":"Init project structure","messageBody":"","fileTypesAndContributionMap":{"functional-code":{"insertions":24,"deletions":0},"other":{"insertions":2,"deletions":2}}},{"hash":"12c4499c585d2822c076976d059dc5d0b00f12f5","isMergeCommit":true,"messageTitle":"Merge pull request #5 from k1b1t0/master","messageBody":"Init project structure","fileTypesAndContributionMap":{}}]}],"ashutoshalung":[],"mukhtarcal":[]},"authorFileTypeContributionMap":{"ljalilova":{"docs":2,"functional-code":0,"test-code":0},"k1b1t0":{"docs":1,"functional-code":25,"test-code":1},"ashutoshalung":{"docs":0,"functional-code":0,"test-code":0},"mukhtarcal":{"docs":0,"functional-code":0,"test-code":0}},"authorContributionVariance":{"ljalilova":1.9930799,"k1b1t0":47.00346,"ashutoshalung":0.0,"mukhtarcal":0.0},"authorDisplayNameMap":{"ljalilova":"CS2113-T11-1 JALI..EYLI","k1b1t0":"CS2113-T11-1 NGUY.. DUC","ashutoshalung":"CS2113-T11-1 ALUN..TOSH","mukhtarcal":"CS2113-T11-1 MUKH.. ISA"}}
